=======================================================
Timestamp: 2026-01-24T00:47:52.0257421Z
Method: GET
URL: /
Status: 404
Duration: 7 ms
UserId: 
Client IP: ::1
User-Agent: Mozilla/5.0 (Windows NT 10.0; Win64; x64) AppleWebKit/537.36 (KHTML, like Gecko) Chrome/144.0.0.0 Safari/537.36
=======================================================

=======================================================
Timestamp: 2026-01-24T01:00:45.6674239Z
Method: POST
URL: /api/Users/authenticate
Status: 200
Duration: 1634 ms
UserId: 
Client IP: ::1
User-Agent: 
Controller: Users, Action: Authenticate
Response Body: {"message":"Login successful","user":{"id":1,"login":"admin","name":"Админ","surname":"Системный","email":"admin@example.com","phone":"+71234567890","createdAt":"2026-01-24T01:00:36.671391Z","roleId":null,"role":null}}
=======================================================

=======================================================
Timestamp: 2026-01-24T01:00:45.8954901Z
Method: POST
URL: /hubs/notifications/negotiate?negotiateVersion=1
Status: 200
Duration: 10 ms
UserId: 
Client IP: ::1
User-Agent: Microsoft SignalR/8.0 (8.0.0+3f1acb59718cadf111a0a796681e3d3509bb3381; Windows NT; .NET; .NET 8.0.22)
Response Body: {"negotiateVersion":1,"connectionId":"AHjPibaMeak40gW_1g-bGQ","connectionToken":"YSvG8yL3KEgGprLwjqg3RA","availableTransports":[{"transport":"WebSockets","transferFormats":["Text","Binary"]},{"transport":"ServerSentEvents","transferFormats":["Text"]},{"transport":"LongPolling","transferFormats":["Text","Binary"]}]}
=======================================================

=======================================================
Timestamp: 2026-01-24T01:00:58.7889086Z
Method: GET
URL: /api/users
Status: 200
Duration: 23 ms
UserId: 
Client IP: ::1
User-Agent: 
Controller: Users, Action: GetAll
Response Body: [{"id":1,"login":"admin","encryptedPassword":"admin","name":"Админ","surname":"Системный","email":"admin@example.com","phone":"+71234567890","createdAt":"2026-01-24T01:00:36.671391Z","roleId":null,"role":null,"alarmEvents":[],"sentPartRequests":[],"receivedPartRequests":[],"sentShiftTransfers":[],"receivedShiftTransfers":[]}]
=======================================================

=======================================================
Timestamp: 2026-01-24T01:00:58.8949146Z
Method: GET
URL: /api/users
Status: 200
Duration: 99 ms
UserId: 
Client IP: ::1
User-Agent: 
Controller: Users, Action: GetAll
Response Body: [{"id":1,"login":"admin","encryptedPassword":"admin","name":"Админ","surname":"Системный","email":"admin@example.com","phone":"+71234567890","createdAt":"2026-01-24T01:00:36.671391Z","roleId":null,"role":null,"alarmEvents":[],"sentPartRequests":[],"receivedPartRequests":[],"sentShiftTransfers":[],"receivedShiftTransfers":[]}]
=======================================================

=======================================================
Timestamp: 2026-01-24T01:00:58.9943946Z
Method: GET
URL: /api/users
Status: 200
Duration: 6 ms
UserId: 
Client IP: ::1
User-Agent: 
Controller: Users, Action: GetAll
Response Body: [{"id":1,"login":"admin","encryptedPassword":"admin","name":"Админ","surname":"Системный","email":"admin@example.com","phone":"+71234567890","createdAt":"2026-01-24T01:00:36.671391Z","roleId":null,"role":null,"alarmEvents":[],"sentPartRequests":[],"receivedPartRequests":[],"sentShiftTransfers":[],"receivedShiftTransfers":[]}]
=======================================================

=======================================================
Timestamp: 2026-01-24T01:00:59.0314646Z
Method: GET
URL: /api/Roles
Status: 200
Duration: 46 ms
UserId: 
Client IP: ::1
User-Agent: 
Controller: Roles, Action: GetAll
Response Body: [{"id":1,"name":"Владелец","code":"Owner","description":"Полный доступ","rank":1},{"id":2,"name":"Администратор","code":"Admin","description":"Руководитель предприятия","rank":2},{"id":3,"name":"Старший экструзионщик","code":"SeniorExtruder","description":"Замещение администратора","rank":3},{"id":4,"name":"Старший кладовщик","code":"SeniorWarehouseman","description":"Склады и цеха","rank":3},{"id":5,"name":"Кладовщик готовой продукции","code":"FinishedGoodsWarehouseman","description":"Склад готовой продукции","rank":3},{"id":6,"name":"Экструзионщик","code":"Extruder","description":"Производство","rank":4},{"id":7,"name":"Кладовщик","code":"Warehouseman","description":"Склад","rank":4},{"id":8,"name":"Покрасочник","code":"Painter","description":"Цех покраски","rank":4},{"id":9,"name":"Старшая упаковщица","code":"SeniorPacker","description":"Упаковка","rank":4},{"id":10,"name":"ТПА","code":"TPA","description":"ТПА","rank":4},{"id":11,"name":"Утиль","code":"Utilization","description":"Цех утилизации","rank":4}]
=======================================================

=======================================================
Timestamp: 2026-01-24T01:01:01.6629690Z
Method: GET
URL: /api/users
Status: 200
Duration: 9 ms
UserId: 
Client IP: ::1
User-Agent: 
Controller: Users, Action: GetAll
Response Body: [{"id":1,"login":"admin","encryptedPassword":"admin","name":"Админ","surname":"Системный","email":"admin@example.com","phone":"+71234567890","createdAt":"2026-01-24T01:00:36.671391Z","roleId":null,"role":null,"alarmEvents":[],"sentPartRequests":[],"receivedPartRequests":[],"sentShiftTransfers":[],"receivedShiftTransfers":[]}]
=======================================================

=======================================================
Timestamp: 2026-01-24T01:01:01.6682044Z
Method: GET
URL: /api/Roles
Status: 200
Duration: 14 ms
UserId: 
Client IP: ::1
User-Agent: 
Controller: Roles, Action: GetAll
Response Body: [{"id":1,"name":"Владелец","code":"Owner","description":"Полный доступ","rank":1},{"id":2,"name":"Администратор","code":"Admin","description":"Руководитель предприятия","rank":2},{"id":3,"name":"Старший экструзионщик","code":"SeniorExtruder","description":"Замещение администратора","rank":3},{"id":4,"name":"Старший кладовщик","code":"SeniorWarehouseman","description":"Склады и цеха","rank":3},{"id":5,"name":"Кладовщик готовой продукции","code":"FinishedGoodsWarehouseman","description":"Склад готовой продукции","rank":3},{"id":6,"name":"Экструзионщик","code":"Extruder","description":"Производство","rank":4},{"id":7,"name":"Кладовщик","code":"Warehouseman","description":"Склад","rank":4},{"id":8,"name":"Покрасочник","code":"Painter","description":"Цех покраски","rank":4},{"id":9,"name":"Старшая упаковщица","code":"SeniorPacker","description":"Упаковка","rank":4},{"id":10,"name":"ТПА","code":"TPA","description":"ТПА","rank":4},{"id":11,"name":"Утиль","code":"Utilization","description":"Цех утилизации","rank":4}]
=======================================================

=======================================================
Timestamp: 2026-01-24T01:02:33.2181161Z
Method: GET
URL: /hubs/notifications?id=YSvG8yL3KEgGprLwjqg3RA
Status: 101
Duration: 107241 ms
UserId: 
Client IP: ::1
User-Agent: Microsoft SignalR/8.0 (8.0.0+3f1acb59718cadf111a0a796681e3d3509bb3381; Windows NT; .NET; .NET 8.0.22)
=======================================================

=======================================================
Timestamp: 2026-01-24T01:02:38.6451623Z
Method: POST
URL: /api/Users/authenticate
Status: 200
Duration: 430 ms
UserId: 
Client IP: ::1
User-Agent: 
Controller: Users, Action: Authenticate
Response Body: {"message":"Login successful","user":{"id":1,"login":"admin","name":"Админ","surname":"Системный","email":"admin@example.com","phone":"+71234567890","createdAt":"2026-01-24T01:00:36.671391Z","roleId":1,"role":{"id":1,"name":"Владелец","code":"Owner","description":"Полный доступ","rank":1}}}
=======================================================

=======================================================
Timestamp: 2026-01-24T01:02:38.6959489Z
Method: POST
URL: /hubs/notifications/negotiate?negotiateVersion=1
Status: 200
Duration: 0 ms
UserId: 
Client IP: ::1
User-Agent: Microsoft SignalR/8.0 (8.0.0+3f1acb59718cadf111a0a796681e3d3509bb3381; Windows NT; .NET; .NET 8.0.22)
Response Body: {"negotiateVersion":1,"connectionId":"dWZwAvMeoui3jWaiLT6yag","connectionToken":"sYEDa0W_WdZFnG7dcqJhrA","availableTransports":[{"transport":"WebSockets","transferFormats":["Text","Binary"]},{"transport":"ServerSentEvents","transferFormats":["Text"]},{"transport":"LongPolling","transferFormats":["Text","Binary"]}]}
=======================================================

=======================================================
Timestamp: 2026-01-24T01:03:04.0730787Z
Method: GET
URL: /api/users
Status: 200
Duration: 36 ms
UserId: 
Client IP: ::1
User-Agent: 
Controller: Users, Action: GetAll
Response Body: [{"id":1,"login":"admin","encryptedPassword":"admin","name":"Админ","surname":"Системный","email":"admin@example.com","phone":"+71234567890","createdAt":"2026-01-24T01:00:36.671391Z","roleId":1,"role":{"id":1,"name":"Владелец","code":"Owner","description":"Полный доступ","rank":1},"alarmEvents":[],"sentPartRequests":[],"receivedPartRequests":[],"sentShiftTransfers":[],"receivedShiftTransfers":[]}]
=======================================================

=======================================================
Timestamp: 2026-01-24T01:03:04.1592043Z
Method: GET
URL: /api/Roles
Status: 200
Duration: 128 ms
UserId: 
Client IP: ::1
User-Agent: 
Controller: Roles, Action: GetAll
Response Body: [{"id":1,"name":"Владелец","code":"Owner","description":"Полный доступ","rank":1},{"id":2,"name":"Администратор","code":"Admin","description":"Руководитель предприятия","rank":2},{"id":3,"name":"Старший экструзионщик","code":"SeniorExtruder","description":"Замещение администратора","rank":3},{"id":4,"name":"Старший кладовщик","code":"SeniorWarehouseman","description":"Склады и цеха","rank":3},{"id":5,"name":"Кладовщик готовой продукции","code":"FinishedGoodsWarehouseman","description":"Склад готовой продукции","rank":3},{"id":6,"name":"Экструзионщик","code":"Extruder","description":"Производство","rank":4},{"id":7,"name":"Кладовщик","code":"Warehouseman","description":"Склад","rank":4},{"id":8,"name":"Покрасочник","code":"Painter","description":"Цех покраски","rank":4},{"id":9,"name":"Старшая упаковщица","code":"SeniorPacker","description":"Упаковка","rank":4},{"id":10,"name":"ТПА","code":"TPA","description":"ТПА","rank":4},{"id":11,"name":"Утиль","code":"Utilization","description":"Цех утилизации","rank":4}]
=======================================================

=======================================================
Timestamp: 2026-01-24T01:03:04.2488745Z
Method: GET
URL: /api/users
Status: 200
Duration: 138 ms
UserId: 
Client IP: ::1
User-Agent: 
Controller: Users, Action: GetAll
Response Body: [{"id":1,"login":"admin","encryptedPassword":"admin","name":"Админ","surname":"Системный","email":"admin@example.com","phone":"+71234567890","createdAt":"2026-01-24T01:00:36.671391Z","roleId":1,"role":{"id":1,"name":"Владелец","code":"Owner","description":"Полный доступ","rank":1},"alarmEvents":[],"sentPartRequests":[],"receivedPartRequests":[],"sentShiftTransfers":[],"receivedShiftTransfers":[]}]
=======================================================

=======================================================
Timestamp: 2026-01-24T01:03:26.2866737Z
Method: GET
URL: /api/Roles
Status: 200
Duration: 9 ms
UserId: 
Client IP: ::1
User-Agent: 
Controller: Roles, Action: GetAll
Response Body: [{"id":1,"name":"Владелец","code":"Owner","description":"Полный доступ","rank":1},{"id":2,"name":"Администратор","code":"Admin","description":"Руководитель предприятия","rank":2},{"id":3,"name":"Старший экструзионщик","code":"SeniorExtruder","description":"Замещение администратора","rank":3},{"id":4,"name":"Старший кладовщик","code":"SeniorWarehouseman","description":"Склады и цеха","rank":3},{"id":5,"name":"Кладовщик готовой продукции","code":"FinishedGoodsWarehouseman","description":"Склад готовой продукции","rank":3},{"id":6,"name":"Экструзионщик","code":"Extruder","description":"Производство","rank":4},{"id":7,"name":"Кладовщик","code":"Warehouseman","description":"Склад","rank":4},{"id":8,"name":"Покрасочник","code":"Painter","description":"Цех покраски","rank":4},{"id":9,"name":"Старшая упаковщица","code":"SeniorPacker","description":"Упаковка","rank":4},{"id":10,"name":"ТПА","code":"TPA","description":"ТПА","rank":4},{"id":11,"name":"Утиль","code":"Utilization","description":"Цех утилизации","rank":4}]
=======================================================

=======================================================
Timestamp: 2026-01-24T01:03:29.0640001Z
Method: GET
URL: /api/users
Status: 200
Duration: 9 ms
UserId: 
Client IP: ::1
User-Agent: 
Controller: Users, Action: GetAll
Response Body: [{"id":1,"login":"admin","encryptedPassword":"admin","name":"Админ","surname":"Системный","email":"admin@example.com","phone":"+71234567890","createdAt":"2026-01-24T01:00:36.671391Z","roleId":1,"role":{"id":1,"name":"Владелец","code":"Owner","description":"Полный доступ","rank":1},"alarmEvents":[],"sentPartRequests":[],"receivedPartRequests":[],"sentShiftTransfers":[],"receivedShiftTransfers":[]}]
=======================================================

=======================================================
Timestamp: 2026-01-24T01:03:29.6818204Z
Method: POST
URL: /api/users
Status: 201
Duration: 617 ms
UserId: 
Client IP: ::1
User-Agent: 
Controller: Users, Action: CreateUser
Response Body: {"message":"User created successfully","user":{"id":2,"login":"eva","encryptedPassword":"$2a$12$Y0uuNdgaJp09PIOQ9JIhPuJV4BppFS8G0Z9ifm.GeDCWuf/xdumAe","name":"Eva","surname":"EvaEva","email":"eva@dura.com","phone":"57","createdAt":"2026-01-24T01:03:29.6081505Z","roleId":3,"role":null,"alarmEvents":[],"sentPartRequests":[],"receivedPartRequests":[],"sentShiftTransfers":[],"receivedShiftTransfers":[]}}
=======================================================

=======================================================
Timestamp: 2026-01-24T01:03:29.7253906Z
Method: GET
URL: /api/users
Status: 200
Duration: 8 ms
UserId: 
Client IP: ::1
User-Agent: 
Controller: Users, Action: GetAll
Response Body: [{"id":1,"login":"admin","encryptedPassword":"admin","name":"Админ","surname":"Системный","email":"admin@example.com","phone":"+71234567890","createdAt":"2026-01-24T01:00:36.671391Z","roleId":1,"role":{"id":1,"name":"Владелец","code":"Owner","description":"Полный доступ","rank":1},"alarmEvents":[],"sentPartRequests":[],"receivedPartRequests":[],"sentShiftTransfers":[],"receivedShiftTransfers":[]},{"id":2,"login":"eva","encryptedPassword":"$2a$12$Y0uuNdgaJp09PIOQ9JIhPuJV4BppFS8G0Z9ifm.GeDCWuf/xdumAe","name":"Eva","surname":"EvaEva","email":"eva@dura.com","phone":"57","createdAt":"2026-01-24T01:03:29.60815Z","roleId":3,"role":{"id":3,"name":"Старший экструзионщик","code":"SeniorExtruder","description":"Замещение администратора","rank":3},"alarmEvents":[],"sentPartRequests":[],"receivedPartRequests":[],"sentShiftTransfers":[],"receivedShiftTransfers":[]}]
=======================================================

=======================================================
Timestamp: 2026-01-24T01:03:29.7260507Z
Method: GET
URL: /api/users
Status: 200
Duration: 14 ms
UserId: 
Client IP: ::1
User-Agent: 
Controller: Users, Action: GetAll
Response Body: [{"id":1,"login":"admin","encryptedPassword":"admin","name":"Админ","surname":"Системный","email":"admin@example.com","phone":"+71234567890","createdAt":"2026-01-24T01:00:36.671391Z","roleId":1,"role":{"id":1,"name":"Владелец","code":"Owner","description":"Полный доступ","rank":1},"alarmEvents":[],"sentPartRequests":[],"receivedPartRequests":[],"sentShiftTransfers":[],"receivedShiftTransfers":[]},{"id":2,"login":"eva","encryptedPassword":"$2a$12$Y0uuNdgaJp09PIOQ9JIhPuJV4BppFS8G0Z9ifm.GeDCWuf/xdumAe","name":"Eva","surname":"EvaEva","email":"eva@dura.com","phone":"57","createdAt":"2026-01-24T01:03:29.60815Z","roleId":3,"role":{"id":3,"name":"Старший экструзионщик","code":"SeniorExtruder","description":"Замещение администратора","rank":3},"alarmEvents":[],"sentPartRequests":[],"receivedPartRequests":[],"sentShiftTransfers":[],"receivedShiftTransfers":[]}]
=======================================================

=======================================================
Timestamp: 2026-01-24T01:03:58.0469429Z
Method: GET
URL: /api/users
Status: 200
Duration: 49 ms
UserId: 
Client IP: ::1
User-Agent: 
Controller: Users, Action: GetAll
Response Body: [{"id":1,"login":"admin","encryptedPassword":"admin","name":"Админ","surname":"Системный","email":"admin@example.com","phone":"+71234567890","createdAt":"2026-01-24T01:00:36.671391Z","roleId":1,"role":{"id":1,"name":"Владелец","code":"Owner","description":"Полный доступ","rank":1},"alarmEvents":[],"sentPartRequests":[],"receivedPartRequests":[],"sentShiftTransfers":[],"receivedShiftTransfers":[]},{"id":2,"login":"eva","encryptedPassword":"$2a$12$Y0uuNdgaJp09PIOQ9JIhPuJV4BppFS8G0Z9ifm.GeDCWuf/xdumAe","name":"Eva","surname":"EvaEva","email":"eva@dura.com","phone":"57","createdAt":"2026-01-24T01:03:29.60815Z","roleId":3,"role":{"id":3,"name":"Старший экструзионщик","code":"SeniorExtruder","description":"Замещение администратора","rank":3},"alarmEvents":[],"sentPartRequests":[],"receivedPartRequests":[],"sentShiftTransfers":[],"receivedShiftTransfers":[]}]
=======================================================

=======================================================
Timestamp: 2026-01-24T01:03:58.0490864Z
Method: GET
URL: /api/Roles
Status: 200
Duration: 42 ms
UserId: 
Client IP: ::1
User-Agent: 
Controller: Roles, Action: GetAll
Response Body: [{"id":1,"name":"Владелец","code":"Owner","description":"Полный доступ","rank":1},{"id":2,"name":"Администратор","code":"Admin","description":"Руководитель предприятия","rank":2},{"id":3,"name":"Старший экструзионщик","code":"SeniorExtruder","description":"Замещение администратора","rank":3},{"id":4,"name":"Старший кладовщик","code":"SeniorWarehouseman","description":"Склады и цеха","rank":3},{"id":5,"name":"Кладовщик готовой продукции","code":"FinishedGoodsWarehouseman","description":"Склад готовой продукции","rank":3},{"id":6,"name":"Экструзионщик","code":"Extruder","description":"Производство","rank":4},{"id":7,"name":"Кладовщик","code":"Warehouseman","description":"Склад","rank":4},{"id":8,"name":"Покрасочник","code":"Painter","description":"Цех покраски","rank":4},{"id":9,"name":"Старшая упаковщица","code":"SeniorPacker","description":"Упаковка","rank":4},{"id":10,"name":"ТПА","code":"TPA","description":"ТПА","rank":4},{"id":11,"name":"Утиль","code":"Utilization","description":"Цех утилизации","rank":4}]
=======================================================

=======================================================
Timestamp: 2026-01-24T01:04:03.6943713Z
Method: GET
URL: /api/users
Status: 200
Duration: 9 ms
UserId: 
Client IP: ::1
User-Agent: 
Controller: Users, Action: GetAll
Response Body: [{"id":1,"login":"admin","encryptedPassword":"admin","name":"Админ","surname":"Системный","email":"admin@example.com","phone":"+71234567890","createdAt":"2026-01-24T01:00:36.671391Z","roleId":1,"role":{"id":1,"name":"Владелец","code":"Owner","description":"Полный доступ","rank":1},"alarmEvents":[],"sentPartRequests":[],"receivedPartRequests":[],"sentShiftTransfers":[],"receivedShiftTransfers":[]},{"id":2,"login":"eva","encryptedPassword":"$2a$12$Y0uuNdgaJp09PIOQ9JIhPuJV4BppFS8G0Z9ifm.GeDCWuf/xdumAe","name":"Eva","surname":"EvaEva","email":"eva@dura.com","phone":"57","createdAt":"2026-01-24T01:03:29.60815Z","roleId":3,"role":{"id":3,"name":"Старший экструзионщик","code":"SeniorExtruder","description":"Замещение администратора","rank":3},"alarmEvents":[],"sentPartRequests":[],"receivedPartRequests":[],"sentShiftTransfers":[],"receivedShiftTransfers":[]}]
=======================================================

=======================================================
Timestamp: 2026-01-24T01:04:04.5178549Z
Method: GET
URL: /api/users
Status: 200
Duration: 8 ms
UserId: 
Client IP: ::1
User-Agent: 
Controller: Users, Action: GetAll
Response Body: [{"id":1,"login":"admin","encryptedPassword":"admin","name":"Админ","surname":"Системный","email":"admin@example.com","phone":"+71234567890","createdAt":"2026-01-24T01:00:36.671391Z","roleId":1,"role":{"id":1,"name":"Владелец","code":"Owner","description":"Полный доступ","rank":1},"alarmEvents":[],"sentPartRequests":[],"receivedPartRequests":[],"sentShiftTransfers":[],"receivedShiftTransfers":[]},{"id":2,"login":"eva","encryptedPassword":"$2a$12$Y0uuNdgaJp09PIOQ9JIhPuJV4BppFS8G0Z9ifm.GeDCWuf/xdumAe","name":"Eva","surname":"EvaEva","email":"eva@dura.com","phone":"57","createdAt":"2026-01-24T01:03:29.60815Z","roleId":3,"role":{"id":3,"name":"Старший экструзионщик","code":"SeniorExtruder","description":"Замещение администратора","rank":3},"alarmEvents":[],"sentPartRequests":[],"receivedPartRequests":[],"sentShiftTransfers":[],"receivedShiftTransfers":[]},{"id":3,"login":"Adam","encryptedPassword":"$2a$12$iTkjevTNbrNYDPIRz.MUGuFN7TstoAQihCnmon3z9bQOiC.iBXRzq","name":"Адам","surname":"Первый","email":"first@people.world","phone":"555","createdAt":"2026-01-24T01:04:04.400925Z","roleId":4,"role":{"id":4,"name":"Старший кладовщик","code":"SeniorWarehouseman","description":"Склады и цеха","rank":3},"alarmEvents":[],"sentPartRequests":[],"receivedPartRequests":[],"sentShiftTransfers":[],"receivedShiftTransfers":[]}]
=======================================================

=======================================================
Timestamp: 2026-01-24T01:04:04.5703220Z
Method: GET
URL: /api/users
Status: 200
Duration: 49 ms
UserId: 
Client IP: ::1
User-Agent: 
Controller: Users, Action: GetAll
Response Body: [{"id":1,"login":"admin","encryptedPassword":"admin","name":"Админ","surname":"Системный","email":"admin@example.com","phone":"+71234567890","createdAt":"2026-01-24T01:00:36.671391Z","roleId":1,"role":{"id":1,"name":"Владелец","code":"Owner","description":"Полный доступ","rank":1},"alarmEvents":[],"sentPartRequests":[],"receivedPartRequests":[],"sentShiftTransfers":[],"receivedShiftTransfers":[]},{"id":2,"login":"eva","encryptedPassword":"$2a$12$Y0uuNdgaJp09PIOQ9JIhPuJV4BppFS8G0Z9ifm.GeDCWuf/xdumAe","name":"Eva","surname":"EvaEva","email":"eva@dura.com","phone":"57","createdAt":"2026-01-24T01:03:29.60815Z","roleId":3,"role":{"id":3,"name":"Старший экструзионщик","code":"SeniorExtruder","description":"Замещение администратора","rank":3},"alarmEvents":[],"sentPartRequests":[],"receivedPartRequests":[],"sentShiftTransfers":[],"receivedShiftTransfers":[]},{"id":3,"login":"Adam","encryptedPassword":"$2a$12$iTkjevTNbrNYDPIRz.MUGuFN7TstoAQihCnmon3z9bQOiC.iBXRzq","name":"Адам","surname":"Первый","email":"first@people.world","phone":"555","createdAt":"2026-01-24T01:04:04.400925Z","roleId":4,"role":{"id":4,"name":"Старший кладовщик","code":"SeniorWarehouseman","description":"Склады и цеха","rank":3},"alarmEvents":[],"sentPartRequests":[],"receivedPartRequests":[],"sentShiftTransfers":[],"receivedShiftTransfers":[]}]
=======================================================

=======================================================
Timestamp: 2026-01-24T01:04:17.4446709Z
Method: POST
URL: /api/Users/authenticate
Status: 200
Duration: 1040 ms
UserId: 
Client IP: ::1
User-Agent: 
Controller: Users, Action: Authenticate
Response Body: {"message":"Login successful","user":{"id":3,"login":"Adam","name":"Адам","surname":"Первый","email":"first@people.world","phone":"555","createdAt":"2026-01-24T01:04:04.400925Z","roleId":4,"role":{"id":4,"name":"Старший кладовщик","code":"SeniorWarehouseman","description":"Склады и цеха","rank":3}}}
=======================================================

=======================================================
Timestamp: 2026-01-24T01:04:20.7184399Z
Method: GET
URL: /api/products
Status: 200
Duration: 823 ms
UserId: 
Client IP: ::1
User-Agent: 
Controller: Products, Action: GetAll
Response Body: []
=======================================================

=======================================================
Timestamp: 2026-01-24T01:04:20.7257034Z
Method: GET
URL: /api/products
Status: 200
Duration: 818 ms
UserId: 
Client IP: ::1
User-Agent: 
Controller: Products, Action: GetAll
Response Body: []
=======================================================

=======================================================
Timestamp: 2026-01-24T01:04:33.6049469Z
Method: GET
URL: /api/products
Status: 200
Duration: 24 ms
UserId: 
Client IP: ::1
User-Agent: 
Controller: Products, Action: GetAll
Response Body: []
=======================================================

=======================================================
Timestamp: 2026-01-24T01:04:33.7756336Z
Method: POST
URL: /api/products
Status: 201
Duration: 191 ms
UserId: 
Client IP: ::1
User-Agent: 
Controller: Products, Action: CreateProduct
Response Body: {"message":"Product created successfully","product":{"id":1,"name":"Яблоко","description":"","code":"85412","measuringUnit":"шт","isActive":true}}
=======================================================

=======================================================
Timestamp: 2026-01-24T01:04:33.8092626Z
Method: GET
URL: /api/products
Status: 200
Duration: 25 ms
UserId: 
Client IP: ::1
User-Agent: 
Controller: Products, Action: GetAll
Response Body: [{"id":1,"name":"Яблоко","description":"","code":"85412","measuringUnit":"шт","isActive":true}]
=======================================================

=======================================================
Timestamp: 2026-01-24T01:04:33.8137192Z
Method: GET
URL: /api/products
Status: 200
Duration: 14 ms
UserId: 
Client IP: ::1
User-Agent: 
Controller: Products, Action: GetAll
Response Body: [{"id":1,"name":"Яблоко","description":"","code":"85412","measuringUnit":"шт","isActive":true}]
=======================================================

=======================================================
Timestamp: 2026-01-24T01:04:49.1362110Z
Method: GET
URL: /api/products
Status: 200
Duration: 17 ms
UserId: 
Client IP: ::1
User-Agent: 
Controller: Products, Action: GetAll
Response Body: [{"id":1,"name":"Яблоко","description":"","code":"85412","measuringUnit":"шт","isActive":true}]
=======================================================

=======================================================
Timestamp: 2026-01-24T01:04:49.2765148Z
Method: GET
URL: /api/materials
Status: 200
Duration: 163 ms
UserId: 
Client IP: ::1
User-Agent: 
Controller: Materials, Action: GetAll
Response Body: []
=======================================================

=======================================================
Timestamp: 2026-01-24T01:04:49.2798315Z
Method: GET
URL: /api/materials
Status: 200
Duration: 141 ms
UserId: 
Client IP: ::1
User-Agent: 
Controller: Materials, Action: GetAll
Response Body: []
=======================================================

=======================================================
Timestamp: 2026-01-24T01:04:58.6270891Z
Method: GET
URL: /api/products
Status: 200
Duration: 11 ms
UserId: 
Client IP: ::1
User-Agent: 
Controller: Products, Action: GetAll
Response Body: [{"id":1,"name":"Яблоко","description":"","code":"85412","measuringUnit":"шт","isActive":true}]
=======================================================

=======================================================
Timestamp: 2026-01-24T01:04:58.7382125Z
Method: GET
URL: /api/materials
Status: 200
Duration: 16 ms
UserId: 
Client IP: ::1
User-Agent: 
Controller: Materials, Action: GetAll
Response Body: []
=======================================================

=======================================================
Timestamp: 2026-01-24T01:04:58.7732420Z
Method: POST
URL: /api/materials
Status: 201
Duration: 143 ms
UserId: 
Client IP: ::1
User-Agent: 
Controller: Materials, Action: CreateMaterial
Response Body: {"message":"Material created successfully","material":{"id":1,"name":"Косточка","description":"","code":"5214","measuringUnit":"шт","isActive":true}}
=======================================================

=======================================================
Timestamp: 2026-01-24T01:04:58.7917578Z
Method: GET
URL: /api/materials
Status: 200
Duration: 5 ms
UserId: 
Client IP: ::1
User-Agent: 
Controller: Materials, Action: GetAll
Response Body: [{"id":1,"name":"Косточка","description":"","code":"5214","measuringUnit":"шт","isActive":true}]
=======================================================

=======================================================
Timestamp: 2026-01-24T01:04:58.7957993Z
Method: GET
URL: /api/products
Status: 200
Duration: 9 ms
UserId: 
Client IP: ::1
User-Agent: 
Controller: Products, Action: GetAll
Response Body: [{"id":1,"name":"Яблоко","description":"","code":"85412","measuringUnit":"шт","isActive":true}]
=======================================================

=======================================================
Timestamp: 2026-01-24T01:04:58.8030071Z
Method: GET
URL: /api/materials
Status: 200
Duration: 7 ms
UserId: 
Client IP: ::1
User-Agent: 
Controller: Materials, Action: GetAll
Response Body: [{"id":1,"name":"Косточка","description":"","code":"5214","measuringUnit":"шт","isActive":true}]
=======================================================

=======================================================
Timestamp: 2026-01-24T01:05:08.4674415Z
Method: GET
URL: /api/materials
Status: 200
Duration: 22 ms
UserId: 
Client IP: ::1
User-Agent: 
Controller: Materials, Action: GetAll
Response Body: [{"id":1,"name":"Косточка","description":"","code":"5214","measuringUnit":"шт","isActive":true}]
=======================================================

=======================================================
Timestamp: 2026-01-24T01:05:08.4714530Z
Method: GET
URL: /api/products
Status: 200
Duration: 17 ms
UserId: 
Client IP: ::1
User-Agent: 
Controller: Products, Action: GetAll
Response Body: [{"id":1,"name":"Яблоко","description":"","code":"85412","measuringUnit":"шт","isActive":true}]
=======================================================

=======================================================
Timestamp: 2026-01-24T01:05:08.5771655Z
Method: GET
URL: /api/warehouses
Status: 200
Duration: 157 ms
UserId: 
Client IP: ::1
User-Agent: 
Controller: Warehouses, Action: GetAll
Response Body: []
=======================================================

=======================================================
Timestamp: 2026-01-24T01:05:08.5796309Z
Method: GET
URL: /api/warehouses
Status: 200
Duration: 147 ms
UserId: 
Client IP: ::1
User-Agent: 
Controller: Warehouses, Action: GetAll
Response Body: []
=======================================================

=======================================================
Timestamp: 2026-01-24T01:05:13.7372970Z
Method: GET
URL: /api/materials
Status: 200
Duration: 64 ms
UserId: 
Client IP: ::1
User-Agent: 
Controller: Materials, Action: GetAll
Response Body: [{"id":1,"name":"Косточка","description":"","code":"5214","measuringUnit":"шт","isActive":true}]
=======================================================

=======================================================
Timestamp: 2026-01-24T01:05:13.8691797Z
Method: GET
URL: /api/products
Status: 200
Duration: 12 ms
UserId: 
Client IP: ::1
User-Agent: 
Controller: Products, Action: GetAll
Response Body: [{"id":1,"name":"Яблоко","description":"","code":"85412","measuringUnit":"шт","isActive":true}]
=======================================================

=======================================================
Timestamp: 2026-01-24T01:05:13.8835634Z
Method: GET
URL: /api/materials
Status: 200
Duration: 97 ms
UserId: 
Client IP: ::1
User-Agent: 
Controller: Materials, Action: GetAll
Response Body: [{"id":1,"name":"Косточка","description":"","code":"5214","measuringUnit":"шт","isActive":true}]
=======================================================

=======================================================
Timestamp: 2026-01-24T01:05:23.3544338Z
Method: GET
URL: /api/warehouses
Status: 200
Duration: 21 ms
UserId: 
Client IP: ::1
User-Agent: 
Controller: Warehouses, Action: GetAll
Response Body: []
=======================================================

=======================================================
Timestamp: 2026-01-24T01:05:23.4246581Z
Method: GET
URL: /api/materials
Status: 200
Duration: 58 ms
UserId: 
Client IP: ::1
User-Agent: 
Controller: Materials, Action: GetAll
Response Body: [{"id":1,"name":"Косточка","description":"","code":"5214","measuringUnit":"шт","isActive":true}]
=======================================================

=======================================================
Timestamp: 2026-01-24T01:05:25.1954743Z
Method: GET
URL: /api/materials
Status: 200
Duration: 297 ms
UserId: 
Client IP: ::1
User-Agent: 
Controller: Materials, Action: GetAll
Response Body: [{"id":1,"name":"Косточка","description":"","code":"5214","measuringUnit":"шт","isActive":true}]
=======================================================

=======================================================
Timestamp: 2026-01-24T01:05:25.3488299Z
Method: GET
URL: /api/warehouses
Status: 200
Duration: 303 ms
UserId: 
Client IP: ::1
User-Agent: 
Controller: Warehouses, Action: GetAll
Response Body: []
=======================================================

=======================================================
Timestamp: 2026-01-24T01:05:25.4155876Z
Method: GET
URL: /api/products
Status: 200
Duration: 246 ms
UserId: 
Client IP: ::1
User-Agent: 
Controller: Products, Action: GetAll
Response Body: [{"id":1,"name":"Яблоко","description":"","code":"85412","measuringUnit":"шт","isActive":true}]
=======================================================

=======================================================
Timestamp: 2026-01-24T01:05:25.4640542Z
Method: GET
URL: /api/users
Status: 200
Duration: 1352 ms
UserId: 
Client IP: ::1
User-Agent: 
Controller: Users, Action: GetAll
Response Body: [{"id":1,"login":"admin","encryptedPassword":"admin","name":"Админ","surname":"Системный","email":"admin@example.com","phone":"+71234567890","createdAt":"2026-01-24T01:00:36.671391Z","roleId":1,"role":{"id":1,"name":"Владелец","code":"Owner","description":"Полный доступ","rank":1},"alarmEvents":[],"sentPartRequests":[],"receivedPartRequests":[],"sentShiftTransfers":[],"receivedShiftTransfers":[]},{"id":2,"login":"eva","encryptedPassword":"$2a$12$Y0uuNdgaJp09PIOQ9JIhPuJV4BppFS8G0Z9ifm.GeDCWuf/xdumAe","name":"Eva","surname":"EvaEva","email":"eva@dura.com","phone":"57","createdAt":"2026-01-24T01:03:29.60815Z","roleId":3,"role":{"id":3,"name":"Старший экструзионщик","code":"SeniorExtruder","description":"Замещение администратора","rank":3},"alarmEvents":[],"sentPartRequests":[],"receivedPartRequests":[],"sentShiftTransfers":[],"receivedShiftTransfers":[]},{"id":3,"login":"Adam","encryptedPassword":"$2a$12$iTkjevTNbrNYDPIRz.MUGuFN7TstoAQihCnmon3z9bQOiC.iBXRzq","name":"Адам","surname":"Первый","email":"first@people.world","phone":"555","createdAt":"2026-01-24T01:04:04.400925Z","roleId":4,"role":{"id":4,"name":"Старший кладовщик","code":"SeniorWarehouseman","description":"Склады и цеха","rank":3},"alarmEvents":[],"sentPartRequests":[],"receivedPartRequests":[],"sentShiftTransfers":[],"receivedShiftTransfers":[]}]
=======================================================

=======================================================
Timestamp: 2026-01-24T01:05:25.4973773Z
Method: GET
URL: /api/Roles
Status: 200
Duration: 611 ms
UserId: 
Client IP: ::1
User-Agent: 
Controller: Roles, Action: GetAll
Response Body: [{"id":1,"name":"Владелец","code":"Owner","description":"Полный доступ","rank":1},{"id":2,"name":"Администратор","code":"Admin","description":"Руководитель предприятия","rank":2},{"id":3,"name":"Старший экструзионщик","code":"SeniorExtruder","description":"Замещение администратора","rank":3},{"id":4,"name":"Старший кладовщик","code":"SeniorWarehouseman","description":"Склады и цеха","rank":3},{"id":5,"name":"Кладовщик готовой продукции","code":"FinishedGoodsWarehouseman","description":"Склад готовой продукции","rank":3},{"id":6,"name":"Экструзионщик","code":"Extruder","description":"Производство","rank":4},{"id":7,"name":"Кладовщик","code":"Warehouseman","description":"Склад","rank":4},{"id":8,"name":"Покрасочник","code":"Painter","description":"Цех покраски","rank":4},{"id":9,"name":"Старшая упаковщица","code":"SeniorPacker","description":"Упаковка","rank":4},{"id":10,"name":"ТПА","code":"TPA","description":"ТПА","rank":4},{"id":11,"name":"Утиль","code":"Utilization","description":"Цех утилизации","rank":4}]
=======================================================

=======================================================
Timestamp: 2026-01-24T01:05:31.2850380Z
Method: GET
URL: /api/WorkReports/user/3
Status: 200
Duration: 229 ms
UserId: 
Client IP: ::1
User-Agent: 
Controller: WorkReports, Action: GetByUser
Response Body: []
=======================================================

=======================================================
Timestamp: 2026-01-24T01:05:31.3093707Z
Method: GET
URL: /api/WorkReports/user/3
Status: 200
Duration: 236 ms
UserId: 
Client IP: ::1
User-Agent: 
Controller: WorkReports, Action: GetByUser
Response Body: []
=======================================================

=======================================================
Timestamp: 2026-01-24T01:05:31.9076835Z
Method: GET
URL: /api/WorkReports/user/3
Status: 200
Duration: 7 ms
UserId: 
Client IP: ::1
User-Agent: 
Controller: WorkReports, Action: GetByUser
Response Body: []
=======================================================

=======================================================
Timestamp: 2026-01-24T01:05:32.3473402Z
Method: POST
URL: /api/WorkReports/start
Status: 200
Duration: 435 ms
UserId: 
Client IP: ::1
User-Agent: 
Controller: WorkReports, Action: StartWork
Response Body: {"message":"Work started successfully","report":{"id":1,"userId":3,"date":"2026-01-24T00:00:00","startWork":"2026-01-24T01:05:31Z","finishWork":null,"note":null,"user":null}}
=======================================================

=======================================================
Timestamp: 2026-01-24T01:05:32.3760987Z
Method: GET
URL: /api/WorkReports/user/3
Status: 200
Duration: 8 ms
UserId: 
Client IP: ::1
User-Agent: 
Controller: WorkReports, Action: GetByUser
Response Body: [{"id":1,"userId":3,"date":"2026-01-24T00:00:00","startWork":"2026-01-24T01:05:31Z","finishWork":null,"note":null,"user":null}]
=======================================================

=======================================================
Timestamp: 2026-01-24T01:05:32.3780203Z
Method: GET
URL: /api/WorkReports/user/3
Status: 200
Duration: 10 ms
UserId: 
Client IP: ::1
User-Agent: 
Controller: WorkReports, Action: GetByUser
Response Body: [{"id":1,"userId":3,"date":"2026-01-24T00:00:00","startWork":"2026-01-24T01:05:31Z","finishWork":null,"note":null,"user":null}]
=======================================================

=======================================================
Timestamp: 2026-01-24T01:05:34.2554699Z
Method: GET
URL: /api/WorkReports/user/3
Status: 200
Duration: 13 ms
UserId: 
Client IP: ::1
User-Agent: 
Controller: WorkReports, Action: GetByUser
Response Body: [{"id":1,"userId":3,"date":"2026-01-24T00:00:00","startWork":"2026-01-24T01:05:31Z","finishWork":null,"note":null,"user":null}]
=======================================================

=======================================================
Timestamp: 2026-01-24T01:05:34.3706059Z
Method: POST
URL: /api/WorkReports/1/finish
Status: 200
Duration: 139 ms
UserId: 
Client IP: ::1
User-Agent: 
Controller: WorkReports, Action: FinishWork
Response Body: {"message":"Work finished successfully","report":{"id":1,"userId":3,"date":"2026-01-24T00:00:00","startWork":"2026-01-24T01:05:31Z","finishWork":"2026-01-24T05:05:34Z","note":null,"user":null}}
=======================================================

=======================================================
Timestamp: 2026-01-24T01:05:34.3982172Z
Method: GET
URL: /api/WorkReports/user/3
Status: 200
Duration: 12 ms
UserId: 
Client IP: ::1
User-Agent: 
Controller: WorkReports, Action: GetByUser
Response Body: [{"id":1,"userId":3,"date":"2026-01-24T00:00:00","startWork":"2026-01-24T01:05:31Z","finishWork":"2026-01-24T05:05:34Z","note":null,"user":null}]
=======================================================

=======================================================
Timestamp: 2026-01-24T01:05:34.3999463Z
Method: GET
URL: /api/WorkReports/user/3
Status: 200
Duration: 14 ms
UserId: 
Client IP: ::1
User-Agent: 
Controller: WorkReports, Action: GetByUser
Response Body: [{"id":1,"userId":3,"date":"2026-01-24T00:00:00","startWork":"2026-01-24T01:05:31Z","finishWork":"2026-01-24T05:05:34Z","note":null,"user":null}]
=======================================================

=======================================================
Timestamp: 2026-01-24T01:05:40.1870865Z
Method: GET
URL: /hubs/notifications?id=sYEDa0W_WdZFnG7dcqJhrA
Status: 101
Duration: 181482 ms
UserId: 
Client IP: ::1
User-Agent: Microsoft SignalR/8.0 (8.0.0+3f1acb59718cadf111a0a796681e3d3509bb3381; Windows NT; .NET; .NET 8.0.22)
=======================================================

=======================================================
Timestamp: 2026-01-24T01:05:47.4296936Z
Method: POST
URL: /api/Users/authenticate
Status: 200
Duration: 652 ms
UserId: 
Client IP: ::1
User-Agent: 
Controller: Users, Action: Authenticate
Response Body: {"message":"Login successful","user":{"id":2,"login":"eva","name":"Eva","surname":"EvaEva","email":"eva@dura.com","phone":"57","createdAt":"2026-01-24T01:03:29.60815Z","roleId":3,"role":{"id":3,"name":"Старший экструзионщик","code":"SeniorExtruder","description":"Замещение администратора","rank":3}}}
=======================================================

=======================================================
Timestamp: 2026-01-24T01:05:47.6013676Z
Method: POST
URL: /hubs/notifications/negotiate?negotiateVersion=1
Status: 200
Duration: 0 ms
UserId: 
Client IP: ::1
User-Agent: Microsoft SignalR/8.0 (8.0.0+3f1acb59718cadf111a0a796681e3d3509bb3381; Windows NT; .NET; .NET 8.0.22)
Response Body: {"negotiateVersion":1,"connectionId":"5aVWaF2nUhIkwkRii2rBAg","connectionToken":"b1lEbTRI-J9WNNZPHgMRCw","availableTransports":[{"transport":"WebSockets","transferFormats":["Text","Binary"]},{"transport":"ServerSentEvents","transferFormats":["Text"]},{"transport":"LongPolling","transferFormats":["Text","Binary"]}]}
=======================================================

=======================================================
Timestamp: 2026-01-24T01:05:52.5284291Z
Method: GET
URL: /api/WorkReports/user/2
Status: 200
Duration: 511 ms
UserId: 
Client IP: ::1
User-Agent: 
Controller: WorkReports, Action: GetByUser
Response Body: []
=======================================================

=======================================================
Timestamp: 2026-01-24T01:05:52.6300396Z
Method: GET
URL: /api/WorkReports/user/2
Status: 200
Duration: 16 ms
UserId: 
Client IP: ::1
User-Agent: 
Controller: WorkReports, Action: GetByUser
Response Body: []
=======================================================

=======================================================
Timestamp: 2026-01-24T01:05:53.2657942Z
Method: GET
URL: /api/WorkReports/user/2
Status: 200
Duration: 5 ms
UserId: 
Client IP: ::1
User-Agent: 
Controller: WorkReports, Action: GetByUser
Response Body: []
=======================================================

=======================================================
Timestamp: 2026-01-24T01:05:53.3835280Z
Method: POST
URL: /api/WorkReports/start
Status: 200
Duration: 129 ms
UserId: 
Client IP: ::1
User-Agent: 
Controller: WorkReports, Action: StartWork
Response Body: {"message":"Work started successfully","report":{"id":2,"userId":2,"date":"2026-01-24T00:00:00","startWork":"2026-01-24T01:05:53Z","finishWork":null,"note":null,"user":null}}
=======================================================

=======================================================
Timestamp: 2026-01-24T01:05:53.4124071Z
Method: GET
URL: /api/WorkReports/user/2
Status: 200
Duration: 24 ms
UserId: 
Client IP: ::1
User-Agent: 
Controller: WorkReports, Action: GetByUser
Response Body: [{"id":2,"userId":2,"date":"2026-01-24T00:00:00","startWork":"2026-01-24T01:05:53Z","finishWork":null,"note":null,"user":null}]
=======================================================

=======================================================
Timestamp: 2026-01-24T01:05:53.5835309Z
Method: GET
URL: /api/WorkReports/user/2
Status: 200
Duration: 164 ms
UserId: 
Client IP: ::1
User-Agent: 
Controller: WorkReports, Action: GetByUser
Response Body: [{"id":2,"userId":2,"date":"2026-01-24T00:00:00","startWork":"2026-01-24T01:05:53Z","finishWork":null,"note":null,"user":null}]
=======================================================

=======================================================
Timestamp: 2026-01-24T01:06:03.8956319Z
Method: GET
URL: /api/WorkReports/user/2
Status: 200
Duration: 6 ms
UserId: 
Client IP: ::1
User-Agent: 
Controller: WorkReports, Action: GetByUser
Response Body: [{"id":2,"userId":2,"date":"2026-01-24T00:00:00","startWork":"2026-01-24T01:05:53Z","finishWork":null,"note":null,"user":null}]
=======================================================

=======================================================
Timestamp: 2026-01-24T01:06:03.9043661Z
Method: GET
URL: /api/WorkReports/user/2
Status: 200
Duration: 53 ms
UserId: 
Client IP: ::1
User-Agent: 
Controller: WorkReports, Action: GetByUser
Response Body: [{"id":2,"userId":2,"date":"2026-01-24T00:00:00","startWork":"2026-01-24T01:05:53Z","finishWork":null,"note":null,"user":null}]
=======================================================

=======================================================
Timestamp: 2026-01-24T01:06:03.9113451Z
Method: GET
URL: /api/WorkReports/user/2
Status: 200
Duration: 23 ms
UserId: 
Client IP: ::1
User-Agent: 
Controller: WorkReports, Action: GetByUser
Response Body: [{"id":2,"userId":2,"date":"2026-01-24T00:00:00","startWork":"2026-01-24T01:05:53Z","finishWork":null,"note":null,"user":null}]
=======================================================

=======================================================
Timestamp: 2026-01-24T01:06:05.8706904Z
Method: GET
URL: /api/users
Status: 200
Duration: 9 ms
UserId: 
Client IP: ::1
User-Agent: 
Controller: Users, Action: GetAll
Response Body: [{"id":1,"login":"admin","encryptedPassword":"admin","name":"Админ","surname":"Системный","email":"admin@example.com","phone":"+71234567890","createdAt":"2026-01-24T01:00:36.671391Z","roleId":1,"role":{"id":1,"name":"Владелец","code":"Owner","description":"Полный доступ","rank":1},"alarmEvents":[],"sentPartRequests":[],"receivedPartRequests":[],"sentShiftTransfers":[],"receivedShiftTransfers":[]},{"id":2,"login":"eva","encryptedPassword":"$2a$12$Y0uuNdgaJp09PIOQ9JIhPuJV4BppFS8G0Z9ifm.GeDCWuf/xdumAe","name":"Eva","surname":"EvaEva","email":"eva@dura.com","phone":"57","createdAt":"2026-01-24T01:03:29.60815Z","roleId":3,"role":{"id":3,"name":"Старший экструзионщик","code":"SeniorExtruder","description":"Замещение администратора","rank":3},"alarmEvents":[],"sentPartRequests":[],"receivedPartRequests":[],"sentShiftTransfers":[],"receivedShiftTransfers":[]},{"id":3,"login":"Adam","encryptedPassword":"$2a$12$iTkjevTNbrNYDPIRz.MUGuFN7TstoAQihCnmon3z9bQOiC.iBXRzq","name":"Адам","surname":"Первый","email":"first@people.world","phone":"555","createdAt":"2026-01-24T01:04:04.400925Z","roleId":4,"role":{"id":4,"name":"Старший кладовщик","code":"SeniorWarehouseman","description":"Склады и цеха","rank":3},"alarmEvents":[],"sentPartRequests":[],"receivedPartRequests":[],"sentShiftTransfers":[],"receivedShiftTransfers":[]}]
=======================================================

=======================================================
Timestamp: 2026-01-24T01:06:06.0928026Z
Method: GET
URL: /api/ShiftTransfers/user/2?sent=True
Status: 200
Duration: 192 ms
UserId: 
Client IP: ::1
User-Agent: 
Controller: ShiftTransfers, Action: GetByUser
Response Body: []
=======================================================

=======================================================
Timestamp: 2026-01-24T01:06:06.1319733Z
Method: GET
URL: /api/ShiftTransfers/pending/2
Status: 200
Duration: 29 ms
UserId: 
Client IP: ::1
User-Agent: 
Controller: ShiftTransfers, Action: GetPending
Response Body: []
=======================================================

=======================================================
Timestamp: 2026-01-24T01:06:17.8926086Z
Method: GET
URL: /api/WorkReports/user/2
Status: 200
Duration: 19 ms
UserId: 
Client IP: ::1
User-Agent: 
Controller: WorkReports, Action: GetByUser
Response Body: [{"id":2,"userId":2,"date":"2026-01-24T00:00:00","startWork":"2026-01-24T01:05:53Z","finishWork":null,"note":null,"user":null}]
=======================================================

=======================================================
Timestamp: 2026-01-24T01:06:18.0380665Z
Method: GET
URL: /api/WorkReports/user/2
Status: 200
Duration: 29 ms
UserId: 
Client IP: ::1
User-Agent: 
Controller: WorkReports, Action: GetByUser
Response Body: [{"id":2,"userId":2,"date":"2026-01-24T00:00:00","startWork":"2026-01-24T01:05:53Z","finishWork":null,"note":null,"user":null}]
=======================================================

=======================================================
Timestamp: 2026-01-24T01:06:18.2100241Z
Method: GET
URL: /api/WorkReports/user/2
Status: 200
Duration: 40 ms
UserId: 
Client IP: ::1
User-Agent: 
Controller: WorkReports, Action: GetByUser
Response Body: [{"id":2,"userId":2,"date":"2026-01-24T00:00:00","startWork":"2026-01-24T01:05:53Z","finishWork":null,"note":null,"user":null}]
=======================================================

=======================================================
Timestamp: 2026-01-24T01:06:33.7253702Z
Method: POST
URL: /api/AlarmEvents
Status: 201
Duration: 267 ms
UserId: 
Client IP: ::1
User-Agent: 
Controller: AlarmEvents, Action: CreateAlarmEvent
Response Body: {"message":"AlarmEvent created successfully","alarmEvent":{"id":1,"userId":2,"createdAt":"2026-01-24T01:06:33.4619754Z","message":"sd","location":"sd"}}
=======================================================

=======================================================
Timestamp: 2026-01-24T01:06:52.2604481Z
Method: GET
URL: /hubs/notifications?id=b1lEbTRI-J9WNNZPHgMRCw
Status: 101
Duration: 64653 ms
UserId: 
Client IP: ::1
User-Agent: Microsoft SignalR/8.0 (8.0.0+3f1acb59718cadf111a0a796681e3d3509bb3381; Windows NT; .NET; .NET 8.0.22)
=======================================================

=======================================================
Timestamp: 2026-01-24T01:06:58.4664377Z
Method: POST
URL: /api/Users/authenticate
Status: 200
Duration: 661 ms
UserId: 
Client IP: ::1
User-Agent: 
Controller: Users, Action: Authenticate
Response Body: {"message":"Login successful","user":{"id":1,"login":"admin","name":"Админ","surname":"Системный","email":"admin@example.com","phone":"+71234567890","createdAt":"2026-01-24T01:00:36.671391Z","roleId":1,"role":{"id":1,"name":"Владелец","code":"Owner","description":"Полный доступ","rank":1}}}
=======================================================

=======================================================
Timestamp: 2026-01-24T01:06:58.5902703Z
Method: POST
URL: /hubs/notifications/negotiate?negotiateVersion=1
Status: 200
Duration: 0 ms
UserId: 
Client IP: ::1
User-Agent: Microsoft SignalR/8.0 (8.0.0+3f1acb59718cadf111a0a796681e3d3509bb3381; Windows NT; .NET; .NET 8.0.22)
Response Body: {"negotiateVersion":1,"connectionId":"6-X6u7wUNKBTfentDftGFg","connectionToken":"Fjxe6c52BOUuY0C0aUuKXg","availableTransports":[{"transport":"WebSockets","transferFormats":["Text","Binary"]},{"transport":"ServerSentEvents","transferFormats":["Text"]},{"transport":"LongPolling","transferFormats":["Text","Binary"]}]}
=======================================================

=======================================================
Timestamp: 2026-01-24T01:07:01.2343692Z
Method: GET
URL: /api/materials
Status: 200
Duration: 13 ms
UserId: 
Client IP: ::1
User-Agent: 
Controller: Materials, Action: GetAll
Response Body: [{"id":1,"name":"Косточка","description":"","code":"5214","measuringUnit":"шт","isActive":true}]
=======================================================

=======================================================
Timestamp: 2026-01-24T01:07:01.2424927Z
Method: GET
URL: /api/products
Status: 200
Duration: 18 ms
UserId: 
Client IP: ::1
User-Agent: 
Controller: Products, Action: GetAll
Response Body: [{"id":1,"name":"Яблоко","description":"","code":"85412","measuringUnit":"шт","isActive":true}]
=======================================================

=======================================================
Timestamp: 2026-01-24T01:07:01.3395833Z
Method: GET
URL: /api/materials
Status: 200
Duration: 54 ms
UserId: 
Client IP: ::1
User-Agent: 
Controller: Materials, Action: GetAll
Response Body: [{"id":1,"name":"Косточка","description":"","code":"5214","measuringUnit":"шт","isActive":true}]
=======================================================

=======================================================
Timestamp: 2026-01-24T01:07:10.8110442Z
Method: GET
URL: /api/products
Status: 200
Duration: 37 ms
UserId: 
Client IP: ::1
User-Agent: 
Controller: Products, Action: GetAll
Response Body: [{"id":1,"name":"Яблоко","description":"","code":"85412","measuringUnit":"шт","isActive":true}]
=======================================================

=======================================================
Timestamp: 2026-01-24T01:07:10.8155509Z
Method: GET
URL: /api/materials
Status: 200
Duration: 107 ms
UserId: 
Client IP: ::1
User-Agent: 
Controller: Materials, Action: GetAll
Response Body: [{"id":1,"name":"Косточка","description":"","code":"5214","measuringUnit":"шт","isActive":true}]
=======================================================

=======================================================
Timestamp: 2026-01-24T01:07:10.8182691Z
Method: GET
URL: /api/materials
Status: 200
Duration: 52 ms
UserId: 
Client IP: ::1
User-Agent: 
Controller: Materials, Action: GetAll
Response Body: [{"id":1,"name":"Косточка","description":"","code":"5214","measuringUnit":"шт","isActive":true}]
=======================================================

=======================================================
Timestamp: 2026-01-24T01:07:11.4132191Z
Method: GET
URL: /api/products
Status: 200
Duration: 13 ms
UserId: 
Client IP: ::1
User-Agent: 
Controller: Products, Action: GetAll
Response Body: [{"id":1,"name":"Яблоко","description":"","code":"85412","measuringUnit":"шт","isActive":true}]
=======================================================

=======================================================
Timestamp: 2026-01-24T01:07:11.4203210Z
Method: GET
URL: /api/materials
Status: 200
Duration: 12 ms
UserId: 
Client IP: ::1
User-Agent: 
Controller: Materials, Action: GetAll
Response Body: [{"id":1,"name":"Косточка","description":"","code":"5214","measuringUnit":"шт","isActive":true}]
=======================================================

=======================================================
Timestamp: 2026-01-24T01:07:11.4336062Z
Method: GET
URL: /api/materials
Status: 200
Duration: 12 ms
UserId: 
Client IP: ::1
User-Agent: 
Controller: Materials, Action: GetAll
Response Body: [{"id":1,"name":"Косточка","description":"","code":"5214","measuringUnit":"шт","isActive":true}]
=======================================================

=======================================================
Timestamp: 2026-01-24T01:07:11.9024050Z
Method: GET
URL: /api/products
Status: 200
Duration: 6 ms
UserId: 
Client IP: ::1
User-Agent: 
Controller: Products, Action: GetAll
Response Body: [{"id":1,"name":"Яблоко","description":"","code":"85412","measuringUnit":"шт","isActive":true}]
=======================================================

=======================================================
Timestamp: 2026-01-24T01:07:11.9454606Z
Method: GET
URL: /api/materials
Status: 200
Duration: 151 ms
UserId: 
Client IP: ::1
User-Agent: 
Controller: Materials, Action: GetAll
Response Body: [{"id":1,"name":"Косточка","description":"","code":"5214","measuringUnit":"шт","isActive":true}]
=======================================================

=======================================================
Timestamp: 2026-01-24T01:07:12.0385102Z
Method: GET
URL: /api/materials
Status: 200
Duration: 226 ms
UserId: 
Client IP: ::1
User-Agent: 
Controller: Materials, Action: GetAll
Response Body: [{"id":1,"name":"Косточка","description":"","code":"5214","measuringUnit":"шт","isActive":true}]
=======================================================

=======================================================
Timestamp: 2026-01-24T01:07:13.8560073Z
Method: GET
URL: /api/materials
Status: 200
Duration: 9 ms
UserId: 
Client IP: ::1
User-Agent: 
Controller: Materials, Action: GetAll
Response Body: [{"id":1,"name":"Косточка","description":"","code":"5214","measuringUnit":"шт","isActive":true}]
=======================================================

=======================================================
Timestamp: 2026-01-24T01:07:13.8640544Z
Method: GET
URL: /api/materials
Status: 200
Duration: 18 ms
UserId: 
Client IP: ::1
User-Agent: 
Controller: Materials, Action: GetAll
Response Body: [{"id":1,"name":"Косточка","description":"","code":"5214","measuringUnit":"шт","isActive":true}]
=======================================================

=======================================================
Timestamp: 2026-01-24T01:07:13.8672285Z
Method: GET
URL: /api/products
Status: 200
Duration: 19 ms
UserId: 
Client IP: ::1
User-Agent: 
Controller: Products, Action: GetAll
Response Body: [{"id":1,"name":"Яблоко","description":"","code":"85412","measuringUnit":"шт","isActive":true}]
=======================================================

=======================================================
Timestamp: 2026-01-24T01:07:14.3295708Z
Method: GET
URL: /api/materials
Status: 200
Duration: 74 ms
UserId: 
Client IP: ::1
User-Agent: 
Controller: Materials, Action: GetAll
Response Body: [{"id":1,"name":"Косточка","description":"","code":"5214","measuringUnit":"шт","isActive":true}]
=======================================================

=======================================================
Timestamp: 2026-01-24T01:07:14.3538120Z
Method: GET
URL: /api/materials
Status: 200
Duration: 32 ms
UserId: 
Client IP: ::1
User-Agent: 
Controller: Materials, Action: GetAll
Response Body: [{"id":1,"name":"Косточка","description":"","code":"5214","measuringUnit":"шт","isActive":true}]
=======================================================

=======================================================
Timestamp: 2026-01-24T01:07:14.3600681Z
Method: GET
URL: /api/products
Status: 200
Duration: 36 ms
UserId: 
Client IP: ::1
User-Agent: 
Controller: Products, Action: GetAll
Response Body: [{"id":1,"name":"Яблоко","description":"","code":"85412","measuringUnit":"шт","isActive":true}]
=======================================================

=======================================================
Timestamp: 2026-01-24T01:07:14.6255404Z
Method: GET
URL: /api/materials
Status: 200
Duration: 122 ms
UserId: 
Client IP: ::1
User-Agent: 
Controller: Materials, Action: GetAll
Response Body: [{"id":1,"name":"Косточка","description":"","code":"5214","measuringUnit":"шт","isActive":true}]
=======================================================

=======================================================
Timestamp: 2026-01-24T01:07:14.6287630Z
Method: GET
URL: /api/products
Status: 200
Duration: 141 ms
UserId: 
Client IP: ::1
User-Agent: 
Controller: Products, Action: GetAll
Response Body: [{"id":1,"name":"Яблоко","description":"","code":"85412","measuringUnit":"шт","isActive":true}]
=======================================================

=======================================================
Timestamp: 2026-01-24T01:07:14.6392529Z
Method: GET
URL: /api/materials
Status: 200
Duration: 63 ms
UserId: 
Client IP: ::1
User-Agent: 
Controller: Materials, Action: GetAll
Response Body: [{"id":1,"name":"Косточка","description":"","code":"5214","measuringUnit":"шт","isActive":true}]
=======================================================

=======================================================
Timestamp: 2026-01-24T01:07:31.4979004Z
Method: GET
URL: /api/materials
Status: 200
Duration: 21 ms
UserId: 
Client IP: ::1
User-Agent: 
Controller: Materials, Action: GetAll
Response Body: [{"id":1,"name":"Косточка","description":"","code":"5214","measuringUnit":"шт","isActive":true}]
=======================================================

=======================================================
Timestamp: 2026-01-24T01:07:31.5092619Z
Method: GET
URL: /api/materials
Status: 200
Duration: 23 ms
UserId: 
Client IP: ::1
User-Agent: 
Controller: Materials, Action: GetAll
Response Body: [{"id":1,"name":"Косточка","description":"","code":"5214","measuringUnit":"шт","isActive":true}]
=======================================================

=======================================================
Timestamp: 2026-01-24T01:07:31.5139832Z
Method: GET
URL: /api/products
Status: 200
Duration: 26 ms
UserId: 
Client IP: ::1
User-Agent: 
Controller: Products, Action: GetAll
Response Body: [{"id":1,"name":"Яблоко","description":"","code":"85412","measuringUnit":"шт","isActive":true}]
=======================================================

=======================================================
Timestamp: 2026-01-24T01:07:31.9313650Z
Method: GET
URL: /api/products
Status: 200
Duration: 14 ms
UserId: 
Client IP: ::1
User-Agent: 
Controller: Products, Action: GetAll
Response Body: [{"id":1,"name":"Яблоко","description":"","code":"85412","measuringUnit":"шт","isActive":true}]
=======================================================

=======================================================
Timestamp: 2026-01-24T01:07:31.9781836Z
Method: GET
URL: /api/materials
Status: 200
Duration: 37 ms
UserId: 
Client IP: ::1
User-Agent: 
Controller: Materials, Action: GetAll
Response Body: [{"id":1,"name":"Косточка","description":"","code":"5214","measuringUnit":"шт","isActive":true}]
=======================================================

=======================================================
Timestamp: 2026-01-24T01:07:32.0029453Z
Method: GET
URL: /api/materials
Status: 200
Duration: 17 ms
UserId: 
Client IP: ::1
User-Agent: 
Controller: Materials, Action: GetAll
Response Body: [{"id":1,"name":"Косточка","description":"","code":"5214","measuringUnit":"шт","isActive":true}]
=======================================================

=======================================================
Timestamp: 2026-01-24T01:07:32.2444510Z
Method: GET
URL: /api/materials
Status: 200
Duration: 205 ms
UserId: 
Client IP: ::1
User-Agent: 
Controller: Materials, Action: GetAll
Response Body: [{"id":1,"name":"Косточка","description":"","code":"5214","measuringUnit":"шт","isActive":true}]
=======================================================

=======================================================
Timestamp: 2026-01-24T01:07:32.2522782Z
Method: GET
URL: /api/materials
Status: 200
Duration: 9 ms
UserId: 
Client IP: ::1
User-Agent: 
Controller: Materials, Action: GetAll
Response Body: [{"id":1,"name":"Косточка","description":"","code":"5214","measuringUnit":"шт","isActive":true}]
=======================================================

=======================================================
Timestamp: 2026-01-24T01:07:32.2578261Z
Method: GET
URL: /api/products
Status: 200
Duration: 21 ms
UserId: 
Client IP: ::1
User-Agent: 
Controller: Products, Action: GetAll
Response Body: [{"id":1,"name":"Яблоко","description":"","code":"85412","measuringUnit":"шт","isActive":true}]
=======================================================

=======================================================
Timestamp: 2026-01-24T01:07:32.4408965Z
Method: GET
URL: /api/materials
Status: 200
Duration: 69 ms
UserId: 
Client IP: ::1
User-Agent: 
Controller: Materials, Action: GetAll
Response Body: [{"id":1,"name":"Косточка","description":"","code":"5214","measuringUnit":"шт","isActive":true}]
=======================================================

=======================================================
Timestamp: 2026-01-24T01:07:32.4454571Z
Method: GET
URL: /api/products
Status: 200
Duration: 66 ms
UserId: 
Client IP: ::1
User-Agent: 
Controller: Products, Action: GetAll
Response Body: [{"id":1,"name":"Яблоко","description":"","code":"85412","measuringUnit":"шт","isActive":true}]
=======================================================

=======================================================
Timestamp: 2026-01-24T01:07:32.4466398Z
Method: GET
URL: /api/materials
Status: 200
Duration: 61 ms
UserId: 
Client IP: ::1
User-Agent: 
Controller: Materials, Action: GetAll
Response Body: [{"id":1,"name":"Косточка","description":"","code":"5214","measuringUnit":"шт","isActive":true}]
=======================================================

=======================================================
Timestamp: 2026-01-24T01:07:32.6031151Z
Method: GET
URL: /api/materials
Status: 200
Duration: 6 ms
UserId: 
Client IP: ::1
User-Agent: 
Controller: Materials, Action: GetAll
Response Body: [{"id":1,"name":"Косточка","description":"","code":"5214","measuringUnit":"шт","isActive":true}]
=======================================================

=======================================================
Timestamp: 2026-01-24T01:07:32.6266800Z
Method: GET
URL: /api/products
Status: 200
Duration: 15 ms
UserId: 
Client IP: ::1
User-Agent: 
Controller: Products, Action: GetAll
Response Body: [{"id":1,"name":"Яблоко","description":"","code":"85412","measuringUnit":"шт","isActive":true}]
=======================================================

=======================================================
Timestamp: 2026-01-24T01:07:32.6328298Z
Method: GET
URL: /api/materials
Status: 200
Duration: 32 ms
UserId: 
Client IP: ::1
User-Agent: 
Controller: Materials, Action: GetAll
Response Body: [{"id":1,"name":"Косточка","description":"","code":"5214","measuringUnit":"шт","isActive":true}]
=======================================================

=======================================================
Timestamp: 2026-01-24T01:07:32.7812278Z
Method: GET
URL: /api/materials
Status: 200
Duration: 9 ms
UserId: 
Client IP: ::1
User-Agent: 
Controller: Materials, Action: GetAll
Response Body: [{"id":1,"name":"Косточка","description":"","code":"5214","measuringUnit":"шт","isActive":true}]
=======================================================

=======================================================
Timestamp: 2026-01-24T01:07:32.7857788Z
Method: GET
URL: /api/materials
Status: 200
Duration: 11 ms
UserId: 
Client IP: ::1
User-Agent: 
Controller: Materials, Action: GetAll
Response Body: [{"id":1,"name":"Косточка","description":"","code":"5214","measuringUnit":"шт","isActive":true}]
=======================================================

=======================================================
Timestamp: 2026-01-24T01:07:32.7903374Z
Method: GET
URL: /api/products
Status: 200
Duration: 28 ms
UserId: 
Client IP: ::1
User-Agent: 
Controller: Products, Action: GetAll
Response Body: [{"id":1,"name":"Яблоко","description":"","code":"85412","measuringUnit":"шт","isActive":true}]
=======================================================

=======================================================
Timestamp: 2026-01-24T01:07:32.9806883Z
Method: GET
URL: /api/materials
Status: 200
Duration: 45 ms
UserId: 
Client IP: ::1
User-Agent: 
Controller: Materials, Action: GetAll
Response Body: [{"id":1,"name":"Косточка","description":"","code":"5214","measuringUnit":"шт","isActive":true}]
=======================================================

=======================================================
Timestamp: 2026-01-24T01:07:32.9832938Z
Method: GET
URL: /api/materials
Status: 200
Duration: 30 ms
UserId: 
Client IP: ::1
User-Agent: 
Controller: Materials, Action: GetAll
Response Body: [{"id":1,"name":"Косточка","description":"","code":"5214","measuringUnit":"шт","isActive":true}]
=======================================================

=======================================================
Timestamp: 2026-01-24T01:07:32.9913437Z
Method: GET
URL: /api/products
Status: 200
Duration: 47 ms
UserId: 
Client IP: ::1
User-Agent: 
Controller: Products, Action: GetAll
Response Body: [{"id":1,"name":"Яблоко","description":"","code":"85412","measuringUnit":"шт","isActive":true}]
=======================================================

=======================================================
Timestamp: 2026-01-24T01:07:33.2416881Z
Method: GET
URL: /api/products
Status: 200
Duration: 17 ms
UserId: 
Client IP: ::1
User-Agent: 
Controller: Products, Action: GetAll
Response Body: [{"id":1,"name":"Яблоко","description":"","code":"85412","measuringUnit":"шт","isActive":true}]
=======================================================

=======================================================
Timestamp: 2026-01-24T01:07:33.2628137Z
Method: GET
URL: /api/materials
Status: 200
Duration: 61 ms
UserId: 
Client IP: ::1
User-Agent: 
Controller: Materials, Action: GetAll
Response Body: [{"id":1,"name":"Косточка","description":"","code":"5214","measuringUnit":"шт","isActive":true}]
=======================================================

=======================================================
Timestamp: 2026-01-24T01:07:33.2699276Z
Method: GET
URL: /api/materials
Status: 200
Duration: 153 ms
UserId: 
Client IP: ::1
User-Agent: 
Controller: Materials, Action: GetAll
Response Body: [{"id":1,"name":"Косточка","description":"","code":"5214","measuringUnit":"шт","isActive":true}]
=======================================================

=======================================================
Timestamp: 2026-01-24T01:07:40.9184889Z
Method: GET
URL: /api/products
Status: 200
Duration: 8 ms
UserId: 
Client IP: ::1
User-Agent: 
Controller: Products, Action: GetAll
Response Body: [{"id":1,"name":"Яблоко","description":"","code":"85412","measuringUnit":"шт","isActive":true}]
=======================================================

=======================================================
Timestamp: 2026-01-24T01:07:40.9238977Z
Method: GET
URL: /api/materials
Status: 200
Duration: 105 ms
UserId: 
Client IP: ::1
User-Agent: 
Controller: Materials, Action: GetAll
Response Body: [{"id":1,"name":"Косточка","description":"","code":"5214","measuringUnit":"шт","isActive":true}]
=======================================================

=======================================================
Timestamp: 2026-01-24T01:07:40.9360541Z
Method: GET
URL: /api/materials
Status: 200
Duration: 125 ms
UserId: 
Client IP: ::1
User-Agent: 
Controller: Materials, Action: GetAll
Response Body: [{"id":1,"name":"Косточка","description":"","code":"5214","measuringUnit":"шт","isActive":true}]
=======================================================

=======================================================
Timestamp: 2026-01-24T01:07:40.9883528Z
Method: GET
URL: /api/materials
Status: 200
Duration: 14 ms
UserId: 
Client IP: ::1
User-Agent: 
Controller: Materials, Action: GetAll
Response Body: [{"id":1,"name":"Косточка","description":"","code":"5214","measuringUnit":"шт","isActive":true}]
=======================================================

=======================================================
Timestamp: 2026-01-24T01:07:40.9941029Z
Method: GET
URL: /api/materials
Status: 200
Duration: 18 ms
UserId: 
Client IP: ::1
User-Agent: 
Controller: Materials, Action: GetAll
Response Body: [{"id":1,"name":"Косточка","description":"","code":"5214","measuringUnit":"шт","isActive":true}]
=======================================================

=======================================================
Timestamp: 2026-01-24T01:07:40.9966092Z
Method: GET
URL: /api/products
Status: 200
Duration: 30 ms
UserId: 
Client IP: ::1
User-Agent: 
Controller: Products, Action: GetAll
Response Body: [{"id":1,"name":"Яблоко","description":"","code":"85412","measuringUnit":"шт","isActive":true}]
=======================================================

=======================================================
Timestamp: 2026-01-24T01:07:41.1942757Z
Method: GET
URL: /api/materials
Status: 200
Duration: 67 ms
UserId: 
Client IP: ::1
User-Agent: 
Controller: Materials, Action: GetAll
Response Body: [{"id":1,"name":"Косточка","description":"","code":"5214","measuringUnit":"шт","isActive":true}]
=======================================================

=======================================================
Timestamp: 2026-01-24T01:07:41.2019891Z
Method: GET
URL: /api/materials
Status: 200
Duration: 10 ms
UserId: 
Client IP: ::1
User-Agent: 
Controller: Materials, Action: GetAll
Response Body: [{"id":1,"name":"Косточка","description":"","code":"5214","measuringUnit":"шт","isActive":true}]
=======================================================

=======================================================
Timestamp: 2026-01-24T01:07:41.2062688Z
Method: GET
URL: /api/products
Status: 200
Duration: 23 ms
UserId: 
Client IP: ::1
User-Agent: 
Controller: Products, Action: GetAll
Response Body: [{"id":1,"name":"Яблоко","description":"","code":"85412","measuringUnit":"шт","isActive":true}]
=======================================================

=======================================================
Timestamp: 2026-01-24T01:07:41.3263946Z
Method: GET
URL: /api/materials
Status: 200
Duration: 17 ms
UserId: 
Client IP: ::1
User-Agent: 
Controller: Materials, Action: GetAll
Response Body: [{"id":1,"name":"Косточка","description":"","code":"5214","measuringUnit":"шт","isActive":true}]
=======================================================

=======================================================
Timestamp: 2026-01-24T01:07:41.3537399Z
Method: GET
URL: /api/materials
Status: 200
Duration: 41 ms
UserId: 
Client IP: ::1
User-Agent: 
Controller: Materials, Action: GetAll
Response Body: [{"id":1,"name":"Косточка","description":"","code":"5214","measuringUnit":"шт","isActive":true}]
=======================================================

=======================================================
Timestamp: 2026-01-24T01:07:41.3651904Z
Method: GET
URL: /api/products
Status: 200
Duration: 46 ms
UserId: 
Client IP: ::1
User-Agent: 
Controller: Products, Action: GetAll
Response Body: [{"id":1,"name":"Яблоко","description":"","code":"85412","measuringUnit":"шт","isActive":true}]
=======================================================

=======================================================
Timestamp: 2026-01-24T01:07:41.6387727Z
Method: GET
URL: /api/materials
Status: 200
Duration: 170 ms
UserId: 
Client IP: ::1
User-Agent: 
Controller: Materials, Action: GetAll
Response Body: [{"id":1,"name":"Косточка","description":"","code":"5214","measuringUnit":"шт","isActive":true}]
=======================================================

=======================================================
Timestamp: 2026-01-24T01:07:41.6535306Z
Method: GET
URL: /api/products
Status: 200
Duration: 82 ms
UserId: 
Client IP: ::1
User-Agent: 
Controller: Products, Action: GetAll
Response Body: [{"id":1,"name":"Яблоко","description":"","code":"85412","measuringUnit":"шт","isActive":true}]
=======================================================

=======================================================
Timestamp: 2026-01-24T01:07:42.3326983Z
Method: GET
URL: /api/materials
Status: 200
Duration: 94 ms
UserId: 
Client IP: ::1
User-Agent: 
Controller: Materials, Action: GetAll
Response Body: [{"id":1,"name":"Косточка","description":"","code":"5214","measuringUnit":"шт","isActive":true}]
=======================================================

=======================================================
Timestamp: 2026-01-24T01:07:42.8522429Z
Method: GET
URL: /api/materials
Status: 200
Duration: 1041 ms
UserId: 
Client IP: ::1
User-Agent: 
Controller: Materials, Action: GetAll
Response Body: [{"id":1,"name":"Косточка","description":"","code":"5214","measuringUnit":"шт","isActive":true}]
=======================================================

=======================================================
Timestamp: 2026-01-24T01:07:42.9723856Z
Method: GET
URL: /api/products
Status: 200
Duration: 400 ms
UserId: 
Client IP: ::1
User-Agent: 
Controller: Products, Action: GetAll
Response Body: [{"id":1,"name":"Яблоко","description":"","code":"85412","measuringUnit":"шт","isActive":true}]
=======================================================

=======================================================
Timestamp: 2026-01-24T01:07:42.9766863Z
Method: GET
URL: /api/materials
Status: 200
Duration: 553 ms
UserId: 
Client IP: ::1
User-Agent: 
Controller: Materials, Action: GetAll
Response Body: [{"id":1,"name":"Косточка","description":"","code":"5214","measuringUnit":"шт","isActive":true}]
=======================================================

=======================================================
Timestamp: 2026-01-24T01:07:43.0147042Z
Method: GET
URL: /api/products
Status: 200
Duration: 128 ms
UserId: 
Client IP: ::1
User-Agent: 
Controller: Products, Action: GetAll
Response Body: [{"id":1,"name":"Яблоко","description":"","code":"85412","measuringUnit":"шт","isActive":true}]
=======================================================

=======================================================
Timestamp: 2026-01-24T01:07:45.3519793Z
Method: GET
URL: /api/products
Status: 200
Duration: 21 ms
UserId: 
Client IP: ::1
User-Agent: 
Controller: Products, Action: GetAll
Response Body: [{"id":1,"name":"Яблоко","description":"","code":"85412","measuringUnit":"шт","isActive":true}]
=======================================================

=======================================================
Timestamp: 2026-01-24T01:07:45.3538762Z
Method: GET
URL: /api/materials
Status: 200
Duration: 20 ms
UserId: 
Client IP: ::1
User-Agent: 
Controller: Materials, Action: GetAll
Response Body: [{"id":1,"name":"Косточка","description":"","code":"5214","measuringUnit":"шт","isActive":true}]
=======================================================

=======================================================
Timestamp: 2026-01-24T01:07:45.3585982Z
Method: GET
URL: /api/materials
Status: 200
Duration: 25 ms
UserId: 
Client IP: ::1
User-Agent: 
Controller: Materials, Action: GetAll
Response Body: [{"id":1,"name":"Косточка","description":"","code":"5214","measuringUnit":"шт","isActive":true}]
=======================================================

=======================================================
Timestamp: 2026-01-24T01:07:45.5290470Z
Method: GET
URL: /api/materials
Status: 200
Duration: 16 ms
UserId: 
Client IP: ::1
User-Agent: 
Controller: Materials, Action: GetAll
Response Body: [{"id":1,"name":"Косточка","description":"","code":"5214","measuringUnit":"шт","isActive":true}]
=======================================================

=======================================================
Timestamp: 2026-01-24T01:07:45.5585992Z
Method: GET
URL: /api/products
Status: 200
Duration: 8 ms
UserId: 
Client IP: ::1
User-Agent: 
Controller: Products, Action: GetAll
Response Body: [{"id":1,"name":"Яблоко","description":"","code":"85412","measuringUnit":"шт","isActive":true}]
=======================================================

=======================================================
Timestamp: 2026-01-24T01:07:45.5625649Z
Method: GET
URL: /api/materials
Status: 200
Duration: 11 ms
UserId: 
Client IP: ::1
User-Agent: 
Controller: Materials, Action: GetAll
Response Body: [{"id":1,"name":"Косточка","description":"","code":"5214","measuringUnit":"шт","isActive":true}]
=======================================================

=======================================================
Timestamp: 2026-01-24T01:07:45.7239722Z
Method: GET
URL: /api/materials
Status: 200
Duration: 29 ms
UserId: 
Client IP: ::1
User-Agent: 
Controller: Materials, Action: GetAll
Response Body: [{"id":1,"name":"Косточка","description":"","code":"5214","measuringUnit":"шт","isActive":true}]
=======================================================

=======================================================
Timestamp: 2026-01-24T01:07:45.7279355Z
Method: GET
URL: /api/products
Status: 200
Duration: 17 ms
UserId: 
Client IP: ::1
User-Agent: 
Controller: Products, Action: GetAll
Response Body: [{"id":1,"name":"Яблоко","description":"","code":"85412","measuringUnit":"шт","isActive":true}]
=======================================================

=======================================================
Timestamp: 2026-01-24T01:07:45.7316347Z
Method: GET
URL: /api/materials
Status: 200
Duration: 16 ms
UserId: 
Client IP: ::1
User-Agent: 
Controller: Materials, Action: GetAll
Response Body: [{"id":1,"name":"Косточка","description":"","code":"5214","measuringUnit":"шт","isActive":true}]
=======================================================

=======================================================
Timestamp: 2026-01-24T01:07:45.8739170Z
Method: GET
URL: /api/materials
Status: 200
Duration: 18 ms
UserId: 
Client IP: ::1
User-Agent: 
Controller: Materials, Action: GetAll
Response Body: [{"id":1,"name":"Косточка","description":"","code":"5214","measuringUnit":"шт","isActive":true}]
=======================================================

=======================================================
Timestamp: 2026-01-24T01:07:45.8978709Z
Method: GET
URL: /api/materials
Status: 200
Duration: 19 ms
UserId: 
Client IP: ::1
User-Agent: 
Controller: Materials, Action: GetAll
Response Body: [{"id":1,"name":"Косточка","description":"","code":"5214","measuringUnit":"шт","isActive":true}]
=======================================================

=======================================================
Timestamp: 2026-01-24T01:07:45.8995251Z
Method: GET
URL: /api/products
Status: 200
Duration: 14 ms
UserId: 
Client IP: ::1
User-Agent: 
Controller: Products, Action: GetAll
Response Body: [{"id":1,"name":"Яблоко","description":"","code":"85412","measuringUnit":"шт","isActive":true}]
=======================================================

=======================================================
Timestamp: 2026-01-24T01:07:46.2577571Z
Method: GET
URL: /api/materials
Status: 200
Duration: 68 ms
UserId: 
Client IP: ::1
User-Agent: 
Controller: Materials, Action: GetAll
Response Body: [{"id":1,"name":"Косточка","description":"","code":"5214","measuringUnit":"шт","isActive":true}]
=======================================================

=======================================================
Timestamp: 2026-01-24T01:07:46.2707655Z
Method: GET
URL: /api/materials
Status: 200
Duration: 159 ms
UserId: 
Client IP: ::1
User-Agent: 
Controller: Materials, Action: GetAll
Response Body: [{"id":1,"name":"Косточка","description":"","code":"5214","measuringUnit":"шт","isActive":true}]
=======================================================

=======================================================
Timestamp: 2026-01-24T01:07:46.2767608Z
Method: GET
URL: /api/products
Status: 200
Duration: 27 ms
UserId: 
Client IP: ::1
User-Agent: 
Controller: Products, Action: GetAll
Response Body: [{"id":1,"name":"Яблоко","description":"","code":"85412","measuringUnit":"шт","isActive":true}]
=======================================================

=======================================================
Timestamp: 2026-01-24T01:07:46.4193488Z
Method: GET
URL: /api/materials
Status: 200
Duration: 28 ms
UserId: 
Client IP: ::1
User-Agent: 
Controller: Materials, Action: GetAll
Response Body: [{"id":1,"name":"Косточка","description":"","code":"5214","measuringUnit":"шт","isActive":true}]
=======================================================

=======================================================
Timestamp: 2026-01-24T01:07:46.4241047Z
Method: GET
URL: /api/materials
Status: 200
Duration: 55 ms
UserId: 
Client IP: ::1
User-Agent: 
Controller: Materials, Action: GetAll
Response Body: [{"id":1,"name":"Косточка","description":"","code":"5214","measuringUnit":"шт","isActive":true}]
=======================================================

=======================================================
Timestamp: 2026-01-24T01:07:46.4418511Z
Method: GET
URL: /api/products
Status: 200
Duration: 54 ms
UserId: 
Client IP: ::1
User-Agent: 
Controller: Products, Action: GetAll
Response Body: [{"id":1,"name":"Яблоко","description":"","code":"85412","measuringUnit":"шт","isActive":true}]
=======================================================

=======================================================
Timestamp: 2026-01-24T01:07:46.5446769Z
Method: GET
URL: /api/materials
Status: 200
Duration: 8 ms
UserId: 
Client IP: ::1
User-Agent: 
Controller: Materials, Action: GetAll
Response Body: [{"id":1,"name":"Косточка","description":"","code":"5214","measuringUnit":"шт","isActive":true}]
=======================================================

=======================================================
Timestamp: 2026-01-24T01:07:46.5546752Z
Method: GET
URL: /api/products
Status: 200
Duration: 11 ms
UserId: 
Client IP: ::1
User-Agent: 
Controller: Products, Action: GetAll
Response Body: [{"id":1,"name":"Яблоко","description":"","code":"85412","measuringUnit":"шт","isActive":true}]
=======================================================

=======================================================
Timestamp: 2026-01-24T01:07:46.5565663Z
Method: GET
URL: /api/materials
Status: 200
Duration: 12 ms
UserId: 
Client IP: ::1
User-Agent: 
Controller: Materials, Action: GetAll
Response Body: [{"id":1,"name":"Косточка","description":"","code":"5214","measuringUnit":"шт","isActive":true}]
=======================================================

=======================================================
Timestamp: 2026-01-24T01:07:46.7294551Z
Method: GET
URL: /api/materials
Status: 200
Duration: 11 ms
UserId: 
Client IP: ::1
User-Agent: 
Controller: Materials, Action: GetAll
Response Body: [{"id":1,"name":"Косточка","description":"","code":"5214","measuringUnit":"шт","isActive":true}]
=======================================================

=======================================================
Timestamp: 2026-01-24T01:07:46.7766290Z
Method: GET
URL: /api/materials
Status: 200
Duration: 12 ms
UserId: 
Client IP: ::1
User-Agent: 
Controller: Materials, Action: GetAll
Response Body: [{"id":1,"name":"Косточка","description":"","code":"5214","measuringUnit":"шт","isActive":true}]
=======================================================

=======================================================
Timestamp: 2026-01-24T01:07:46.9635823Z
Method: GET
URL: /api/materials
Status: 200
Duration: 49 ms
UserId: 
Client IP: ::1
User-Agent: 
Controller: Materials, Action: GetAll
Response Body: [{"id":1,"name":"Косточка","description":"","code":"5214","measuringUnit":"шт","isActive":true}]
=======================================================

=======================================================
Timestamp: 2026-01-24T01:07:46.9655886Z
Method: GET
URL: /api/materials
Status: 200
Duration: 33 ms
UserId: 
Client IP: ::1
User-Agent: 
Controller: Materials, Action: GetAll
Response Body: [{"id":1,"name":"Косточка","description":"","code":"5214","measuringUnit":"шт","isActive":true}]
=======================================================

=======================================================
Timestamp: 2026-01-24T01:07:46.9690806Z
Method: GET
URL: /api/products
Status: 200
Duration: 66 ms
UserId: 
Client IP: ::1
User-Agent: 
Controller: Products, Action: GetAll
Response Body: [{"id":1,"name":"Яблоко","description":"","code":"85412","measuringUnit":"шт","isActive":true}]
=======================================================

=======================================================
Timestamp: 2026-01-24T01:07:47.1080325Z
Method: GET
URL: /api/materials
Status: 200
Duration: 6 ms
UserId: 
Client IP: ::1
User-Agent: 
Controller: Materials, Action: GetAll
Response Body: [{"id":1,"name":"Косточка","description":"","code":"5214","measuringUnit":"шт","isActive":true}]
=======================================================

=======================================================
Timestamp: 2026-01-24T01:07:47.1155536Z
Method: GET
URL: /api/materials
Status: 200
Duration: 15 ms
UserId: 
Client IP: ::1
User-Agent: 
Controller: Materials, Action: GetAll
Response Body: [{"id":1,"name":"Косточка","description":"","code":"5214","measuringUnit":"шт","isActive":true}]
=======================================================

=======================================================
Timestamp: 2026-01-24T01:07:47.1191741Z
Method: GET
URL: /api/products
Status: 200
Duration: 39 ms
UserId: 
Client IP: ::1
User-Agent: 
Controller: Products, Action: GetAll
Response Body: [{"id":1,"name":"Яблоко","description":"","code":"85412","measuringUnit":"шт","isActive":true}]
=======================================================

=======================================================
Timestamp: 2026-01-24T01:07:47.2437193Z
Method: GET
URL: /api/materials
Status: 200
Duration: 9 ms
UserId: 
Client IP: ::1
User-Agent: 
Controller: Materials, Action: GetAll
Response Body: [{"id":1,"name":"Косточка","description":"","code":"5214","measuringUnit":"шт","isActive":true}]
=======================================================

=======================================================
Timestamp: 2026-01-24T01:07:47.2494490Z
Method: GET
URL: /api/products
Status: 200
Duration: 11 ms
UserId: 
Client IP: ::1
User-Agent: 
Controller: Products, Action: GetAll
Response Body: [{"id":1,"name":"Яблоко","description":"","code":"85412","measuringUnit":"шт","isActive":true}]
=======================================================

=======================================================
Timestamp: 2026-01-24T01:07:47.2514473Z
Method: GET
URL: /api/materials
Status: 200
Duration: 9 ms
UserId: 
Client IP: ::1
User-Agent: 
Controller: Materials, Action: GetAll
Response Body: [{"id":1,"name":"Косточка","description":"","code":"5214","measuringUnit":"шт","isActive":true}]
=======================================================

=======================================================
Timestamp: 2026-01-24T01:07:48.2265554Z
Method: GET
URL: /api/materials
Status: 200
Duration: 194 ms
UserId: 
Client IP: ::1
User-Agent: 
Controller: Materials, Action: GetAll
Response Body: [{"id":1,"name":"Косточка","description":"","code":"5214","measuringUnit":"шт","isActive":true}]
=======================================================

=======================================================
Timestamp: 2026-01-24T01:07:48.2597123Z
Method: GET
URL: /api/materials
Status: 200
Duration: 138 ms
UserId: 
Client IP: ::1
User-Agent: 
Controller: Materials, Action: GetAll
Response Body: [{"id":1,"name":"Косточка","description":"","code":"5214","measuringUnit":"шт","isActive":true}]
=======================================================

=======================================================
Timestamp: 2026-01-24T01:07:48.2666575Z
Method: GET
URL: /api/products
Status: 200
Duration: 116 ms
UserId: 
Client IP: ::1
User-Agent: 
Controller: Products, Action: GetAll
Response Body: [{"id":1,"name":"Яблоко","description":"","code":"85412","measuringUnit":"шт","isActive":true}]
=======================================================

=======================================================
Timestamp: 2026-01-24T01:07:48.2946890Z
Method: GET
URL: /api/materials
Status: 200
Duration: 11 ms
UserId: 
Client IP: ::1
User-Agent: 
Controller: Materials, Action: GetAll
Response Body: [{"id":1,"name":"Косточка","description":"","code":"5214","measuringUnit":"шт","isActive":true}]
=======================================================

=======================================================
Timestamp: 2026-01-24T01:07:48.3002071Z
Method: GET
URL: /api/materials
Status: 200
Duration: 37 ms
UserId: 
Client IP: ::1
User-Agent: 
Controller: Materials, Action: GetAll
Response Body: [{"id":1,"name":"Косточка","description":"","code":"5214","measuringUnit":"шт","isActive":true}]
=======================================================

=======================================================
Timestamp: 2026-01-24T01:07:48.3033998Z
Method: GET
URL: /api/products
Status: 200
Duration: 25 ms
UserId: 
Client IP: ::1
User-Agent: 
Controller: Products, Action: GetAll
Response Body: [{"id":1,"name":"Яблоко","description":"","code":"85412","measuringUnit":"шт","isActive":true}]
=======================================================

=======================================================
Timestamp: 2026-01-24T01:07:48.3308327Z
Method: GET
URL: /api/materials
Status: 200
Duration: 11 ms
UserId: 
Client IP: ::1
User-Agent: 
Controller: Materials, Action: GetAll
Response Body: [{"id":1,"name":"Косточка","description":"","code":"5214","measuringUnit":"шт","isActive":true}]
=======================================================

=======================================================
Timestamp: 2026-01-24T01:07:48.3442475Z
Method: GET
URL: /api/products
Status: 200
Duration: 13 ms
UserId: 
Client IP: ::1
User-Agent: 
Controller: Products, Action: GetAll
Response Body: [{"id":1,"name":"Яблоко","description":"","code":"85412","measuringUnit":"шт","isActive":true}]
=======================================================

=======================================================
Timestamp: 2026-01-24T01:07:48.3476591Z
Method: GET
URL: /api/materials
Status: 200
Duration: 19 ms
UserId: 
Client IP: ::1
User-Agent: 
Controller: Materials, Action: GetAll
Response Body: [{"id":1,"name":"Косточка","description":"","code":"5214","measuringUnit":"шт","isActive":true}]
=======================================================

=======================================================
Timestamp: 2026-01-24T01:07:48.9631545Z
Method: GET
URL: /api/materials
Status: 200
Duration: 12 ms
UserId: 
Client IP: ::1
User-Agent: 
Controller: Materials, Action: GetAll
Response Body: [{"id":1,"name":"Косточка","description":"","code":"5214","measuringUnit":"шт","isActive":true}]
=======================================================

=======================================================
Timestamp: 2026-01-24T01:07:48.9654287Z
Method: GET
URL: /api/materials
Status: 200
Duration: 17 ms
UserId: 
Client IP: ::1
User-Agent: 
Controller: Materials, Action: GetAll
Response Body: [{"id":1,"name":"Косточка","description":"","code":"5214","measuringUnit":"шт","isActive":true}]
=======================================================

=======================================================
Timestamp: 2026-01-24T01:07:48.9746954Z
Method: GET
URL: /api/products
Status: 200
Duration: 11 ms
UserId: 
Client IP: ::1
User-Agent: 
Controller: Products, Action: GetAll
Response Body: [{"id":1,"name":"Яблоко","description":"","code":"85412","measuringUnit":"шт","isActive":true}]
=======================================================

=======================================================
Timestamp: 2026-01-24T01:07:49.1030932Z
Method: GET
URL: /api/materials
Status: 200
Duration: 8 ms
UserId: 
Client IP: ::1
User-Agent: 
Controller: Materials, Action: GetAll
Response Body: [{"id":1,"name":"Косточка","description":"","code":"5214","measuringUnit":"шт","isActive":true}]
=======================================================

=======================================================
Timestamp: 2026-01-24T01:07:49.1063975Z
Method: GET
URL: /api/products
Status: 200
Duration: 5 ms
UserId: 
Client IP: ::1
User-Agent: 
Controller: Products, Action: GetAll
Response Body: [{"id":1,"name":"Яблоко","description":"","code":"85412","measuringUnit":"шт","isActive":true}]
=======================================================

=======================================================
Timestamp: 2026-01-24T01:07:49.1096121Z
Method: GET
URL: /api/materials
Status: 200
Duration: 12 ms
UserId: 
Client IP: ::1
User-Agent: 
Controller: Materials, Action: GetAll
Response Body: [{"id":1,"name":"Косточка","description":"","code":"5214","measuringUnit":"шт","isActive":true}]
=======================================================

=======================================================
Timestamp: 2026-01-24T01:07:49.2903165Z
Method: GET
URL: /api/materials
Status: 200
Duration: 19 ms
UserId: 
Client IP: ::1
User-Agent: 
Controller: Materials, Action: GetAll
Response Body: [{"id":1,"name":"Косточка","description":"","code":"5214","measuringUnit":"шт","isActive":true}]
=======================================================

=======================================================
Timestamp: 2026-01-24T01:07:49.2962487Z
Method: GET
URL: /api/products
Status: 200
Duration: 17 ms
UserId: 
Client IP: ::1
User-Agent: 
Controller: Products, Action: GetAll
Response Body: [{"id":1,"name":"Яблоко","description":"","code":"85412","measuringUnit":"шт","isActive":true}]
=======================================================

=======================================================
Timestamp: 2026-01-24T01:07:49.2987405Z
Method: GET
URL: /api/materials
Status: 200
Duration: 17 ms
UserId: 
Client IP: ::1
User-Agent: 
Controller: Materials, Action: GetAll
Response Body: [{"id":1,"name":"Косточка","description":"","code":"5214","measuringUnit":"шт","isActive":true}]
=======================================================

=======================================================
Timestamp: 2026-01-24T01:07:49.5751624Z
Method: GET
URL: /api/materials
Status: 200
Duration: 31 ms
UserId: 
Client IP: ::1
User-Agent: 
Controller: Materials, Action: GetAll
Response Body: [{"id":1,"name":"Косточка","description":"","code":"5214","measuringUnit":"шт","isActive":true}]
=======================================================

=======================================================
Timestamp: 2026-01-24T01:07:49.5824089Z
Method: GET
URL: /api/products
Status: 200
Duration: 24 ms
UserId: 
Client IP: ::1
User-Agent: 
Controller: Products, Action: GetAll
Response Body: [{"id":1,"name":"Яблоко","description":"","code":"85412","measuringUnit":"шт","isActive":true}]
=======================================================

=======================================================
Timestamp: 2026-01-24T01:07:49.6039298Z
Method: GET
URL: /api/materials
Status: 200
Duration: 41 ms
UserId: 
Client IP: ::1
User-Agent: 
Controller: Materials, Action: GetAll
Response Body: [{"id":1,"name":"Косточка","description":"","code":"5214","measuringUnit":"шт","isActive":true}]
=======================================================

=======================================================
Timestamp: 2026-01-24T01:07:49.6133738Z
Method: GET
URL: /api/materials
Status: 200
Duration: 10 ms
UserId: 
Client IP: ::1
User-Agent: 
Controller: Materials, Action: GetAll
Response Body: [{"id":1,"name":"Косточка","description":"","code":"5214","measuringUnit":"шт","isActive":true}]
=======================================================

=======================================================
Timestamp: 2026-01-24T01:07:49.6167007Z
Method: GET
URL: /api/products
Status: 200
Duration: 17 ms
UserId: 
Client IP: ::1
User-Agent: 
Controller: Products, Action: GetAll
Response Body: [{"id":1,"name":"Яблоко","description":"","code":"85412","measuringUnit":"шт","isActive":true}]
=======================================================

=======================================================
Timestamp: 2026-01-24T01:07:49.6773863Z
Method: GET
URL: /api/materials
Status: 200
Duration: 98 ms
UserId: 
Client IP: ::1
User-Agent: 
Controller: Materials, Action: GetAll
Response Body: [{"id":1,"name":"Косточка","description":"","code":"5214","measuringUnit":"шт","isActive":true}]
=======================================================

=======================================================
Timestamp: 2026-01-24T01:07:51.2487153Z
Method: GET
URL: /api/materials
Status: 200
Duration: 510 ms
UserId: 
Client IP: ::1
User-Agent: 
Controller: Materials, Action: GetAll
Response Body: [{"id":1,"name":"Косточка","description":"","code":"5214","measuringUnit":"шт","isActive":true}]
=======================================================

=======================================================
Timestamp: 2026-01-24T01:07:51.2764227Z
Method: GET
URL: /api/products
Status: 200
Duration: 72 ms
UserId: 
Client IP: ::1
User-Agent: 
Controller: Products, Action: GetAll
Response Body: [{"id":1,"name":"Яблоко","description":"","code":"85412","measuringUnit":"шт","isActive":true}]
=======================================================

=======================================================
Timestamp: 2026-01-24T01:07:51.2979791Z
Method: GET
URL: /api/materials
Status: 200
Duration: 198 ms
UserId: 
Client IP: ::1
User-Agent: 
Controller: Materials, Action: GetAll
Response Body: [{"id":1,"name":"Косточка","description":"","code":"5214","measuringUnit":"шт","isActive":true}]
=======================================================

=======================================================
Timestamp: 2026-01-24T01:08:00.2138298Z
Method: GET
URL: /api/materials
Status: 200
Duration: 56 ms
UserId: 
Client IP: ::1
User-Agent: 
Controller: Materials, Action: GetAll
Response Body: [{"id":1,"name":"Косточка","description":"","code":"5214","measuringUnit":"шт","isActive":true}]
=======================================================

=======================================================
Timestamp: 2026-01-24T01:08:00.3278343Z
Method: GET
URL: /api/materials
Status: 200
Duration: 88 ms
UserId: 
Client IP: ::1
User-Agent: 
Controller: Materials, Action: GetAll
Response Body: [{"id":1,"name":"Косточка","description":"","code":"5214","measuringUnit":"шт","isActive":true}]
=======================================================

=======================================================
Timestamp: 2026-01-24T01:08:00.3378672Z
Method: GET
URL: /api/products
Status: 200
Duration: 50 ms
UserId: 
Client IP: ::1
User-Agent: 
Controller: Products, Action: GetAll
Response Body: [{"id":1,"name":"Яблоко","description":"","code":"85412","measuringUnit":"шт","isActive":true}]
=======================================================

=======================================================
Timestamp: 2026-01-24T01:08:00.3469212Z
Method: GET
URL: /api/materials
Status: 200
Duration: 11 ms
UserId: 
Client IP: ::1
User-Agent: 
Controller: Materials, Action: GetAll
Response Body: [{"id":1,"name":"Косточка","description":"","code":"5214","measuringUnit":"шт","isActive":true}]
=======================================================

=======================================================
Timestamp: 2026-01-24T01:08:00.8085182Z
Method: GET
URL: /api/materials
Status: 200
Duration: 128 ms
UserId: 
Client IP: ::1
User-Agent: 
Controller: Materials, Action: GetAll
Response Body: [{"id":1,"name":"Косточка","description":"","code":"5214","measuringUnit":"шт","isActive":true}]
=======================================================

=======================================================
Timestamp: 2026-01-24T01:08:00.8613743Z
Method: GET
URL: /api/materials
Status: 200
Duration: 172 ms
UserId: 
Client IP: ::1
User-Agent: 
Controller: Materials, Action: GetAll
Response Body: [{"id":1,"name":"Косточка","description":"","code":"5214","measuringUnit":"шт","isActive":true}]
=======================================================

=======================================================
Timestamp: 2026-01-24T01:08:00.8646557Z
Method: GET
URL: /api/products
Status: 200
Duration: 271 ms
UserId: 
Client IP: ::1
User-Agent: 
Controller: Products, Action: GetAll
Response Body: [{"id":1,"name":"Яблоко","description":"","code":"85412","measuringUnit":"шт","isActive":true}]
=======================================================

=======================================================
Timestamp: 2026-01-24T01:08:05.8771886Z
Method: GET
URL: /api/materials
Status: 200
Duration: 22 ms
UserId: 
Client IP: ::1
User-Agent: 
Controller: Materials, Action: GetAll
Response Body: [{"id":1,"name":"Косточка","description":"","code":"5214","measuringUnit":"шт","isActive":true}]
=======================================================

=======================================================
Timestamp: 2026-01-24T01:08:05.8894965Z
Method: GET
URL: /api/materials
Status: 200
Duration: 21 ms
UserId: 
Client IP: ::1
User-Agent: 
Controller: Materials, Action: GetAll
Response Body: [{"id":1,"name":"Косточка","description":"","code":"5214","measuringUnit":"шт","isActive":true}]
=======================================================

=======================================================
Timestamp: 2026-01-24T01:08:05.9373389Z
Method: GET
URL: /api/products
Status: 200
Duration: 23 ms
UserId: 
Client IP: ::1
User-Agent: 
Controller: Products, Action: GetAll
Response Body: [{"id":1,"name":"Яблоко","description":"","code":"85412","measuringUnit":"шт","isActive":true}]
=======================================================

=======================================================
Timestamp: 2026-01-24T01:08:14.9566757Z
Method: GET
URL: /api/materials
Status: 200
Duration: 81 ms
UserId: 
Client IP: ::1
User-Agent: 
Controller: Materials, Action: GetAll
Response Body: [{"id":1,"name":"Косточка","description":"","code":"5214","measuringUnit":"шт","isActive":true}]
=======================================================

=======================================================
Timestamp: 2026-01-24T01:08:15.0780640Z
Method: GET
URL: /api/products
Status: 200
Duration: 42 ms
UserId: 
Client IP: ::1
User-Agent: 
Controller: Products, Action: GetAll
Response Body: [{"id":1,"name":"Яблоко","description":"","code":"85412","measuringUnit":"шт","isActive":true}]
=======================================================

=======================================================
Timestamp: 2026-01-24T01:08:15.1732023Z
Method: GET
URL: /api/materials
Status: 200
Duration: 75 ms
UserId: 
Client IP: ::1
User-Agent: 
Controller: Materials, Action: GetAll
Response Body: [{"id":1,"name":"Косточка","description":"","code":"5214","measuringUnit":"шт","isActive":true}]
=======================================================

=======================================================
Timestamp: 2026-01-24T01:08:15.3184502Z
Method: GET
URL: /api/materials
Status: 200
Duration: 12 ms
UserId: 
Client IP: ::1
User-Agent: 
Controller: Materials, Action: GetAll
Response Body: [{"id":1,"name":"Косточка","description":"","code":"5214","measuringUnit":"шт","isActive":true}]
=======================================================

=======================================================
Timestamp: 2026-01-24T01:08:15.3249111Z
Method: GET
URL: /api/materials
Status: 200
Duration: 5 ms
UserId: 
Client IP: ::1
User-Agent: 
Controller: Materials, Action: GetAll
Response Body: [{"id":1,"name":"Косточка","description":"","code":"5214","measuringUnit":"шт","isActive":true}]
=======================================================

=======================================================
Timestamp: 2026-01-24T01:08:15.3264935Z
Method: GET
URL: /api/products
Status: 200
Duration: 23 ms
UserId: 
Client IP: ::1
User-Agent: 
Controller: Products, Action: GetAll
Response Body: [{"id":1,"name":"Яблоко","description":"","code":"85412","measuringUnit":"шт","isActive":true}]
=======================================================

=======================================================
Timestamp: 2026-01-24T01:08:15.4905496Z
Method: GET
URL: /api/materials
Status: 200
Duration: 10 ms
UserId: 
Client IP: ::1
User-Agent: 
Controller: Materials, Action: GetAll
Response Body: [{"id":1,"name":"Косточка","description":"","code":"5214","measuringUnit":"шт","isActive":true}]
=======================================================

=======================================================
Timestamp: 2026-01-24T01:08:15.4939824Z
Method: GET
URL: /api/materials
Status: 200
Duration: 15 ms
UserId: 
Client IP: ::1
User-Agent: 
Controller: Materials, Action: GetAll
Response Body: [{"id":1,"name":"Косточка","description":"","code":"5214","measuringUnit":"шт","isActive":true}]
=======================================================

=======================================================
Timestamp: 2026-01-24T01:08:15.5030940Z
Method: GET
URL: /api/products
Status: 200
Duration: 21 ms
UserId: 
Client IP: ::1
User-Agent: 
Controller: Products, Action: GetAll
Response Body: [{"id":1,"name":"Яблоко","description":"","code":"85412","measuringUnit":"шт","isActive":true}]
=======================================================

=======================================================
Timestamp: 2026-01-24T01:08:15.6617784Z
Method: GET
URL: /api/materials
Status: 200
Duration: 10 ms
UserId: 
Client IP: ::1
User-Agent: 
Controller: Materials, Action: GetAll
Response Body: [{"id":1,"name":"Косточка","description":"","code":"5214","measuringUnit":"шт","isActive":true}]
=======================================================

=======================================================
Timestamp: 2026-01-24T01:08:15.6691002Z
Method: GET
URL: /api/materials
Status: 200
Duration: 7 ms
UserId: 
Client IP: ::1
User-Agent: 
Controller: Materials, Action: GetAll
Response Body: [{"id":1,"name":"Косточка","description":"","code":"5214","measuringUnit":"шт","isActive":true}]
=======================================================

=======================================================
Timestamp: 2026-01-24T01:08:15.6725055Z
Method: GET
URL: /api/products
Status: 200
Duration: 17 ms
UserId: 
Client IP: ::1
User-Agent: 
Controller: Products, Action: GetAll
Response Body: [{"id":1,"name":"Яблоко","description":"","code":"85412","measuringUnit":"шт","isActive":true}]
=======================================================

=======================================================
Timestamp: 2026-01-24T01:08:15.8169428Z
Method: GET
URL: /api/materials
Status: 200
Duration: 7 ms
UserId: 
Client IP: ::1
User-Agent: 
Controller: Materials, Action: GetAll
Response Body: [{"id":1,"name":"Косточка","description":"","code":"5214","measuringUnit":"шт","isActive":true}]
=======================================================

=======================================================
Timestamp: 2026-01-24T01:08:15.8297966Z
Method: GET
URL: /api/products
Status: 200
Duration: 16 ms
UserId: 
Client IP: ::1
User-Agent: 
Controller: Products, Action: GetAll
Response Body: [{"id":1,"name":"Яблоко","description":"","code":"85412","measuringUnit":"шт","isActive":true}]
=======================================================

=======================================================
Timestamp: 2026-01-24T01:08:16.6515216Z
Method: GET
URL: /api/materials
Status: 200
Duration: 275 ms
UserId: 
Client IP: ::1
User-Agent: 
Controller: Materials, Action: GetAll
Response Body: [{"id":1,"name":"Косточка","description":"","code":"5214","measuringUnit":"шт","isActive":true}]
=======================================================

=======================================================
Timestamp: 2026-01-24T01:08:16.6732114Z
Method: GET
URL: /api/products
Status: 200
Duration: 17 ms
UserId: 
Client IP: ::1
User-Agent: 
Controller: Products, Action: GetAll
Response Body: [{"id":1,"name":"Яблоко","description":"","code":"85412","measuringUnit":"шт","isActive":true}]
=======================================================

=======================================================
Timestamp: 2026-01-24T01:08:16.6849025Z
Method: GET
URL: /api/materials
Status: 200
Duration: 37 ms
UserId: 
Client IP: ::1
User-Agent: 
Controller: Materials, Action: GetAll
Response Body: [{"id":1,"name":"Косточка","description":"","code":"5214","measuringUnit":"шт","isActive":true}]
=======================================================

=======================================================
Timestamp: 2026-01-24T01:08:20.8950907Z
Method: GET
URL: /api/products
Status: 200
Duration: 12 ms
UserId: 
Client IP: ::1
User-Agent: 
Controller: Products, Action: GetAll
Response Body: [{"id":1,"name":"Яблоко","description":"","code":"85412","measuringUnit":"шт","isActive":true}]
=======================================================

=======================================================
Timestamp: 2026-01-24T01:08:20.8979551Z
Method: GET
URL: /api/materials
Status: 200
Duration: 18 ms
UserId: 
Client IP: ::1
User-Agent: 
Controller: Materials, Action: GetAll
Response Body: [{"id":1,"name":"Косточка","description":"","code":"5214","measuringUnit":"шт","isActive":true}]
=======================================================

=======================================================
Timestamp: 2026-01-24T01:08:20.9015785Z
Method: GET
URL: /api/materials
Status: 200
Duration: 15 ms
UserId: 
Client IP: ::1
User-Agent: 
Controller: Materials, Action: GetAll
Response Body: [{"id":1,"name":"Косточка","description":"","code":"5214","measuringUnit":"шт","isActive":true}]
=======================================================

=======================================================
Timestamp: 2026-01-24T01:08:21.0928649Z
Method: GET
URL: /api/materials
Status: 200
Duration: 7 ms
UserId: 
Client IP: ::1
User-Agent: 
Controller: Materials, Action: GetAll
Response Body: [{"id":1,"name":"Косточка","description":"","code":"5214","measuringUnit":"шт","isActive":true}]
=======================================================

=======================================================
Timestamp: 2026-01-24T01:08:21.0988418Z
Method: GET
URL: /api/materials
Status: 200
Duration: 12 ms
UserId: 
Client IP: ::1
User-Agent: 
Controller: Materials, Action: GetAll
Response Body: [{"id":1,"name":"Косточка","description":"","code":"5214","measuringUnit":"шт","isActive":true}]
=======================================================

=======================================================
Timestamp: 2026-01-24T01:08:21.2764864Z
Method: GET
URL: /api/materials
Status: 200
Duration: 13 ms
UserId: 
Client IP: ::1
User-Agent: 
Controller: Materials, Action: GetAll
Response Body: [{"id":1,"name":"Косточка","description":"","code":"5214","measuringUnit":"шт","isActive":true}]
=======================================================

=======================================================
Timestamp: 2026-01-24T01:08:21.2926373Z
Method: GET
URL: /api/products
Status: 200
Duration: 17 ms
UserId: 
Client IP: ::1
User-Agent: 
Controller: Products, Action: GetAll
Response Body: [{"id":1,"name":"Яблоко","description":"","code":"85412","measuringUnit":"шт","isActive":true}]
=======================================================

=======================================================
Timestamp: 2026-01-24T01:08:21.2944001Z
Method: GET
URL: /api/materials
Status: 200
Duration: 24 ms
UserId: 
Client IP: ::1
User-Agent: 
Controller: Materials, Action: GetAll
Response Body: [{"id":1,"name":"Косточка","description":"","code":"5214","measuringUnit":"шт","isActive":true}]
=======================================================

=======================================================
Timestamp: 2026-01-24T01:08:21.4554299Z
Method: GET
URL: /api/materials
Status: 200
Duration: 11 ms
UserId: 
Client IP: ::1
User-Agent: 
Controller: Materials, Action: GetAll
Response Body: [{"id":1,"name":"Косточка","description":"","code":"5214","measuringUnit":"шт","isActive":true}]
=======================================================

=======================================================
Timestamp: 2026-01-24T01:08:21.4634105Z
Method: GET
URL: /api/products
Status: 200
Duration: 12 ms
UserId: 
Client IP: ::1
User-Agent: 
Controller: Products, Action: GetAll
Response Body: [{"id":1,"name":"Яблоко","description":"","code":"85412","measuringUnit":"шт","isActive":true}]
=======================================================

=======================================================
Timestamp: 2026-01-24T01:08:21.4662623Z
Method: GET
URL: /api/materials
Status: 200
Duration: 17 ms
UserId: 
Client IP: ::1
User-Agent: 
Controller: Materials, Action: GetAll
Response Body: [{"id":1,"name":"Косточка","description":"","code":"5214","measuringUnit":"шт","isActive":true}]
=======================================================

=======================================================
Timestamp: 2026-01-24T01:08:21.6396710Z
Method: GET
URL: /api/materials
Status: 200
Duration: 21 ms
UserId: 
Client IP: ::1
User-Agent: 
Controller: Materials, Action: GetAll
Response Body: [{"id":1,"name":"Косточка","description":"","code":"5214","measuringUnit":"шт","isActive":true}]
=======================================================

=======================================================
Timestamp: 2026-01-24T01:08:21.6517895Z
Method: GET
URL: /api/materials
Status: 200
Duration: 22 ms
UserId: 
Client IP: ::1
User-Agent: 
Controller: Materials, Action: GetAll
Response Body: [{"id":1,"name":"Косточка","description":"","code":"5214","measuringUnit":"шт","isActive":true}]
=======================================================

=======================================================
Timestamp: 2026-01-24T01:08:21.8119470Z
Method: GET
URL: /api/materials
Status: 200
Duration: 9 ms
UserId: 
Client IP: ::1
User-Agent: 
Controller: Materials, Action: GetAll
Response Body: [{"id":1,"name":"Косточка","description":"","code":"5214","measuringUnit":"шт","isActive":true}]
=======================================================

=======================================================
Timestamp: 2026-01-24T01:08:21.8318535Z
Method: GET
URL: /api/materials
Status: 200
Duration: 9 ms
UserId: 
Client IP: ::1
User-Agent: 
Controller: Materials, Action: GetAll
Response Body: [{"id":1,"name":"Косточка","description":"","code":"5214","measuringUnit":"шт","isActive":true}]
=======================================================

=======================================================
Timestamp: 2026-01-24T01:08:21.8368219Z
Method: GET
URL: /api/products
Status: 200
Duration: 41 ms
UserId: 
Client IP: ::1
User-Agent: 
Controller: Products, Action: GetAll
Response Body: [{"id":1,"name":"Яблоко","description":"","code":"85412","measuringUnit":"шт","isActive":true}]
=======================================================

=======================================================
Timestamp: 2026-01-24T01:08:22.1015228Z
Method: GET
URL: /api/products
Status: 200
Duration: 63 ms
UserId: 
Client IP: ::1
User-Agent: 
Controller: Products, Action: GetAll
Response Body: [{"id":1,"name":"Яблоко","description":"","code":"85412","measuringUnit":"шт","isActive":true}]
=======================================================

=======================================================
Timestamp: 2026-01-24T01:08:22.1082008Z
Method: GET
URL: /api/materials
Status: 200
Duration: 21 ms
UserId: 
Client IP: ::1
User-Agent: 
Controller: Materials, Action: GetAll
Response Body: [{"id":1,"name":"Косточка","description":"","code":"5214","measuringUnit":"шт","isActive":true}]
=======================================================

=======================================================
Timestamp: 2026-01-24T01:08:22.1099121Z
Method: GET
URL: /api/materials
Status: 200
Duration: 106 ms
UserId: 
Client IP: ::1
User-Agent: 
Controller: Materials, Action: GetAll
Response Body: [{"id":1,"name":"Косточка","description":"","code":"5214","measuringUnit":"шт","isActive":true}]
=======================================================

=======================================================
Timestamp: 2026-01-24T01:08:22.1729580Z
Method: GET
URL: /api/materials
Status: 200
Duration: 12 ms
UserId: 
Client IP: ::1
User-Agent: 
Controller: Materials, Action: GetAll
Response Body: [{"id":1,"name":"Косточка","description":"","code":"5214","measuringUnit":"шт","isActive":true}]
=======================================================

=======================================================
Timestamp: 2026-01-24T01:08:22.2623314Z
Method: GET
URL: /api/materials
Status: 200
Duration: 23 ms
UserId: 
Client IP: ::1
User-Agent: 
Controller: Materials, Action: GetAll
Response Body: [{"id":1,"name":"Косточка","description":"","code":"5214","measuringUnit":"шт","isActive":true}]
=======================================================

=======================================================
Timestamp: 2026-01-24T01:08:22.3533542Z
Method: GET
URL: /api/products
Status: 200
Duration: 36 ms
UserId: 
Client IP: ::1
User-Agent: 
Controller: Products, Action: GetAll
Response Body: [{"id":1,"name":"Яблоко","description":"","code":"85412","measuringUnit":"шт","isActive":true}]
=======================================================

=======================================================
Timestamp: 2026-01-24T01:08:22.3851837Z
Method: GET
URL: /api/materials
Status: 200
Duration: 47 ms
UserId: 
Client IP: ::1
User-Agent: 
Controller: Materials, Action: GetAll
Response Body: [{"id":1,"name":"Косточка","description":"","code":"5214","measuringUnit":"шт","isActive":true}]
=======================================================

=======================================================
Timestamp: 2026-01-24T01:08:22.4031635Z
Method: GET
URL: /api/materials
Status: 200
Duration: 50 ms
UserId: 
Client IP: ::1
User-Agent: 
Controller: Materials, Action: GetAll
Response Body: [{"id":1,"name":"Косточка","description":"","code":"5214","measuringUnit":"шт","isActive":true}]
=======================================================

=======================================================
Timestamp: 2026-01-24T01:08:22.4087719Z
Method: GET
URL: /api/products
Status: 200
Duration: 31 ms
UserId: 
Client IP: ::1
User-Agent: 
Controller: Products, Action: GetAll
Response Body: [{"id":1,"name":"Яблоко","description":"","code":"85412","measuringUnit":"шт","isActive":true}]
=======================================================

=======================================================
Timestamp: 2026-01-24T01:08:22.5357051Z
Method: GET
URL: /api/materials
Status: 200
Duration: 11 ms
UserId: 
Client IP: ::1
User-Agent: 
Controller: Materials, Action: GetAll
Response Body: [{"id":1,"name":"Косточка","description":"","code":"5214","measuringUnit":"шт","isActive":true}]
=======================================================

=======================================================
Timestamp: 2026-01-24T01:08:22.5405002Z
Method: GET
URL: /api/products
Status: 200
Duration: 40 ms
UserId: 
Client IP: ::1
User-Agent: 
Controller: Products, Action: GetAll
Response Body: [{"id":1,"name":"Яблоко","description":"","code":"85412","measuringUnit":"шт","isActive":true}]
=======================================================

=======================================================
Timestamp: 2026-01-24T01:08:22.5417778Z
Method: GET
URL: /api/materials
Status: 200
Duration: 47 ms
UserId: 
Client IP: ::1
User-Agent: 
Controller: Materials, Action: GetAll
Response Body: [{"id":1,"name":"Косточка","description":"","code":"5214","measuringUnit":"шт","isActive":true}]
=======================================================

=======================================================
Timestamp: 2026-01-24T01:08:22.7435210Z
Method: GET
URL: /api/materials
Status: 200
Duration: 15 ms
UserId: 
Client IP: ::1
User-Agent: 
Controller: Materials, Action: GetAll
Response Body: [{"id":1,"name":"Косточка","description":"","code":"5214","measuringUnit":"шт","isActive":true}]
=======================================================

=======================================================
Timestamp: 2026-01-24T01:08:22.7507520Z
Method: GET
URL: /api/materials
Status: 200
Duration: 24 ms
UserId: 
Client IP: ::1
User-Agent: 
Controller: Materials, Action: GetAll
Response Body: [{"id":1,"name":"Косточка","description":"","code":"5214","measuringUnit":"шт","isActive":true}]
=======================================================

=======================================================
Timestamp: 2026-01-24T01:08:22.7528572Z
Method: GET
URL: /api/products
Status: 200
Duration: 12 ms
UserId: 
Client IP: ::1
User-Agent: 
Controller: Products, Action: GetAll
Response Body: [{"id":1,"name":"Яблоко","description":"","code":"85412","measuringUnit":"шт","isActive":true}]
=======================================================

=======================================================
Timestamp: 2026-01-24T01:10:25.0515456Z
Method: GET
URL: /hubs/notifications?id=Fjxe6c52BOUuY0C0aUuKXg
Status: 101
Duration: 206437 ms
UserId: 
Client IP: ::1
User-Agent: Microsoft SignalR/8.0 (8.0.0+3f1acb59718cadf111a0a796681e3d3509bb3381; Windows NT; .NET; .NET 8.0.22)
=======================================================

=======================================================
Timestamp: 2026-01-24T01:11:09.4513927Z
Method: POST
URL: /api/Users/authenticate
Status: 200
Duration: 622 ms
UserId: 
Client IP: ::1
User-Agent: 
Controller: Users, Action: Authenticate
Response Body: {"message":"Login successful","user":{"id":1,"login":"admin","name":"Админ","surname":"Системный","email":"admin@example.com","phone":"+71234567890","createdAt":"2026-01-24T01:00:36.671391Z","roleId":1,"role":{"id":1,"name":"Владелец","code":"Owner","description":"Полный доступ","rank":1}}}
=======================================================

=======================================================
Timestamp: 2026-01-24T01:11:09.7187243Z
Method: POST
URL: /hubs/notifications/negotiate?negotiateVersion=1
Status: 200
Duration: 0 ms
UserId: 
Client IP: ::1
User-Agent: Microsoft SignalR/8.0 (8.0.0+3f1acb59718cadf111a0a796681e3d3509bb3381; Windows NT; .NET; .NET 8.0.22)
Response Body: {"negotiateVersion":1,"connectionId":"P2pEziXG3kH126U77xuhsw","connectionToken":"8WReqRp51Qa0oUjaLZnXiQ","availableTransports":[{"transport":"WebSockets","transferFormats":["Text","Binary"]},{"transport":"ServerSentEvents","transferFormats":["Text"]},{"transport":"LongPolling","transferFormats":["Text","Binary"]}]}
=======================================================

=======================================================
Timestamp: 2026-01-24T01:23:28.7840195Z
Method: GET
URL: /
Status: 404
Duration: 4 ms
UserId: 
Client IP: ::1
User-Agent: Mozilla/5.0 (Windows NT 10.0; Win64; x64) AppleWebKit/537.36 (KHTML, like Gecko) Chrome/144.0.0.0 Safari/537.36
=======================================================

=======================================================
Timestamp: 2026-01-24T01:23:51.4440518Z
Method: POST
URL: /api/Users/authenticate
Status: 200
Duration: 1550 ms
UserId: 
Client IP: ::1
User-Agent: 
Controller: Users, Action: Authenticate
Response Body: {"message":"Login successful","user":{"id":1,"login":"admin","name":"Админ","surname":"Системный","email":"admin@example.com","phone":"+71234567890","createdAt":"2026-01-24T01:00:36.671391Z","roleId":1,"role":{"id":1,"name":"Владелец","code":"Owner","description":"Полный доступ","rank":1}}}
=======================================================

=======================================================
Timestamp: 2026-01-24T01:23:53.4195776Z
Method: POST
URL: /hubs/notifications/negotiate?negotiateVersion=1
Status: 200
Duration: 7 ms
UserId: 
Client IP: ::1
User-Agent: Microsoft SignalR/8.0 (8.0.0+3f1acb59718cadf111a0a796681e3d3509bb3381; Windows NT; .NET; .NET 8.0.22)
Response Body: {"negotiateVersion":1,"connectionId":"Rap_HFXoP-A7jBBMEvODOA","connectionToken":"UyEBVn3E8-y0Zx9asmN-sg","availableTransports":[{"transport":"WebSockets","transferFormats":["Text","Binary"]},{"transport":"ServerSentEvents","transferFormats":["Text"]},{"transport":"LongPolling","transferFormats":["Text","Binary"]}]}
=======================================================

=======================================================
Timestamp: 2026-01-24T01:29:53.3970755Z
Method: GET
URL: /api/users
Status: 200
Duration: 217 ms
UserId: 
Client IP: ::1
User-Agent: 
Controller: Users, Action: GetAll
Response Body: [{"id":1,"login":"admin","encryptedPassword":"admin","name":"Админ","surname":"Системный","email":"admin@example.com","phone":"+71234567890","createdAt":"2026-01-24T01:00:36.671391Z","roleId":1,"role":{"id":1,"name":"Владелец","code":"Owner","description":"Полный доступ","rank":1},"alarmEvents":[],"sentPartRequests":[],"receivedPartRequests":[],"sentShiftTransfers":[],"receivedShiftTransfers":[]},{"id":2,"login":"eva","encryptedPassword":"$2a$12$Y0uuNdgaJp09PIOQ9JIhPuJV4BppFS8G0Z9ifm.GeDCWuf/xdumAe","name":"Eva","surname":"EvaEva","email":"eva@dura.com","phone":"57","createdAt":"2026-01-24T01:03:29.60815Z","roleId":3,"role":{"id":3,"name":"Старший экструзионщик","code":"SeniorExtruder","description":"Замещение администратора","rank":3},"alarmEvents":[],"sentPartRequests":[],"receivedPartRequests":[],"sentShiftTransfers":[],"receivedShiftTransfers":[]},{"id":3,"login":"Adam","encryptedPassword":"$2a$12$iTkjevTNbrNYDPIRz.MUGuFN7TstoAQihCnmon3z9bQOiC.iBXRzq","name":"Адам","surname":"Первый","email":"first@people.world","phone":"555","createdAt":"2026-01-24T01:04:04.400925Z","roleId":4,"role":{"id":4,"name":"Старший кладовщик","code":"SeniorWarehouseman","description":"Склады и цеха","rank":3},"alarmEvents":[],"sentPartRequests":[],"receivedPartRequests":[],"sentShiftTransfers":[],"receivedShiftTransfers":[]}]
=======================================================

=======================================================
Timestamp: 2026-01-24T01:29:53.5552709Z
Method: GET
URL: /api/users
Status: 200
Duration: 66 ms
UserId: 
Client IP: ::1
User-Agent: 
Controller: Users, Action: GetAll
Response Body: [{"id":1,"login":"admin","encryptedPassword":"admin","name":"Админ","surname":"Системный","email":"admin@example.com","phone":"+71234567890","createdAt":"2026-01-24T01:00:36.671391Z","roleId":1,"role":{"id":1,"name":"Владелец","code":"Owner","description":"Полный доступ","rank":1},"alarmEvents":[],"sentPartRequests":[],"receivedPartRequests":[],"sentShiftTransfers":[],"receivedShiftTransfers":[]},{"id":2,"login":"eva","encryptedPassword":"$2a$12$Y0uuNdgaJp09PIOQ9JIhPuJV4BppFS8G0Z9ifm.GeDCWuf/xdumAe","name":"Eva","surname":"EvaEva","email":"eva@dura.com","phone":"57","createdAt":"2026-01-24T01:03:29.60815Z","roleId":3,"role":{"id":3,"name":"Старший экструзионщик","code":"SeniorExtruder","description":"Замещение администратора","rank":3},"alarmEvents":[],"sentPartRequests":[],"receivedPartRequests":[],"sentShiftTransfers":[],"receivedShiftTransfers":[]},{"id":3,"login":"Adam","encryptedPassword":"$2a$12$iTkjevTNbrNYDPIRz.MUGuFN7TstoAQihCnmon3z9bQOiC.iBXRzq","name":"Адам","surname":"Первый","email":"first@people.world","phone":"555","createdAt":"2026-01-24T01:04:04.400925Z","roleId":4,"role":{"id":4,"name":"Старший кладовщик","code":"SeniorWarehouseman","description":"Склады и цеха","rank":3},"alarmEvents":[],"sentPartRequests":[],"receivedPartRequests":[],"sentShiftTransfers":[],"receivedShiftTransfers":[]}]
=======================================================

=======================================================
Timestamp: 2026-01-24T01:29:53.5767443Z
Method: GET
URL: /api/Roles
Status: 200
Duration: 91 ms
UserId: 
Client IP: ::1
User-Agent: 
Controller: Roles, Action: GetAll
Response Body: [{"id":1,"name":"Владелец","code":"Owner","description":"Полный доступ","rank":1},{"id":2,"name":"Администратор","code":"Admin","description":"Руководитель предприятия","rank":2},{"id":3,"name":"Старший экструзионщик","code":"SeniorExtruder","description":"Замещение администратора","rank":3},{"id":4,"name":"Старший кладовщик","code":"SeniorWarehouseman","description":"Склады и цеха","rank":3},{"id":5,"name":"Кладовщик готовой продукции","code":"FinishedGoodsWarehouseman","description":"Склад готовой продукции","rank":3},{"id":6,"name":"Экструзионщик","code":"Extruder","description":"Производство","rank":4},{"id":7,"name":"Кладовщик","code":"Warehouseman","description":"Склад","rank":4},{"id":8,"name":"Покрасочник","code":"Painter","description":"Цех покраски","rank":4},{"id":9,"name":"Старшая упаковщица","code":"SeniorPacker","description":"Упаковка","rank":4},{"id":10,"name":"ТПА","code":"TPA","description":"ТПА","rank":4},{"id":11,"name":"Утиль","code":"Utilization","description":"Цех утилизации","rank":4}]
=======================================================

=======================================================
Timestamp: 2026-01-24T01:33:51.1071318Z
Method: GET
URL: /hubs/notifications?id=UyEBVn3E8-y0Zx9asmN-sg
Status: 101
Duration: 597260 ms
UserId: 
Client IP: ::1
User-Agent: Microsoft SignalR/8.0 (8.0.0+3f1acb59718cadf111a0a796681e3d3509bb3381; Windows NT; .NET; .NET 8.0.22)
=======================================================

=======================================================
Timestamp: 2026-01-24T01:34:27.4412506Z
Method: POST
URL: /api/Users/authenticate
Status: 401
Duration: 17 ms
UserId: 
Client IP: ::1
User-Agent: 
Controller: Users, Action: Authenticate
Response Body: {"message":"Invalid login or password"}
=======================================================

=======================================================
Timestamp: 2026-01-24T01:34:31.0383182Z
Method: POST
URL: /api/Users/authenticate
Status: 401
Duration: 31 ms
UserId: 
Client IP: ::1
User-Agent: 
Controller: Users, Action: Authenticate
Response Body: {"message":"Invalid login or password"}
=======================================================

=======================================================
Timestamp: 2026-01-24T01:34:37.7107816Z
Method: POST
URL: /api/Users/authenticate
Status: 200
Duration: 411 ms
UserId: 
Client IP: ::1
User-Agent: 
Controller: Users, Action: Authenticate
Response Body: {"message":"Login successful","user":{"id":2,"login":"eva","name":"Eva","surname":"EvaEva","email":"eva@dura.com","phone":"57","createdAt":"2026-01-24T01:03:29.60815Z","roleId":3,"role":{"id":3,"name":"Старший экструзионщик","code":"SeniorExtruder","description":"Замещение администратора","rank":3}}}
=======================================================

=======================================================
Timestamp: 2026-01-24T01:34:37.9302563Z
Method: POST
URL: /hubs/notifications/negotiate?negotiateVersion=1
Status: 200
Duration: 0 ms
UserId: 
Client IP: ::1
User-Agent: Microsoft SignalR/8.0 (8.0.0+3f1acb59718cadf111a0a796681e3d3509bb3381; Windows NT; .NET; .NET 8.0.22)
Response Body: {"negotiateVersion":1,"connectionId":"Tv4YmlEbal_ybHF9Gag1_w","connectionToken":"xmiLE2hSMuxTh-4vkNLuvw","availableTransports":[{"transport":"WebSockets","transferFormats":["Text","Binary"]},{"transport":"ServerSentEvents","transferFormats":["Text"]},{"transport":"LongPolling","transferFormats":["Text","Binary"]}]}
=======================================================

=======================================================
Timestamp: 2026-01-24T01:34:40.5498105Z
Method: GET
URL: /api/WorkReports/user/2
Status: 200
Duration: 74 ms
UserId: 
Client IP: ::1
User-Agent: 
Controller: WorkReports, Action: GetByUser
Response Body: [{"id":2,"userId":2,"date":"2026-01-24T00:00:00","startWork":"2026-01-24T01:05:53Z","finishWork":null,"note":null,"user":null}]
=======================================================

=======================================================
Timestamp: 2026-01-24T01:34:40.5671236Z
Method: GET
URL: /api/WorkReports/user/2
Status: 200
Duration: 62 ms
UserId: 
Client IP: ::1
User-Agent: 
Controller: WorkReports, Action: GetByUser
Response Body: [{"id":2,"userId":2,"date":"2026-01-24T00:00:00","startWork":"2026-01-24T01:05:53Z","finishWork":null,"note":null,"user":null}]
=======================================================

=======================================================
Timestamp: 2026-01-24T01:34:47.8537639Z
Method: GET
URL: /api/WorkReports/user/2
Status: 200
Duration: 11 ms
UserId: 
Client IP: ::1
User-Agent: 
Controller: WorkReports, Action: GetByUser
Response Body: [{"id":2,"userId":2,"date":"2026-01-24T00:00:00","startWork":"2026-01-24T01:05:53Z","finishWork":null,"note":null,"user":null}]
=======================================================

=======================================================
Timestamp: 2026-01-24T01:34:48.0673277Z
Method: POST
URL: /api/WorkReports/2/finish
Status: 200
Duration: 242 ms
UserId: 
Client IP: ::1
User-Agent: 
Controller: WorkReports, Action: FinishWork
Response Body: {"message":"Work finished successfully","report":{"id":2,"userId":2,"date":"2026-01-24T00:00:00","startWork":"2026-01-24T01:05:53Z","finishWork":"2026-01-24T01:34:47Z","note":null,"user":null}}
=======================================================

=======================================================
Timestamp: 2026-01-24T01:34:48.1084744Z
Method: GET
URL: /api/WorkReports/user/2
Status: 200
Duration: 19 ms
UserId: 
Client IP: ::1
User-Agent: 
Controller: WorkReports, Action: GetByUser
Response Body: [{"id":2,"userId":2,"date":"2026-01-24T00:00:00","startWork":"2026-01-24T01:05:53Z","finishWork":"2026-01-24T01:34:47Z","note":null,"user":null}]
=======================================================

=======================================================
Timestamp: 2026-01-24T01:34:48.1139510Z
Method: GET
URL: /api/WorkReports/user/2
Status: 200
Duration: 28 ms
UserId: 
Client IP: ::1
User-Agent: 
Controller: WorkReports, Action: GetByUser
Response Body: [{"id":2,"userId":2,"date":"2026-01-24T00:00:00","startWork":"2026-01-24T01:05:53Z","finishWork":"2026-01-24T01:34:47Z","note":null,"user":null}]
=======================================================

=======================================================
Timestamp: 2026-01-24T01:34:49.0670714Z
Method: GET
URL: /api/WorkReports/user/2
Status: 200
Duration: 10 ms
UserId: 
Client IP: ::1
User-Agent: 
Controller: WorkReports, Action: GetByUser
Response Body: [{"id":2,"userId":2,"date":"2026-01-24T00:00:00","startWork":"2026-01-24T01:05:53Z","finishWork":"2026-01-24T01:34:47Z","note":null,"user":null}]
=======================================================

=======================================================
Timestamp: 2026-01-24T01:34:49.1375309Z
Method: POST
URL: /api/WorkReports/start
Status: 200
Duration: 82 ms
UserId: 
Client IP: ::1
User-Agent: 
Controller: WorkReports, Action: StartWork
Response Body: {"message":"Work started successfully","report":{"id":3,"userId":2,"date":"2026-01-24T00:00:00","startWork":"2026-01-24T01:34:49Z","finishWork":null,"note":null,"user":null}}
=======================================================

=======================================================
Timestamp: 2026-01-24T01:34:49.1556501Z
Method: GET
URL: /api/WorkReports/user/2
Status: 200
Duration: 13 ms
UserId: 
Client IP: ::1
User-Agent: 
Controller: WorkReports, Action: GetByUser
Response Body: [{"id":2,"userId":2,"date":"2026-01-24T00:00:00","startWork":"2026-01-24T01:05:53Z","finishWork":"2026-01-24T01:34:47Z","note":null,"user":null},{"id":3,"userId":2,"date":"2026-01-24T00:00:00","startWork":"2026-01-24T01:34:49Z","finishWork":null,"note":null,"user":null}]
=======================================================

=======================================================
Timestamp: 2026-01-24T01:34:49.1591365Z
Method: GET
URL: /api/WorkReports/user/2
Status: 200
Duration: 13 ms
UserId: 
Client IP: ::1
User-Agent: 
Controller: WorkReports, Action: GetByUser
Response Body: [{"id":2,"userId":2,"date":"2026-01-24T00:00:00","startWork":"2026-01-24T01:05:53Z","finishWork":"2026-01-24T01:34:47Z","note":null,"user":null},{"id":3,"userId":2,"date":"2026-01-24T00:00:00","startWork":"2026-01-24T01:34:49Z","finishWork":null,"note":null,"user":null}]
=======================================================

=======================================================
Timestamp: 2026-01-24T01:34:51.4950565Z
Method: GET
URL: /api/WorkReports/user/2
Status: 200
Duration: 4 ms
UserId: 
Client IP: ::1
User-Agent: 
Controller: WorkReports, Action: GetByUser
Response Body: [{"id":2,"userId":2,"date":"2026-01-24T00:00:00","startWork":"2026-01-24T01:05:53Z","finishWork":"2026-01-24T01:34:47Z","note":null,"user":null},{"id":3,"userId":2,"date":"2026-01-24T00:00:00","startWork":"2026-01-24T01:34:49Z","finishWork":null,"note":null,"user":null}]
=======================================================

=======================================================
Timestamp: 2026-01-24T01:34:51.6305435Z
Method: POST
URL: /api/WorkReports/3/finish
Status: 200
Duration: 133 ms
UserId: 
Client IP: ::1
User-Agent: 
Controller: WorkReports, Action: FinishWork
Response Body: {"message":"Work finished successfully","report":{"id":3,"userId":2,"date":"2026-01-24T00:00:00","startWork":"2026-01-24T01:34:49Z","finishWork":"2026-01-24T01:34:51Z","note":null,"user":null}}
=======================================================

=======================================================
Timestamp: 2026-01-24T01:34:51.6377680Z
Method: GET
URL: /api/WorkReports/user/2
Status: 200
Duration: 10 ms
UserId: 
Client IP: ::1
User-Agent: 
Controller: WorkReports, Action: GetByUser
Response Body: [{"id":2,"userId":2,"date":"2026-01-24T00:00:00","startWork":"2026-01-24T01:05:53Z","finishWork":"2026-01-24T01:34:47Z","note":null,"user":null},{"id":3,"userId":2,"date":"2026-01-24T00:00:00","startWork":"2026-01-24T01:34:49Z","finishWork":"2026-01-24T01:34:51Z","note":null,"user":null}]
=======================================================

=======================================================
Timestamp: 2026-01-24T01:34:51.7188764Z
Method: GET
URL: /api/WorkReports/user/2
Status: 200
Duration: 90 ms
UserId: 
Client IP: ::1
User-Agent: 
Controller: WorkReports, Action: GetByUser
Response Body: [{"id":2,"userId":2,"date":"2026-01-24T00:00:00","startWork":"2026-01-24T01:05:53Z","finishWork":"2026-01-24T01:34:47Z","note":null,"user":null},{"id":3,"userId":2,"date":"2026-01-24T00:00:00","startWork":"2026-01-24T01:34:49Z","finishWork":"2026-01-24T01:34:51Z","note":null,"user":null}]
=======================================================

=======================================================
Timestamp: 2026-01-24T01:35:02.3234727Z
Method: GET
URL: /api/users
Status: 200
Duration: 17 ms
UserId: 
Client IP: ::1
User-Agent: 
Controller: Users, Action: GetAll
Response Body: [{"id":1,"login":"admin","encryptedPassword":"admin","name":"Админ","surname":"Системный","email":"admin@example.com","phone":"+71234567890","createdAt":"2026-01-24T01:00:36.671391Z","roleId":1,"role":{"id":1,"name":"Владелец","code":"Owner","description":"Полный доступ","rank":1},"alarmEvents":[],"sentPartRequests":[],"receivedPartRequests":[],"sentShiftTransfers":[],"receivedShiftTransfers":[]},{"id":2,"login":"eva","encryptedPassword":"$2a$12$Y0uuNdgaJp09PIOQ9JIhPuJV4BppFS8G0Z9ifm.GeDCWuf/xdumAe","name":"Eva","surname":"EvaEva","email":"eva@dura.com","phone":"57","createdAt":"2026-01-24T01:03:29.60815Z","roleId":3,"role":{"id":3,"name":"Старший экструзионщик","code":"SeniorExtruder","description":"Замещение администратора","rank":3},"alarmEvents":[],"sentPartRequests":[],"receivedPartRequests":[],"sentShiftTransfers":[],"receivedShiftTransfers":[]},{"id":3,"login":"Adam","encryptedPassword":"$2a$12$iTkjevTNbrNYDPIRz.MUGuFN7TstoAQihCnmon3z9bQOiC.iBXRzq","name":"Адам","surname":"Первый","email":"first@people.world","phone":"555","createdAt":"2026-01-24T01:04:04.400925Z","roleId":4,"role":{"id":4,"name":"Старший кладовщик","code":"SeniorWarehouseman","description":"Склады и цеха","rank":3},"alarmEvents":[],"sentPartRequests":[],"receivedPartRequests":[],"sentShiftTransfers":[],"receivedShiftTransfers":[]}]
=======================================================

=======================================================
Timestamp: 2026-01-24T01:35:02.4772630Z
Method: GET
URL: /api/users
Status: 200
Duration: 35 ms
UserId: 
Client IP: ::1
User-Agent: 
Controller: Users, Action: GetAll
Response Body: [{"id":1,"login":"admin","encryptedPassword":"admin","name":"Админ","surname":"Системный","email":"admin@example.com","phone":"+71234567890","createdAt":"2026-01-24T01:00:36.671391Z","roleId":1,"role":{"id":1,"name":"Владелец","code":"Owner","description":"Полный доступ","rank":1},"alarmEvents":[],"sentPartRequests":[],"receivedPartRequests":[],"sentShiftTransfers":[],"receivedShiftTransfers":[]},{"id":2,"login":"eva","encryptedPassword":"$2a$12$Y0uuNdgaJp09PIOQ9JIhPuJV4BppFS8G0Z9ifm.GeDCWuf/xdumAe","name":"Eva","surname":"EvaEva","email":"eva@dura.com","phone":"57","createdAt":"2026-01-24T01:03:29.60815Z","roleId":3,"role":{"id":3,"name":"Старший экструзионщик","code":"SeniorExtruder","description":"Замещение администратора","rank":3},"alarmEvents":[],"sentPartRequests":[],"receivedPartRequests":[],"sentShiftTransfers":[],"receivedShiftTransfers":[]},{"id":3,"login":"Adam","encryptedPassword":"$2a$12$iTkjevTNbrNYDPIRz.MUGuFN7TstoAQihCnmon3z9bQOiC.iBXRzq","name":"Адам","surname":"Первый","email":"first@people.world","phone":"555","createdAt":"2026-01-24T01:04:04.400925Z","roleId":4,"role":{"id":4,"name":"Старший кладовщик","code":"SeniorWarehouseman","description":"Склады и цеха","rank":3},"alarmEvents":[],"sentPartRequests":[],"receivedPartRequests":[],"sentShiftTransfers":[],"receivedShiftTransfers":[]}]
=======================================================

=======================================================
Timestamp: 2026-01-24T01:35:02.4880341Z
Method: GET
URL: /api/users
Status: 200
Duration: 11 ms
UserId: 
Client IP: ::1
User-Agent: 
Controller: Users, Action: GetAll
Response Body: [{"id":1,"login":"admin","encryptedPassword":"admin","name":"Админ","surname":"Системный","email":"admin@example.com","phone":"+71234567890","createdAt":"2026-01-24T01:00:36.671391Z","roleId":1,"role":{"id":1,"name":"Владелец","code":"Owner","description":"Полный доступ","rank":1},"alarmEvents":[],"sentPartRequests":[],"receivedPartRequests":[],"sentShiftTransfers":[],"receivedShiftTransfers":[]},{"id":2,"login":"eva","encryptedPassword":"$2a$12$Y0uuNdgaJp09PIOQ9JIhPuJV4BppFS8G0Z9ifm.GeDCWuf/xdumAe","name":"Eva","surname":"EvaEva","email":"eva@dura.com","phone":"57","createdAt":"2026-01-24T01:03:29.60815Z","roleId":3,"role":{"id":3,"name":"Старший экструзионщик","code":"SeniorExtruder","description":"Замещение администратора","rank":3},"alarmEvents":[],"sentPartRequests":[],"receivedPartRequests":[],"sentShiftTransfers":[],"receivedShiftTransfers":[]},{"id":3,"login":"Adam","encryptedPassword":"$2a$12$iTkjevTNbrNYDPIRz.MUGuFN7TstoAQihCnmon3z9bQOiC.iBXRzq","name":"Адам","surname":"Первый","email":"first@people.world","phone":"555","createdAt":"2026-01-24T01:04:04.400925Z","roleId":4,"role":{"id":4,"name":"Старший кладовщик","code":"SeniorWarehouseman","description":"Склады и цеха","rank":3},"alarmEvents":[],"sentPartRequests":[],"receivedPartRequests":[],"sentShiftTransfers":[],"receivedShiftTransfers":[]}]
=======================================================

=======================================================
Timestamp: 2026-01-24T01:35:02.5056694Z
Method: GET
URL: /api/Roles
Status: 200
Duration: 137 ms
UserId: 
Client IP: ::1
User-Agent: 
Controller: Roles, Action: GetAll
Response Body: [{"id":1,"name":"Владелец","code":"Owner","description":"Полный доступ","rank":1},{"id":2,"name":"Администратор","code":"Admin","description":"Руководитель предприятия","rank":2},{"id":3,"name":"Старший экструзионщик","code":"SeniorExtruder","description":"Замещение администратора","rank":3},{"id":4,"name":"Старший кладовщик","code":"SeniorWarehouseman","description":"Склады и цеха","rank":3},{"id":5,"name":"Кладовщик готовой продукции","code":"FinishedGoodsWarehouseman","description":"Склад готовой продукции","rank":3},{"id":6,"name":"Экструзионщик","code":"Extruder","description":"Производство","rank":4},{"id":7,"name":"Кладовщик","code":"Warehouseman","description":"Склад","rank":4},{"id":8,"name":"Покрасочник","code":"Painter","description":"Цех покраски","rank":4},{"id":9,"name":"Старшая упаковщица","code":"SeniorPacker","description":"Упаковка","rank":4},{"id":10,"name":"ТПА","code":"TPA","description":"ТПА","rank":4},{"id":11,"name":"Утиль","code":"Utilization","description":"Цех утилизации","rank":4}]
=======================================================

=======================================================
Timestamp: 2026-01-24T01:35:15.8758961Z
Method: GET
URL: /hubs/notifications?id=xmiLE2hSMuxTh-4vkNLuvw
Status: 101
Duration: 37896 ms
UserId: 
Client IP: ::1
User-Agent: Microsoft SignalR/8.0 (8.0.0+3f1acb59718cadf111a0a796681e3d3509bb3381; Windows NT; .NET; .NET 8.0.22)
=======================================================

=======================================================
Timestamp: 2026-01-24T14:57:00.4046097Z
Method: GET
URL: /
Status: 404
Duration: 5 ms
UserId: 
Client IP: ::1
User-Agent: Mozilla/5.0 (Windows NT 10.0; Win64; x64) AppleWebKit/537.36 (KHTML, like Gecko) Chrome/144.0.0.0 Safari/537.36
=======================================================

=======================================================
Timestamp: 2026-01-24T14:58:09.0580828Z
Method: POST
URL: /api/Users/authenticate
Status: 200
Duration: 1141 ms
UserId: 
Client IP: ::1
User-Agent: 
Controller: Users, Action: Authenticate
Response Body: {"message":"Login successful","user":{"id":1,"login":"admin","name":"Админ","surname":"Системный","email":"admin@example.com","phone":"+71234567890","createdAt":"2026-01-24T01:00:36.671391Z","roleId":1,"role":{"id":1,"name":"Владелец","code":"Owner","description":"Полный доступ","rank":1}}}
=======================================================

=======================================================
Timestamp: 2026-01-24T14:58:09.2941222Z
Method: POST
URL: /hubs/notifications/negotiate?negotiateVersion=1
Status: 200
Duration: 11 ms
UserId: 
Client IP: ::1
User-Agent: Microsoft SignalR/8.0 (8.0.0+3f1acb59718cadf111a0a796681e3d3509bb3381; Windows NT; .NET; .NET 8.0.22)
Response Body: {"negotiateVersion":1,"connectionId":"7kxg89pdSjpMztM3z_A5Kw","connectionToken":"cpWRJ-PUIp8Gs2SBIC5PPQ","availableTransports":[{"transport":"WebSockets","transferFormats":["Text","Binary"]},{"transport":"ServerSentEvents","transferFormats":["Text"]},{"transport":"LongPolling","transferFormats":["Text","Binary"]}]}
=======================================================

=======================================================
Timestamp: 2026-01-24T14:58:11.5658602Z
Method: GET
URL: /api/users
Status: 200
Duration: 47 ms
UserId: 
Client IP: ::1
User-Agent: 
Controller: Users, Action: GetAll
Response Body: [{"id":1,"login":"admin","encryptedPassword":"admin","name":"Админ","surname":"Системный","email":"admin@example.com","phone":"+71234567890","createdAt":"2026-01-24T01:00:36.671391Z","roleId":1,"role":{"id":1,"name":"Владелец","code":"Owner","description":"Полный доступ","rank":1},"alarmEvents":[],"sentPartRequests":[],"receivedPartRequests":[],"sentShiftTransfers":[],"receivedShiftTransfers":[]},{"id":2,"login":"eva","encryptedPassword":"$2a$12$Y0uuNdgaJp09PIOQ9JIhPuJV4BppFS8G0Z9ifm.GeDCWuf/xdumAe","name":"Eva","surname":"EvaEva","email":"eva@dura.com","phone":"57","createdAt":"2026-01-24T01:03:29.60815Z","roleId":3,"role":{"id":3,"name":"Старший экструзионщик","code":"SeniorExtruder","description":"Замещение администратора","rank":3},"alarmEvents":[],"sentPartRequests":[],"receivedPartRequests":[],"sentShiftTransfers":[],"receivedShiftTransfers":[]},{"id":3,"login":"Adam","encryptedPassword":"$2a$12$iTkjevTNbrNYDPIRz.MUGuFN7TstoAQihCnmon3z9bQOiC.iBXRzq","name":"Адам","surname":"Первый","email":"first@people.world","phone":"555","createdAt":"2026-01-24T01:04:04.400925Z","roleId":4,"role":{"id":4,"name":"Старший кладовщик","code":"SeniorWarehouseman","description":"Склады и цеха","rank":3},"alarmEvents":[],"sentPartRequests":[],"receivedPartRequests":[],"sentShiftTransfers":[],"receivedShiftTransfers":[]}]
=======================================================

=======================================================
Timestamp: 2026-01-24T14:58:11.6347416Z
Method: GET
URL: /api/users
Status: 200
Duration: 123 ms
UserId: 
Client IP: ::1
User-Agent: 
Controller: Users, Action: GetAll
Response Body: [{"id":1,"login":"admin","encryptedPassword":"admin","name":"Админ","surname":"Системный","email":"admin@example.com","phone":"+71234567890","createdAt":"2026-01-24T01:00:36.671391Z","roleId":1,"role":{"id":1,"name":"Владелец","code":"Owner","description":"Полный доступ","rank":1},"alarmEvents":[],"sentPartRequests":[],"receivedPartRequests":[],"sentShiftTransfers":[],"receivedShiftTransfers":[]},{"id":2,"login":"eva","encryptedPassword":"$2a$12$Y0uuNdgaJp09PIOQ9JIhPuJV4BppFS8G0Z9ifm.GeDCWuf/xdumAe","name":"Eva","surname":"EvaEva","email":"eva@dura.com","phone":"57","createdAt":"2026-01-24T01:03:29.60815Z","roleId":3,"role":{"id":3,"name":"Старший экструзионщик","code":"SeniorExtruder","description":"Замещение администратора","rank":3},"alarmEvents":[],"sentPartRequests":[],"receivedPartRequests":[],"sentShiftTransfers":[],"receivedShiftTransfers":[]},{"id":3,"login":"Adam","encryptedPassword":"$2a$12$iTkjevTNbrNYDPIRz.MUGuFN7TstoAQihCnmon3z9bQOiC.iBXRzq","name":"Адам","surname":"Первый","email":"first@people.world","phone":"555","createdAt":"2026-01-24T01:04:04.400925Z","roleId":4,"role":{"id":4,"name":"Старший кладовщик","code":"SeniorWarehouseman","description":"Склады и цеха","rank":3},"alarmEvents":[],"sentPartRequests":[],"receivedPartRequests":[],"sentShiftTransfers":[],"receivedShiftTransfers":[]}]
=======================================================

=======================================================
Timestamp: 2026-01-24T14:58:11.6731215Z
Method: GET
URL: /api/users
Status: 200
Duration: 12 ms
UserId: 
Client IP: ::1
User-Agent: 
Controller: Users, Action: GetAll
Response Body: [{"id":1,"login":"admin","encryptedPassword":"admin","name":"Админ","surname":"Системный","email":"admin@example.com","phone":"+71234567890","createdAt":"2026-01-24T01:00:36.671391Z","roleId":1,"role":{"id":1,"name":"Владелец","code":"Owner","description":"Полный доступ","rank":1},"alarmEvents":[],"sentPartRequests":[],"receivedPartRequests":[],"sentShiftTransfers":[],"receivedShiftTransfers":[]},{"id":2,"login":"eva","encryptedPassword":"$2a$12$Y0uuNdgaJp09PIOQ9JIhPuJV4BppFS8G0Z9ifm.GeDCWuf/xdumAe","name":"Eva","surname":"EvaEva","email":"eva@dura.com","phone":"57","createdAt":"2026-01-24T01:03:29.60815Z","roleId":3,"role":{"id":3,"name":"Старший экструзионщик","code":"SeniorExtruder","description":"Замещение администратора","rank":3},"alarmEvents":[],"sentPartRequests":[],"receivedPartRequests":[],"sentShiftTransfers":[],"receivedShiftTransfers":[]},{"id":3,"login":"Adam","encryptedPassword":"$2a$12$iTkjevTNbrNYDPIRz.MUGuFN7TstoAQihCnmon3z9bQOiC.iBXRzq","name":"Адам","surname":"Первый","email":"first@people.world","phone":"555","createdAt":"2026-01-24T01:04:04.400925Z","roleId":4,"role":{"id":4,"name":"Старший кладовщик","code":"SeniorWarehouseman","description":"Склады и цеха","rank":3},"alarmEvents":[],"sentPartRequests":[],"receivedPartRequests":[],"sentShiftTransfers":[],"receivedShiftTransfers":[]}]
=======================================================

=======================================================
Timestamp: 2026-01-24T14:58:11.7301716Z
Method: GET
URL: /api/Roles
Status: 200
Duration: 53 ms
UserId: 
Client IP: ::1
User-Agent: 
Controller: Roles, Action: GetAll
Response Body: [{"id":1,"name":"Владелец","code":"Owner","description":"Полный доступ","rank":1},{"id":2,"name":"Администратор","code":"Admin","description":"Руководитель предприятия","rank":2},{"id":3,"name":"Старший экструзионщик","code":"SeniorExtruder","description":"Замещение администратора","rank":3},{"id":4,"name":"Старший кладовщик","code":"SeniorWarehouseman","description":"Склады и цеха","rank":3},{"id":5,"name":"Кладовщик готовой продукции","code":"FinishedGoodsWarehouseman","description":"Склад готовой продукции","rank":3},{"id":6,"name":"Экструзионщик","code":"Extruder","description":"Производство","rank":4},{"id":7,"name":"Кладовщик","code":"Warehouseman","description":"Склад","rank":4},{"id":8,"name":"Покрасочник","code":"Painter","description":"Цех покраски","rank":4},{"id":9,"name":"Старшая упаковщица","code":"SeniorPacker","description":"Упаковка","rank":4},{"id":10,"name":"ТПА","code":"TPA","description":"ТПА","rank":4},{"id":11,"name":"Утиль","code":"Utilization","description":"Цех утилизации","rank":4}]
=======================================================

=======================================================
Timestamp: 2026-01-24T14:58:14.9165082Z
Method: GET
URL: /api/Roles
Status: 200
Duration: 6 ms
UserId: 
Client IP: ::1
User-Agent: 
Controller: Roles, Action: GetAll
Response Body: [{"id":1,"name":"Владелец","code":"Owner","description":"Полный доступ","rank":1},{"id":2,"name":"Администратор","code":"Admin","description":"Руководитель предприятия","rank":2},{"id":3,"name":"Старший экструзионщик","code":"SeniorExtruder","description":"Замещение администратора","rank":3},{"id":4,"name":"Старший кладовщик","code":"SeniorWarehouseman","description":"Склады и цеха","rank":3},{"id":5,"name":"Кладовщик готовой продукции","code":"FinishedGoodsWarehouseman","description":"Склад готовой продукции","rank":3},{"id":6,"name":"Экструзионщик","code":"Extruder","description":"Производство","rank":4},{"id":7,"name":"Кладовщик","code":"Warehouseman","description":"Склад","rank":4},{"id":8,"name":"Покрасочник","code":"Painter","description":"Цех покраски","rank":4},{"id":9,"name":"Старшая упаковщица","code":"SeniorPacker","description":"Упаковка","rank":4},{"id":10,"name":"ТПА","code":"TPA","description":"ТПА","rank":4},{"id":11,"name":"Утиль","code":"Utilization","description":"Цех утилизации","rank":4}]
=======================================================

=======================================================
Timestamp: 2026-01-24T14:58:19.0698099Z
Method: GET
URL: /api/permissions
Status: 200
Duration: 29 ms
UserId: 
Client IP: ::1
User-Agent: 
Controller: Permissions, Action: GetAll
Response Body: [{"id":1,"code":"AddUsersAll","name":"Добавление пользователей всех рангов","description":"Создание пользователей любых рангов"},{"id":2,"code":"AddUsersLower","name":"Добавление пользователей ниже рангом","description":"Создание пользователей ниже рангом"},{"id":3,"code":"ReceiveGoods","name":"Приемка","description":"Приемка сырья/станков/товаров"},{"id":4,"code":"AssignBarcode","name":"Назначение штрихкода","description":"Назначение штрихкодов позициям"},{"id":5,"code":"SendToScrap","name":"Отправка на Утиль","description":"Отправка на утилизацию"},{"id":6,"code":"SendToSDH","name":"Отправка на СДХ","description":"Отправка на СДХ"},{"id":7,"code":"SendToSale","name":"Отправка на реализацию","description":"Отправка на реализацию"},{"id":8,"code":"WriteOff","name":"Списание","description":"Списание/выброс"},{"id":9,"code":"TransferMainToWorkshops","name":"Перенос ТМЦ из Основного склада в цеха","description":"Перенос со склада в цеха"},{"id":10,"code":"TransferWorkshopsToMain","name":"Перенос ТМЦ из Цеха на Основной склад","description":"Перенос из цеха на склад"},{"id":11,"code":"ShiftTransfer","name":"Передача смены","description":"Передача смены"},{"id":12,"code":"ManageRecipes","name":"Создание и добавление рецептур, едениц храннения.","description":"Управление рецептурами"},{"id":13,"code":"Inventory","name":"Инвентаризация","description":"Инвентаризация"},{"id":14,"code":"ManageUsers","name":"Управление пользователями","description":"Добавление/редактирование/удаление пользователей"}]
=======================================================

=======================================================
Timestamp: 2026-01-24T14:58:19.0886447Z
Method: GET
URL: /api/roles/5/permissions
Status: 200
Duration: 73 ms
UserId: 
Client IP: ::1
User-Agent: 
Controller: Roles, Action: GetPermissions
Response Body: []
=======================================================

=======================================================
Timestamp: 2026-01-24T15:01:28.2236372Z
Method: GET
URL: /api/permissions
Status: 200
Duration: 13 ms
UserId: 
Client IP: ::1
User-Agent: 
Controller: Permissions, Action: GetAll
Response Body: [{"id":1,"code":"AddUsersAll","name":"Добавление пользователей всех рангов","description":"Создание пользователей любых рангов"},{"id":2,"code":"AddUsersLower","name":"Добавление пользователей ниже рангом","description":"Создание пользователей ниже рангом"},{"id":3,"code":"ReceiveGoods","name":"Приемка","description":"Приемка сырья/станков/товаров"},{"id":4,"code":"AssignBarcode","name":"Назначение штрихкода","description":"Назначение штрихкодов позициям"},{"id":5,"code":"SendToScrap","name":"Отправка на Утиль","description":"Отправка на утилизацию"},{"id":6,"code":"SendToSDH","name":"Отправка на СДХ","description":"Отправка на СДХ"},{"id":7,"code":"SendToSale","name":"Отправка на реализацию","description":"Отправка на реализацию"},{"id":8,"code":"WriteOff","name":"Списание","description":"Списание/выброс"},{"id":9,"code":"TransferMainToWorkshops","name":"Перенос ТМЦ из Основного склада в цеха","description":"Перенос со склада в цеха"},{"id":10,"code":"TransferWorkshopsToMain","name":"Перенос ТМЦ из Цеха на Основной склад","description":"Перенос из цеха на склад"},{"id":11,"code":"ShiftTransfer","name":"Передача смены","description":"Передача смены"},{"id":12,"code":"ManageRecipes","name":"Создание и добавление рецептур, едениц храннения.","description":"Управление рецептурами"},{"id":13,"code":"Inventory","name":"Инвентаризация","description":"Инвентаризация"},{"id":14,"code":"ManageUsers","name":"Управление пользователями","description":"Добавление/редактирование/удаление пользователей"}]
=======================================================

=======================================================
Timestamp: 2026-01-24T15:01:28.2602148Z
Method: GET
URL: /api/roles/1/permissions
Status: 200
Duration: 31 ms
UserId: 
Client IP: ::1
User-Agent: 
Controller: Roles, Action: GetPermissions
Response Body: [{"id":1,"code":"AddUsersAll","name":"Добавление пользователей всех рангов","description":"Создание пользователей любых рангов"},{"id":2,"code":"AddUsersLower","name":"Добавление пользователей ниже рангом","description":"Создание пользователей ниже рангом"},{"id":3,"code":"ReceiveGoods","name":"Приемка","description":"Приемка сырья/станков/товаров"},{"id":4,"code":"AssignBarcode","name":"Назначение штрихкода","description":"Назначение штрихкодов позициям"},{"id":5,"code":"SendToScrap","name":"Отправка на Утиль","description":"Отправка на утилизацию"},{"id":6,"code":"SendToSDH","name":"Отправка на СДХ","description":"Отправка на СДХ"},{"id":7,"code":"SendToSale","name":"Отправка на реализацию","description":"Отправка на реализацию"},{"id":8,"code":"WriteOff","name":"Списание","description":"Списание/выброс"},{"id":9,"code":"TransferMainToWorkshops","name":"Перенос ТМЦ из Основного склада в цеха","description":"Перенос со склада в цеха"},{"id":10,"code":"TransferWorkshopsToMain","name":"Перенос ТМЦ из Цеха на Основной склад","description":"Перенос из цеха на склад"},{"id":11,"code":"ShiftTransfer","name":"Передача смены","description":"Передача смены"},{"id":12,"code":"ManageRecipes","name":"Создание и добавление рецептур, едениц храннения.","description":"Управление рецептурами"},{"id":13,"code":"Inventory","name":"Инвентаризация","description":"Инвентаризация"},{"id":14,"code":"ManageUsers","name":"Управление пользователями","description":"Добавление/редактирование/удаление пользователей"}]
=======================================================

=======================================================
Timestamp: 2026-01-24T15:01:32.4762135Z
Method: GET
URL: /api/roles/2/permissions
Status: 200
Duration: 17 ms
UserId: 
Client IP: ::1
User-Agent: 
Controller: Roles, Action: GetPermissions
Response Body: [{"id":1,"code":"AddUsersAll","name":"Добавление пользователей всех рангов","description":"Создание пользователей любых рангов"},{"id":2,"code":"AddUsersLower","name":"Добавление пользователей ниже рангом","description":"Создание пользователей ниже рангом"},{"id":3,"code":"ReceiveGoods","name":"Приемка","description":"Приемка сырья/станков/товаров"},{"id":4,"code":"AssignBarcode","name":"Назначение штрихкода","description":"Назначение штрихкодов позициям"},{"id":6,"code":"SendToSDH","name":"Отправка на СДХ","description":"Отправка на СДХ"},{"id":7,"code":"SendToSale","name":"Отправка на реализацию","description":"Отправка на реализацию"},{"id":9,"code":"TransferMainToWorkshops","name":"Перенос ТМЦ из Основного склада в цеха","description":"Перенос со склада в цеха"},{"id":10,"code":"TransferWorkshopsToMain","name":"Перенос ТМЦ из Цеха на Основной склад","description":"Перенос из цеха на склад"},{"id":11,"code":"ShiftTransfer","name":"Передача смены","description":"Передача смены"},{"id":13,"code":"Inventory","name":"Инвентаризация","description":"Инвентаризация"},{"id":14,"code":"ManageUsers","name":"Управление пользователями","description":"Добавление/редактирование/удаление пользователей"}]
=======================================================

=======================================================
Timestamp: 2026-01-24T15:01:32.5914979Z
Method: GET
URL: /api/permissions
Status: 200
Duration: 19 ms
UserId: 
Client IP: ::1
User-Agent: 
Controller: Permissions, Action: GetAll
Response Body: [{"id":1,"code":"AddUsersAll","name":"Добавление пользователей всех рангов","description":"Создание пользователей любых рангов"},{"id":2,"code":"AddUsersLower","name":"Добавление пользователей ниже рангом","description":"Создание пользователей ниже рангом"},{"id":3,"code":"ReceiveGoods","name":"Приемка","description":"Приемка сырья/станков/товаров"},{"id":4,"code":"AssignBarcode","name":"Назначение штрихкода","description":"Назначение штрихкодов позициям"},{"id":5,"code":"SendToScrap","name":"Отправка на Утиль","description":"Отправка на утилизацию"},{"id":6,"code":"SendToSDH","name":"Отправка на СДХ","description":"Отправка на СДХ"},{"id":7,"code":"SendToSale","name":"Отправка на реализацию","description":"Отправка на реализацию"},{"id":8,"code":"WriteOff","name":"Списание","description":"Списание/выброс"},{"id":9,"code":"TransferMainToWorkshops","name":"Перенос ТМЦ из Основного склада в цеха","description":"Перенос со склада в цеха"},{"id":10,"code":"TransferWorkshopsToMain","name":"Перенос ТМЦ из Цеха на Основной склад","description":"Перенос из цеха на склад"},{"id":11,"code":"ShiftTransfer","name":"Передача смены","description":"Передача смены"},{"id":12,"code":"ManageRecipes","name":"Создание и добавление рецептур, едениц храннения.","description":"Управление рецептурами"},{"id":13,"code":"Inventory","name":"Инвентаризация","description":"Инвентаризация"},{"id":14,"code":"ManageUsers","name":"Управление пользователями","description":"Добавление/редактирование/удаление пользователей"}]
=======================================================

=======================================================
Timestamp: 2026-01-24T15:01:43.0553722Z
Method: GET
URL: /api/roles/3/permissions
Status: 200
Duration: 16 ms
UserId: 
Client IP: ::1
User-Agent: 
Controller: Roles, Action: GetPermissions
Response Body: [{"id":3,"code":"ReceiveGoods","name":"Приемка","description":"Приемка сырья/станков/товаров"},{"id":6,"code":"SendToSDH","name":"Отправка на СДХ","description":"Отправка на СДХ"},{"id":7,"code":"SendToSale","name":"Отправка на реализацию","description":"Отправка на реализацию"},{"id":9,"code":"TransferMainToWorkshops","name":"Перенос ТМЦ из Основного склада в цеха","description":"Перенос со склада в цеха"},{"id":10,"code":"TransferWorkshopsToMain","name":"Перенос ТМЦ из Цеха на Основной склад","description":"Перенос из цеха на склад"},{"id":11,"code":"ShiftTransfer","name":"Передача смены","description":"Передача смены"},{"id":13,"code":"Inventory","name":"Инвентаризация","description":"Инвентаризация"}]
=======================================================

=======================================================
Timestamp: 2026-01-24T15:01:43.1546980Z
Method: GET
URL: /api/permissions
Status: 200
Duration: 34 ms
UserId: 
Client IP: ::1
User-Agent: 
Controller: Permissions, Action: GetAll
Response Body: [{"id":1,"code":"AddUsersAll","name":"Добавление пользователей всех рангов","description":"Создание пользователей любых рангов"},{"id":2,"code":"AddUsersLower","name":"Добавление пользователей ниже рангом","description":"Создание пользователей ниже рангом"},{"id":3,"code":"ReceiveGoods","name":"Приемка","description":"Приемка сырья/станков/товаров"},{"id":4,"code":"AssignBarcode","name":"Назначение штрихкода","description":"Назначение штрихкодов позициям"},{"id":5,"code":"SendToScrap","name":"Отправка на Утиль","description":"Отправка на утилизацию"},{"id":6,"code":"SendToSDH","name":"Отправка на СДХ","description":"Отправка на СДХ"},{"id":7,"code":"SendToSale","name":"Отправка на реализацию","description":"Отправка на реализацию"},{"id":8,"code":"WriteOff","name":"Списание","description":"Списание/выброс"},{"id":9,"code":"TransferMainToWorkshops","name":"Перенос ТМЦ из Основного склада в цеха","description":"Перенос со склада в цеха"},{"id":10,"code":"TransferWorkshopsToMain","name":"Перенос ТМЦ из Цеха на Основной склад","description":"Перенос из цеха на склад"},{"id":11,"code":"ShiftTransfer","name":"Передача смены","description":"Передача смены"},{"id":12,"code":"ManageRecipes","name":"Создание и добавление рецептур, едениц храннения.","description":"Управление рецептурами"},{"id":13,"code":"Inventory","name":"Инвентаризация","description":"Инвентаризация"},{"id":14,"code":"ManageUsers","name":"Управление пользователями","description":"Добавление/редактирование/удаление пользователей"}]
=======================================================

=======================================================
Timestamp: 2026-01-24T15:01:49.5247033Z
Method: GET
URL: /api/permissions
Status: 200
Duration: 14 ms
UserId: 
Client IP: ::1
User-Agent: 
Controller: Permissions, Action: GetAll
Response Body: [{"id":1,"code":"AddUsersAll","name":"Добавление пользователей всех рангов","description":"Создание пользователей любых рангов"},{"id":2,"code":"AddUsersLower","name":"Добавление пользователей ниже рангом","description":"Создание пользователей ниже рангом"},{"id":3,"code":"ReceiveGoods","name":"Приемка","description":"Приемка сырья/станков/товаров"},{"id":4,"code":"AssignBarcode","name":"Назначение штрихкода","description":"Назначение штрихкодов позициям"},{"id":5,"code":"SendToScrap","name":"Отправка на Утиль","description":"Отправка на утилизацию"},{"id":6,"code":"SendToSDH","name":"Отправка на СДХ","description":"Отправка на СДХ"},{"id":7,"code":"SendToSale","name":"Отправка на реализацию","description":"Отправка на реализацию"},{"id":8,"code":"WriteOff","name":"Списание","description":"Списание/выброс"},{"id":9,"code":"TransferMainToWorkshops","name":"Перенос ТМЦ из Основного склада в цеха","description":"Перенос со склада в цеха"},{"id":10,"code":"TransferWorkshopsToMain","name":"Перенос ТМЦ из Цеха на Основной склад","description":"Перенос из цеха на склад"},{"id":11,"code":"ShiftTransfer","name":"Передача смены","description":"Передача смены"},{"id":12,"code":"ManageRecipes","name":"Создание и добавление рецептур, едениц храннения.","description":"Управление рецептурами"},{"id":13,"code":"Inventory","name":"Инвентаризация","description":"Инвентаризация"},{"id":14,"code":"ManageUsers","name":"Управление пользователями","description":"Добавление/редактирование/удаление пользователей"}]
=======================================================

=======================================================
Timestamp: 2026-01-24T15:01:49.5258925Z
Method: GET
URL: /api/roles/5/permissions
Status: 200
Duration: 14 ms
UserId: 
Client IP: ::1
User-Agent: 
Controller: Roles, Action: GetPermissions
Response Body: []
=======================================================

=======================================================
Timestamp: 2026-01-24T15:02:00.0195410Z
Method: GET
URL: /api/roles/4/permissions
Status: 200
Duration: 106 ms
UserId: 
Client IP: ::1
User-Agent: 
Controller: Roles, Action: GetPermissions
Response Body: [{"id":3,"code":"ReceiveGoods","name":"Приемка","description":"Приемка сырья/станков/товаров"},{"id":4,"code":"AssignBarcode","name":"Назначение штрихкода","description":"Назначение штрихкодов позициям"},{"id":9,"code":"TransferMainToWorkshops","name":"Перенос ТМЦ из Основного склада в цеха","description":"Перенос со склада в цеха"},{"id":10,"code":"TransferWorkshopsToMain","name":"Перенос ТМЦ из Цеха на Основной склад","description":"Перенос из цеха на склад"},{"id":13,"code":"Inventory","name":"Инвентаризация","description":"Инвентаризация"}]
=======================================================

=======================================================
Timestamp: 2026-01-24T15:02:00.0220570Z
Method: GET
URL: /api/permissions
Status: 200
Duration: 106 ms
UserId: 
Client IP: ::1
User-Agent: 
Controller: Permissions, Action: GetAll
Response Body: [{"id":1,"code":"AddUsersAll","name":"Добавление пользователей всех рангов","description":"Создание пользователей любых рангов"},{"id":2,"code":"AddUsersLower","name":"Добавление пользователей ниже рангом","description":"Создание пользователей ниже рангом"},{"id":3,"code":"ReceiveGoods","name":"Приемка","description":"Приемка сырья/станков/товаров"},{"id":4,"code":"AssignBarcode","name":"Назначение штрихкода","description":"Назначение штрихкодов позициям"},{"id":5,"code":"SendToScrap","name":"Отправка на Утиль","description":"Отправка на утилизацию"},{"id":6,"code":"SendToSDH","name":"Отправка на СДХ","description":"Отправка на СДХ"},{"id":7,"code":"SendToSale","name":"Отправка на реализацию","description":"Отправка на реализацию"},{"id":8,"code":"WriteOff","name":"Списание","description":"Списание/выброс"},{"id":9,"code":"TransferMainToWorkshops","name":"Перенос ТМЦ из Основного склада в цеха","description":"Перенос со склада в цеха"},{"id":10,"code":"TransferWorkshopsToMain","name":"Перенос ТМЦ из Цеха на Основной склад","description":"Перенос из цеха на склад"},{"id":11,"code":"ShiftTransfer","name":"Передача смены","description":"Передача смены"},{"id":12,"code":"ManageRecipes","name":"Создание и добавление рецептур, едениц храннения.","description":"Управление рецептурами"},{"id":13,"code":"Inventory","name":"Инвентаризация","description":"Инвентаризация"},{"id":14,"code":"ManageUsers","name":"Управление пользователями","description":"Добавление/редактирование/удаление пользователей"}]
=======================================================

=======================================================
Timestamp: 2026-01-24T15:02:03.6354102Z
Method: GET
URL: /api/roles/6/permissions
Status: 200
Duration: 15 ms
UserId: 
Client IP: ::1
User-Agent: 
Controller: Roles, Action: GetPermissions
Response Body: []
=======================================================

=======================================================
Timestamp: 2026-01-24T15:02:03.7494537Z
Method: GET
URL: /api/permissions
Status: 200
Duration: 28 ms
UserId: 
Client IP: ::1
User-Agent: 
Controller: Permissions, Action: GetAll
Response Body: [{"id":1,"code":"AddUsersAll","name":"Добавление пользователей всех рангов","description":"Создание пользователей любых рангов"},{"id":2,"code":"AddUsersLower","name":"Добавление пользователей ниже рангом","description":"Создание пользователей ниже рангом"},{"id":3,"code":"ReceiveGoods","name":"Приемка","description":"Приемка сырья/станков/товаров"},{"id":4,"code":"AssignBarcode","name":"Назначение штрихкода","description":"Назначение штрихкодов позициям"},{"id":5,"code":"SendToScrap","name":"Отправка на Утиль","description":"Отправка на утилизацию"},{"id":6,"code":"SendToSDH","name":"Отправка на СДХ","description":"Отправка на СДХ"},{"id":7,"code":"SendToSale","name":"Отправка на реализацию","description":"Отправка на реализацию"},{"id":8,"code":"WriteOff","name":"Списание","description":"Списание/выброс"},{"id":9,"code":"TransferMainToWorkshops","name":"Перенос ТМЦ из Основного склада в цеха","description":"Перенос со склада в цеха"},{"id":10,"code":"TransferWorkshopsToMain","name":"Перенос ТМЦ из Цеха на Основной склад","description":"Перенос из цеха на склад"},{"id":11,"code":"ShiftTransfer","name":"Передача смены","description":"Передача смены"},{"id":12,"code":"ManageRecipes","name":"Создание и добавление рецептур, едениц храннения.","description":"Управление рецептурами"},{"id":13,"code":"Inventory","name":"Инвентаризация","description":"Инвентаризация"},{"id":14,"code":"ManageUsers","name":"Управление пользователями","description":"Добавление/редактирование/удаление пользователей"}]
=======================================================

=======================================================
Timestamp: 2026-01-24T15:02:18.8820594Z
Method: GET
URL: /api/permissions
Status: 200
Duration: 36 ms
UserId: 
Client IP: ::1
User-Agent: 
Controller: Permissions, Action: GetAll
Response Body: [{"id":1,"code":"AddUsersAll","name":"Добавление пользователей всех рангов","description":"Создание пользователей любых рангов"},{"id":2,"code":"AddUsersLower","name":"Добавление пользователей ниже рангом","description":"Создание пользователей ниже рангом"},{"id":3,"code":"ReceiveGoods","name":"Приемка","description":"Приемка сырья/станков/товаров"},{"id":4,"code":"AssignBarcode","name":"Назначение штрихкода","description":"Назначение штрихкодов позициям"},{"id":5,"code":"SendToScrap","name":"Отправка на Утиль","description":"Отправка на утилизацию"},{"id":6,"code":"SendToSDH","name":"Отправка на СДХ","description":"Отправка на СДХ"},{"id":7,"code":"SendToSale","name":"Отправка на реализацию","description":"Отправка на реализацию"},{"id":8,"code":"WriteOff","name":"Списание","description":"Списание/выброс"},{"id":9,"code":"TransferMainToWorkshops","name":"Перенос ТМЦ из Основного склада в цеха","description":"Перенос со склада в цеха"},{"id":10,"code":"TransferWorkshopsToMain","name":"Перенос ТМЦ из Цеха на Основной склад","description":"Перенос из цеха на склад"},{"id":11,"code":"ShiftTransfer","name":"Передача смены","description":"Передача смены"},{"id":12,"code":"ManageRecipes","name":"Создание и добавление рецептур, едениц храннения.","description":"Управление рецептурами"},{"id":13,"code":"Inventory","name":"Инвентаризация","description":"Инвентаризация"},{"id":14,"code":"ManageUsers","name":"Управление пользователями","description":"Добавление/редактирование/удаление пользователей"}]
=======================================================

=======================================================
Timestamp: 2026-01-24T15:02:22.1186935Z
Method: GET
URL: /api/permissions
Status: 200
Duration: 13 ms
UserId: 
Client IP: ::1
User-Agent: 
Controller: Permissions, Action: GetAll
Response Body: [{"id":1,"code":"AddUsersAll","name":"Добавление пользователей всех рангов","description":"Создание пользователей любых рангов"},{"id":2,"code":"AddUsersLower","name":"Добавление пользователей ниже рангом","description":"Создание пользователей ниже рангом"},{"id":3,"code":"ReceiveGoods","name":"Приемка","description":"Приемка сырья/станков/товаров"},{"id":4,"code":"AssignBarcode","name":"Назначение штрихкода","description":"Назначение штрихкодов позициям"},{"id":5,"code":"SendToScrap","name":"Отправка на Утиль","description":"Отправка на утилизацию"},{"id":6,"code":"SendToSDH","name":"Отправка на СДХ","description":"Отправка на СДХ"},{"id":7,"code":"SendToSale","name":"Отправка на реализацию","description":"Отправка на реализацию"},{"id":8,"code":"WriteOff","name":"Списание","description":"Списание/выброс"},{"id":9,"code":"TransferMainToWorkshops","name":"Перенос ТМЦ из Основного склада в цеха","description":"Перенос со склада в цеха"},{"id":10,"code":"TransferWorkshopsToMain","name":"Перенос ТМЦ из Цеха на Основной склад","description":"Перенос из цеха на склад"},{"id":11,"code":"ShiftTransfer","name":"Передача смены","description":"Передача смены"},{"id":12,"code":"ManageRecipes","name":"Создание и добавление рецептур, едениц храннения.","description":"Управление рецептурами"},{"id":13,"code":"Inventory","name":"Инвентаризация","description":"Инвентаризация"},{"id":14,"code":"ManageUsers","name":"Управление пользователями","description":"Добавление/редактирование/удаление пользователей"}]
=======================================================

=======================================================
Timestamp: 2026-01-24T15:02:25.5169133Z
Method: GET
URL: /api/permissions
Status: 200
Duration: 11 ms
UserId: 
Client IP: ::1
User-Agent: 
Controller: Permissions, Action: GetAll
Response Body: [{"id":1,"code":"AddUsersAll","name":"Добавление пользователей всех рангов","description":"Создание пользователей любых рангов"},{"id":2,"code":"AddUsersLower","name":"Добавление пользователей ниже рангом","description":"Создание пользователей ниже рангом"},{"id":3,"code":"ReceiveGoods","name":"Приемка","description":"Приемка сырья/станков/товаров"},{"id":4,"code":"AssignBarcode","name":"Назначение штрихкода","description":"Назначение штрихкодов позициям"},{"id":5,"code":"SendToScrap","name":"Отправка на Утиль","description":"Отправка на утилизацию"},{"id":6,"code":"SendToSDH","name":"Отправка на СДХ","description":"Отправка на СДХ"},{"id":7,"code":"SendToSale","name":"Отправка на реализацию","description":"Отправка на реализацию"},{"id":8,"code":"WriteOff","name":"Списание","description":"Списание/выброс"},{"id":9,"code":"TransferMainToWorkshops","name":"Перенос ТМЦ из Основного склада в цеха","description":"Перенос со склада в цеха"},{"id":10,"code":"TransferWorkshopsToMain","name":"Перенос ТМЦ из Цеха на Основной склад","description":"Перенос из цеха на склад"},{"id":11,"code":"ShiftTransfer","name":"Передача смены","description":"Передача смены"},{"id":12,"code":"ManageRecipes","name":"Создание и добавление рецептур, едениц храннения.","description":"Управление рецептурами"},{"id":13,"code":"Inventory","name":"Инвентаризация","description":"Инвентаризация"},{"id":14,"code":"ManageUsers","name":"Управление пользователями","description":"Добавление/редактирование/удаление пользователей"}]
=======================================================

=======================================================
Timestamp: 2026-01-24T15:02:25.5314151Z
Method: GET
URL: /api/roles/9/permissions
Status: 200
Duration: 28 ms
UserId: 
Client IP: ::1
User-Agent: 
Controller: Roles, Action: GetPermissions
Response Body: []
=======================================================

=======================================================
Timestamp: 2026-01-24T15:02:53.5982761Z
Method: GET
URL: /api/permissions
Status: 200
Duration: 50 ms
UserId: 
Client IP: ::1
User-Agent: 
Controller: Permissions, Action: GetAll
Response Body: [{"id":1,"code":"AddUsersAll","name":"Добавление пользователей всех рангов","description":"Создание пользователей любых рангов"},{"id":2,"code":"AddUsersLower","name":"Добавление пользователей ниже рангом","description":"Создание пользователей ниже рангом"},{"id":3,"code":"ReceiveGoods","name":"Приемка","description":"Приемка сырья/станков/товаров"},{"id":4,"code":"AssignBarcode","name":"Назначение штрихкода","description":"Назначение штрихкодов позициям"},{"id":5,"code":"SendToScrap","name":"Отправка на Утиль","description":"Отправка на утилизацию"},{"id":6,"code":"SendToSDH","name":"Отправка на СДХ","description":"Отправка на СДХ"},{"id":7,"code":"SendToSale","name":"Отправка на реализацию","description":"Отправка на реализацию"},{"id":8,"code":"WriteOff","name":"Списание","description":"Списание/выброс"},{"id":9,"code":"TransferMainToWorkshops","name":"Перенос ТМЦ из Основного склада в цеха","description":"Перенос со склада в цеха"},{"id":10,"code":"TransferWorkshopsToMain","name":"Перенос ТМЦ из Цеха на Основной склад","description":"Перенос из цеха на склад"},{"id":11,"code":"ShiftTransfer","name":"Передача смены","description":"Передача смены"},{"id":12,"code":"ManageRecipes","name":"Создание и добавление рецептур, едениц храннения.","description":"Управление рецептурами"},{"id":13,"code":"Inventory","name":"Инвентаризация","description":"Инвентаризация"},{"id":14,"code":"ManageUsers","name":"Управление пользователями","description":"Добавление/редактирование/удаление пользователей"}]
=======================================================

=======================================================
Timestamp: 2026-01-24T15:02:53.6056139Z
Method: GET
URL: /api/roles/10/permissions
Status: 200
Duration: 33 ms
UserId: 
Client IP: ::1
User-Agent: 
Controller: Roles, Action: GetPermissions
Response Body: []
=======================================================

=======================================================
Timestamp: 2026-01-24T15:02:57.2162042Z
Method: GET
URL: /api/permissions
Status: 200
Duration: 64 ms
UserId: 
Client IP: ::1
User-Agent: 
Controller: Permissions, Action: GetAll
Response Body: [{"id":1,"code":"AddUsersAll","name":"Добавление пользователей всех рангов","description":"Создание пользователей любых рангов"},{"id":2,"code":"AddUsersLower","name":"Добавление пользователей ниже рангом","description":"Создание пользователей ниже рангом"},{"id":3,"code":"ReceiveGoods","name":"Приемка","description":"Приемка сырья/станков/товаров"},{"id":4,"code":"AssignBarcode","name":"Назначение штрихкода","description":"Назначение штрихкодов позициям"},{"id":5,"code":"SendToScrap","name":"Отправка на Утиль","description":"Отправка на утилизацию"},{"id":6,"code":"SendToSDH","name":"Отправка на СДХ","description":"Отправка на СДХ"},{"id":7,"code":"SendToSale","name":"Отправка на реализацию","description":"Отправка на реализацию"},{"id":8,"code":"WriteOff","name":"Списание","description":"Списание/выброс"},{"id":9,"code":"TransferMainToWorkshops","name":"Перенос ТМЦ из Основного склада в цеха","description":"Перенос со склада в цеха"},{"id":10,"code":"TransferWorkshopsToMain","name":"Перенос ТМЦ из Цеха на Основной склад","description":"Перенос из цеха на склад"},{"id":11,"code":"ShiftTransfer","name":"Передача смены","description":"Передача смены"},{"id":12,"code":"ManageRecipes","name":"Создание и добавление рецептур, едениц храннения.","description":"Управление рецептурами"},{"id":13,"code":"Inventory","name":"Инвентаризация","description":"Инвентаризация"},{"id":14,"code":"ManageUsers","name":"Управление пользователями","description":"Добавление/редактирование/удаление пользователей"}]
=======================================================

=======================================================
Timestamp: 2026-01-24T15:02:57.3251816Z
Method: GET
URL: /api/roles/11/permissions
Status: 200
Duration: 54 ms
UserId: 
Client IP: ::1
User-Agent: 
Controller: Roles, Action: GetPermissions
Response Body: [{"id":5,"code":"SendToScrap","name":"Отправка на Утиль","description":"Отправка на утилизацию"},{"id":8,"code":"WriteOff","name":"Списание","description":"Списание/выброс"}]
=======================================================

=======================================================
Timestamp: 2026-01-24T15:03:04.3064544Z
Method: GET
URL: /api/permissions
Status: 200
Duration: 10 ms
UserId: 
Client IP: ::1
User-Agent: 
Controller: Permissions, Action: GetAll
Response Body: [{"id":1,"code":"AddUsersAll","name":"Добавление пользователей всех рангов","description":"Создание пользователей любых рангов"},{"id":2,"code":"AddUsersLower","name":"Добавление пользователей ниже рангом","description":"Создание пользователей ниже рангом"},{"id":3,"code":"ReceiveGoods","name":"Приемка","description":"Приемка сырья/станков/товаров"},{"id":4,"code":"AssignBarcode","name":"Назначение штрихкода","description":"Назначение штрихкодов позициям"},{"id":5,"code":"SendToScrap","name":"Отправка на Утиль","description":"Отправка на утилизацию"},{"id":6,"code":"SendToSDH","name":"Отправка на СДХ","description":"Отправка на СДХ"},{"id":7,"code":"SendToSale","name":"Отправка на реализацию","description":"Отправка на реализацию"},{"id":8,"code":"WriteOff","name":"Списание","description":"Списание/выброс"},{"id":9,"code":"TransferMainToWorkshops","name":"Перенос ТМЦ из Основного склада в цеха","description":"Перенос со склада в цеха"},{"id":10,"code":"TransferWorkshopsToMain","name":"Перенос ТМЦ из Цеха на Основной склад","description":"Перенос из цеха на склад"},{"id":11,"code":"ShiftTransfer","name":"Передача смены","description":"Передача смены"},{"id":12,"code":"ManageRecipes","name":"Создание и добавление рецептур, едениц храннения.","description":"Управление рецептурами"},{"id":13,"code":"Inventory","name":"Инвентаризация","description":"Инвентаризация"},{"id":14,"code":"ManageUsers","name":"Управление пользователями","description":"Добавление/редактирование/удаление пользователей"}]
=======================================================

=======================================================
Timestamp: 2026-01-24T15:03:04.3095666Z
Method: GET
URL: /api/roles/1/permissions
Status: 200
Duration: 10 ms
UserId: 
Client IP: ::1
User-Agent: 
Controller: Roles, Action: GetPermissions
Response Body: [{"id":1,"code":"AddUsersAll","name":"Добавление пользователей всех рангов","description":"Создание пользователей любых рангов"},{"id":2,"code":"AddUsersLower","name":"Добавление пользователей ниже рангом","description":"Создание пользователей ниже рангом"},{"id":3,"code":"ReceiveGoods","name":"Приемка","description":"Приемка сырья/станков/товаров"},{"id":4,"code":"AssignBarcode","name":"Назначение штрихкода","description":"Назначение штрихкодов позициям"},{"id":5,"code":"SendToScrap","name":"Отправка на Утиль","description":"Отправка на утилизацию"},{"id":6,"code":"SendToSDH","name":"Отправка на СДХ","description":"Отправка на СДХ"},{"id":7,"code":"SendToSale","name":"Отправка на реализацию","description":"Отправка на реализацию"},{"id":8,"code":"WriteOff","name":"Списание","description":"Списание/выброс"},{"id":9,"code":"TransferMainToWorkshops","name":"Перенос ТМЦ из Основного склада в цеха","description":"Перенос со склада в цеха"},{"id":10,"code":"TransferWorkshopsToMain","name":"Перенос ТМЦ из Цеха на Основной склад","description":"Перенос из цеха на склад"},{"id":11,"code":"ShiftTransfer","name":"Передача смены","description":"Передача смены"},{"id":12,"code":"ManageRecipes","name":"Создание и добавление рецептур, едениц храннения.","description":"Управление рецептурами"},{"id":13,"code":"Inventory","name":"Инвентаризация","description":"Инвентаризация"},{"id":14,"code":"ManageUsers","name":"Управление пользователями","description":"Добавление/редактирование/удаление пользователей"}]
=======================================================

=======================================================
Timestamp: 2026-01-24T15:04:07.6435050Z
Method: GET
URL: /api/database/check
Status: 200
Duration: 509 ms
UserId: 
Client IP: ::1
User-Agent: 
Controller: Database, Action: CheckDatabase
Response Body: {"success":true,"message":"Подключение к базе данных успешно","usersCount":3,"users":[{"id":1,"login":"admin","email":"admin@example.com","name":"Админ Системный","isPasswordEncrypted":false,"passwordLength":5},{"id":2,"login":"eva","email":"eva@dura.com","name":"Eva EvaEva","isPasswordEncrypted":false,"passwordLength":60},{"id":3,"login":"Adam","email":"first@people.world","name":"Адам Первый","isPasswordEncrypted":false,"passwordLength":60}]}
=======================================================

=======================================================
Timestamp: 2026-01-24T15:04:15.8643864Z
Method: GET
URL: /api/users
Status: 200
Duration: 57 ms
UserId: 
Client IP: ::1
User-Agent: 
Controller: Users, Action: GetAll
Response Body: [{"id":1,"login":"admin","encryptedPassword":"admin","name":"Админ","surname":"Системный","email":"admin@example.com","phone":"+71234567890","createdAt":"2026-01-24T01:00:36.671391Z","roleId":1,"role":{"id":1,"name":"Владелец","code":"Owner","description":"Полный доступ","rank":1},"alarmEvents":[],"sentPartRequests":[],"receivedPartRequests":[],"sentShiftTransfers":[],"receivedShiftTransfers":[]},{"id":2,"login":"eva","encryptedPassword":"$2a$12$Y0uuNdgaJp09PIOQ9JIhPuJV4BppFS8G0Z9ifm.GeDCWuf/xdumAe","name":"Eva","surname":"EvaEva","email":"eva@dura.com","phone":"57","createdAt":"2026-01-24T01:03:29.60815Z","roleId":3,"role":{"id":3,"name":"Старший экструзионщик","code":"SeniorExtruder","description":"Замещение администратора","rank":3},"alarmEvents":[],"sentPartRequests":[],"receivedPartRequests":[],"sentShiftTransfers":[],"receivedShiftTransfers":[]},{"id":3,"login":"Adam","encryptedPassword":"$2a$12$iTkjevTNbrNYDPIRz.MUGuFN7TstoAQihCnmon3z9bQOiC.iBXRzq","name":"Адам","surname":"Первый","email":"first@people.world","phone":"555","createdAt":"2026-01-24T01:04:04.400925Z","roleId":4,"role":{"id":4,"name":"Старший кладовщик","code":"SeniorWarehouseman","description":"Склады и цеха","rank":3},"alarmEvents":[],"sentPartRequests":[],"receivedPartRequests":[],"sentShiftTransfers":[],"receivedShiftTransfers":[]}]
=======================================================

=======================================================
Timestamp: 2026-01-24T15:04:16.1268620Z
Method: GET
URL: /api/users
Status: 200
Duration: 6 ms
UserId: 
Client IP: ::1
User-Agent: 
Controller: Users, Action: GetAll
Response Body: [{"id":1,"login":"admin","encryptedPassword":"admin","name":"Админ","surname":"Системный","email":"admin@example.com","phone":"+71234567890","createdAt":"2026-01-24T01:00:36.671391Z","roleId":1,"role":{"id":1,"name":"Владелец","code":"Owner","description":"Полный доступ","rank":1},"alarmEvents":[],"sentPartRequests":[],"receivedPartRequests":[],"sentShiftTransfers":[],"receivedShiftTransfers":[]},{"id":2,"login":"eva","encryptedPassword":"$2a$12$Y0uuNdgaJp09PIOQ9JIhPuJV4BppFS8G0Z9ifm.GeDCWuf/xdumAe","name":"Eva","surname":"EvaEva","email":"eva@dura.com","phone":"57","createdAt":"2026-01-24T01:03:29.60815Z","roleId":3,"role":{"id":3,"name":"Старший экструзионщик","code":"SeniorExtruder","description":"Замещение администратора","rank":3},"alarmEvents":[],"sentPartRequests":[],"receivedPartRequests":[],"sentShiftTransfers":[],"receivedShiftTransfers":[]},{"id":3,"login":"Adam","encryptedPassword":"$2a$12$iTkjevTNbrNYDPIRz.MUGuFN7TstoAQihCnmon3z9bQOiC.iBXRzq","name":"Адам","surname":"Первый","email":"first@people.world","phone":"555","createdAt":"2026-01-24T01:04:04.400925Z","roleId":4,"role":{"id":4,"name":"Старший кладовщик","code":"SeniorWarehouseman","description":"Склады и цеха","rank":3},"alarmEvents":[],"sentPartRequests":[],"receivedPartRequests":[],"sentShiftTransfers":[],"receivedShiftTransfers":[]}]
=======================================================

=======================================================
Timestamp: 2026-01-24T15:06:09.8197610Z
Method: GET
URL: /api/Roles
Status: 200
Duration: 20 ms
UserId: 
Client IP: ::1
User-Agent: 
Controller: Roles, Action: GetAll
Response Body: [{"id":1,"name":"Владелец","code":"Owner","description":"Полный доступ","rank":1},{"id":2,"name":"Администратор","code":"Admin","description":"Руководитель предприятия","rank":2},{"id":3,"name":"Старший экструзионщик","code":"SeniorExtruder","description":"Замещение администратора","rank":3},{"id":4,"name":"Старший кладовщик","code":"SeniorWarehouseman","description":"Склады и цеха","rank":3},{"id":5,"name":"Кладовщик готовой продукции","code":"FinishedGoodsWarehouseman","description":"Склад готовой продукции","rank":3},{"id":6,"name":"Экструзионщик","code":"Extruder","description":"Производство","rank":4},{"id":7,"name":"Кладовщик","code":"Warehouseman","description":"Склад","rank":4},{"id":8,"name":"Покрасочник","code":"Painter","description":"Цех покраски","rank":4},{"id":9,"name":"Старшая упаковщица","code":"SeniorPacker","description":"Упаковка","rank":4},{"id":10,"name":"ТПА","code":"TPA","description":"ТПА","rank":4},{"id":11,"name":"Утиль","code":"Utilization","description":"Цех утилизации","rank":4}]
=======================================================

=======================================================
Timestamp: 2026-01-24T15:06:12.6456265Z
Method: GET
URL: /api/permissions
Status: 200
Duration: 27 ms
UserId: 
Client IP: ::1
User-Agent: 
Controller: Permissions, Action: GetAll
Response Body: [{"id":1,"code":"AddUsersAll","name":"Добавление пользователей всех рангов","description":"Создание пользователей любых рангов"},{"id":2,"code":"AddUsersLower","name":"Добавление пользователей ниже рангом","description":"Создание пользователей ниже рангом"},{"id":3,"code":"ReceiveGoods","name":"Приемка","description":"Приемка сырья/станков/товаров"},{"id":4,"code":"AssignBarcode","name":"Назначение штрихкода","description":"Назначение штрихкодов позициям"},{"id":5,"code":"SendToScrap","name":"Отправка на Утиль","description":"Отправка на утилизацию"},{"id":6,"code":"SendToSDH","name":"Отправка на СДХ","description":"Отправка на СДХ"},{"id":7,"code":"SendToSale","name":"Отправка на реализацию","description":"Отправка на реализацию"},{"id":8,"code":"WriteOff","name":"Списание","description":"Списание/выброс"},{"id":9,"code":"TransferMainToWorkshops","name":"Перенос ТМЦ из Основного склада в цеха","description":"Перенос со склада в цеха"},{"id":10,"code":"TransferWorkshopsToMain","name":"Перенос ТМЦ из Цеха на Основной склад","description":"Перенос из цеха на склад"},{"id":11,"code":"ShiftTransfer","name":"Передача смены","description":"Передача смены"},{"id":12,"code":"ManageRecipes","name":"Создание и добавление рецептур, едениц храннения.","description":"Управление рецептурами"},{"id":13,"code":"Inventory","name":"Инвентаризация","description":"Инвентаризация"},{"id":14,"code":"ManageUsers","name":"Управление пользователями","description":"Добавление/редактирование/удаление пользователей"}]
=======================================================

=======================================================
Timestamp: 2026-01-24T15:06:12.6485767Z
Method: GET
URL: /api/roles/8/permissions
Status: 200
Duration: 7 ms
UserId: 
Client IP: ::1
User-Agent: 
Controller: Roles, Action: GetPermissions
Response Body: []
=======================================================

=======================================================
Timestamp: 2026-01-24T15:06:42.2551226Z
Method: PUT
URL: /api/roles/8/permissions
Status: 200
Duration: 530 ms
UserId: 
Client IP: ::1
User-Agent: 
Controller: Roles, Action: UpdateRolePermissions
Response Body: {"message":"Права роли обновлены","permissionCount":3}
=======================================================

=======================================================
Timestamp: 2026-01-24T15:06:48.5185676Z
Method: GET
URL: /api/Roles
Status: 200
Duration: 8 ms
UserId: 
Client IP: ::1
User-Agent: 
Controller: Roles, Action: GetAll
Response Body: [{"id":1,"name":"Владелец","code":"Owner","description":"Полный доступ","rank":1},{"id":2,"name":"Администратор","code":"Admin","description":"Руководитель предприятия","rank":2},{"id":3,"name":"Старший экструзионщик","code":"SeniorExtruder","description":"Замещение администратора","rank":3},{"id":4,"name":"Старший кладовщик","code":"SeniorWarehouseman","description":"Склады и цеха","rank":3},{"id":5,"name":"Кладовщик готовой продукции","code":"FinishedGoodsWarehouseman","description":"Склад готовой продукции","rank":3},{"id":6,"name":"Экструзионщик","code":"Extruder","description":"Производство","rank":4},{"id":7,"name":"Кладовщик","code":"Warehouseman","description":"Склад","rank":4},{"id":8,"name":"Покрасочник","code":"Painter","description":"Цех покраски","rank":4},{"id":9,"name":"Старшая упаковщица","code":"SeniorPacker","description":"Упаковка","rank":4},{"id":10,"name":"ТПА","code":"TPA","description":"ТПА","rank":4},{"id":11,"name":"Утиль","code":"Utilization","description":"Цех утилизации","rank":4}]
=======================================================

=======================================================
Timestamp: 2026-01-24T15:06:50.2864826Z
Method: GET
URL: /api/permissions
Status: 200
Duration: 14 ms
UserId: 
Client IP: ::1
User-Agent: 
Controller: Permissions, Action: GetAll
Response Body: [{"id":1,"code":"AddUsersAll","name":"Добавление пользователей всех рангов","description":"Создание пользователей любых рангов"},{"id":2,"code":"AddUsersLower","name":"Добавление пользователей ниже рангом","description":"Создание пользователей ниже рангом"},{"id":3,"code":"ReceiveGoods","name":"Приемка","description":"Приемка сырья/станков/товаров"},{"id":4,"code":"AssignBarcode","name":"Назначение штрихкода","description":"Назначение штрихкодов позициям"},{"id":5,"code":"SendToScrap","name":"Отправка на Утиль","description":"Отправка на утилизацию"},{"id":6,"code":"SendToSDH","name":"Отправка на СДХ","description":"Отправка на СДХ"},{"id":7,"code":"SendToSale","name":"Отправка на реализацию","description":"Отправка на реализацию"},{"id":8,"code":"WriteOff","name":"Списание","description":"Списание/выброс"},{"id":9,"code":"TransferMainToWorkshops","name":"Перенос ТМЦ из Основного склада в цеха","description":"Перенос со склада в цеха"},{"id":10,"code":"TransferWorkshopsToMain","name":"Перенос ТМЦ из Цеха на Основной склад","description":"Перенос из цеха на склад"},{"id":11,"code":"ShiftTransfer","name":"Передача смены","description":"Передача смены"},{"id":12,"code":"ManageRecipes","name":"Создание и добавление рецептур, едениц храннения.","description":"Управление рецептурами"},{"id":13,"code":"Inventory","name":"Инвентаризация","description":"Инвентаризация"},{"id":14,"code":"ManageUsers","name":"Управление пользователями","description":"Добавление/редактирование/удаление пользователей"}]
=======================================================

=======================================================
Timestamp: 2026-01-24T15:06:50.4402191Z
Method: GET
URL: /api/roles/8/permissions
Status: 200
Duration: 20 ms
UserId: 
Client IP: ::1
User-Agent: 
Controller: Roles, Action: GetPermissions
Response Body: [{"id":4,"code":"AssignBarcode","name":"Назначение штрихкода","description":"Назначение штрихкодов позициям"},{"id":5,"code":"SendToScrap","name":"Отправка на Утиль","description":"Отправка на утилизацию"},{"id":11,"code":"ShiftTransfer","name":"Передача смены","description":"Передача смены"}]
=======================================================

=======================================================
Timestamp: 2026-01-24T15:07:03.6608812Z
Method: GET
URL: /api/Roles
Status: 200
Duration: 116 ms
UserId: 
Client IP: ::1
User-Agent: 
Controller: Roles, Action: GetAll
Response Body: [{"id":1,"name":"Владелец","code":"Owner","description":"Полный доступ","rank":1},{"id":2,"name":"Администратор","code":"Admin","description":"Руководитель предприятия","rank":2},{"id":3,"name":"Старший экструзионщик","code":"SeniorExtruder","description":"Замещение администратора","rank":3},{"id":4,"name":"Старший кладовщик","code":"SeniorWarehouseman","description":"Склады и цеха","rank":3},{"id":5,"name":"Кладовщик готовой продукции","code":"FinishedGoodsWarehouseman","description":"Склад готовой продукции","rank":3},{"id":6,"name":"Экструзионщик","code":"Extruder","description":"Производство","rank":4},{"id":7,"name":"Кладовщик","code":"Warehouseman","description":"Склад","rank":4},{"id":8,"name":"Покрасочник","code":"Painter","description":"Цех покраски","rank":4},{"id":9,"name":"Старшая упаковщица","code":"SeniorPacker","description":"Упаковка","rank":4},{"id":10,"name":"ТПА","code":"TPA","description":"ТПА","rank":4},{"id":11,"name":"Утиль","code":"Utilization","description":"Цех утилизации","rank":4}]
=======================================================

=======================================================
Timestamp: 2026-01-24T15:07:05.6668305Z
Method: GET
URL: /api/permissions
Status: 200
Duration: 9 ms
UserId: 
Client IP: ::1
User-Agent: 
Controller: Permissions, Action: GetAll
Response Body: [{"id":1,"code":"AddUsersAll","name":"Добавление пользователей всех рангов","description":"Создание пользователей любых рангов"},{"id":2,"code":"AddUsersLower","name":"Добавление пользователей ниже рангом","description":"Создание пользователей ниже рангом"},{"id":3,"code":"ReceiveGoods","name":"Приемка","description":"Приемка сырья/станков/товаров"},{"id":4,"code":"AssignBarcode","name":"Назначение штрихкода","description":"Назначение штрихкодов позициям"},{"id":5,"code":"SendToScrap","name":"Отправка на Утиль","description":"Отправка на утилизацию"},{"id":6,"code":"SendToSDH","name":"Отправка на СДХ","description":"Отправка на СДХ"},{"id":7,"code":"SendToSale","name":"Отправка на реализацию","description":"Отправка на реализацию"},{"id":8,"code":"WriteOff","name":"Списание","description":"Списание/выброс"},{"id":9,"code":"TransferMainToWorkshops","name":"Перенос ТМЦ из Основного склада в цеха","description":"Перенос со склада в цеха"},{"id":10,"code":"TransferWorkshopsToMain","name":"Перенос ТМЦ из Цеха на Основной склад","description":"Перенос из цеха на склад"},{"id":11,"code":"ShiftTransfer","name":"Передача смены","description":"Передача смены"},{"id":12,"code":"ManageRecipes","name":"Создание и добавление рецептур, едениц храннения.","description":"Управление рецептурами"},{"id":13,"code":"Inventory","name":"Инвентаризация","description":"Инвентаризация"},{"id":14,"code":"ManageUsers","name":"Управление пользователями","description":"Добавление/редактирование/удаление пользователей"}]
=======================================================

=======================================================
Timestamp: 2026-01-24T15:07:05.9626865Z
Method: GET
URL: /api/roles/8/permissions
Status: 200
Duration: 276 ms
UserId: 
Client IP: ::1
User-Agent: 
Controller: Roles, Action: GetPermissions
Response Body: [{"id":4,"code":"AssignBarcode","name":"Назначение штрихкода","description":"Назначение штрихкодов позициям"},{"id":5,"code":"SendToScrap","name":"Отправка на Утиль","description":"Отправка на утилизацию"},{"id":11,"code":"ShiftTransfer","name":"Передача смены","description":"Передача смены"}]
=======================================================

=======================================================
Timestamp: 2026-01-24T15:07:14.5547597Z
Method: GET
URL: /api/Roles
Status: 200
Duration: 22 ms
UserId: 
Client IP: ::1
User-Agent: 
Controller: Roles, Action: GetAll
Response Body: [{"id":1,"name":"Владелец","code":"Owner","description":"Полный доступ","rank":1},{"id":2,"name":"Администратор","code":"Admin","description":"Руководитель предприятия","rank":2},{"id":3,"name":"Старший экструзионщик","code":"SeniorExtruder","description":"Замещение администратора","rank":3},{"id":4,"name":"Старший кладовщик","code":"SeniorWarehouseman","description":"Склады и цеха","rank":3},{"id":5,"name":"Кладовщик готовой продукции","code":"FinishedGoodsWarehouseman","description":"Склад готовой продукции","rank":3},{"id":6,"name":"Экструзионщик","code":"Extruder","description":"Производство","rank":4},{"id":7,"name":"Кладовщик","code":"Warehouseman","description":"Склад","rank":4},{"id":8,"name":"Покрасочник","code":"Painter","description":"Цех покраски","rank":4},{"id":9,"name":"Старшая упаковщица","code":"SeniorPacker","description":"Упаковка","rank":4},{"id":10,"name":"ТПА","code":"TPA","description":"ТПА","rank":4},{"id":11,"name":"Утиль","code":"Utilization","description":"Цех утилизации","rank":4}]
=======================================================

=======================================================
Timestamp: 2026-01-24T15:07:15.9476227Z
Method: GET
URL: /api/permissions
Status: 200
Duration: 17 ms
UserId: 
Client IP: ::1
User-Agent: 
Controller: Permissions, Action: GetAll
Response Body: [{"id":1,"code":"AddUsersAll","name":"Добавление пользователей всех рангов","description":"Создание пользователей любых рангов"},{"id":2,"code":"AddUsersLower","name":"Добавление пользователей ниже рангом","description":"Создание пользователей ниже рангом"},{"id":3,"code":"ReceiveGoods","name":"Приемка","description":"Приемка сырья/станков/товаров"},{"id":4,"code":"AssignBarcode","name":"Назначение штрихкода","description":"Назначение штрихкодов позициям"},{"id":5,"code":"SendToScrap","name":"Отправка на Утиль","description":"Отправка на утилизацию"},{"id":6,"code":"SendToSDH","name":"Отправка на СДХ","description":"Отправка на СДХ"},{"id":7,"code":"SendToSale","name":"Отправка на реализацию","description":"Отправка на реализацию"},{"id":8,"code":"WriteOff","name":"Списание","description":"Списание/выброс"},{"id":9,"code":"TransferMainToWorkshops","name":"Перенос ТМЦ из Основного склада в цеха","description":"Перенос со склада в цеха"},{"id":10,"code":"TransferWorkshopsToMain","name":"Перенос ТМЦ из Цеха на Основной склад","description":"Перенос из цеха на склад"},{"id":11,"code":"ShiftTransfer","name":"Передача смены","description":"Передача смены"},{"id":12,"code":"ManageRecipes","name":"Создание и добавление рецептур, едениц храннения.","description":"Управление рецептурами"},{"id":13,"code":"Inventory","name":"Инвентаризация","description":"Инвентаризация"},{"id":14,"code":"ManageUsers","name":"Управление пользователями","description":"Добавление/редактирование/удаление пользователей"}]
=======================================================

=======================================================
Timestamp: 2026-01-24T15:07:15.9487511Z
Method: GET
URL: /api/roles/7/permissions
Status: 200
Duration: 20 ms
UserId: 
Client IP: ::1
User-Agent: 
Controller: Roles, Action: GetPermissions
Response Body: []
=======================================================

=======================================================
Timestamp: 2026-01-24T15:09:13.4927581Z
Method: GET
URL: /api/Roles
Status: 200
Duration: 20 ms
UserId: 
Client IP: ::1
User-Agent: 
Controller: Roles, Action: GetAll
Response Body: [{"id":1,"name":"Владелец","code":"Owner","description":"Полный доступ","rank":1},{"id":2,"name":"Администратор","code":"Admin","description":"Руководитель предприятия","rank":2},{"id":3,"name":"Старший экструзионщик","code":"SeniorExtruder","description":"Замещение администратора","rank":3},{"id":4,"name":"Старший кладовщик","code":"SeniorWarehouseman","description":"Склады и цеха","rank":3},{"id":5,"name":"Кладовщик готовой продукции","code":"FinishedGoodsWarehouseman","description":"Склад готовой продукции","rank":3},{"id":6,"name":"Экструзионщик","code":"Extruder","description":"Производство","rank":4},{"id":7,"name":"Кладовщик","code":"Warehouseman","description":"Склад","rank":4},{"id":8,"name":"Покрасочник","code":"Painter","description":"Цех покраски","rank":4},{"id":9,"name":"Старшая упаковщица","code":"SeniorPacker","description":"Упаковка","rank":4},{"id":10,"name":"ТПА","code":"TPA","description":"ТПА","rank":4},{"id":11,"name":"Утиль","code":"Utilization","description":"Цех утилизации","rank":4}]
=======================================================

=======================================================
Timestamp: 2026-01-24T15:09:29.3468221Z
Method: GET
URL: /api/permissions
Status: 200
Duration: 8 ms
UserId: 
Client IP: ::1
User-Agent: 
Controller: Permissions, Action: GetAll
Response Body: [{"id":1,"code":"AddUsersAll","name":"Добавление пользователей всех рангов","description":"Создание пользователей любых рангов"},{"id":2,"code":"AddUsersLower","name":"Добавление пользователей ниже рангом","description":"Создание пользователей ниже рангом"},{"id":3,"code":"ReceiveGoods","name":"Приемка","description":"Приемка сырья/станков/товаров"},{"id":4,"code":"AssignBarcode","name":"Назначение штрихкода","description":"Назначение штрихкодов позициям"},{"id":5,"code":"SendToScrap","name":"Отправка на Утиль","description":"Отправка на утилизацию"},{"id":6,"code":"SendToSDH","name":"Отправка на СДХ","description":"Отправка на СДХ"},{"id":7,"code":"SendToSale","name":"Отправка на реализацию","description":"Отправка на реализацию"},{"id":8,"code":"WriteOff","name":"Списание","description":"Списание/выброс"},{"id":9,"code":"TransferMainToWorkshops","name":"Перенос ТМЦ из Основного склада в цеха","description":"Перенос со склада в цеха"},{"id":10,"code":"TransferWorkshopsToMain","name":"Перенос ТМЦ из Цеха на Основной склад","description":"Перенос из цеха на склад"},{"id":11,"code":"ShiftTransfer","name":"Передача смены","description":"Передача смены"},{"id":12,"code":"ManageRecipes","name":"Создание и добавление рецептур, едениц храннения.","description":"Управление рецептурами"},{"id":13,"code":"Inventory","name":"Инвентаризация","description":"Инвентаризация"},{"id":14,"code":"ManageUsers","name":"Управление пользователями","description":"Добавление/редактирование/удаление пользователей"}]
=======================================================

=======================================================
Timestamp: 2026-01-24T15:09:29.3501077Z
Method: GET
URL: /api/roles/11/permissions
Status: 200
Duration: 14 ms
UserId: 
Client IP: ::1
User-Agent: 
Controller: Roles, Action: GetPermissions
Response Body: [{"id":5,"code":"SendToScrap","name":"Отправка на Утиль","description":"Отправка на утилизацию"},{"id":8,"code":"WriteOff","name":"Списание","description":"Списание/выброс"}]
=======================================================

=======================================================
Timestamp: 2026-01-24T15:10:03.1453604Z
Method: GET
URL: /api/products
Status: 200
Duration: 76 ms
UserId: 
Client IP: ::1
User-Agent: 
Controller: Products, Action: GetAll
Response Body: [{"id":1,"name":"Яблоко","description":"","code":"85412","measuringUnit":"шт","isActive":true}]
=======================================================

=======================================================
Timestamp: 2026-01-24T15:10:08.7964258Z
Method: GET
URL: /api/products
Status: 200
Duration: 12 ms
UserId: 
Client IP: ::1
User-Agent: 
Controller: Products, Action: GetAll
Response Body: [{"id":1,"name":"Яблоко","description":"","code":"85412","measuringUnit":"шт","isActive":true}]
=======================================================

=======================================================
Timestamp: 2026-01-24T15:10:08.9494596Z
Method: GET
URL: /api/materials
Status: 200
Duration: 54 ms
UserId: 
Client IP: ::1
User-Agent: 
Controller: Materials, Action: GetAll
Response Body: [{"id":1,"name":"Косточка","description":"","code":"5214","measuringUnit":"шт","isActive":true}]
=======================================================

=======================================================
Timestamp: 2026-01-24T15:10:08.9528062Z
Method: GET
URL: /api/materials
Status: 200
Duration: 41 ms
UserId: 
Client IP: ::1
User-Agent: 
Controller: Materials, Action: GetAll
Response Body: [{"id":1,"name":"Косточка","description":"","code":"5214","measuringUnit":"шт","isActive":true}]
=======================================================

=======================================================
Timestamp: 2026-01-24T15:17:37.4954961Z
Method: POST
URL: /api/AlarmEvents
Status: 201
Duration: 388 ms
UserId: 
Client IP: ::1
User-Agent: 
Controller: AlarmEvents, Action: CreateAlarmEvent
Response Body: {"message":"AlarmEvent created successfully","alarmEvent":{"id":2,"userId":1,"createdAt":"2026-01-24T15:17:37.2325857Z","message":"вф","location":"фв"}}
=======================================================

=======================================================
Timestamp: 2026-01-24T15:17:55.0313471Z
Method: POST
URL: /api/AlarmEvents
Status: 201
Duration: 29 ms
UserId: 
Client IP: ::1
User-Agent: 
Controller: AlarmEvents, Action: CreateAlarmEvent
Response Body: {"message":"AlarmEvent created successfully","alarmEvent":{"id":3,"userId":1,"createdAt":"2026-01-24T15:17:54.9115962Z","message":"ыв","location":"ыв"}}
=======================================================

=======================================================
Timestamp: 2026-01-24T15:17:55.4476167Z
Method: GET
URL: /api/WorkReports/user/1
Status: 200
Duration: 91 ms
UserId: 
Client IP: ::1
User-Agent: 
Controller: WorkReports, Action: GetByUser
Response Body: []
=======================================================

=======================================================
Timestamp: 2026-01-24T15:17:55.4859229Z
Method: GET
URL: /api/WorkReports/user/1
Status: 200
Duration: 148 ms
UserId: 
Client IP: ::1
User-Agent: 
Controller: WorkReports, Action: GetByUser
Response Body: []
=======================================================

=======================================================
Timestamp: 2026-01-24T15:18:23.0755420Z
Method: GET
URL: /api/users
Status: 200
Duration: 18 ms
UserId: 
Client IP: ::1
User-Agent: 
Controller: Users, Action: GetAll
Response Body: [{"id":1,"login":"admin","encryptedPassword":"admin","name":"Админ","surname":"Системный","email":"admin@example.com","phone":"+71234567890","createdAt":"2026-01-24T01:00:36.671391Z","roleId":1,"role":{"id":1,"name":"Владелец","code":"Owner","description":"Полный доступ","rank":1},"alarmEvents":[],"sentPartRequests":[],"receivedPartRequests":[],"sentShiftTransfers":[],"receivedShiftTransfers":[]},{"id":2,"login":"eva","encryptedPassword":"$2a$12$Y0uuNdgaJp09PIOQ9JIhPuJV4BppFS8G0Z9ifm.GeDCWuf/xdumAe","name":"Eva","surname":"EvaEva","email":"eva@dura.com","phone":"57","createdAt":"2026-01-24T01:03:29.60815Z","roleId":3,"role":{"id":3,"name":"Старший экструзионщик","code":"SeniorExtruder","description":"Замещение администратора","rank":3},"alarmEvents":[],"sentPartRequests":[],"receivedPartRequests":[],"sentShiftTransfers":[],"receivedShiftTransfers":[]},{"id":3,"login":"Adam","encryptedPassword":"$2a$12$iTkjevTNbrNYDPIRz.MUGuFN7TstoAQihCnmon3z9bQOiC.iBXRzq","name":"Адам","surname":"Первый","email":"first@people.world","phone":"555","createdAt":"2026-01-24T01:04:04.400925Z","roleId":4,"role":{"id":4,"name":"Старший кладовщик","code":"SeniorWarehouseman","description":"Склады и цеха","rank":3},"alarmEvents":[],"sentPartRequests":[],"receivedPartRequests":[],"sentShiftTransfers":[],"receivedShiftTransfers":[]}]
=======================================================

=======================================================
Timestamp: 2026-01-24T15:18:23.0822560Z
Method: GET
URL: /api/products
Status: 200
Duration: 15 ms
UserId: 
Client IP: ::1
User-Agent: 
Controller: Products, Action: GetAll
Response Body: [{"id":1,"name":"Яблоко","description":"","code":"85412","measuringUnit":"шт","isActive":true}]
=======================================================

=======================================================
Timestamp: 2026-01-24T15:18:23.6432983Z
Method: GET
URL: /api/products
Status: 200
Duration: 591 ms
UserId: 
Client IP: ::1
User-Agent: 
Controller: Products, Action: GetAll
Response Body: [{"id":1,"name":"Яблоко","description":"","code":"85412","measuringUnit":"шт","isActive":true}]
=======================================================

=======================================================
Timestamp: 2026-01-24T15:18:23.6460003Z
Method: GET
URL: /api/users
Status: 200
Duration: 645 ms
UserId: 
Client IP: ::1
User-Agent: 
Controller: Users, Action: GetAll
Response Body: [{"id":1,"login":"admin","encryptedPassword":"admin","name":"Админ","surname":"Системный","email":"admin@example.com","phone":"+71234567890","createdAt":"2026-01-24T01:00:36.671391Z","roleId":1,"role":{"id":1,"name":"Владелец","code":"Owner","description":"Полный доступ","rank":1},"alarmEvents":[],"sentPartRequests":[],"receivedPartRequests":[],"sentShiftTransfers":[],"receivedShiftTransfers":[]},{"id":2,"login":"eva","encryptedPassword":"$2a$12$Y0uuNdgaJp09PIOQ9JIhPuJV4BppFS8G0Z9ifm.GeDCWuf/xdumAe","name":"Eva","surname":"EvaEva","email":"eva@dura.com","phone":"57","createdAt":"2026-01-24T01:03:29.60815Z","roleId":3,"role":{"id":3,"name":"Старший экструзионщик","code":"SeniorExtruder","description":"Замещение администратора","rank":3},"alarmEvents":[],"sentPartRequests":[],"receivedPartRequests":[],"sentShiftTransfers":[],"receivedShiftTransfers":[]},{"id":3,"login":"Adam","encryptedPassword":"$2a$12$iTkjevTNbrNYDPIRz.MUGuFN7TstoAQihCnmon3z9bQOiC.iBXRzq","name":"Адам","surname":"Первый","email":"first@people.world","phone":"555","createdAt":"2026-01-24T01:04:04.400925Z","roleId":4,"role":{"id":4,"name":"Старший кладовщик","code":"SeniorWarehouseman","description":"Склады и цеха","rank":3},"alarmEvents":[],"sentPartRequests":[],"receivedPartRequests":[],"sentShiftTransfers":[],"receivedShiftTransfers":[]}]
=======================================================

=======================================================
Timestamp: 2026-01-24T15:18:23.6487095Z
Method: GET
URL: /api/Roles
Status: 200
Duration: 600 ms
UserId: 
Client IP: ::1
User-Agent: 
Controller: Roles, Action: GetAll
Response Body: [{"id":1,"name":"Владелец","code":"Owner","description":"Полный доступ","rank":1},{"id":2,"name":"Администратор","code":"Admin","description":"Руководитель предприятия","rank":2},{"id":3,"name":"Старший экструзионщик","code":"SeniorExtruder","description":"Замещение администратора","rank":3},{"id":4,"name":"Старший кладовщик","code":"SeniorWarehouseman","description":"Склады и цеха","rank":3},{"id":5,"name":"Кладовщик готовой продукции","code":"FinishedGoodsWarehouseman","description":"Склад готовой продукции","rank":3},{"id":6,"name":"Экструзионщик","code":"Extruder","description":"Производство","rank":4},{"id":7,"name":"Кладовщик","code":"Warehouseman","description":"Склад","rank":4},{"id":8,"name":"Покрасочник","code":"Painter","description":"Цех покраски","rank":4},{"id":9,"name":"Старшая упаковщица","code":"SeniorPacker","description":"Упаковка","rank":4},{"id":10,"name":"ТПА","code":"TPA","description":"ТПА","rank":4},{"id":11,"name":"Утиль","code":"Utilization","description":"Цех утилизации","rank":4}]
=======================================================

=======================================================
Timestamp: 2026-01-24T15:20:05.1922548Z
Method: GET
URL: /hubs/notifications?id=cpWRJ-PUIp8Gs2SBIC5PPQ
Status: 101
Duration: 1315663 ms
UserId: 
Client IP: ::1
User-Agent: Microsoft SignalR/8.0 (8.0.0+3f1acb59718cadf111a0a796681e3d3509bb3381; Windows NT; .NET; .NET 8.0.22)
=======================================================

=======================================================
Timestamp: 2026-01-24T15:21:00.7865636Z
Method: POST
URL: /api/Users/authenticate
Status: 401
Duration: 44 ms
UserId: 
Client IP: ::1
User-Agent: 
Controller: Users, Action: Authenticate
Response Body: {"message":"Invalid login or password"}
=======================================================

=======================================================
Timestamp: 2026-01-24T15:21:08.6125537Z
Method: POST
URL: /api/Users/authenticate
Status: 200
Duration: 563 ms
UserId: 
Client IP: ::1
User-Agent: 
Controller: Users, Action: Authenticate
Response Body: {"message":"Login successful","user":{"id":1,"login":"admin","name":"Админ","surname":"Системный","email":"admin@example.com","phone":"+71234567890","createdAt":"2026-01-24T01:00:36.671391Z","roleId":1,"role":{"id":1,"name":"Владелец","code":"Owner","description":"Полный доступ","rank":1}}}
=======================================================

=======================================================
Timestamp: 2026-01-24T15:21:08.9017390Z
Method: POST
URL: /hubs/notifications/negotiate?negotiateVersion=1
Status: 200
Duration: 0 ms
UserId: 
Client IP: ::1
User-Agent: Microsoft SignalR/8.0 (8.0.0+3f1acb59718cadf111a0a796681e3d3509bb3381; Windows NT; .NET; .NET 8.0.22)
Response Body: {"negotiateVersion":1,"connectionId":"sZqXysZkhaDc6dGuzL-jNw","connectionToken":"3EMn3ulqqeyFIwG1tRa4Kw","availableTransports":[{"transport":"WebSockets","transferFormats":["Text","Binary"]},{"transport":"ServerSentEvents","transferFormats":["Text"]},{"transport":"LongPolling","transferFormats":["Text","Binary"]}]}
=======================================================

=======================================================
Timestamp: 2026-01-24T15:21:11.1618632Z
Method: GET
URL: /api/products
Status: 200
Duration: 40 ms
UserId: 
Client IP: ::1
User-Agent: 
Controller: Products, Action: GetAll
Response Body: [{"id":1,"name":"Яблоко","description":"","code":"85412","measuringUnit":"шт","isActive":true}]
=======================================================

=======================================================
Timestamp: 2026-01-24T15:21:11.1769862Z
Method: GET
URL: /api/products
Status: 200
Duration: 25 ms
UserId: 
Client IP: ::1
User-Agent: 
Controller: Products, Action: GetAll
Response Body: [{"id":1,"name":"Яблоко","description":"","code":"85412","measuringUnit":"шт","isActive":true}]
=======================================================

=======================================================
Timestamp: 2026-01-24T15:29:30.1073332Z
Method: GET
URL: /hubs/notifications?id=3EMn3ulqqeyFIwG1tRa4Kw
Status: 101
Duration: 500767 ms
UserId: 
Client IP: ::1
User-Agent: Microsoft SignalR/8.0 (8.0.0+3f1acb59718cadf111a0a796681e3d3509bb3381; Windows NT; .NET; .NET 8.0.22)
=======================================================

=======================================================
Timestamp: 2026-01-24T15:58:53.4904478Z
Method: GET
URL: /
Status: 404
Duration: 5 ms
UserId: 
Client IP: ::1
User-Agent: Mozilla/5.0 (Windows NT 10.0; Win64; x64) AppleWebKit/537.36 (KHTML, like Gecko) Chrome/144.0.0.0 Safari/537.36
=======================================================

=======================================================
Timestamp: 2026-01-24T15:59:39.1243020Z
Method: POST
URL: /api/Users/authenticate
Status: 200
Duration: 1366 ms
UserId: 
Client IP: ::1
User-Agent: 
Controller: Users, Action: Authenticate
Response Body: {"message":"Login successful","user":{"id":1,"login":"admin","name":"Админ","surname":"Системный","email":"admin@example.com","phone":"+71234567890","createdAt":"2026-01-24T01:00:36.671391Z","roleId":1,"role":{"id":1,"name":"Владелец","code":"Owner","description":"Полный доступ","rank":1}}}
=======================================================

=======================================================
Timestamp: 2026-01-24T15:59:39.3913824Z
Method: POST
URL: /hubs/notifications/negotiate?negotiateVersion=1
Status: 200
Duration: 8 ms
UserId: 
Client IP: ::1
User-Agent: Microsoft SignalR/8.0 (8.0.0+3f1acb59718cadf111a0a796681e3d3509bb3381; Windows NT; .NET; .NET 8.0.22)
Response Body: {"negotiateVersion":1,"connectionId":"d8JUzKB9ZjO-p_onZR0VaQ","connectionToken":"VdFsl36xugLgWiMjCvKj8A","availableTransports":[{"transport":"WebSockets","transferFormats":["Text","Binary"]},{"transport":"ServerSentEvents","transferFormats":["Text"]},{"transport":"LongPolling","transferFormats":["Text","Binary"]}]}
=======================================================

=======================================================
Timestamp: 2026-01-24T15:59:44.8021586Z
Method: GET
URL: /api/products
Status: 200
Duration: 66 ms
UserId: 
Client IP: ::1
User-Agent: 
Controller: Products, Action: GetAll
Response Body: [{"id":1,"name":"Яблоко","description":"","code":"85412","measuringUnit":"шт","isActive":true}]
=======================================================

=======================================================
Timestamp: 2026-01-24T15:59:44.8945896Z
Method: GET
URL: /api/products
Status: 200
Duration: 131 ms
UserId: 
Client IP: ::1
User-Agent: 
Controller: Products, Action: GetAll
Response Body: [{"id":1,"name":"Яблоко","description":"","code":"85412","measuringUnit":"шт","isActive":true}]
=======================================================

=======================================================
Timestamp: 2026-01-24T15:59:47.3732409Z
Method: GET
URL: /api/products
Status: 200
Duration: 19 ms
UserId: 
Client IP: ::1
User-Agent: 
Controller: Products, Action: GetAll
Response Body: [{"id":1,"name":"Яблоко","description":"","code":"85412","measuringUnit":"шт","isActive":true}]
=======================================================

=======================================================
Timestamp: 2026-01-24T15:59:47.5349286Z
Method: GET
URL: /api/materials
Status: 200
Duration: 53 ms
UserId: 
Client IP: ::1
User-Agent: 
Controller: Materials, Action: GetAll
Response Body: [{"id":1,"name":"Косточка","description":"","code":"5214","measuringUnit":"шт","isActive":true}]
=======================================================

=======================================================
Timestamp: 2026-01-24T15:59:47.5419503Z
Method: GET
URL: /api/materials
Status: 200
Duration: 74 ms
UserId: 
Client IP: ::1
User-Agent: 
Controller: Materials, Action: GetAll
Response Body: [{"id":1,"name":"Косточка","description":"","code":"5214","measuringUnit":"шт","isActive":true}]
=======================================================

=======================================================
Timestamp: 2026-01-24T15:59:49.4317185Z
Method: GET
URL: /api/products
Status: 200
Duration: 17 ms
UserId: 
Client IP: ::1
User-Agent: 
Controller: Products, Action: GetAll
Response Body: [{"id":1,"name":"Яблоко","description":"","code":"85412","measuringUnit":"шт","isActive":true}]
=======================================================

=======================================================
Timestamp: 2026-01-24T15:59:49.4731806Z
Method: GET
URL: /api/materials
Status: 200
Duration: 29 ms
UserId: 
Client IP: ::1
User-Agent: 
Controller: Materials, Action: GetAll
Response Body: [{"id":1,"name":"Косточка","description":"","code":"5214","measuringUnit":"шт","isActive":true}]
=======================================================

=======================================================
Timestamp: 2026-01-24T15:59:49.5732887Z
Method: GET
URL: /api/warehouses
Status: 200
Duration: 37 ms
UserId: 
Client IP: ::1
User-Agent: 
Controller: Warehouses, Action: GetAll
Response Body: []
=======================================================

=======================================================
Timestamp: 2026-01-24T15:59:49.8507314Z
Method: GET
URL: /api/warehouses
Status: 200
Duration: 279 ms
UserId: 
Client IP: ::1
User-Agent: 
Controller: Warehouses, Action: GetAll
Response Body: []
=======================================================

=======================================================
Timestamp: 2026-01-24T15:59:55.9987069Z
Method: GET
URL: /api/warehouses
Status: 200
Duration: 18 ms
UserId: 
Client IP: ::1
User-Agent: 
Controller: Warehouses, Action: GetAll
Response Body: []
=======================================================

=======================================================
Timestamp: 2026-01-24T15:59:56.0100744Z
Method: GET
URL: /api/products
Status: 200
Duration: 7 ms
UserId: 
Client IP: ::1
User-Agent: 
Controller: Products, Action: GetAll
Response Body: [{"id":1,"name":"Яблоко","description":"","code":"85412","measuringUnit":"шт","isActive":true}]
=======================================================

=======================================================
Timestamp: 2026-01-24T15:59:56.1162641Z
Method: GET
URL: /api/materials
Status: 200
Duration: 22 ms
UserId: 
Client IP: ::1
User-Agent: 
Controller: Materials, Action: GetAll
Response Body: [{"id":1,"name":"Косточка","description":"","code":"5214","measuringUnit":"шт","isActive":true}]
=======================================================

=======================================================
Timestamp: 2026-01-24T15:59:56.3362256Z
Method: POST
URL: /api/warehouses
Status: 201
Duration: 338 ms
UserId: 
Client IP: ::1
User-Agent: 
Controller: Warehouses, Action: CreateWarehouse
Response Body: {"message":"Warehouse created successfully","warehouse":{"id":1,"name":"скр1","type":"Склад","isActive":true,"fromMovements":[],"toMovements":[],"fromRequests":[],"toRequests":[]}}
=======================================================

=======================================================
Timestamp: 2026-01-24T15:59:56.3649781Z
Method: GET
URL: /api/materials
Status: 200
Duration: 15 ms
UserId: 
Client IP: ::1
User-Agent: 
Controller: Materials, Action: GetAll
Response Body: [{"id":1,"name":"Косточка","description":"","code":"5214","measuringUnit":"шт","isActive":true}]
=======================================================

=======================================================
Timestamp: 2026-01-24T15:59:56.3717141Z
Method: GET
URL: /api/warehouses
Status: 200
Duration: 15 ms
UserId: 
Client IP: ::1
User-Agent: 
Controller: Warehouses, Action: GetAll
Response Body: [{"id":1,"name":"скр1","type":"Склад","isActive":true,"fromMovements":[],"toMovements":[],"fromRequests":[],"toRequests":[]}]
=======================================================

=======================================================
Timestamp: 2026-01-24T15:59:56.3751814Z
Method: GET
URL: /api/products
Status: 200
Duration: 23 ms
UserId: 
Client IP: ::1
User-Agent: 
Controller: Products, Action: GetAll
Response Body: [{"id":1,"name":"Яблоко","description":"","code":"85412","measuringUnit":"шт","isActive":true}]
=======================================================

=======================================================
Timestamp: 2026-01-24T15:59:56.3918519Z
Method: GET
URL: /api/warehouses
Status: 200
Duration: 12 ms
UserId: 
Client IP: ::1
User-Agent: 
Controller: Warehouses, Action: GetAll
Response Body: [{"id":1,"name":"скр1","type":"Склад","isActive":true,"fromMovements":[],"toMovements":[],"fromRequests":[],"toRequests":[]}]
=======================================================

=======================================================
Timestamp: 2026-01-24T16:00:05.1230958Z
Method: GET
URL: /api/WorkReports/user/1
Status: 200
Duration: 53 ms
UserId: 
Client IP: ::1
User-Agent: 
Controller: WorkReports, Action: GetByUser
Response Body: []
=======================================================

=======================================================
Timestamp: 2026-01-24T16:00:06.0489583Z
Method: GET
URL: /api/WorkReports/user/1
Status: 200
Duration: 13 ms
UserId: 
Client IP: ::1
User-Agent: 
Controller: WorkReports, Action: GetByUser
Response Body: []
=======================================================

=======================================================
Timestamp: 2026-01-24T16:00:06.3529061Z
Method: POST
URL: /api/WorkReports/start
Status: 200
Duration: 165 ms
UserId: 
Client IP: ::1
User-Agent: 
Controller: WorkReports, Action: StartWork
Response Body: {"message":"Work started successfully","report":{"id":4,"userId":1,"date":"2026-01-24T00:00:00","startWork":"2026-01-24T16:00:06Z","finishWork":null,"note":null,"user":null}}
=======================================================

=======================================================
Timestamp: 2026-01-24T16:00:06.4171627Z
Method: GET
URL: /api/WorkReports/user/1
Status: 200
Duration: 67 ms
UserId: 
Client IP: ::1
User-Agent: 
Controller: WorkReports, Action: GetByUser
Response Body: [{"id":4,"userId":1,"date":"2026-01-24T00:00:00","startWork":"2026-01-24T16:00:06Z","finishWork":null,"note":null,"user":null}]
=======================================================

=======================================================
Timestamp: 2026-01-24T16:00:06.4229172Z
Method: GET
URL: /api/WorkReports/user/1
Status: 200
Duration: 24 ms
UserId: 
Client IP: ::1
User-Agent: 
Controller: WorkReports, Action: GetByUser
Response Body: [{"id":4,"userId":1,"date":"2026-01-24T00:00:00","startWork":"2026-01-24T16:00:06Z","finishWork":null,"note":null,"user":null}]
=======================================================

=======================================================
Timestamp: 2026-01-24T16:00:07.5142928Z
Method: GET
URL: /api/WorkReports/user/1
Status: 200
Duration: 12 ms
UserId: 
Client IP: ::1
User-Agent: 
Controller: WorkReports, Action: GetByUser
Response Body: [{"id":4,"userId":1,"date":"2026-01-24T00:00:00","startWork":"2026-01-24T16:00:06Z","finishWork":null,"note":null,"user":null}]
=======================================================

=======================================================
Timestamp: 2026-01-24T16:00:07.7185140Z
Method: POST
URL: /api/WorkReports/4/finish
Status: 200
Duration: 172 ms
UserId: 
Client IP: ::1
User-Agent: 
Controller: WorkReports, Action: FinishWork
Response Body: {"message":"Work finished successfully","report":{"id":4,"userId":1,"date":"2026-01-24T00:00:00","startWork":"2026-01-24T16:00:06Z","finishWork":"2026-01-24T16:00:07Z","note":null,"user":null}}
=======================================================

=======================================================
Timestamp: 2026-01-24T16:00:07.7407355Z
Method: GET
URL: /api/WorkReports/user/1
Status: 200
Duration: 31 ms
UserId: 
Client IP: ::1
User-Agent: 
Controller: WorkReports, Action: GetByUser
Response Body: [{"id":4,"userId":1,"date":"2026-01-24T00:00:00","startWork":"2026-01-24T16:00:06Z","finishWork":"2026-01-24T16:00:07Z","note":null,"user":null}]
=======================================================

=======================================================
Timestamp: 2026-01-24T16:00:07.7939676Z
Method: GET
URL: /api/WorkReports/user/1
Status: 200
Duration: 69 ms
UserId: 
Client IP: ::1
User-Agent: 
Controller: WorkReports, Action: GetByUser
Response Body: [{"id":4,"userId":1,"date":"2026-01-24T00:00:00","startWork":"2026-01-24T16:00:06Z","finishWork":"2026-01-24T16:00:07Z","note":null,"user":null}]
=======================================================

=======================================================
Timestamp: 2026-01-24T16:00:11.1043253Z
Method: GET
URL: /api/WorkReports/user/1
Status: 200
Duration: 31 ms
UserId: 
Client IP: ::1
User-Agent: 
Controller: WorkReports, Action: GetByUser
Response Body: [{"id":4,"userId":1,"date":"2026-01-24T00:00:00","startWork":"2026-01-24T16:00:06Z","finishWork":"2026-01-24T16:00:07Z","note":null,"user":null}]
=======================================================

=======================================================
Timestamp: 2026-01-24T16:00:11.1370102Z
Method: GET
URL: /api/WorkReports/user/1
Status: 200
Duration: 28 ms
UserId: 
Client IP: ::1
User-Agent: 
Controller: WorkReports, Action: GetByUser
Response Body: [{"id":4,"userId":1,"date":"2026-01-24T00:00:00","startWork":"2026-01-24T16:00:06Z","finishWork":"2026-01-24T16:00:07Z","note":null,"user":null}]
=======================================================

=======================================================
Timestamp: 2026-01-24T16:00:11.1437566Z
Method: GET
URL: /api/WorkReports/user/1
Status: 200
Duration: 49 ms
UserId: 
Client IP: ::1
User-Agent: 
Controller: WorkReports, Action: GetByUser
Response Body: [{"id":4,"userId":1,"date":"2026-01-24T00:00:00","startWork":"2026-01-24T16:00:06Z","finishWork":"2026-01-24T16:00:07Z","note":null,"user":null}]
=======================================================

=======================================================
Timestamp: 2026-01-24T16:09:11.7323008Z
Method: GET
URL: /
Status: 404
Duration: 4 ms
UserId: 
Client IP: ::1
User-Agent: Mozilla/5.0 (Windows NT 10.0; Win64; x64) AppleWebKit/537.36 (KHTML, like Gecko) Chrome/144.0.0.0 Safari/537.36
=======================================================

=======================================================
Timestamp: 2026-01-24T16:10:23.3490818Z
Method: POST
URL: /api/Users/authenticate
Status: 200
Duration: 1586 ms
UserId: 
Client IP: ::1
User-Agent: 
Controller: Users, Action: Authenticate
Response Body: {"message":"Login successful","user":{"id":1,"login":"admin","name":"Админ","surname":"Системный","email":"admin@example.com","phone":"+71234567890","createdAt":"2026-01-24T01:00:36.671391Z","roleId":1,"role":{"id":1,"name":"Владелец","code":"Owner","description":"Полный доступ","rank":1}}}
=======================================================

=======================================================
Timestamp: 2026-01-24T16:10:23.7152693Z
Method: POST
URL: /hubs/notifications/negotiate?negotiateVersion=1
Status: 200
Duration: 8 ms
UserId: 
Client IP: ::1
User-Agent: Microsoft SignalR/8.0 (8.0.0+3f1acb59718cadf111a0a796681e3d3509bb3381; Windows NT; .NET; .NET 8.0.22)
Response Body: {"negotiateVersion":1,"connectionId":"l0iedLAFlu9Lr_nPl76_1w","connectionToken":"n0f9a2IECmSJByRj0ycrEg","availableTransports":[{"transport":"WebSockets","transferFormats":["Text","Binary"]},{"transport":"ServerSentEvents","transferFormats":["Text"]},{"transport":"LongPolling","transferFormats":["Text","Binary"]}]}
=======================================================

=======================================================
Timestamp: 2026-01-24T16:10:28.9905392Z
Method: GET
URL: /api/users
Status: 200
Duration: 56 ms
UserId: 
Client IP: ::1
User-Agent: 
Controller: Users, Action: GetAll
Response Body: [{"id":1,"login":"admin","encryptedPassword":"admin","name":"Админ","surname":"Системный","email":"admin@example.com","phone":"+71234567890","createdAt":"2026-01-24T01:00:36.671391Z","roleId":1,"role":{"id":1,"name":"Владелец","code":"Owner","description":"Полный доступ","rank":1},"alarmEvents":[],"sentPartRequests":[],"receivedPartRequests":[],"sentShiftTransfers":[],"receivedShiftTransfers":[]},{"id":2,"login":"eva","encryptedPassword":"$2a$12$Y0uuNdgaJp09PIOQ9JIhPuJV4BppFS8G0Z9ifm.GeDCWuf/xdumAe","name":"Eva","surname":"EvaEva","email":"eva@dura.com","phone":"57","createdAt":"2026-01-24T01:03:29.60815Z","roleId":3,"role":{"id":3,"name":"Старший экструзионщик","code":"SeniorExtruder","description":"Замещение администратора","rank":3},"alarmEvents":[],"sentPartRequests":[],"receivedPartRequests":[],"sentShiftTransfers":[],"receivedShiftTransfers":[]},{"id":3,"login":"Adam","encryptedPassword":"$2a$12$iTkjevTNbrNYDPIRz.MUGuFN7TstoAQihCnmon3z9bQOiC.iBXRzq","name":"Адам","surname":"Первый","email":"first@people.world","phone":"555","createdAt":"2026-01-24T01:04:04.400925Z","roleId":4,"role":{"id":4,"name":"Старший кладовщик","code":"SeniorWarehouseman","description":"Склады и цеха","rank":3},"alarmEvents":[],"sentPartRequests":[],"receivedPartRequests":[],"sentShiftTransfers":[],"receivedShiftTransfers":[]}]
=======================================================

=======================================================
Timestamp: 2026-01-24T16:10:29.3042496Z
Method: GET
URL: /api/users
Status: 200
Duration: 114 ms
UserId: 
Client IP: ::1
User-Agent: 
Controller: Users, Action: GetAll
Response Body: [{"id":1,"login":"admin","encryptedPassword":"admin","name":"Админ","surname":"Системный","email":"admin@example.com","phone":"+71234567890","createdAt":"2026-01-24T01:00:36.671391Z","roleId":1,"role":{"id":1,"name":"Владелец","code":"Owner","description":"Полный доступ","rank":1},"alarmEvents":[],"sentPartRequests":[],"receivedPartRequests":[],"sentShiftTransfers":[],"receivedShiftTransfers":[]},{"id":2,"login":"eva","encryptedPassword":"$2a$12$Y0uuNdgaJp09PIOQ9JIhPuJV4BppFS8G0Z9ifm.GeDCWuf/xdumAe","name":"Eva","surname":"EvaEva","email":"eva@dura.com","phone":"57","createdAt":"2026-01-24T01:03:29.60815Z","roleId":3,"role":{"id":3,"name":"Старший экструзионщик","code":"SeniorExtruder","description":"Замещение администратора","rank":3},"alarmEvents":[],"sentPartRequests":[],"receivedPartRequests":[],"sentShiftTransfers":[],"receivedShiftTransfers":[]},{"id":3,"login":"Adam","encryptedPassword":"$2a$12$iTkjevTNbrNYDPIRz.MUGuFN7TstoAQihCnmon3z9bQOiC.iBXRzq","name":"Адам","surname":"Первый","email":"first@people.world","phone":"555","createdAt":"2026-01-24T01:04:04.400925Z","roleId":4,"role":{"id":4,"name":"Старший кладовщик","code":"SeniorWarehouseman","description":"Склады и цеха","rank":3},"alarmEvents":[],"sentPartRequests":[],"receivedPartRequests":[],"sentShiftTransfers":[],"receivedShiftTransfers":[]}]
=======================================================

=======================================================
Timestamp: 2026-01-24T16:10:29.5057925Z
Method: GET
URL: /api/users
Status: 200
Duration: 99 ms
UserId: 
Client IP: ::1
User-Agent: 
Controller: Users, Action: GetAll
Response Body: [{"id":1,"login":"admin","encryptedPassword":"admin","name":"Админ","surname":"Системный","email":"admin@example.com","phone":"+71234567890","createdAt":"2026-01-24T01:00:36.671391Z","roleId":1,"role":{"id":1,"name":"Владелец","code":"Owner","description":"Полный доступ","rank":1},"alarmEvents":[],"sentPartRequests":[],"receivedPartRequests":[],"sentShiftTransfers":[],"receivedShiftTransfers":[]},{"id":2,"login":"eva","encryptedPassword":"$2a$12$Y0uuNdgaJp09PIOQ9JIhPuJV4BppFS8G0Z9ifm.GeDCWuf/xdumAe","name":"Eva","surname":"EvaEva","email":"eva@dura.com","phone":"57","createdAt":"2026-01-24T01:03:29.60815Z","roleId":3,"role":{"id":3,"name":"Старший экструзионщик","code":"SeniorExtruder","description":"Замещение администратора","rank":3},"alarmEvents":[],"sentPartRequests":[],"receivedPartRequests":[],"sentShiftTransfers":[],"receivedShiftTransfers":[]},{"id":3,"login":"Adam","encryptedPassword":"$2a$12$iTkjevTNbrNYDPIRz.MUGuFN7TstoAQihCnmon3z9bQOiC.iBXRzq","name":"Адам","surname":"Первый","email":"first@people.world","phone":"555","createdAt":"2026-01-24T01:04:04.400925Z","roleId":4,"role":{"id":4,"name":"Старший кладовщик","code":"SeniorWarehouseman","description":"Склады и цеха","rank":3},"alarmEvents":[],"sentPartRequests":[],"receivedPartRequests":[],"sentShiftTransfers":[],"receivedShiftTransfers":[]}]
=======================================================

=======================================================
Timestamp: 2026-01-24T16:10:29.5138639Z
Method: GET
URL: /api/Roles
Status: 200
Duration: 201 ms
UserId: 
Client IP: ::1
User-Agent: 
Controller: Roles, Action: GetAll
Response Body: [{"id":1,"name":"Владелец","code":"Owner","description":"Полный доступ","rank":1},{"id":2,"name":"Администратор","code":"Admin","description":"Руководитель предприятия","rank":2},{"id":3,"name":"Старший экструзионщик","code":"SeniorExtruder","description":"Замещение администратора","rank":3},{"id":4,"name":"Старший кладовщик","code":"SeniorWarehouseman","description":"Склады и цеха","rank":3},{"id":5,"name":"Кладовщик готовой продукции","code":"FinishedGoodsWarehouseman","description":"Склад готовой продукции","rank":3},{"id":6,"name":"Экструзионщик","code":"Extruder","description":"Производство","rank":4},{"id":7,"name":"Кладовщик","code":"Warehouseman","description":"Склад","rank":4},{"id":8,"name":"Покрасочник","code":"Painter","description":"Цех покраски","rank":4},{"id":9,"name":"Старшая упаковщица","code":"SeniorPacker","description":"Упаковка","rank":4},{"id":10,"name":"ТПА","code":"TPA","description":"ТПА","rank":4},{"id":11,"name":"Утиль","code":"Utilization","description":"Цех утилизации","rank":4}]
=======================================================

=======================================================
Timestamp: 2026-01-24T16:10:31.8555902Z
Method: GET
URL: /api/users
Status: 200
Duration: 11 ms
UserId: 
Client IP: ::1
User-Agent: 
Controller: Users, Action: GetAll
Response Body: [{"id":1,"login":"admin","encryptedPassword":"admin","name":"Админ","surname":"Системный","email":"admin@example.com","phone":"+71234567890","createdAt":"2026-01-24T01:00:36.671391Z","roleId":1,"role":{"id":1,"name":"Владелец","code":"Owner","description":"Полный доступ","rank":1},"alarmEvents":[],"sentPartRequests":[],"receivedPartRequests":[],"sentShiftTransfers":[],"receivedShiftTransfers":[]},{"id":2,"login":"eva","encryptedPassword":"$2a$12$Y0uuNdgaJp09PIOQ9JIhPuJV4BppFS8G0Z9ifm.GeDCWuf/xdumAe","name":"Eva","surname":"EvaEva","email":"eva@dura.com","phone":"57","createdAt":"2026-01-24T01:03:29.60815Z","roleId":3,"role":{"id":3,"name":"Старший экструзионщик","code":"SeniorExtruder","description":"Замещение администратора","rank":3},"alarmEvents":[],"sentPartRequests":[],"receivedPartRequests":[],"sentShiftTransfers":[],"receivedShiftTransfers":[]},{"id":3,"login":"Adam","encryptedPassword":"$2a$12$iTkjevTNbrNYDPIRz.MUGuFN7TstoAQihCnmon3z9bQOiC.iBXRzq","name":"Адам","surname":"Первый","email":"first@people.world","phone":"555","createdAt":"2026-01-24T01:04:04.400925Z","roleId":4,"role":{"id":4,"name":"Старший кладовщик","code":"SeniorWarehouseman","description":"Склады и цеха","rank":3},"alarmEvents":[],"sentPartRequests":[],"receivedPartRequests":[],"sentShiftTransfers":[],"receivedShiftTransfers":[]}]
=======================================================

=======================================================
Timestamp: 2026-01-24T16:10:32.2956163Z
Method: GET
URL: /api/users
Status: 200
Duration: 50 ms
UserId: 
Client IP: ::1
User-Agent: 
Controller: Users, Action: GetAll
Response Body: [{"id":1,"login":"admin","encryptedPassword":"admin","name":"Админ","surname":"Системный","email":"admin@example.com","phone":"+71234567890","createdAt":"2026-01-24T01:00:36.671391Z","roleId":1,"role":{"id":1,"name":"Владелец","code":"Owner","description":"Полный доступ","rank":1},"alarmEvents":[],"sentPartRequests":[],"receivedPartRequests":[],"sentShiftTransfers":[],"receivedShiftTransfers":[]},{"id":2,"login":"eva","encryptedPassword":"$2a$12$Y0uuNdgaJp09PIOQ9JIhPuJV4BppFS8G0Z9ifm.GeDCWuf/xdumAe","name":"Eva","surname":"EvaEva","email":"eva@dura.com","phone":"57","createdAt":"2026-01-24T01:03:29.60815Z","roleId":3,"role":{"id":3,"name":"Старший экструзионщик","code":"SeniorExtruder","description":"Замещение администратора","rank":3},"alarmEvents":[],"sentPartRequests":[],"receivedPartRequests":[],"sentShiftTransfers":[],"receivedShiftTransfers":[]},{"id":3,"login":"Adam","encryptedPassword":"$2a$12$iTkjevTNbrNYDPIRz.MUGuFN7TstoAQihCnmon3z9bQOiC.iBXRzq","name":"Адам","surname":"Первый","email":"first@people.world","phone":"555","createdAt":"2026-01-24T01:04:04.400925Z","roleId":4,"role":{"id":4,"name":"Старший кладовщик","code":"SeniorWarehouseman","description":"Склады и цеха","rank":3},"alarmEvents":[],"sentPartRequests":[],"receivedPartRequests":[],"sentShiftTransfers":[],"receivedShiftTransfers":[]}]
=======================================================

=======================================================
Timestamp: 2026-01-24T16:10:32.5616836Z
Method: GET
URL: /api/users/search?name=Cb
Status: 200
Duration: 384 ms
UserId: 
Client IP: ::1
User-Agent: 
Controller: Users, Action: GetByNameOrSurname
Response Body: []
=======================================================

=======================================================
Timestamp: 2026-01-24T16:10:32.5739761Z
Method: GET
URL: /api/users/search?name=Cbcn
Status: 200
Duration: 141 ms
UserId: 
Client IP: ::1
User-Agent: 
Controller: Users, Action: GetByNameOrSurname
Response Body: []
=======================================================

=======================================================
Timestamp: 2026-01-24T16:10:32.6812180Z
Method: GET
URL: /api/users
Status: 200
Duration: 329 ms
UserId: 
Client IP: ::1
User-Agent: 
Controller: Users, Action: GetAll
Response Body: [{"id":1,"login":"admin","encryptedPassword":"admin","name":"Админ","surname":"Системный","email":"admin@example.com","phone":"+71234567890","createdAt":"2026-01-24T01:00:36.671391Z","roleId":1,"role":{"id":1,"name":"Владелец","code":"Owner","description":"Полный доступ","rank":1},"alarmEvents":[],"sentPartRequests":[],"receivedPartRequests":[],"sentShiftTransfers":[],"receivedShiftTransfers":[]},{"id":2,"login":"eva","encryptedPassword":"$2a$12$Y0uuNdgaJp09PIOQ9JIhPuJV4BppFS8G0Z9ifm.GeDCWuf/xdumAe","name":"Eva","surname":"EvaEva","email":"eva@dura.com","phone":"57","createdAt":"2026-01-24T01:03:29.60815Z","roleId":3,"role":{"id":3,"name":"Старший экструзионщик","code":"SeniorExtruder","description":"Замещение администратора","rank":3},"alarmEvents":[],"sentPartRequests":[],"receivedPartRequests":[],"sentShiftTransfers":[],"receivedShiftTransfers":[]},{"id":3,"login":"Adam","encryptedPassword":"$2a$12$iTkjevTNbrNYDPIRz.MUGuFN7TstoAQihCnmon3z9bQOiC.iBXRzq","name":"Адам","surname":"Первый","email":"first@people.world","phone":"555","createdAt":"2026-01-24T01:04:04.400925Z","roleId":4,"role":{"id":4,"name":"Старший кладовщик","code":"SeniorWarehouseman","description":"Склады и цеха","rank":3},"alarmEvents":[],"sentPartRequests":[],"receivedPartRequests":[],"sentShiftTransfers":[],"receivedShiftTransfers":[]}]
=======================================================

=======================================================
Timestamp: 2026-01-24T16:10:32.8820694Z
Method: GET
URL: /api/users
Status: 200
Duration: 33 ms
UserId: 
Client IP: ::1
User-Agent: 
Controller: Users, Action: GetAll
Response Body: [{"id":1,"login":"admin","encryptedPassword":"admin","name":"Админ","surname":"Системный","email":"admin@example.com","phone":"+71234567890","createdAt":"2026-01-24T01:00:36.671391Z","roleId":1,"role":{"id":1,"name":"Владелец","code":"Owner","description":"Полный доступ","rank":1},"alarmEvents":[],"sentPartRequests":[],"receivedPartRequests":[],"sentShiftTransfers":[],"receivedShiftTransfers":[]},{"id":2,"login":"eva","encryptedPassword":"$2a$12$Y0uuNdgaJp09PIOQ9JIhPuJV4BppFS8G0Z9ifm.GeDCWuf/xdumAe","name":"Eva","surname":"EvaEva","email":"eva@dura.com","phone":"57","createdAt":"2026-01-24T01:03:29.60815Z","roleId":3,"role":{"id":3,"name":"Старший экструзионщик","code":"SeniorExtruder","description":"Замещение администратора","rank":3},"alarmEvents":[],"sentPartRequests":[],"receivedPartRequests":[],"sentShiftTransfers":[],"receivedShiftTransfers":[]},{"id":3,"login":"Adam","encryptedPassword":"$2a$12$iTkjevTNbrNYDPIRz.MUGuFN7TstoAQihCnmon3z9bQOiC.iBXRzq","name":"Адам","surname":"Первый","email":"first@people.world","phone":"555","createdAt":"2026-01-24T01:04:04.400925Z","roleId":4,"role":{"id":4,"name":"Старший кладовщик","code":"SeniorWarehouseman","description":"Склады и цеха","rank":3},"alarmEvents":[],"sentPartRequests":[],"receivedPartRequests":[],"sentShiftTransfers":[],"receivedShiftTransfers":[]}]
=======================================================

=======================================================
Timestamp: 2026-01-24T16:10:33.0976064Z
Method: GET
URL: /api/users
Status: 200
Duration: 6 ms
UserId: 
Client IP: ::1
User-Agent: 
Controller: Users, Action: GetAll
Response Body: [{"id":1,"login":"admin","encryptedPassword":"admin","name":"Админ","surname":"Системный","email":"admin@example.com","phone":"+71234567890","createdAt":"2026-01-24T01:00:36.671391Z","roleId":1,"role":{"id":1,"name":"Владелец","code":"Owner","description":"Полный доступ","rank":1},"alarmEvents":[],"sentPartRequests":[],"receivedPartRequests":[],"sentShiftTransfers":[],"receivedShiftTransfers":[]},{"id":2,"login":"eva","encryptedPassword":"$2a$12$Y0uuNdgaJp09PIOQ9JIhPuJV4BppFS8G0Z9ifm.GeDCWuf/xdumAe","name":"Eva","surname":"EvaEva","email":"eva@dura.com","phone":"57","createdAt":"2026-01-24T01:03:29.60815Z","roleId":3,"role":{"id":3,"name":"Старший экструзионщик","code":"SeniorExtruder","description":"Замещение администратора","rank":3},"alarmEvents":[],"sentPartRequests":[],"receivedPartRequests":[],"sentShiftTransfers":[],"receivedShiftTransfers":[]},{"id":3,"login":"Adam","encryptedPassword":"$2a$12$iTkjevTNbrNYDPIRz.MUGuFN7TstoAQihCnmon3z9bQOiC.iBXRzq","name":"Адам","surname":"Первый","email":"first@people.world","phone":"555","createdAt":"2026-01-24T01:04:04.400925Z","roleId":4,"role":{"id":4,"name":"Старший кладовщик","code":"SeniorWarehouseman","description":"Склады и цеха","rank":3},"alarmEvents":[],"sentPartRequests":[],"receivedPartRequests":[],"sentShiftTransfers":[],"receivedShiftTransfers":[]}]
=======================================================

=======================================================
Timestamp: 2026-01-24T16:10:33.0994368Z
Method: GET
URL: /api/users
Status: 200
Duration: 10 ms
UserId: 
Client IP: ::1
User-Agent: 
Controller: Users, Action: GetAll
Response Body: [{"id":1,"login":"admin","encryptedPassword":"admin","name":"Админ","surname":"Системный","email":"admin@example.com","phone":"+71234567890","createdAt":"2026-01-24T01:00:36.671391Z","roleId":1,"role":{"id":1,"name":"Владелец","code":"Owner","description":"Полный доступ","rank":1},"alarmEvents":[],"sentPartRequests":[],"receivedPartRequests":[],"sentShiftTransfers":[],"receivedShiftTransfers":[]},{"id":2,"login":"eva","encryptedPassword":"$2a$12$Y0uuNdgaJp09PIOQ9JIhPuJV4BppFS8G0Z9ifm.GeDCWuf/xdumAe","name":"Eva","surname":"EvaEva","email":"eva@dura.com","phone":"57","createdAt":"2026-01-24T01:03:29.60815Z","roleId":3,"role":{"id":3,"name":"Старший экструзионщик","code":"SeniorExtruder","description":"Замещение администратора","rank":3},"alarmEvents":[],"sentPartRequests":[],"receivedPartRequests":[],"sentShiftTransfers":[],"receivedShiftTransfers":[]},{"id":3,"login":"Adam","encryptedPassword":"$2a$12$iTkjevTNbrNYDPIRz.MUGuFN7TstoAQihCnmon3z9bQOiC.iBXRzq","name":"Адам","surname":"Первый","email":"first@people.world","phone":"555","createdAt":"2026-01-24T01:04:04.400925Z","roleId":4,"role":{"id":4,"name":"Старший кладовщик","code":"SeniorWarehouseman","description":"Склады и цеха","rank":3},"alarmEvents":[],"sentPartRequests":[],"receivedPartRequests":[],"sentShiftTransfers":[],"receivedShiftTransfers":[]}]
=======================================================

=======================================================
Timestamp: 2026-01-24T16:10:33.7012358Z
Method: GET
URL: /api/users/search?name=%D0%A1
Status: 200
Duration: 6 ms
UserId: 
Client IP: ::1
User-Agent: 
Controller: Users, Action: GetByNameOrSurname
Response Body: [{"id":1,"login":"admin","encryptedPassword":"admin","name":"Админ","surname":"Системный","email":"admin@example.com","phone":"+71234567890","createdAt":"2026-01-24T01:00:36.671391Z","roleId":1,"role":{"id":1,"name":"Владелец","code":"Owner","description":"Полный доступ","rank":1},"alarmEvents":[],"sentPartRequests":[],"receivedPartRequests":[],"sentShiftTransfers":[],"receivedShiftTransfers":[]}]
=======================================================

=======================================================
Timestamp: 2026-01-24T16:10:33.8933649Z
Method: GET
URL: /api/users/search?name=%D0%A1%D0%B8
Status: 200
Duration: 13 ms
UserId: 
Client IP: ::1
User-Agent: 
Controller: Users, Action: GetByNameOrSurname
Response Body: [{"id":1,"login":"admin","encryptedPassword":"admin","name":"Админ","surname":"Системный","email":"admin@example.com","phone":"+71234567890","createdAt":"2026-01-24T01:00:36.671391Z","roleId":1,"role":{"id":1,"name":"Владелец","code":"Owner","description":"Полный доступ","rank":1},"alarmEvents":[],"sentPartRequests":[],"receivedPartRequests":[],"sentShiftTransfers":[],"receivedShiftTransfers":[]}]
=======================================================

=======================================================
Timestamp: 2026-01-24T16:10:34.1403689Z
Method: GET
URL: /api/users
Status: 200
Duration: 71 ms
UserId: 
Client IP: ::1
User-Agent: 
Controller: Users, Action: GetAll
Response Body: [{"id":1,"login":"admin","encryptedPassword":"admin","name":"Админ","surname":"Системный","email":"admin@example.com","phone":"+71234567890","createdAt":"2026-01-24T01:00:36.671391Z","roleId":1,"role":{"id":1,"name":"Владелец","code":"Owner","description":"Полный доступ","rank":1},"alarmEvents":[],"sentPartRequests":[],"receivedPartRequests":[],"sentShiftTransfers":[],"receivedShiftTransfers":[]},{"id":2,"login":"eva","encryptedPassword":"$2a$12$Y0uuNdgaJp09PIOQ9JIhPuJV4BppFS8G0Z9ifm.GeDCWuf/xdumAe","name":"Eva","surname":"EvaEva","email":"eva@dura.com","phone":"57","createdAt":"2026-01-24T01:03:29.60815Z","roleId":3,"role":{"id":3,"name":"Старший экструзионщик","code":"SeniorExtruder","description":"Замещение администратора","rank":3},"alarmEvents":[],"sentPartRequests":[],"receivedPartRequests":[],"sentShiftTransfers":[],"receivedShiftTransfers":[]},{"id":3,"login":"Adam","encryptedPassword":"$2a$12$iTkjevTNbrNYDPIRz.MUGuFN7TstoAQihCnmon3z9bQOiC.iBXRzq","name":"Адам","surname":"Первый","email":"first@people.world","phone":"555","createdAt":"2026-01-24T01:04:04.400925Z","roleId":4,"role":{"id":4,"name":"Старший кладовщик","code":"SeniorWarehouseman","description":"Склады и цеха","rank":3},"alarmEvents":[],"sentPartRequests":[],"receivedPartRequests":[],"sentShiftTransfers":[],"receivedShiftTransfers":[]}]
=======================================================

=======================================================
Timestamp: 2026-01-24T16:10:34.3075748Z
Method: GET
URL: /api/users
Status: 200
Duration: 142 ms
UserId: 
Client IP: ::1
User-Agent: 
Controller: Users, Action: GetAll
Response Body: [{"id":1,"login":"admin","encryptedPassword":"admin","name":"Админ","surname":"Системный","email":"admin@example.com","phone":"+71234567890","createdAt":"2026-01-24T01:00:36.671391Z","roleId":1,"role":{"id":1,"name":"Владелец","code":"Owner","description":"Полный доступ","rank":1},"alarmEvents":[],"sentPartRequests":[],"receivedPartRequests":[],"sentShiftTransfers":[],"receivedShiftTransfers":[]},{"id":2,"login":"eva","encryptedPassword":"$2a$12$Y0uuNdgaJp09PIOQ9JIhPuJV4BppFS8G0Z9ifm.GeDCWuf/xdumAe","name":"Eva","surname":"EvaEva","email":"eva@dura.com","phone":"57","createdAt":"2026-01-24T01:03:29.60815Z","roleId":3,"role":{"id":3,"name":"Старший экструзионщик","code":"SeniorExtruder","description":"Замещение администратора","rank":3},"alarmEvents":[],"sentPartRequests":[],"receivedPartRequests":[],"sentShiftTransfers":[],"receivedShiftTransfers":[]},{"id":3,"login":"Adam","encryptedPassword":"$2a$12$iTkjevTNbrNYDPIRz.MUGuFN7TstoAQihCnmon3z9bQOiC.iBXRzq","name":"Адам","surname":"Первый","email":"first@people.world","phone":"555","createdAt":"2026-01-24T01:04:04.400925Z","roleId":4,"role":{"id":4,"name":"Старший кладовщик","code":"SeniorWarehouseman","description":"Склады и цеха","rank":3},"alarmEvents":[],"sentPartRequests":[],"receivedPartRequests":[],"sentShiftTransfers":[],"receivedShiftTransfers":[]}]
=======================================================

=======================================================
Timestamp: 2026-01-24T16:10:34.3198760Z
Method: GET
URL: /api/users/search?name=%D0%A1%D0%B8%D1%81%D1%82
Status: 200
Duration: 145 ms
UserId: 
Client IP: ::1
User-Agent: 
Controller: Users, Action: GetByNameOrSurname
Response Body: [{"id":1,"login":"admin","encryptedPassword":"admin","name":"Админ","surname":"Системный","email":"admin@example.com","phone":"+71234567890","createdAt":"2026-01-24T01:00:36.671391Z","roleId":1,"role":{"id":1,"name":"Владелец","code":"Owner","description":"Полный доступ","rank":1},"alarmEvents":[],"sentPartRequests":[],"receivedPartRequests":[],"sentShiftTransfers":[],"receivedShiftTransfers":[]}]
=======================================================

=======================================================
Timestamp: 2026-01-24T16:10:34.7865166Z
Method: GET
URL: /api/users
Status: 200
Duration: 13 ms
UserId: 
Client IP: ::1
User-Agent: 
Controller: Users, Action: GetAll
Response Body: [{"id":1,"login":"admin","encryptedPassword":"admin","name":"Админ","surname":"Системный","email":"admin@example.com","phone":"+71234567890","createdAt":"2026-01-24T01:00:36.671391Z","roleId":1,"role":{"id":1,"name":"Владелец","code":"Owner","description":"Полный доступ","rank":1},"alarmEvents":[],"sentPartRequests":[],"receivedPartRequests":[],"sentShiftTransfers":[],"receivedShiftTransfers":[]},{"id":2,"login":"eva","encryptedPassword":"$2a$12$Y0uuNdgaJp09PIOQ9JIhPuJV4BppFS8G0Z9ifm.GeDCWuf/xdumAe","name":"Eva","surname":"EvaEva","email":"eva@dura.com","phone":"57","createdAt":"2026-01-24T01:03:29.60815Z","roleId":3,"role":{"id":3,"name":"Старший экструзионщик","code":"SeniorExtruder","description":"Замещение администратора","rank":3},"alarmEvents":[],"sentPartRequests":[],"receivedPartRequests":[],"sentShiftTransfers":[],"receivedShiftTransfers":[]},{"id":3,"login":"Adam","encryptedPassword":"$2a$12$iTkjevTNbrNYDPIRz.MUGuFN7TstoAQihCnmon3z9bQOiC.iBXRzq","name":"Адам","surname":"Первый","email":"first@people.world","phone":"555","createdAt":"2026-01-24T01:04:04.400925Z","roleId":4,"role":{"id":4,"name":"Старший кладовщик","code":"SeniorWarehouseman","description":"Склады и цеха","rank":3},"alarmEvents":[],"sentPartRequests":[],"receivedPartRequests":[],"sentShiftTransfers":[],"receivedShiftTransfers":[]}]
=======================================================

=======================================================
Timestamp: 2026-01-24T16:10:35.7486616Z
Method: GET
URL: /api/users
Status: 200
Duration: 33 ms
UserId: 
Client IP: ::1
User-Agent: 
Controller: Users, Action: GetAll
Response Body: [{"id":1,"login":"admin","encryptedPassword":"admin","name":"Админ","surname":"Системный","email":"admin@example.com","phone":"+71234567890","createdAt":"2026-01-24T01:00:36.671391Z","roleId":1,"role":{"id":1,"name":"Владелец","code":"Owner","description":"Полный доступ","rank":1},"alarmEvents":[],"sentPartRequests":[],"receivedPartRequests":[],"sentShiftTransfers":[],"receivedShiftTransfers":[]},{"id":2,"login":"eva","encryptedPassword":"$2a$12$Y0uuNdgaJp09PIOQ9JIhPuJV4BppFS8G0Z9ifm.GeDCWuf/xdumAe","name":"Eva","surname":"EvaEva","email":"eva@dura.com","phone":"57","createdAt":"2026-01-24T01:03:29.60815Z","roleId":3,"role":{"id":3,"name":"Старший экструзионщик","code":"SeniorExtruder","description":"Замещение администратора","rank":3},"alarmEvents":[],"sentPartRequests":[],"receivedPartRequests":[],"sentShiftTransfers":[],"receivedShiftTransfers":[]},{"id":3,"login":"Adam","encryptedPassword":"$2a$12$iTkjevTNbrNYDPIRz.MUGuFN7TstoAQihCnmon3z9bQOiC.iBXRzq","name":"Адам","surname":"Первый","email":"first@people.world","phone":"555","createdAt":"2026-01-24T01:04:04.400925Z","roleId":4,"role":{"id":4,"name":"Старший кладовщик","code":"SeniorWarehouseman","description":"Склады и цеха","rank":3},"alarmEvents":[],"sentPartRequests":[],"receivedPartRequests":[],"sentShiftTransfers":[],"receivedShiftTransfers":[]}]
=======================================================

=======================================================
Timestamp: 2026-01-24T16:10:35.8179298Z
Method: GET
URL: /api/users
Status: 200
Duration: 76 ms
UserId: 
Client IP: ::1
User-Agent: 
Controller: Users, Action: GetAll
Response Body: [{"id":1,"login":"admin","encryptedPassword":"admin","name":"Админ","surname":"Системный","email":"admin@example.com","phone":"+71234567890","createdAt":"2026-01-24T01:00:36.671391Z","roleId":1,"role":{"id":1,"name":"Владелец","code":"Owner","description":"Полный доступ","rank":1},"alarmEvents":[],"sentPartRequests":[],"receivedPartRequests":[],"sentShiftTransfers":[],"receivedShiftTransfers":[]},{"id":2,"login":"eva","encryptedPassword":"$2a$12$Y0uuNdgaJp09PIOQ9JIhPuJV4BppFS8G0Z9ifm.GeDCWuf/xdumAe","name":"Eva","surname":"EvaEva","email":"eva@dura.com","phone":"57","createdAt":"2026-01-24T01:03:29.60815Z","roleId":3,"role":{"id":3,"name":"Старший экструзионщик","code":"SeniorExtruder","description":"Замещение администратора","rank":3},"alarmEvents":[],"sentPartRequests":[],"receivedPartRequests":[],"sentShiftTransfers":[],"receivedShiftTransfers":[]},{"id":3,"login":"Adam","encryptedPassword":"$2a$12$iTkjevTNbrNYDPIRz.MUGuFN7TstoAQihCnmon3z9bQOiC.iBXRzq","name":"Адам","surname":"Первый","email":"first@people.world","phone":"555","createdAt":"2026-01-24T01:04:04.400925Z","roleId":4,"role":{"id":4,"name":"Старший кладовщик","code":"SeniorWarehouseman","description":"Склады и цеха","rank":3},"alarmEvents":[],"sentPartRequests":[],"receivedPartRequests":[],"sentShiftTransfers":[],"receivedShiftTransfers":[]}]
=======================================================

=======================================================
Timestamp: 2026-01-24T16:10:36.2683546Z
Method: GET
URL: /api/users
Status: 200
Duration: 14 ms
UserId: 
Client IP: ::1
User-Agent: 
Controller: Users, Action: GetAll
Response Body: [{"id":1,"login":"admin","encryptedPassword":"admin","name":"Админ","surname":"Системный","email":"admin@example.com","phone":"+71234567890","createdAt":"2026-01-24T01:00:36.671391Z","roleId":1,"role":{"id":1,"name":"Владелец","code":"Owner","description":"Полный доступ","rank":1},"alarmEvents":[],"sentPartRequests":[],"receivedPartRequests":[],"sentShiftTransfers":[],"receivedShiftTransfers":[]},{"id":2,"login":"eva","encryptedPassword":"$2a$12$Y0uuNdgaJp09PIOQ9JIhPuJV4BppFS8G0Z9ifm.GeDCWuf/xdumAe","name":"Eva","surname":"EvaEva","email":"eva@dura.com","phone":"57","createdAt":"2026-01-24T01:03:29.60815Z","roleId":3,"role":{"id":3,"name":"Старший экструзионщик","code":"SeniorExtruder","description":"Замещение администратора","rank":3},"alarmEvents":[],"sentPartRequests":[],"receivedPartRequests":[],"sentShiftTransfers":[],"receivedShiftTransfers":[]},{"id":3,"login":"Adam","encryptedPassword":"$2a$12$iTkjevTNbrNYDPIRz.MUGuFN7TstoAQihCnmon3z9bQOiC.iBXRzq","name":"Адам","surname":"Первый","email":"first@people.world","phone":"555","createdAt":"2026-01-24T01:04:04.400925Z","roleId":4,"role":{"id":4,"name":"Старший кладовщик","code":"SeniorWarehouseman","description":"Склады и цеха","rank":3},"alarmEvents":[],"sentPartRequests":[],"receivedPartRequests":[],"sentShiftTransfers":[],"receivedShiftTransfers":[]}]
=======================================================

=======================================================
Timestamp: 2026-01-24T16:10:36.2733488Z
Method: GET
URL: /api/users/search?name=%D0%90
Status: 200
Duration: 9 ms
UserId: 
Client IP: ::1
User-Agent: 
Controller: Users, Action: GetByNameOrSurname
Response Body: [{"id":1,"login":"admin","encryptedPassword":"admin","name":"Админ","surname":"Системный","email":"admin@example.com","phone":"+71234567890","createdAt":"2026-01-24T01:00:36.671391Z","roleId":1,"role":{"id":1,"name":"Владелец","code":"Owner","description":"Полный доступ","rank":1},"alarmEvents":[],"sentPartRequests":[],"receivedPartRequests":[],"sentShiftTransfers":[],"receivedShiftTransfers":[]},{"id":3,"login":"Adam","encryptedPassword":"$2a$12$iTkjevTNbrNYDPIRz.MUGuFN7TstoAQihCnmon3z9bQOiC.iBXRzq","name":"Адам","surname":"Первый","email":"first@people.world","phone":"555","createdAt":"2026-01-24T01:04:04.400925Z","roleId":4,"role":{"id":4,"name":"Старший кладовщик","code":"SeniorWarehouseman","description":"Склады и цеха","rank":3},"alarmEvents":[],"sentPartRequests":[],"receivedPartRequests":[],"sentShiftTransfers":[],"receivedShiftTransfers":[]}]
=======================================================

=======================================================
Timestamp: 2026-01-24T16:10:36.5288563Z
Method: GET
URL: /api/users/search?name=%D0%90%D0%B4
Status: 200
Duration: 17 ms
UserId: 
Client IP: ::1
User-Agent: 
Controller: Users, Action: GetByNameOrSurname
Response Body: [{"id":1,"login":"admin","encryptedPassword":"admin","name":"Админ","surname":"Системный","email":"admin@example.com","phone":"+71234567890","createdAt":"2026-01-24T01:00:36.671391Z","roleId":1,"role":{"id":1,"name":"Владелец","code":"Owner","description":"Полный доступ","rank":1},"alarmEvents":[],"sentPartRequests":[],"receivedPartRequests":[],"sentShiftTransfers":[],"receivedShiftTransfers":[]},{"id":3,"login":"Adam","encryptedPassword":"$2a$12$iTkjevTNbrNYDPIRz.MUGuFN7TstoAQihCnmon3z9bQOiC.iBXRzq","name":"Адам","surname":"Первый","email":"first@people.world","phone":"555","createdAt":"2026-01-24T01:04:04.400925Z","roleId":4,"role":{"id":4,"name":"Старший кладовщик","code":"SeniorWarehouseman","description":"Склады и цеха","rank":3},"alarmEvents":[],"sentPartRequests":[],"receivedPartRequests":[],"sentShiftTransfers":[],"receivedShiftTransfers":[]}]
=======================================================

=======================================================
Timestamp: 2026-01-24T16:10:36.5308745Z
Method: GET
URL: /api/users
Status: 200
Duration: 91 ms
UserId: 
Client IP: ::1
User-Agent: 
Controller: Users, Action: GetAll
Response Body: [{"id":1,"login":"admin","encryptedPassword":"admin","name":"Админ","surname":"Системный","email":"admin@example.com","phone":"+71234567890","createdAt":"2026-01-24T01:00:36.671391Z","roleId":1,"role":{"id":1,"name":"Владелец","code":"Owner","description":"Полный доступ","rank":1},"alarmEvents":[],"sentPartRequests":[],"receivedPartRequests":[],"sentShiftTransfers":[],"receivedShiftTransfers":[]},{"id":2,"login":"eva","encryptedPassword":"$2a$12$Y0uuNdgaJp09PIOQ9JIhPuJV4BppFS8G0Z9ifm.GeDCWuf/xdumAe","name":"Eva","surname":"EvaEva","email":"eva@dura.com","phone":"57","createdAt":"2026-01-24T01:03:29.60815Z","roleId":3,"role":{"id":3,"name":"Старший экструзионщик","code":"SeniorExtruder","description":"Замещение администратора","rank":3},"alarmEvents":[],"sentPartRequests":[],"receivedPartRequests":[],"sentShiftTransfers":[],"receivedShiftTransfers":[]},{"id":3,"login":"Adam","encryptedPassword":"$2a$12$iTkjevTNbrNYDPIRz.MUGuFN7TstoAQihCnmon3z9bQOiC.iBXRzq","name":"Адам","surname":"Первый","email":"first@people.world","phone":"555","createdAt":"2026-01-24T01:04:04.400925Z","roleId":4,"role":{"id":4,"name":"Старший кладовщик","code":"SeniorWarehouseman","description":"Склады и цеха","rank":3},"alarmEvents":[],"sentPartRequests":[],"receivedPartRequests":[],"sentShiftTransfers":[],"receivedShiftTransfers":[]}]
=======================================================

=======================================================
Timestamp: 2026-01-24T16:10:36.6042703Z
Method: GET
URL: /api/users
Status: 200
Duration: 5 ms
UserId: 
Client IP: ::1
User-Agent: 
Controller: Users, Action: GetAll
Response Body: [{"id":1,"login":"admin","encryptedPassword":"admin","name":"Админ","surname":"Системный","email":"admin@example.com","phone":"+71234567890","createdAt":"2026-01-24T01:00:36.671391Z","roleId":1,"role":{"id":1,"name":"Владелец","code":"Owner","description":"Полный доступ","rank":1},"alarmEvents":[],"sentPartRequests":[],"receivedPartRequests":[],"sentShiftTransfers":[],"receivedShiftTransfers":[]},{"id":2,"login":"eva","encryptedPassword":"$2a$12$Y0uuNdgaJp09PIOQ9JIhPuJV4BppFS8G0Z9ifm.GeDCWuf/xdumAe","name":"Eva","surname":"EvaEva","email":"eva@dura.com","phone":"57","createdAt":"2026-01-24T01:03:29.60815Z","roleId":3,"role":{"id":3,"name":"Старший экструзионщик","code":"SeniorExtruder","description":"Замещение администратора","rank":3},"alarmEvents":[],"sentPartRequests":[],"receivedPartRequests":[],"sentShiftTransfers":[],"receivedShiftTransfers":[]},{"id":3,"login":"Adam","encryptedPassword":"$2a$12$iTkjevTNbrNYDPIRz.MUGuFN7TstoAQihCnmon3z9bQOiC.iBXRzq","name":"Адам","surname":"Первый","email":"first@people.world","phone":"555","createdAt":"2026-01-24T01:04:04.400925Z","roleId":4,"role":{"id":4,"name":"Старший кладовщик","code":"SeniorWarehouseman","description":"Склады и цеха","rank":3},"alarmEvents":[],"sentPartRequests":[],"receivedPartRequests":[],"sentShiftTransfers":[],"receivedShiftTransfers":[]}]
=======================================================

=======================================================
Timestamp: 2026-01-24T16:10:36.6074651Z
Method: GET
URL: /api/users/search?name=%D0%90%D0%B4%D0%BC
Status: 200
Duration: 10 ms
UserId: 
Client IP: ::1
User-Agent: 
Controller: Users, Action: GetByNameOrSurname
Response Body: [{"id":1,"login":"admin","encryptedPassword":"admin","name":"Админ","surname":"Системный","email":"admin@example.com","phone":"+71234567890","createdAt":"2026-01-24T01:00:36.671391Z","roleId":1,"role":{"id":1,"name":"Владелец","code":"Owner","description":"Полный доступ","rank":1},"alarmEvents":[],"sentPartRequests":[],"receivedPartRequests":[],"sentShiftTransfers":[],"receivedShiftTransfers":[]}]
=======================================================

=======================================================
Timestamp: 2026-01-24T16:10:36.7121605Z
Method: GET
URL: /api/users
Status: 200
Duration: 7 ms
UserId: 
Client IP: ::1
User-Agent: 
Controller: Users, Action: GetAll
Response Body: [{"id":1,"login":"admin","encryptedPassword":"admin","name":"Админ","surname":"Системный","email":"admin@example.com","phone":"+71234567890","createdAt":"2026-01-24T01:00:36.671391Z","roleId":1,"role":{"id":1,"name":"Владелец","code":"Owner","description":"Полный доступ","rank":1},"alarmEvents":[],"sentPartRequests":[],"receivedPartRequests":[],"sentShiftTransfers":[],"receivedShiftTransfers":[]},{"id":2,"login":"eva","encryptedPassword":"$2a$12$Y0uuNdgaJp09PIOQ9JIhPuJV4BppFS8G0Z9ifm.GeDCWuf/xdumAe","name":"Eva","surname":"EvaEva","email":"eva@dura.com","phone":"57","createdAt":"2026-01-24T01:03:29.60815Z","roleId":3,"role":{"id":3,"name":"Старший экструзионщик","code":"SeniorExtruder","description":"Замещение администратора","rank":3},"alarmEvents":[],"sentPartRequests":[],"receivedPartRequests":[],"sentShiftTransfers":[],"receivedShiftTransfers":[]},{"id":3,"login":"Adam","encryptedPassword":"$2a$12$iTkjevTNbrNYDPIRz.MUGuFN7TstoAQihCnmon3z9bQOiC.iBXRzq","name":"Адам","surname":"Первый","email":"first@people.world","phone":"555","createdAt":"2026-01-24T01:04:04.400925Z","roleId":4,"role":{"id":4,"name":"Старший кладовщик","code":"SeniorWarehouseman","description":"Склады и цеха","rank":3},"alarmEvents":[],"sentPartRequests":[],"receivedPartRequests":[],"sentShiftTransfers":[],"receivedShiftTransfers":[]}]
=======================================================

=======================================================
Timestamp: 2026-01-24T16:10:36.7263020Z
Method: GET
URL: /api/users/search?name=%D0%90%D0%B4%D0%BC%D0%B8
Status: 200
Duration: 14 ms
UserId: 
Client IP: ::1
User-Agent: 
Controller: Users, Action: GetByNameOrSurname
Response Body: [{"id":1,"login":"admin","encryptedPassword":"admin","name":"Админ","surname":"Системный","email":"admin@example.com","phone":"+71234567890","createdAt":"2026-01-24T01:00:36.671391Z","roleId":1,"role":{"id":1,"name":"Владелец","code":"Owner","description":"Полный доступ","rank":1},"alarmEvents":[],"sentPartRequests":[],"receivedPartRequests":[],"sentShiftTransfers":[],"receivedShiftTransfers":[]}]
=======================================================

=======================================================
Timestamp: 2026-01-24T16:10:36.7980098Z
Method: GET
URL: /api/users
Status: 200
Duration: 9 ms
UserId: 
Client IP: ::1
User-Agent: 
Controller: Users, Action: GetAll
Response Body: [{"id":1,"login":"admin","encryptedPassword":"admin","name":"Админ","surname":"Системный","email":"admin@example.com","phone":"+71234567890","createdAt":"2026-01-24T01:00:36.671391Z","roleId":1,"role":{"id":1,"name":"Владелец","code":"Owner","description":"Полный доступ","rank":1},"alarmEvents":[],"sentPartRequests":[],"receivedPartRequests":[],"sentShiftTransfers":[],"receivedShiftTransfers":[]},{"id":2,"login":"eva","encryptedPassword":"$2a$12$Y0uuNdgaJp09PIOQ9JIhPuJV4BppFS8G0Z9ifm.GeDCWuf/xdumAe","name":"Eva","surname":"EvaEva","email":"eva@dura.com","phone":"57","createdAt":"2026-01-24T01:03:29.60815Z","roleId":3,"role":{"id":3,"name":"Старший экструзионщик","code":"SeniorExtruder","description":"Замещение администратора","rank":3},"alarmEvents":[],"sentPartRequests":[],"receivedPartRequests":[],"sentShiftTransfers":[],"receivedShiftTransfers":[]},{"id":3,"login":"Adam","encryptedPassword":"$2a$12$iTkjevTNbrNYDPIRz.MUGuFN7TstoAQihCnmon3z9bQOiC.iBXRzq","name":"Адам","surname":"Первый","email":"first@people.world","phone":"555","createdAt":"2026-01-24T01:04:04.400925Z","roleId":4,"role":{"id":4,"name":"Старший кладовщик","code":"SeniorWarehouseman","description":"Склады и цеха","rank":3},"alarmEvents":[],"sentPartRequests":[],"receivedPartRequests":[],"sentShiftTransfers":[],"receivedShiftTransfers":[]}]
=======================================================

=======================================================
Timestamp: 2026-01-24T16:10:36.8001595Z
Method: GET
URL: /api/users/search?name=%D0%90%D0%B4%D0%BC%D0%B8%D0%BD
Status: 200
Duration: 35 ms
UserId: 
Client IP: ::1
User-Agent: 
Controller: Users, Action: GetByNameOrSurname
Response Body: [{"id":1,"login":"admin","encryptedPassword":"admin","name":"Админ","surname":"Системный","email":"admin@example.com","phone":"+71234567890","createdAt":"2026-01-24T01:00:36.671391Z","roleId":1,"role":{"id":1,"name":"Владелец","code":"Owner","description":"Полный доступ","rank":1},"alarmEvents":[],"sentPartRequests":[],"receivedPartRequests":[],"sentShiftTransfers":[],"receivedShiftTransfers":[]}]
=======================================================

=======================================================
Timestamp: 2026-01-24T16:10:37.7970689Z
Method: GET
URL: /api/users
Status: 200
Duration: 10 ms
UserId: 
Client IP: ::1
User-Agent: 
Controller: Users, Action: GetAll
Response Body: [{"id":1,"login":"admin","encryptedPassword":"admin","name":"Админ","surname":"Системный","email":"admin@example.com","phone":"+71234567890","createdAt":"2026-01-24T01:00:36.671391Z","roleId":1,"role":{"id":1,"name":"Владелец","code":"Owner","description":"Полный доступ","rank":1},"alarmEvents":[],"sentPartRequests":[],"receivedPartRequests":[],"sentShiftTransfers":[],"receivedShiftTransfers":[]},{"id":2,"login":"eva","encryptedPassword":"$2a$12$Y0uuNdgaJp09PIOQ9JIhPuJV4BppFS8G0Z9ifm.GeDCWuf/xdumAe","name":"Eva","surname":"EvaEva","email":"eva@dura.com","phone":"57","createdAt":"2026-01-24T01:03:29.60815Z","roleId":3,"role":{"id":3,"name":"Старший экструзионщик","code":"SeniorExtruder","description":"Замещение администратора","rank":3},"alarmEvents":[],"sentPartRequests":[],"receivedPartRequests":[],"sentShiftTransfers":[],"receivedShiftTransfers":[]},{"id":3,"login":"Adam","encryptedPassword":"$2a$12$iTkjevTNbrNYDPIRz.MUGuFN7TstoAQihCnmon3z9bQOiC.iBXRzq","name":"Адам","surname":"Первый","email":"first@people.world","phone":"555","createdAt":"2026-01-24T01:04:04.400925Z","roleId":4,"role":{"id":4,"name":"Старший кладовщик","code":"SeniorWarehouseman","description":"Склады и цеха","rank":3},"alarmEvents":[],"sentPartRequests":[],"receivedPartRequests":[],"sentShiftTransfers":[],"receivedShiftTransfers":[]}]
=======================================================

=======================================================
Timestamp: 2026-01-24T16:10:37.7996693Z
Method: GET
URL: /api/users
Status: 200
Duration: 18 ms
UserId: 
Client IP: ::1
User-Agent: 
Controller: Users, Action: GetAll
Response Body: [{"id":1,"login":"admin","encryptedPassword":"admin","name":"Админ","surname":"Системный","email":"admin@example.com","phone":"+71234567890","createdAt":"2026-01-24T01:00:36.671391Z","roleId":1,"role":{"id":1,"name":"Владелец","code":"Owner","description":"Полный доступ","rank":1},"alarmEvents":[],"sentPartRequests":[],"receivedPartRequests":[],"sentShiftTransfers":[],"receivedShiftTransfers":[]},{"id":2,"login":"eva","encryptedPassword":"$2a$12$Y0uuNdgaJp09PIOQ9JIhPuJV4BppFS8G0Z9ifm.GeDCWuf/xdumAe","name":"Eva","surname":"EvaEva","email":"eva@dura.com","phone":"57","createdAt":"2026-01-24T01:03:29.60815Z","roleId":3,"role":{"id":3,"name":"Старший экструзионщик","code":"SeniorExtruder","description":"Замещение администратора","rank":3},"alarmEvents":[],"sentPartRequests":[],"receivedPartRequests":[],"sentShiftTransfers":[],"receivedShiftTransfers":[]},{"id":3,"login":"Adam","encryptedPassword":"$2a$12$iTkjevTNbrNYDPIRz.MUGuFN7TstoAQihCnmon3z9bQOiC.iBXRzq","name":"Адам","surname":"Первый","email":"first@people.world","phone":"555","createdAt":"2026-01-24T01:04:04.400925Z","roleId":4,"role":{"id":4,"name":"Старший кладовщик","code":"SeniorWarehouseman","description":"Склады и цеха","rank":3},"alarmEvents":[],"sentPartRequests":[],"receivedPartRequests":[],"sentShiftTransfers":[],"receivedShiftTransfers":[]}]
=======================================================

=======================================================
Timestamp: 2026-01-24T16:10:39.1073536Z
Method: GET
URL: /api/users
Status: 200
Duration: 8 ms
UserId: 
Client IP: ::1
User-Agent: 
Controller: Users, Action: GetAll
Response Body: [{"id":1,"login":"admin","encryptedPassword":"admin","name":"Админ","surname":"Системный","email":"admin@example.com","phone":"+71234567890","createdAt":"2026-01-24T01:00:36.671391Z","roleId":1,"role":{"id":1,"name":"Владелец","code":"Owner","description":"Полный доступ","rank":1},"alarmEvents":[],"sentPartRequests":[],"receivedPartRequests":[],"sentShiftTransfers":[],"receivedShiftTransfers":[]},{"id":2,"login":"eva","encryptedPassword":"$2a$12$Y0uuNdgaJp09PIOQ9JIhPuJV4BppFS8G0Z9ifm.GeDCWuf/xdumAe","name":"Eva","surname":"EvaEva","email":"eva@dura.com","phone":"57","createdAt":"2026-01-24T01:03:29.60815Z","roleId":3,"role":{"id":3,"name":"Старший экструзионщик","code":"SeniorExtruder","description":"Замещение администратора","rank":3},"alarmEvents":[],"sentPartRequests":[],"receivedPartRequests":[],"sentShiftTransfers":[],"receivedShiftTransfers":[]},{"id":3,"login":"Adam","encryptedPassword":"$2a$12$iTkjevTNbrNYDPIRz.MUGuFN7TstoAQihCnmon3z9bQOiC.iBXRzq","name":"Адам","surname":"Первый","email":"first@people.world","phone":"555","createdAt":"2026-01-24T01:04:04.400925Z","roleId":4,"role":{"id":4,"name":"Старший кладовщик","code":"SeniorWarehouseman","description":"Склады и цеха","rank":3},"alarmEvents":[],"sentPartRequests":[],"receivedPartRequests":[],"sentShiftTransfers":[],"receivedShiftTransfers":[]}]
=======================================================

=======================================================
Timestamp: 2026-01-24T16:10:39.1365320Z
Method: GET
URL: /api/users/search?name=%D0%9F
Status: 200
Duration: 16 ms
UserId: 
Client IP: ::1
User-Agent: 
Controller: Users, Action: GetByNameOrSurname
Response Body: [{"id":3,"login":"Adam","encryptedPassword":"$2a$12$iTkjevTNbrNYDPIRz.MUGuFN7TstoAQihCnmon3z9bQOiC.iBXRzq","name":"Адам","surname":"Первый","email":"first@people.world","phone":"555","createdAt":"2026-01-24T01:04:04.400925Z","roleId":4,"role":{"id":4,"name":"Старший кладовщик","code":"SeniorWarehouseman","description":"Склады и цеха","rank":3},"alarmEvents":[],"sentPartRequests":[],"receivedPartRequests":[],"sentShiftTransfers":[],"receivedShiftTransfers":[]}]
=======================================================

=======================================================
Timestamp: 2026-01-24T16:10:39.5657790Z
Method: GET
URL: /api/users
Status: 200
Duration: 120 ms
UserId: 
Client IP: ::1
User-Agent: 
Controller: Users, Action: GetAll
Response Body: [{"id":1,"login":"admin","encryptedPassword":"admin","name":"Админ","surname":"Системный","email":"admin@example.com","phone":"+71234567890","createdAt":"2026-01-24T01:00:36.671391Z","roleId":1,"role":{"id":1,"name":"Владелец","code":"Owner","description":"Полный доступ","rank":1},"alarmEvents":[],"sentPartRequests":[],"receivedPartRequests":[],"sentShiftTransfers":[],"receivedShiftTransfers":[]},{"id":2,"login":"eva","encryptedPassword":"$2a$12$Y0uuNdgaJp09PIOQ9JIhPuJV4BppFS8G0Z9ifm.GeDCWuf/xdumAe","name":"Eva","surname":"EvaEva","email":"eva@dura.com","phone":"57","createdAt":"2026-01-24T01:03:29.60815Z","roleId":3,"role":{"id":3,"name":"Старший экструзионщик","code":"SeniorExtruder","description":"Замещение администратора","rank":3},"alarmEvents":[],"sentPartRequests":[],"receivedPartRequests":[],"sentShiftTransfers":[],"receivedShiftTransfers":[]},{"id":3,"login":"Adam","encryptedPassword":"$2a$12$iTkjevTNbrNYDPIRz.MUGuFN7TstoAQihCnmon3z9bQOiC.iBXRzq","name":"Адам","surname":"Первый","email":"first@people.world","phone":"555","createdAt":"2026-01-24T01:04:04.400925Z","roleId":4,"role":{"id":4,"name":"Старший кладовщик","code":"SeniorWarehouseman","description":"Склады и цеха","rank":3},"alarmEvents":[],"sentPartRequests":[],"receivedPartRequests":[],"sentShiftTransfers":[],"receivedShiftTransfers":[]}]
=======================================================

=======================================================
Timestamp: 2026-01-24T16:10:39.5778411Z
Method: GET
URL: /api/users/search?name=%D0%9F%D0%B5
Status: 200
Duration: 16 ms
UserId: 
Client IP: ::1
User-Agent: 
Controller: Users, Action: GetByNameOrSurname
Response Body: [{"id":3,"login":"Adam","encryptedPassword":"$2a$12$iTkjevTNbrNYDPIRz.MUGuFN7TstoAQihCnmon3z9bQOiC.iBXRzq","name":"Адам","surname":"Первый","email":"first@people.world","phone":"555","createdAt":"2026-01-24T01:04:04.400925Z","roleId":4,"role":{"id":4,"name":"Старший кладовщик","code":"SeniorWarehouseman","description":"Склады и цеха","rank":3},"alarmEvents":[],"sentPartRequests":[],"receivedPartRequests":[],"sentShiftTransfers":[],"receivedShiftTransfers":[]}]
=======================================================

=======================================================
Timestamp: 2026-01-24T16:10:39.7068902Z
Method: GET
URL: /api/users
Status: 200
Duration: 8 ms
UserId: 
Client IP: ::1
User-Agent: 
Controller: Users, Action: GetAll
Response Body: [{"id":1,"login":"admin","encryptedPassword":"admin","name":"Админ","surname":"Системный","email":"admin@example.com","phone":"+71234567890","createdAt":"2026-01-24T01:00:36.671391Z","roleId":1,"role":{"id":1,"name":"Владелец","code":"Owner","description":"Полный доступ","rank":1},"alarmEvents":[],"sentPartRequests":[],"receivedPartRequests":[],"sentShiftTransfers":[],"receivedShiftTransfers":[]},{"id":2,"login":"eva","encryptedPassword":"$2a$12$Y0uuNdgaJp09PIOQ9JIhPuJV4BppFS8G0Z9ifm.GeDCWuf/xdumAe","name":"Eva","surname":"EvaEva","email":"eva@dura.com","phone":"57","createdAt":"2026-01-24T01:03:29.60815Z","roleId":3,"role":{"id":3,"name":"Старший экструзионщик","code":"SeniorExtruder","description":"Замещение администратора","rank":3},"alarmEvents":[],"sentPartRequests":[],"receivedPartRequests":[],"sentShiftTransfers":[],"receivedShiftTransfers":[]},{"id":3,"login":"Adam","encryptedPassword":"$2a$12$iTkjevTNbrNYDPIRz.MUGuFN7TstoAQihCnmon3z9bQOiC.iBXRzq","name":"Адам","surname":"Первый","email":"first@people.world","phone":"555","createdAt":"2026-01-24T01:04:04.400925Z","roleId":4,"role":{"id":4,"name":"Старший кладовщик","code":"SeniorWarehouseman","description":"Склады и цеха","rank":3},"alarmEvents":[],"sentPartRequests":[],"receivedPartRequests":[],"sentShiftTransfers":[],"receivedShiftTransfers":[]}]
=======================================================

=======================================================
Timestamp: 2026-01-24T16:10:39.7165502Z
Method: GET
URL: /api/users/search?name=%D0%9F%D0%B5%D1%80
Status: 200
Duration: 18 ms
UserId: 
Client IP: ::1
User-Agent: 
Controller: Users, Action: GetByNameOrSurname
Response Body: [{"id":3,"login":"Adam","encryptedPassword":"$2a$12$iTkjevTNbrNYDPIRz.MUGuFN7TstoAQihCnmon3z9bQOiC.iBXRzq","name":"Адам","surname":"Первый","email":"first@people.world","phone":"555","createdAt":"2026-01-24T01:04:04.400925Z","roleId":4,"role":{"id":4,"name":"Старший кладовщик","code":"SeniorWarehouseman","description":"Склады и цеха","rank":3},"alarmEvents":[],"sentPartRequests":[],"receivedPartRequests":[],"sentShiftTransfers":[],"receivedShiftTransfers":[]}]
=======================================================

=======================================================
Timestamp: 2026-01-24T16:10:40.2113098Z
Method: GET
URL: /api/users
Status: 200
Duration: 13 ms
UserId: 
Client IP: ::1
User-Agent: 
Controller: Users, Action: GetAll
Response Body: [{"id":1,"login":"admin","encryptedPassword":"admin","name":"Админ","surname":"Системный","email":"admin@example.com","phone":"+71234567890","createdAt":"2026-01-24T01:00:36.671391Z","roleId":1,"role":{"id":1,"name":"Владелец","code":"Owner","description":"Полный доступ","rank":1},"alarmEvents":[],"sentPartRequests":[],"receivedPartRequests":[],"sentShiftTransfers":[],"receivedShiftTransfers":[]},{"id":2,"login":"eva","encryptedPassword":"$2a$12$Y0uuNdgaJp09PIOQ9JIhPuJV4BppFS8G0Z9ifm.GeDCWuf/xdumAe","name":"Eva","surname":"EvaEva","email":"eva@dura.com","phone":"57","createdAt":"2026-01-24T01:03:29.60815Z","roleId":3,"role":{"id":3,"name":"Старший экструзионщик","code":"SeniorExtruder","description":"Замещение администратора","rank":3},"alarmEvents":[],"sentPartRequests":[],"receivedPartRequests":[],"sentShiftTransfers":[],"receivedShiftTransfers":[]},{"id":3,"login":"Adam","encryptedPassword":"$2a$12$iTkjevTNbrNYDPIRz.MUGuFN7TstoAQihCnmon3z9bQOiC.iBXRzq","name":"Адам","surname":"Первый","email":"first@people.world","phone":"555","createdAt":"2026-01-24T01:04:04.400925Z","roleId":4,"role":{"id":4,"name":"Старший кладовщик","code":"SeniorWarehouseman","description":"Склады и цеха","rank":3},"alarmEvents":[],"sentPartRequests":[],"receivedPartRequests":[],"sentShiftTransfers":[],"receivedShiftTransfers":[]}]
=======================================================

=======================================================
Timestamp: 2026-01-24T16:10:40.2204122Z
Method: GET
URL: /api/users
Status: 200
Duration: 12 ms
UserId: 
Client IP: ::1
User-Agent: 
Controller: Users, Action: GetAll
Response Body: [{"id":1,"login":"admin","encryptedPassword":"admin","name":"Админ","surname":"Системный","email":"admin@example.com","phone":"+71234567890","createdAt":"2026-01-24T01:00:36.671391Z","roleId":1,"role":{"id":1,"name":"Владелец","code":"Owner","description":"Полный доступ","rank":1},"alarmEvents":[],"sentPartRequests":[],"receivedPartRequests":[],"sentShiftTransfers":[],"receivedShiftTransfers":[]},{"id":2,"login":"eva","encryptedPassword":"$2a$12$Y0uuNdgaJp09PIOQ9JIhPuJV4BppFS8G0Z9ifm.GeDCWuf/xdumAe","name":"Eva","surname":"EvaEva","email":"eva@dura.com","phone":"57","createdAt":"2026-01-24T01:03:29.60815Z","roleId":3,"role":{"id":3,"name":"Старший экструзионщик","code":"SeniorExtruder","description":"Замещение администратора","rank":3},"alarmEvents":[],"sentPartRequests":[],"receivedPartRequests":[],"sentShiftTransfers":[],"receivedShiftTransfers":[]},{"id":3,"login":"Adam","encryptedPassword":"$2a$12$iTkjevTNbrNYDPIRz.MUGuFN7TstoAQihCnmon3z9bQOiC.iBXRzq","name":"Адам","surname":"Первый","email":"first@people.world","phone":"555","createdAt":"2026-01-24T01:04:04.400925Z","roleId":4,"role":{"id":4,"name":"Старший кладовщик","code":"SeniorWarehouseman","description":"Склады и цеха","rank":3},"alarmEvents":[],"sentPartRequests":[],"receivedPartRequests":[],"sentShiftTransfers":[],"receivedShiftTransfers":[]}]
=======================================================

=======================================================
Timestamp: 2026-01-24T16:10:40.9296864Z
Method: GET
URL: /api/users
Status: 200
Duration: 12 ms
UserId: 
Client IP: ::1
User-Agent: 
Controller: Users, Action: GetAll
Response Body: [{"id":1,"login":"admin","encryptedPassword":"admin","name":"Админ","surname":"Системный","email":"admin@example.com","phone":"+71234567890","createdAt":"2026-01-24T01:00:36.671391Z","roleId":1,"role":{"id":1,"name":"Владелец","code":"Owner","description":"Полный доступ","rank":1},"alarmEvents":[],"sentPartRequests":[],"receivedPartRequests":[],"sentShiftTransfers":[],"receivedShiftTransfers":[]},{"id":2,"login":"eva","encryptedPassword":"$2a$12$Y0uuNdgaJp09PIOQ9JIhPuJV4BppFS8G0Z9ifm.GeDCWuf/xdumAe","name":"Eva","surname":"EvaEva","email":"eva@dura.com","phone":"57","createdAt":"2026-01-24T01:03:29.60815Z","roleId":3,"role":{"id":3,"name":"Старший экструзионщик","code":"SeniorExtruder","description":"Замещение администратора","rank":3},"alarmEvents":[],"sentPartRequests":[],"receivedPartRequests":[],"sentShiftTransfers":[],"receivedShiftTransfers":[]},{"id":3,"login":"Adam","encryptedPassword":"$2a$12$iTkjevTNbrNYDPIRz.MUGuFN7TstoAQihCnmon3z9bQOiC.iBXRzq","name":"Адам","surname":"Первый","email":"first@people.world","phone":"555","createdAt":"2026-01-24T01:04:04.400925Z","roleId":4,"role":{"id":4,"name":"Старший кладовщик","code":"SeniorWarehouseman","description":"Склады и цеха","rank":3},"alarmEvents":[],"sentPartRequests":[],"receivedPartRequests":[],"sentShiftTransfers":[],"receivedShiftTransfers":[]}]
=======================================================

=======================================================
Timestamp: 2026-01-24T16:10:41.0421900Z
Method: GET
URL: /api/users/search?name=%D0%90
Status: 200
Duration: 11 ms
UserId: 
Client IP: ::1
User-Agent: 
Controller: Users, Action: GetByNameOrSurname
Response Body: [{"id":1,"login":"admin","encryptedPassword":"admin","name":"Админ","surname":"Системный","email":"admin@example.com","phone":"+71234567890","createdAt":"2026-01-24T01:00:36.671391Z","roleId":1,"role":{"id":1,"name":"Владелец","code":"Owner","description":"Полный доступ","rank":1},"alarmEvents":[],"sentPartRequests":[],"receivedPartRequests":[],"sentShiftTransfers":[],"receivedShiftTransfers":[]},{"id":3,"login":"Adam","encryptedPassword":"$2a$12$iTkjevTNbrNYDPIRz.MUGuFN7TstoAQihCnmon3z9bQOiC.iBXRzq","name":"Адам","surname":"Первый","email":"first@people.world","phone":"555","createdAt":"2026-01-24T01:04:04.400925Z","roleId":4,"role":{"id":4,"name":"Старший кладовщик","code":"SeniorWarehouseman","description":"Склады и цеха","rank":3},"alarmEvents":[],"sentPartRequests":[],"receivedPartRequests":[],"sentShiftTransfers":[],"receivedShiftTransfers":[]}]
=======================================================

=======================================================
Timestamp: 2026-01-24T16:10:41.0723328Z
Method: GET
URL: /api/users
Status: 200
Duration: 13 ms
UserId: 
Client IP: ::1
User-Agent: 
Controller: Users, Action: GetAll
Response Body: [{"id":1,"login":"admin","encryptedPassword":"admin","name":"Админ","surname":"Системный","email":"admin@example.com","phone":"+71234567890","createdAt":"2026-01-24T01:00:36.671391Z","roleId":1,"role":{"id":1,"name":"Владелец","code":"Owner","description":"Полный доступ","rank":1},"alarmEvents":[],"sentPartRequests":[],"receivedPartRequests":[],"sentShiftTransfers":[],"receivedShiftTransfers":[]},{"id":2,"login":"eva","encryptedPassword":"$2a$12$Y0uuNdgaJp09PIOQ9JIhPuJV4BppFS8G0Z9ifm.GeDCWuf/xdumAe","name":"Eva","surname":"EvaEva","email":"eva@dura.com","phone":"57","createdAt":"2026-01-24T01:03:29.60815Z","roleId":3,"role":{"id":3,"name":"Старший экструзионщик","code":"SeniorExtruder","description":"Замещение администратора","rank":3},"alarmEvents":[],"sentPartRequests":[],"receivedPartRequests":[],"sentShiftTransfers":[],"receivedShiftTransfers":[]},{"id":3,"login":"Adam","encryptedPassword":"$2a$12$iTkjevTNbrNYDPIRz.MUGuFN7TstoAQihCnmon3z9bQOiC.iBXRzq","name":"Адам","surname":"Первый","email":"first@people.world","phone":"555","createdAt":"2026-01-24T01:04:04.400925Z","roleId":4,"role":{"id":4,"name":"Старший кладовщик","code":"SeniorWarehouseman","description":"Склады и цеха","rank":3},"alarmEvents":[],"sentPartRequests":[],"receivedPartRequests":[],"sentShiftTransfers":[],"receivedShiftTransfers":[]}]
=======================================================

=======================================================
Timestamp: 2026-01-24T16:10:41.2637547Z
Method: GET
URL: /api/users
Status: 200
Duration: 30 ms
UserId: 
Client IP: ::1
User-Agent: 
Controller: Users, Action: GetAll
Response Body: [{"id":1,"login":"admin","encryptedPassword":"admin","name":"Админ","surname":"Системный","email":"admin@example.com","phone":"+71234567890","createdAt":"2026-01-24T01:00:36.671391Z","roleId":1,"role":{"id":1,"name":"Владелец","code":"Owner","description":"Полный доступ","rank":1},"alarmEvents":[],"sentPartRequests":[],"receivedPartRequests":[],"sentShiftTransfers":[],"receivedShiftTransfers":[]},{"id":2,"login":"eva","encryptedPassword":"$2a$12$Y0uuNdgaJp09PIOQ9JIhPuJV4BppFS8G0Z9ifm.GeDCWuf/xdumAe","name":"Eva","surname":"EvaEva","email":"eva@dura.com","phone":"57","createdAt":"2026-01-24T01:03:29.60815Z","roleId":3,"role":{"id":3,"name":"Старший экструзионщик","code":"SeniorExtruder","description":"Замещение администратора","rank":3},"alarmEvents":[],"sentPartRequests":[],"receivedPartRequests":[],"sentShiftTransfers":[],"receivedShiftTransfers":[]},{"id":3,"login":"Adam","encryptedPassword":"$2a$12$iTkjevTNbrNYDPIRz.MUGuFN7TstoAQihCnmon3z9bQOiC.iBXRzq","name":"Адам","surname":"Первый","email":"first@people.world","phone":"555","createdAt":"2026-01-24T01:04:04.400925Z","roleId":4,"role":{"id":4,"name":"Старший кладовщик","code":"SeniorWarehouseman","description":"Склады и цеха","rank":3},"alarmEvents":[],"sentPartRequests":[],"receivedPartRequests":[],"sentShiftTransfers":[],"receivedShiftTransfers":[]}]
=======================================================

=======================================================
Timestamp: 2026-01-24T16:10:41.2724508Z
Method: GET
URL: /api/users/search?name=%D0%90%D0%B4%D0%B0
Status: 200
Duration: 45 ms
UserId: 
Client IP: ::1
User-Agent: 
Controller: Users, Action: GetByNameOrSurname
Response Body: [{"id":3,"login":"Adam","encryptedPassword":"$2a$12$iTkjevTNbrNYDPIRz.MUGuFN7TstoAQihCnmon3z9bQOiC.iBXRzq","name":"Адам","surname":"Первый","email":"first@people.world","phone":"555","createdAt":"2026-01-24T01:04:04.400925Z","roleId":4,"role":{"id":4,"name":"Старший кладовщик","code":"SeniorWarehouseman","description":"Склады и цеха","rank":3},"alarmEvents":[],"sentPartRequests":[],"receivedPartRequests":[],"sentShiftTransfers":[],"receivedShiftTransfers":[]}]
=======================================================

=======================================================
Timestamp: 2026-01-24T16:10:41.4990729Z
Method: GET
URL: /api/users
Status: 200
Duration: 21 ms
UserId: 
Client IP: ::1
User-Agent: 
Controller: Users, Action: GetAll
Response Body: [{"id":1,"login":"admin","encryptedPassword":"admin","name":"Админ","surname":"Системный","email":"admin@example.com","phone":"+71234567890","createdAt":"2026-01-24T01:00:36.671391Z","roleId":1,"role":{"id":1,"name":"Владелец","code":"Owner","description":"Полный доступ","rank":1},"alarmEvents":[],"sentPartRequests":[],"receivedPartRequests":[],"sentShiftTransfers":[],"receivedShiftTransfers":[]},{"id":2,"login":"eva","encryptedPassword":"$2a$12$Y0uuNdgaJp09PIOQ9JIhPuJV4BppFS8G0Z9ifm.GeDCWuf/xdumAe","name":"Eva","surname":"EvaEva","email":"eva@dura.com","phone":"57","createdAt":"2026-01-24T01:03:29.60815Z","roleId":3,"role":{"id":3,"name":"Старший экструзионщик","code":"SeniorExtruder","description":"Замещение администратора","rank":3},"alarmEvents":[],"sentPartRequests":[],"receivedPartRequests":[],"sentShiftTransfers":[],"receivedShiftTransfers":[]},{"id":3,"login":"Adam","encryptedPassword":"$2a$12$iTkjevTNbrNYDPIRz.MUGuFN7TstoAQihCnmon3z9bQOiC.iBXRzq","name":"Адам","surname":"Первый","email":"first@people.world","phone":"555","createdAt":"2026-01-24T01:04:04.400925Z","roleId":4,"role":{"id":4,"name":"Старший кладовщик","code":"SeniorWarehouseman","description":"Склады и цеха","rank":3},"alarmEvents":[],"sentPartRequests":[],"receivedPartRequests":[],"sentShiftTransfers":[],"receivedShiftTransfers":[]}]
=======================================================

=======================================================
Timestamp: 2026-01-24T16:10:41.5063590Z
Method: GET
URL: /api/users/search?name=%D0%90%D0%B4%D0%B0%D0%BC
Status: 200
Duration: 10 ms
UserId: 
Client IP: ::1
User-Agent: 
Controller: Users, Action: GetByNameOrSurname
Response Body: [{"id":3,"login":"Adam","encryptedPassword":"$2a$12$iTkjevTNbrNYDPIRz.MUGuFN7TstoAQihCnmon3z9bQOiC.iBXRzq","name":"Адам","surname":"Первый","email":"first@people.world","phone":"555","createdAt":"2026-01-24T01:04:04.400925Z","roleId":4,"role":{"id":4,"name":"Старший кладовщик","code":"SeniorWarehouseman","description":"Склады и цеха","rank":3},"alarmEvents":[],"sentPartRequests":[],"receivedPartRequests":[],"sentShiftTransfers":[],"receivedShiftTransfers":[]}]
=======================================================

=======================================================
Timestamp: 2026-01-24T16:10:42.7928329Z
Method: GET
URL: /api/users
Status: 200
Duration: 20 ms
UserId: 
Client IP: ::1
User-Agent: 
Controller: Users, Action: GetAll
Response Body: [{"id":1,"login":"admin","encryptedPassword":"admin","name":"Админ","surname":"Системный","email":"admin@example.com","phone":"+71234567890","createdAt":"2026-01-24T01:00:36.671391Z","roleId":1,"role":{"id":1,"name":"Владелец","code":"Owner","description":"Полный доступ","rank":1},"alarmEvents":[],"sentPartRequests":[],"receivedPartRequests":[],"sentShiftTransfers":[],"receivedShiftTransfers":[]},{"id":2,"login":"eva","encryptedPassword":"$2a$12$Y0uuNdgaJp09PIOQ9JIhPuJV4BppFS8G0Z9ifm.GeDCWuf/xdumAe","name":"Eva","surname":"EvaEva","email":"eva@dura.com","phone":"57","createdAt":"2026-01-24T01:03:29.60815Z","roleId":3,"role":{"id":3,"name":"Старший экструзионщик","code":"SeniorExtruder","description":"Замещение администратора","rank":3},"alarmEvents":[],"sentPartRequests":[],"receivedPartRequests":[],"sentShiftTransfers":[],"receivedShiftTransfers":[]},{"id":3,"login":"Adam","encryptedPassword":"$2a$12$iTkjevTNbrNYDPIRz.MUGuFN7TstoAQihCnmon3z9bQOiC.iBXRzq","name":"Адам","surname":"Первый","email":"first@people.world","phone":"555","createdAt":"2026-01-24T01:04:04.400925Z","roleId":4,"role":{"id":4,"name":"Старший кладовщик","code":"SeniorWarehouseman","description":"Склады и цеха","rank":3},"alarmEvents":[],"sentPartRequests":[],"receivedPartRequests":[],"sentShiftTransfers":[],"receivedShiftTransfers":[]}]
=======================================================

=======================================================
Timestamp: 2026-01-24T16:10:42.7983986Z
Method: GET
URL: /api/users/search?name=%D0%90%D0%B4%D0%B0%D0%BC
Status: 200
Duration: 10 ms
UserId: 
Client IP: ::1
User-Agent: 
Controller: Users, Action: GetByNameOrSurname
Response Body: [{"id":3,"login":"Adam","encryptedPassword":"$2a$12$iTkjevTNbrNYDPIRz.MUGuFN7TstoAQihCnmon3z9bQOiC.iBXRzq","name":"Адам","surname":"Первый","email":"first@people.world","phone":"555","createdAt":"2026-01-24T01:04:04.400925Z","roleId":4,"role":{"id":4,"name":"Старший кладовщик","code":"SeniorWarehouseman","description":"Склады и цеха","rank":3},"alarmEvents":[],"sentPartRequests":[],"receivedPartRequests":[],"sentShiftTransfers":[],"receivedShiftTransfers":[]}]
=======================================================

=======================================================
Timestamp: 2026-01-24T16:10:43.4130400Z
Method: GET
URL: /api/users
Status: 200
Duration: 60 ms
UserId: 
Client IP: ::1
User-Agent: 
Controller: Users, Action: GetAll
Response Body: [{"id":1,"login":"admin","encryptedPassword":"admin","name":"Админ","surname":"Системный","email":"admin@example.com","phone":"+71234567890","createdAt":"2026-01-24T01:00:36.671391Z","roleId":1,"role":{"id":1,"name":"Владелец","code":"Owner","description":"Полный доступ","rank":1},"alarmEvents":[],"sentPartRequests":[],"receivedPartRequests":[],"sentShiftTransfers":[],"receivedShiftTransfers":[]},{"id":2,"login":"eva","encryptedPassword":"$2a$12$Y0uuNdgaJp09PIOQ9JIhPuJV4BppFS8G0Z9ifm.GeDCWuf/xdumAe","name":"Eva","surname":"EvaEva","email":"eva@dura.com","phone":"57","createdAt":"2026-01-24T01:03:29.60815Z","roleId":3,"role":{"id":3,"name":"Старший экструзионщик","code":"SeniorExtruder","description":"Замещение администратора","rank":3},"alarmEvents":[],"sentPartRequests":[],"receivedPartRequests":[],"sentShiftTransfers":[],"receivedShiftTransfers":[]},{"id":3,"login":"Adam","encryptedPassword":"$2a$12$iTkjevTNbrNYDPIRz.MUGuFN7TstoAQihCnmon3z9bQOiC.iBXRzq","name":"Адам","surname":"Первый","email":"first@people.world","phone":"555","createdAt":"2026-01-24T01:04:04.400925Z","roleId":4,"role":{"id":4,"name":"Старший кладовщик","code":"SeniorWarehouseman","description":"Склады и цеха","rank":3},"alarmEvents":[],"sentPartRequests":[],"receivedPartRequests":[],"sentShiftTransfers":[],"receivedShiftTransfers":[]}]
=======================================================

=======================================================
Timestamp: 2026-01-24T16:10:43.4806584Z
Method: GET
URL: /api/users/search?name=%D0%90%D0%B4%D0%B0%D0%BC&surname=%D0%9F
Status: 200
Duration: 57 ms
UserId: 
Client IP: ::1
User-Agent: 
Controller: Users, Action: GetByNameOrSurname
Response Body: [{"id":3,"login":"Adam","encryptedPassword":"$2a$12$iTkjevTNbrNYDPIRz.MUGuFN7TstoAQihCnmon3z9bQOiC.iBXRzq","name":"Адам","surname":"Первый","email":"first@people.world","phone":"555","createdAt":"2026-01-24T01:04:04.400925Z","roleId":4,"role":{"id":4,"name":"Старший кладовщик","code":"SeniorWarehouseman","description":"Склады и цеха","rank":3},"alarmEvents":[],"sentPartRequests":[],"receivedPartRequests":[],"sentShiftTransfers":[],"receivedShiftTransfers":[]}]
=======================================================

=======================================================
Timestamp: 2026-01-24T16:10:44.1645664Z
Method: GET
URL: /api/users
Status: 200
Duration: 455 ms
UserId: 
Client IP: ::1
User-Agent: 
Controller: Users, Action: GetAll
Response Body: [{"id":1,"login":"admin","encryptedPassword":"admin","name":"Админ","surname":"Системный","email":"admin@example.com","phone":"+71234567890","createdAt":"2026-01-24T01:00:36.671391Z","roleId":1,"role":{"id":1,"name":"Владелец","code":"Owner","description":"Полный доступ","rank":1},"alarmEvents":[],"sentPartRequests":[],"receivedPartRequests":[],"sentShiftTransfers":[],"receivedShiftTransfers":[]},{"id":2,"login":"eva","encryptedPassword":"$2a$12$Y0uuNdgaJp09PIOQ9JIhPuJV4BppFS8G0Z9ifm.GeDCWuf/xdumAe","name":"Eva","surname":"EvaEva","email":"eva@dura.com","phone":"57","createdAt":"2026-01-24T01:03:29.60815Z","roleId":3,"role":{"id":3,"name":"Старший экструзионщик","code":"SeniorExtruder","description":"Замещение администратора","rank":3},"alarmEvents":[],"sentPartRequests":[],"receivedPartRequests":[],"sentShiftTransfers":[],"receivedShiftTransfers":[]},{"id":3,"login":"Adam","encryptedPassword":"$2a$12$iTkjevTNbrNYDPIRz.MUGuFN7TstoAQihCnmon3z9bQOiC.iBXRzq","name":"Адам","surname":"Первый","email":"first@people.world","phone":"555","createdAt":"2026-01-24T01:04:04.400925Z","roleId":4,"role":{"id":4,"name":"Старший кладовщик","code":"SeniorWarehouseman","description":"Склады и цеха","rank":3},"alarmEvents":[],"sentPartRequests":[],"receivedPartRequests":[],"sentShiftTransfers":[],"receivedShiftTransfers":[]}]
=======================================================

=======================================================
Timestamp: 2026-01-24T16:10:47.0096831Z
Method: GET
URL: /api/users
Status: 200
Duration: 1595 ms
UserId: 
Client IP: ::1
User-Agent: 
Controller: Users, Action: GetAll
Response Body: [{"id":1,"login":"admin","encryptedPassword":"admin","name":"Админ","surname":"Системный","email":"admin@example.com","phone":"+71234567890","createdAt":"2026-01-24T01:00:36.671391Z","roleId":1,"role":{"id":1,"name":"Владелец","code":"Owner","description":"Полный доступ","rank":1},"alarmEvents":[],"sentPartRequests":[],"receivedPartRequests":[],"sentShiftTransfers":[],"receivedShiftTransfers":[]},{"id":2,"login":"eva","encryptedPassword":"$2a$12$Y0uuNdgaJp09PIOQ9JIhPuJV4BppFS8G0Z9ifm.GeDCWuf/xdumAe","name":"Eva","surname":"EvaEva","email":"eva@dura.com","phone":"57","createdAt":"2026-01-24T01:03:29.60815Z","roleId":3,"role":{"id":3,"name":"Старший экструзионщик","code":"SeniorExtruder","description":"Замещение администратора","rank":3},"alarmEvents":[],"sentPartRequests":[],"receivedPartRequests":[],"sentShiftTransfers":[],"receivedShiftTransfers":[]},{"id":3,"login":"Adam","encryptedPassword":"$2a$12$iTkjevTNbrNYDPIRz.MUGuFN7TstoAQihCnmon3z9bQOiC.iBXRzq","name":"Адам","surname":"Первый","email":"first@people.world","phone":"555","createdAt":"2026-01-24T01:04:04.400925Z","roleId":4,"role":{"id":4,"name":"Старший кладовщик","code":"SeniorWarehouseman","description":"Склады и цеха","rank":3},"alarmEvents":[],"sentPartRequests":[],"receivedPartRequests":[],"sentShiftTransfers":[],"receivedShiftTransfers":[]}]
=======================================================

=======================================================
Timestamp: 2026-01-24T16:10:50.3702928Z
Method: GET
URL: /api/users/search?name=%D0%90%D0%B4%D0%B0%D0%BC&surname=%D0%9F%D0%B5%D1%80%D0%B2%D1%8B
Status: 200
Duration: 2368 ms
UserId: 
Client IP: ::1
User-Agent: 
Controller: Users, Action: GetByNameOrSurname
Response Body: [{"id":3,"login":"Adam","encryptedPassword":"$2a$12$iTkjevTNbrNYDPIRz.MUGuFN7TstoAQihCnmon3z9bQOiC.iBXRzq","name":"Адам","surname":"Первый","email":"first@people.world","phone":"555","createdAt":"2026-01-24T01:04:04.400925Z","roleId":4,"role":{"id":4,"name":"Старший кладовщик","code":"SeniorWarehouseman","description":"Склады и цеха","rank":3},"alarmEvents":[],"sentPartRequests":[],"receivedPartRequests":[],"sentShiftTransfers":[],"receivedShiftTransfers":[]}]
=======================================================

=======================================================
Timestamp: 2026-01-24T16:10:51.5707698Z
Method: GET
URL: /api/users/search?name=%D0%90%D0%B4%D0%B0%D0%BC&surname=%D0%9F%D0%B5%D1%80
Status: 200
Duration: 2480 ms
UserId: 
Client IP: ::1
User-Agent: 
Controller: Users, Action: GetByNameOrSurname
Response Body: [{"id":3,"login":"Adam","encryptedPassword":"$2a$12$iTkjevTNbrNYDPIRz.MUGuFN7TstoAQihCnmon3z9bQOiC.iBXRzq","name":"Адам","surname":"Первый","email":"first@people.world","phone":"555","createdAt":"2026-01-24T01:04:04.400925Z","roleId":4,"role":{"id":4,"name":"Старший кладовщик","code":"SeniorWarehouseman","description":"Склады и цеха","rank":3},"alarmEvents":[],"sentPartRequests":[],"receivedPartRequests":[],"sentShiftTransfers":[],"receivedShiftTransfers":[]}]
=======================================================

=======================================================
Timestamp: 2026-01-24T16:10:54.0494933Z
Method: GET
URL: /api/users
Status: 200
Duration: 4546 ms
UserId: 
Client IP: ::1
User-Agent: 
Controller: Users, Action: GetAll
Response Body: [{"id":1,"login":"admin","encryptedPassword":"admin","name":"Админ","surname":"Системный","email":"admin@example.com","phone":"+71234567890","createdAt":"2026-01-24T01:00:36.671391Z","roleId":1,"role":{"id":1,"name":"Владелец","code":"Owner","description":"Полный доступ","rank":1},"alarmEvents":[],"sentPartRequests":[],"receivedPartRequests":[],"sentShiftTransfers":[],"receivedShiftTransfers":[]},{"id":2,"login":"eva","encryptedPassword":"$2a$12$Y0uuNdgaJp09PIOQ9JIhPuJV4BppFS8G0Z9ifm.GeDCWuf/xdumAe","name":"Eva","surname":"EvaEva","email":"eva@dura.com","phone":"57","createdAt":"2026-01-24T01:03:29.60815Z","roleId":3,"role":{"id":3,"name":"Старший экструзионщик","code":"SeniorExtruder","description":"Замещение администратора","rank":3},"alarmEvents":[],"sentPartRequests":[],"receivedPartRequests":[],"sentShiftTransfers":[],"receivedShiftTransfers":[]},{"id":3,"login":"Adam","encryptedPassword":"$2a$12$iTkjevTNbrNYDPIRz.MUGuFN7TstoAQihCnmon3z9bQOiC.iBXRzq","name":"Адам","surname":"Первый","email":"first@people.world","phone":"555","createdAt":"2026-01-24T01:04:04.400925Z","roleId":4,"role":{"id":4,"name":"Старший кладовщик","code":"SeniorWarehouseman","description":"Склады и цеха","rank":3},"alarmEvents":[],"sentPartRequests":[],"receivedPartRequests":[],"sentShiftTransfers":[],"receivedShiftTransfers":[]}]
=======================================================

=======================================================
Timestamp: 2026-01-24T16:10:56.6244359Z
Method: GET
URL: /api/users
Status: 200
Duration: 592 ms
UserId: 
Client IP: ::1
User-Agent: 
Controller: Users, Action: GetAll
Response Body: [{"id":1,"login":"admin","encryptedPassword":"admin","name":"Админ","surname":"Системный","email":"admin@example.com","phone":"+71234567890","createdAt":"2026-01-24T01:00:36.671391Z","roleId":1,"role":{"id":1,"name":"Владелец","code":"Owner","description":"Полный доступ","rank":1},"alarmEvents":[],"sentPartRequests":[],"receivedPartRequests":[],"sentShiftTransfers":[],"receivedShiftTransfers":[]},{"id":2,"login":"eva","encryptedPassword":"$2a$12$Y0uuNdgaJp09PIOQ9JIhPuJV4BppFS8G0Z9ifm.GeDCWuf/xdumAe","name":"Eva","surname":"EvaEva","email":"eva@dura.com","phone":"57","createdAt":"2026-01-24T01:03:29.60815Z","roleId":3,"role":{"id":3,"name":"Старший экструзионщик","code":"SeniorExtruder","description":"Замещение администратора","rank":3},"alarmEvents":[],"sentPartRequests":[],"receivedPartRequests":[],"sentShiftTransfers":[],"receivedShiftTransfers":[]},{"id":3,"login":"Adam","encryptedPassword":"$2a$12$iTkjevTNbrNYDPIRz.MUGuFN7TstoAQihCnmon3z9bQOiC.iBXRzq","name":"Адам","surname":"Первый","email":"first@people.world","phone":"555","createdAt":"2026-01-24T01:04:04.400925Z","roleId":4,"role":{"id":4,"name":"Старший кладовщик","code":"SeniorWarehouseman","description":"Склады и цеха","rank":3},"alarmEvents":[],"sentPartRequests":[],"receivedPartRequests":[],"sentShiftTransfers":[],"receivedShiftTransfers":[]}]
=======================================================

=======================================================
Timestamp: 2026-01-24T16:10:58.1710699Z
Method: GET
URL: /api/users/search?name=%D0%90%D0%B4%D0%B0%D0%BC
Status: 200
Duration: 9573 ms
UserId: 
Client IP: ::1
User-Agent: 
Controller: Users, Action: GetByNameOrSurname
Response Body: [{"id":3,"login":"Adam","encryptedPassword":"$2a$12$iTkjevTNbrNYDPIRz.MUGuFN7TstoAQihCnmon3z9bQOiC.iBXRzq","name":"Адам","surname":"Первый","email":"first@people.world","phone":"555","createdAt":"2026-01-24T01:04:04.400925Z","roleId":4,"role":{"id":4,"name":"Старший кладовщик","code":"SeniorWarehouseman","description":"Склады и цеха","rank":3},"alarmEvents":[],"sentPartRequests":[],"receivedPartRequests":[],"sentShiftTransfers":[],"receivedShiftTransfers":[]}]
=======================================================

=======================================================
Timestamp: 2026-01-24T16:10:58.4211555Z
Method: GET
URL: /api/users/search?name=%D0%9F
Status: 200
Duration: 10215 ms
UserId: 
Client IP: ::1
User-Agent: 
Controller: Users, Action: GetByNameOrSurname
Response Body: [{"id":3,"login":"Adam","encryptedPassword":"$2a$12$iTkjevTNbrNYDPIRz.MUGuFN7TstoAQihCnmon3z9bQOiC.iBXRzq","name":"Адам","surname":"Первый","email":"first@people.world","phone":"555","createdAt":"2026-01-24T01:04:04.400925Z","roleId":4,"role":{"id":4,"name":"Старший кладовщик","code":"SeniorWarehouseman","description":"Склады и цеха","rank":3},"alarmEvents":[],"sentPartRequests":[],"receivedPartRequests":[],"sentShiftTransfers":[],"receivedShiftTransfers":[]}]
=======================================================

=======================================================
Timestamp: 2026-01-24T16:10:58.6154897Z
Method: GET
URL: /api/users/search?name=%D0%9F%D0%B5%D1%80%D0%B2%D1%8B
Status: 200
Duration: 10445 ms
UserId: 
Client IP: ::1
User-Agent: 
Controller: Users, Action: GetByNameOrSurname
Response Body: [{"id":3,"login":"Adam","encryptedPassword":"$2a$12$iTkjevTNbrNYDPIRz.MUGuFN7TstoAQihCnmon3z9bQOiC.iBXRzq","name":"Адам","surname":"Первый","email":"first@people.world","phone":"555","createdAt":"2026-01-24T01:04:04.400925Z","roleId":4,"role":{"id":4,"name":"Старший кладовщик","code":"SeniorWarehouseman","description":"Склады и цеха","rank":3},"alarmEvents":[],"sentPartRequests":[],"receivedPartRequests":[],"sentShiftTransfers":[],"receivedShiftTransfers":[]}]
=======================================================

=======================================================
Timestamp: 2026-01-24T16:10:58.6891866Z
Method: GET
URL: /api/users/search?name=%D0%9F%D0%B5%D1%80%D0%B2%D1%8B%D0%B9&surname=%D0%90
Status: 200
Duration: 153 ms
UserId: 
Client IP: ::1
User-Agent: 
Controller: Users, Action: GetByNameOrSurname
Response Body: [{"id":3,"login":"Adam","encryptedPassword":"$2a$12$iTkjevTNbrNYDPIRz.MUGuFN7TstoAQihCnmon3z9bQOiC.iBXRzq","name":"Адам","surname":"Первый","email":"first@people.world","phone":"555","createdAt":"2026-01-24T01:04:04.400925Z","roleId":4,"role":{"id":4,"name":"Старший кладовщик","code":"SeniorWarehouseman","description":"Склады и цеха","rank":3},"alarmEvents":[],"sentPartRequests":[],"receivedPartRequests":[],"sentShiftTransfers":[],"receivedShiftTransfers":[]}]
=======================================================

=======================================================
Timestamp: 2026-01-24T16:10:58.8297845Z
Method: GET
URL: /api/users/search?name=%D0%9F%D0%B5%D1%80%D0%B2%D1%8B%D0%B9&surname=%D0%90%D0%B4%D0%B0%D0%BC
Status: 200
Duration: 111 ms
UserId: 
Client IP: ::1
User-Agent: 
Controller: Users, Action: GetByNameOrSurname
Response Body: [{"id":3,"login":"Adam","encryptedPassword":"$2a$12$iTkjevTNbrNYDPIRz.MUGuFN7TstoAQihCnmon3z9bQOiC.iBXRzq","name":"Адам","surname":"Первый","email":"first@people.world","phone":"555","createdAt":"2026-01-24T01:04:04.400925Z","roleId":4,"role":{"id":4,"name":"Старший кладовщик","code":"SeniorWarehouseman","description":"Склады и цеха","rank":3},"alarmEvents":[],"sentPartRequests":[],"receivedPartRequests":[],"sentShiftTransfers":[],"receivedShiftTransfers":[]}]
=======================================================

=======================================================
Timestamp: 2026-01-24T16:10:58.8696239Z
Method: GET
URL: /api/users/search?name=%D0%9F%D0%B5%D1%80%D0%B2%D1%8B%D0%B9&surname=%D0%90%D0%B4
Status: 200
Duration: 160 ms
UserId: 
Client IP: ::1
User-Agent: 
Controller: Users, Action: GetByNameOrSurname
Response Body: [{"id":3,"login":"Adam","encryptedPassword":"$2a$12$iTkjevTNbrNYDPIRz.MUGuFN7TstoAQihCnmon3z9bQOiC.iBXRzq","name":"Адам","surname":"Первый","email":"first@people.world","phone":"555","createdAt":"2026-01-24T01:04:04.400925Z","roleId":4,"role":{"id":4,"name":"Старший кладовщик","code":"SeniorWarehouseman","description":"Склады и цеха","rank":3},"alarmEvents":[],"sentPartRequests":[],"receivedPartRequests":[],"sentShiftTransfers":[],"receivedShiftTransfers":[]}]
=======================================================

=======================================================
Timestamp: 2026-01-24T16:10:58.9447030Z
Method: GET
URL: /api/users/search?name=%D0%9F%D0%B5%D1%80%D0%B2%D1%8B%D0%B9
Status: 200
Duration: 6037 ms
UserId: 
Client IP: ::1
User-Agent: 
Controller: Users, Action: GetByNameOrSurname
Response Body: [{"id":3,"login":"Adam","encryptedPassword":"$2a$12$iTkjevTNbrNYDPIRz.MUGuFN7TstoAQihCnmon3z9bQOiC.iBXRzq","name":"Адам","surname":"Первый","email":"first@people.world","phone":"555","createdAt":"2026-01-24T01:04:04.400925Z","roleId":4,"role":{"id":4,"name":"Старший кладовщик","code":"SeniorWarehouseman","description":"Склады и цеха","rank":3},"alarmEvents":[],"sentPartRequests":[],"receivedPartRequests":[],"sentShiftTransfers":[],"receivedShiftTransfers":[]}]
=======================================================

=======================================================
Timestamp: 2026-01-24T16:10:58.9913705Z
Method: GET
URL: /api/users
Status: 200
Duration: 180 ms
UserId: 
Client IP: ::1
User-Agent: 
Controller: Users, Action: GetAll
Response Body: [{"id":1,"login":"admin","encryptedPassword":"admin","name":"Админ","surname":"Системный","email":"admin@example.com","phone":"+71234567890","createdAt":"2026-01-24T01:00:36.671391Z","roleId":1,"role":{"id":1,"name":"Владелец","code":"Owner","description":"Полный доступ","rank":1},"alarmEvents":[],"sentPartRequests":[],"receivedPartRequests":[],"sentShiftTransfers":[],"receivedShiftTransfers":[]},{"id":2,"login":"eva","encryptedPassword":"$2a$12$Y0uuNdgaJp09PIOQ9JIhPuJV4BppFS8G0Z9ifm.GeDCWuf/xdumAe","name":"Eva","surname":"EvaEva","email":"eva@dura.com","phone":"57","createdAt":"2026-01-24T01:03:29.60815Z","roleId":3,"role":{"id":3,"name":"Старший экструзионщик","code":"SeniorExtruder","description":"Замещение администратора","rank":3},"alarmEvents":[],"sentPartRequests":[],"receivedPartRequests":[],"sentShiftTransfers":[],"receivedShiftTransfers":[]},{"id":3,"login":"Adam","encryptedPassword":"$2a$12$iTkjevTNbrNYDPIRz.MUGuFN7TstoAQihCnmon3z9bQOiC.iBXRzq","name":"Адам","surname":"Первый","email":"first@people.world","phone":"555","createdAt":"2026-01-24T01:04:04.400925Z","roleId":4,"role":{"id":4,"name":"Старший кладовщик","code":"SeniorWarehouseman","description":"Склады и цеха","rank":3},"alarmEvents":[],"sentPartRequests":[],"receivedPartRequests":[],"sentShiftTransfers":[],"receivedShiftTransfers":[]}]
=======================================================

=======================================================
Timestamp: 2026-01-24T16:10:59.0085349Z
Method: GET
URL: /api/users/search?name=%D0%9F%D0%B5%D1%80%D0%B2%D1%8B%D0%B9
Status: 200
Duration: 297 ms
UserId: 
Client IP: ::1
User-Agent: 
Controller: Users, Action: GetByNameOrSurname
Response Body: [{"id":3,"login":"Adam","encryptedPassword":"$2a$12$iTkjevTNbrNYDPIRz.MUGuFN7TstoAQihCnmon3z9bQOiC.iBXRzq","name":"Адам","surname":"Первый","email":"first@people.world","phone":"555","createdAt":"2026-01-24T01:04:04.400925Z","roleId":4,"role":{"id":4,"name":"Старший кладовщик","code":"SeniorWarehouseman","description":"Склады и цеха","rank":3},"alarmEvents":[],"sentPartRequests":[],"receivedPartRequests":[],"sentShiftTransfers":[],"receivedShiftTransfers":[]}]
=======================================================

=======================================================
Timestamp: 2026-01-24T16:10:59.0267418Z
Method: GET
URL: /api/users/search?name=%D0%9F%D0%B5%D1%80%D0%B2%D1%8B%D0%B9
Status: 200
Duration: 141 ms
UserId: 
Client IP: ::1
User-Agent: 
Controller: Users, Action: GetByNameOrSurname
Response Body: [{"id":3,"login":"Adam","encryptedPassword":"$2a$12$iTkjevTNbrNYDPIRz.MUGuFN7TstoAQihCnmon3z9bQOiC.iBXRzq","name":"Адам","surname":"Первый","email":"first@people.world","phone":"555","createdAt":"2026-01-24T01:04:04.400925Z","roleId":4,"role":{"id":4,"name":"Старший кладовщик","code":"SeniorWarehouseman","description":"Склады и цеха","rank":3},"alarmEvents":[],"sentPartRequests":[],"receivedPartRequests":[],"sentShiftTransfers":[],"receivedShiftTransfers":[]}]
=======================================================

=======================================================
Timestamp: 2026-01-24T16:10:59.0299773Z
Method: GET
URL: /api/users/search?name=%D0%9F%D0%B5%D1%80%D0%B2%D1%8B%D0%B9&surname=%D0%90%D0%B4%D0%B0
Status: 200
Duration: 110 ms
UserId: 
Client IP: ::1
User-Agent: 
Controller: Users, Action: GetByNameOrSurname
Response Body: [{"id":3,"login":"Adam","encryptedPassword":"$2a$12$iTkjevTNbrNYDPIRz.MUGuFN7TstoAQihCnmon3z9bQOiC.iBXRzq","name":"Адам","surname":"Первый","email":"first@people.world","phone":"555","createdAt":"2026-01-24T01:04:04.400925Z","roleId":4,"role":{"id":4,"name":"Старший кладовщик","code":"SeniorWarehouseman","description":"Склады и цеха","rank":3},"alarmEvents":[],"sentPartRequests":[],"receivedPartRequests":[],"sentShiftTransfers":[],"receivedShiftTransfers":[]}]
=======================================================

=======================================================
Timestamp: 2026-01-24T16:10:59.0322630Z
Method: GET
URL: /api/users/search?name=%D0%9F%D0%B5%D1%80
Status: 200
Duration: 9558 ms
UserId: 
Client IP: ::1
User-Agent: 
Controller: Users, Action: GetByNameOrSurname
Response Body: [{"id":3,"login":"Adam","encryptedPassword":"$2a$12$iTkjevTNbrNYDPIRz.MUGuFN7TstoAQihCnmon3z9bQOiC.iBXRzq","name":"Адам","surname":"Первый","email":"first@people.world","phone":"555","createdAt":"2026-01-24T01:04:04.400925Z","roleId":4,"role":{"id":4,"name":"Старший кладовщик","code":"SeniorWarehouseman","description":"Склады и цеха","rank":3},"alarmEvents":[],"sentPartRequests":[],"receivedPartRequests":[],"sentShiftTransfers":[],"receivedShiftTransfers":[]}]
=======================================================

=======================================================
Timestamp: 2026-01-24T16:11:05.5777693Z
Method: GET
URL: /api/users
Status: 200
Duration: 13 ms
UserId: 
Client IP: ::1
User-Agent: 
Controller: Users, Action: GetAll
Response Body: [{"id":1,"login":"admin","encryptedPassword":"admin","name":"Админ","surname":"Системный","email":"admin@example.com","phone":"+71234567890","createdAt":"2026-01-24T01:00:36.671391Z","roleId":1,"role":{"id":1,"name":"Владелец","code":"Owner","description":"Полный доступ","rank":1},"alarmEvents":[],"sentPartRequests":[],"receivedPartRequests":[],"sentShiftTransfers":[],"receivedShiftTransfers":[]},{"id":2,"login":"eva","encryptedPassword":"$2a$12$Y0uuNdgaJp09PIOQ9JIhPuJV4BppFS8G0Z9ifm.GeDCWuf/xdumAe","name":"Eva","surname":"EvaEva","email":"eva@dura.com","phone":"57","createdAt":"2026-01-24T01:03:29.60815Z","roleId":3,"role":{"id":3,"name":"Старший экструзионщик","code":"SeniorExtruder","description":"Замещение администратора","rank":3},"alarmEvents":[],"sentPartRequests":[],"receivedPartRequests":[],"sentShiftTransfers":[],"receivedShiftTransfers":[]},{"id":3,"login":"Adam","encryptedPassword":"$2a$12$iTkjevTNbrNYDPIRz.MUGuFN7TstoAQihCnmon3z9bQOiC.iBXRzq","name":"Адам","surname":"Первый","email":"first@people.world","phone":"555","createdAt":"2026-01-24T01:04:04.400925Z","roleId":4,"role":{"id":4,"name":"Старший кладовщик","code":"SeniorWarehouseman","description":"Склады и цеха","rank":3},"alarmEvents":[],"sentPartRequests":[],"receivedPartRequests":[],"sentShiftTransfers":[],"receivedShiftTransfers":[]}]
=======================================================

=======================================================
Timestamp: 2026-01-24T16:11:06.8996571Z
Method: GET
URL: /api/users
Status: 200
Duration: 89 ms
UserId: 
Client IP: ::1
User-Agent: 
Controller: Users, Action: GetAll
Response Body: [{"id":1,"login":"admin","encryptedPassword":"admin","name":"Админ","surname":"Системный","email":"admin@example.com","phone":"+71234567890","createdAt":"2026-01-24T01:00:36.671391Z","roleId":1,"role":{"id":1,"name":"Владелец","code":"Owner","description":"Полный доступ","rank":1},"alarmEvents":[],"sentPartRequests":[],"receivedPartRequests":[],"sentShiftTransfers":[],"receivedShiftTransfers":[]},{"id":2,"login":"eva","encryptedPassword":"$2a$12$Y0uuNdgaJp09PIOQ9JIhPuJV4BppFS8G0Z9ifm.GeDCWuf/xdumAe","name":"Eva","surname":"EvaEva","email":"eva@dura.com","phone":"57","createdAt":"2026-01-24T01:03:29.60815Z","roleId":3,"role":{"id":3,"name":"Старший экструзионщик","code":"SeniorExtruder","description":"Замещение администратора","rank":3},"alarmEvents":[],"sentPartRequests":[],"receivedPartRequests":[],"sentShiftTransfers":[],"receivedShiftTransfers":[]},{"id":3,"login":"Adam","encryptedPassword":"$2a$12$iTkjevTNbrNYDPIRz.MUGuFN7TstoAQihCnmon3z9bQOiC.iBXRzq","name":"Адам","surname":"Первый","email":"first@people.world","phone":"555","createdAt":"2026-01-24T01:04:04.400925Z","roleId":4,"role":{"id":4,"name":"Старший кладовщик","code":"SeniorWarehouseman","description":"Склады и цеха","rank":3},"alarmEvents":[],"sentPartRequests":[],"receivedPartRequests":[],"sentShiftTransfers":[],"receivedShiftTransfers":[]}]
=======================================================

=======================================================
Timestamp: 2026-01-24T16:11:07.0741583Z
Method: GET
URL: /api/users
Status: 200
Duration: 73 ms
UserId: 
Client IP: ::1
User-Agent: 
Controller: Users, Action: GetAll
Response Body: [{"id":1,"login":"admin","encryptedPassword":"admin","name":"Админ","surname":"Системный","email":"admin@example.com","phone":"+71234567890","createdAt":"2026-01-24T01:00:36.671391Z","roleId":1,"role":{"id":1,"name":"Владелец","code":"Owner","description":"Полный доступ","rank":1},"alarmEvents":[],"sentPartRequests":[],"receivedPartRequests":[],"sentShiftTransfers":[],"receivedShiftTransfers":[]},{"id":2,"login":"eva","encryptedPassword":"$2a$12$Y0uuNdgaJp09PIOQ9JIhPuJV4BppFS8G0Z9ifm.GeDCWuf/xdumAe","name":"Eva","surname":"EvaEva","email":"eva@dura.com","phone":"57","createdAt":"2026-01-24T01:03:29.60815Z","roleId":3,"role":{"id":3,"name":"Старший экструзионщик","code":"SeniorExtruder","description":"Замещение администратора","rank":3},"alarmEvents":[],"sentPartRequests":[],"receivedPartRequests":[],"sentShiftTransfers":[],"receivedShiftTransfers":[]},{"id":3,"login":"Adam","encryptedPassword":"$2a$12$iTkjevTNbrNYDPIRz.MUGuFN7TstoAQihCnmon3z9bQOiC.iBXRzq","name":"Адам","surname":"Первый","email":"first@people.world","phone":"555","createdAt":"2026-01-24T01:04:04.400925Z","roleId":4,"role":{"id":4,"name":"Старший кладовщик","code":"SeniorWarehouseman","description":"Склады и цеха","rank":3},"alarmEvents":[],"sentPartRequests":[],"receivedPartRequests":[],"sentShiftTransfers":[],"receivedShiftTransfers":[]}]
=======================================================

=======================================================
Timestamp: 2026-01-24T16:11:07.3747834Z
Method: GET
URL: /api/users
Status: 200
Duration: 430 ms
UserId: 
Client IP: ::1
User-Agent: 
Controller: Users, Action: GetAll
Response Body: [{"id":1,"login":"admin","encryptedPassword":"admin","name":"Админ","surname":"Системный","email":"admin@example.com","phone":"+71234567890","createdAt":"2026-01-24T01:00:36.671391Z","roleId":1,"role":{"id":1,"name":"Владелец","code":"Owner","description":"Полный доступ","rank":1},"alarmEvents":[],"sentPartRequests":[],"receivedPartRequests":[],"sentShiftTransfers":[],"receivedShiftTransfers":[]},{"id":2,"login":"eva","encryptedPassword":"$2a$12$Y0uuNdgaJp09PIOQ9JIhPuJV4BppFS8G0Z9ifm.GeDCWuf/xdumAe","name":"Eva","surname":"EvaEva","email":"eva@dura.com","phone":"57","createdAt":"2026-01-24T01:03:29.60815Z","roleId":3,"role":{"id":3,"name":"Старший экструзионщик","code":"SeniorExtruder","description":"Замещение администратора","rank":3},"alarmEvents":[],"sentPartRequests":[],"receivedPartRequests":[],"sentShiftTransfers":[],"receivedShiftTransfers":[]},{"id":3,"login":"Adam","encryptedPassword":"$2a$12$iTkjevTNbrNYDPIRz.MUGuFN7TstoAQihCnmon3z9bQOiC.iBXRzq","name":"Адам","surname":"Первый","email":"first@people.world","phone":"555","createdAt":"2026-01-24T01:04:04.400925Z","roleId":4,"role":{"id":4,"name":"Старший кладовщик","code":"SeniorWarehouseman","description":"Склады и цеха","rank":3},"alarmEvents":[],"sentPartRequests":[],"receivedPartRequests":[],"sentShiftTransfers":[],"receivedShiftTransfers":[]}]
=======================================================

=======================================================
Timestamp: 2026-01-24T16:11:07.4274222Z
Method: GET
URL: /api/users
Status: 200
Duration: 1693 ms
UserId: 
Client IP: ::1
User-Agent: 
Controller: Users, Action: GetAll
Response Body: [{"id":1,"login":"admin","encryptedPassword":"admin","name":"Админ","surname":"Системный","email":"admin@example.com","phone":"+71234567890","createdAt":"2026-01-24T01:00:36.671391Z","roleId":1,"role":{"id":1,"name":"Владелец","code":"Owner","description":"Полный доступ","rank":1},"alarmEvents":[],"sentPartRequests":[],"receivedPartRequests":[],"sentShiftTransfers":[],"receivedShiftTransfers":[]},{"id":2,"login":"eva","encryptedPassword":"$2a$12$Y0uuNdgaJp09PIOQ9JIhPuJV4BppFS8G0Z9ifm.GeDCWuf/xdumAe","name":"Eva","surname":"EvaEva","email":"eva@dura.com","phone":"57","createdAt":"2026-01-24T01:03:29.60815Z","roleId":3,"role":{"id":3,"name":"Старший экструзионщик","code":"SeniorExtruder","description":"Замещение администратора","rank":3},"alarmEvents":[],"sentPartRequests":[],"receivedPartRequests":[],"sentShiftTransfers":[],"receivedShiftTransfers":[]},{"id":3,"login":"Adam","encryptedPassword":"$2a$12$iTkjevTNbrNYDPIRz.MUGuFN7TstoAQihCnmon3z9bQOiC.iBXRzq","name":"Адам","surname":"Первый","email":"first@people.world","phone":"555","createdAt":"2026-01-24T01:04:04.400925Z","roleId":4,"role":{"id":4,"name":"Старший кладовщик","code":"SeniorWarehouseman","description":"Склады и цеха","rank":3},"alarmEvents":[],"sentPartRequests":[],"receivedPartRequests":[],"sentShiftTransfers":[],"receivedShiftTransfers":[]}]
=======================================================

=======================================================
Timestamp: 2026-01-24T16:11:07.4355521Z
Method: GET
URL: /api/Roles
Status: 200
Duration: 1786 ms
UserId: 
Client IP: ::1
User-Agent: 
Controller: Roles, Action: GetAll
Response Body: [{"id":1,"name":"Владелец","code":"Owner","description":"Полный доступ","rank":1},{"id":2,"name":"Администратор","code":"Admin","description":"Руководитель предприятия","rank":2},{"id":3,"name":"Старший экструзионщик","code":"SeniorExtruder","description":"Замещение администратора","rank":3},{"id":4,"name":"Старший кладовщик","code":"SeniorWarehouseman","description":"Склады и цеха","rank":3},{"id":5,"name":"Кладовщик готовой продукции","code":"FinishedGoodsWarehouseman","description":"Склад готовой продукции","rank":3},{"id":6,"name":"Экструзионщик","code":"Extruder","description":"Производство","rank":4},{"id":7,"name":"Кладовщик","code":"Warehouseman","description":"Склад","rank":4},{"id":8,"name":"Покрасочник","code":"Painter","description":"Цех покраски","rank":4},{"id":9,"name":"Старшая упаковщица","code":"SeniorPacker","description":"Упаковка","rank":4},{"id":10,"name":"ТПА","code":"TPA","description":"ТПА","rank":4},{"id":11,"name":"Утиль","code":"Utilization","description":"Цех утилизации","rank":4}]
=======================================================

=======================================================
Timestamp: 2026-01-24T16:11:17.7439612Z
Method: GET
URL: /api/users
Status: 200
Duration: 15 ms
UserId: 
Client IP: ::1
User-Agent: 
Controller: Users, Action: GetAll
Response Body: [{"id":1,"login":"admin","encryptedPassword":"admin","name":"Админ","surname":"Системный","email":"admin@example.com","phone":"+71234567890","createdAt":"2026-01-24T01:00:36.671391Z","roleId":1,"role":{"id":1,"name":"Владелец","code":"Owner","description":"Полный доступ","rank":1},"alarmEvents":[],"sentPartRequests":[],"receivedPartRequests":[],"sentShiftTransfers":[],"receivedShiftTransfers":[]},{"id":2,"login":"eva","encryptedPassword":"$2a$12$Y0uuNdgaJp09PIOQ9JIhPuJV4BppFS8G0Z9ifm.GeDCWuf/xdumAe","name":"Eva","surname":"EvaEva","email":"eva@dura.com","phone":"57","createdAt":"2026-01-24T01:03:29.60815Z","roleId":3,"role":{"id":3,"name":"Старший экструзионщик","code":"SeniorExtruder","description":"Замещение администратора","rank":3},"alarmEvents":[],"sentPartRequests":[],"receivedPartRequests":[],"sentShiftTransfers":[],"receivedShiftTransfers":[]},{"id":3,"login":"Adam","encryptedPassword":"$2a$12$iTkjevTNbrNYDPIRz.MUGuFN7TstoAQihCnmon3z9bQOiC.iBXRzq","name":"Адам","surname":"Первый","email":"first@people.world","phone":"555","createdAt":"2026-01-24T01:04:04.400925Z","roleId":4,"role":{"id":4,"name":"Старший кладовщик","code":"SeniorWarehouseman","description":"Склады и цеха","rank":3},"alarmEvents":[],"sentPartRequests":[],"receivedPartRequests":[],"sentShiftTransfers":[],"receivedShiftTransfers":[]}]
=======================================================

=======================================================
Timestamp: 2026-01-24T16:11:17.8429488Z
Method: GET
URL: /api/users
Status: 200
Duration: 25 ms
UserId: 
Client IP: ::1
User-Agent: 
Controller: Users, Action: GetAll
Response Body: [{"id":1,"login":"admin","encryptedPassword":"admin","name":"Админ","surname":"Системный","email":"admin@example.com","phone":"+71234567890","createdAt":"2026-01-24T01:00:36.671391Z","roleId":1,"role":{"id":1,"name":"Владелец","code":"Owner","description":"Полный доступ","rank":1},"alarmEvents":[],"sentPartRequests":[],"receivedPartRequests":[],"sentShiftTransfers":[],"receivedShiftTransfers":[]},{"id":2,"login":"eva","encryptedPassword":"$2a$12$Y0uuNdgaJp09PIOQ9JIhPuJV4BppFS8G0Z9ifm.GeDCWuf/xdumAe","name":"Eva","surname":"EvaEva","email":"eva@dura.com","phone":"57","createdAt":"2026-01-24T01:03:29.60815Z","roleId":3,"role":{"id":3,"name":"Старший экструзионщик","code":"SeniorExtruder","description":"Замещение администратора","rank":3},"alarmEvents":[],"sentPartRequests":[],"receivedPartRequests":[],"sentShiftTransfers":[],"receivedShiftTransfers":[]},{"id":3,"login":"Adam","encryptedPassword":"$2a$12$iTkjevTNbrNYDPIRz.MUGuFN7TstoAQihCnmon3z9bQOiC.iBXRzq","name":"Адам","surname":"Первый","email":"first@people.world","phone":"555","createdAt":"2026-01-24T01:04:04.400925Z","roleId":4,"role":{"id":4,"name":"Старший кладовщик","code":"SeniorWarehouseman","description":"Склады и цеха","rank":3},"alarmEvents":[],"sentPartRequests":[],"receivedPartRequests":[],"sentShiftTransfers":[],"receivedShiftTransfers":[]}]
=======================================================

=======================================================
Timestamp: 2026-01-24T16:11:17.8445032Z
Method: GET
URL: /api/users/search?name=%D0%90
Status: 200
Duration: 34 ms
UserId: 
Client IP: ::1
User-Agent: 
Controller: Users, Action: GetByNameOrSurname
Response Body: [{"id":1,"login":"admin","encryptedPassword":"admin","name":"Админ","surname":"Системный","email":"admin@example.com","phone":"+71234567890","createdAt":"2026-01-24T01:00:36.671391Z","roleId":1,"role":{"id":1,"name":"Владелец","code":"Owner","description":"Полный доступ","rank":1},"alarmEvents":[],"sentPartRequests":[],"receivedPartRequests":[],"sentShiftTransfers":[],"receivedShiftTransfers":[]},{"id":3,"login":"Adam","encryptedPassword":"$2a$12$iTkjevTNbrNYDPIRz.MUGuFN7TstoAQihCnmon3z9bQOiC.iBXRzq","name":"Адам","surname":"Первый","email":"first@people.world","phone":"555","createdAt":"2026-01-24T01:04:04.400925Z","roleId":4,"role":{"id":4,"name":"Старший кладовщик","code":"SeniorWarehouseman","description":"Склады и цеха","rank":3},"alarmEvents":[],"sentPartRequests":[],"receivedPartRequests":[],"sentShiftTransfers":[],"receivedShiftTransfers":[]}]
=======================================================

=======================================================
Timestamp: 2026-01-24T16:11:17.9898776Z
Method: GET
URL: /api/users
Status: 200
Duration: 12 ms
UserId: 
Client IP: ::1
User-Agent: 
Controller: Users, Action: GetAll
Response Body: [{"id":1,"login":"admin","encryptedPassword":"admin","name":"Админ","surname":"Системный","email":"admin@example.com","phone":"+71234567890","createdAt":"2026-01-24T01:00:36.671391Z","roleId":1,"role":{"id":1,"name":"Владелец","code":"Owner","description":"Полный доступ","rank":1},"alarmEvents":[],"sentPartRequests":[],"receivedPartRequests":[],"sentShiftTransfers":[],"receivedShiftTransfers":[]},{"id":2,"login":"eva","encryptedPassword":"$2a$12$Y0uuNdgaJp09PIOQ9JIhPuJV4BppFS8G0Z9ifm.GeDCWuf/xdumAe","name":"Eva","surname":"EvaEva","email":"eva@dura.com","phone":"57","createdAt":"2026-01-24T01:03:29.60815Z","roleId":3,"role":{"id":3,"name":"Старший экструзионщик","code":"SeniorExtruder","description":"Замещение администратора","rank":3},"alarmEvents":[],"sentPartRequests":[],"receivedPartRequests":[],"sentShiftTransfers":[],"receivedShiftTransfers":[]},{"id":3,"login":"Adam","encryptedPassword":"$2a$12$iTkjevTNbrNYDPIRz.MUGuFN7TstoAQihCnmon3z9bQOiC.iBXRzq","name":"Адам","surname":"Первый","email":"first@people.world","phone":"555","createdAt":"2026-01-24T01:04:04.400925Z","roleId":4,"role":{"id":4,"name":"Старший кладовщик","code":"SeniorWarehouseman","description":"Склады и цеха","rank":3},"alarmEvents":[],"sentPartRequests":[],"receivedPartRequests":[],"sentShiftTransfers":[],"receivedShiftTransfers":[]}]
=======================================================

=======================================================
Timestamp: 2026-01-24T16:11:17.9930471Z
Method: GET
URL: /api/users
Status: 200
Duration: 27 ms
UserId: 
Client IP: ::1
User-Agent: 
Controller: Users, Action: GetAll
Response Body: [{"id":1,"login":"admin","encryptedPassword":"admin","name":"Админ","surname":"Системный","email":"admin@example.com","phone":"+71234567890","createdAt":"2026-01-24T01:00:36.671391Z","roleId":1,"role":{"id":1,"name":"Владелец","code":"Owner","description":"Полный доступ","rank":1},"alarmEvents":[],"sentPartRequests":[],"receivedPartRequests":[],"sentShiftTransfers":[],"receivedShiftTransfers":[]},{"id":2,"login":"eva","encryptedPassword":"$2a$12$Y0uuNdgaJp09PIOQ9JIhPuJV4BppFS8G0Z9ifm.GeDCWuf/xdumAe","name":"Eva","surname":"EvaEva","email":"eva@dura.com","phone":"57","createdAt":"2026-01-24T01:03:29.60815Z","roleId":3,"role":{"id":3,"name":"Старший экструзионщик","code":"SeniorExtruder","description":"Замещение администратора","rank":3},"alarmEvents":[],"sentPartRequests":[],"receivedPartRequests":[],"sentShiftTransfers":[],"receivedShiftTransfers":[]},{"id":3,"login":"Adam","encryptedPassword":"$2a$12$iTkjevTNbrNYDPIRz.MUGuFN7TstoAQihCnmon3z9bQOiC.iBXRzq","name":"Адам","surname":"Первый","email":"first@people.world","phone":"555","createdAt":"2026-01-24T01:04:04.400925Z","roleId":4,"role":{"id":4,"name":"Старший кладовщик","code":"SeniorWarehouseman","description":"Склады и цеха","rank":3},"alarmEvents":[],"sentPartRequests":[],"receivedPartRequests":[],"sentShiftTransfers":[],"receivedShiftTransfers":[]}]
=======================================================

=======================================================
Timestamp: 2026-01-24T16:11:18.0069185Z
Method: GET
URL: /api/users/search?name=%D0%90%D0%B4
Status: 200
Duration: 30 ms
UserId: 
Client IP: ::1
User-Agent: 
Controller: Users, Action: GetByNameOrSurname
Response Body: [{"id":1,"login":"admin","encryptedPassword":"admin","name":"Админ","surname":"Системный","email":"admin@example.com","phone":"+71234567890","createdAt":"2026-01-24T01:00:36.671391Z","roleId":1,"role":{"id":1,"name":"Владелец","code":"Owner","description":"Полный доступ","rank":1},"alarmEvents":[],"sentPartRequests":[],"receivedPartRequests":[],"sentShiftTransfers":[],"receivedShiftTransfers":[]},{"id":3,"login":"Adam","encryptedPassword":"$2a$12$iTkjevTNbrNYDPIRz.MUGuFN7TstoAQihCnmon3z9bQOiC.iBXRzq","name":"Адам","surname":"Первый","email":"first@people.world","phone":"555","createdAt":"2026-01-24T01:04:04.400925Z","roleId":4,"role":{"id":4,"name":"Старший кладовщик","code":"SeniorWarehouseman","description":"Склады и цеха","rank":3},"alarmEvents":[],"sentPartRequests":[],"receivedPartRequests":[],"sentShiftTransfers":[],"receivedShiftTransfers":[]}]
=======================================================

=======================================================
Timestamp: 2026-01-24T16:11:18.0789496Z
Method: GET
URL: /api/users
Status: 200
Duration: 13 ms
UserId: 
Client IP: ::1
User-Agent: 
Controller: Users, Action: GetAll
Response Body: [{"id":1,"login":"admin","encryptedPassword":"admin","name":"Админ","surname":"Системный","email":"admin@example.com","phone":"+71234567890","createdAt":"2026-01-24T01:00:36.671391Z","roleId":1,"role":{"id":1,"name":"Владелец","code":"Owner","description":"Полный доступ","rank":1},"alarmEvents":[],"sentPartRequests":[],"receivedPartRequests":[],"sentShiftTransfers":[],"receivedShiftTransfers":[]},{"id":2,"login":"eva","encryptedPassword":"$2a$12$Y0uuNdgaJp09PIOQ9JIhPuJV4BppFS8G0Z9ifm.GeDCWuf/xdumAe","name":"Eva","surname":"EvaEva","email":"eva@dura.com","phone":"57","createdAt":"2026-01-24T01:03:29.60815Z","roleId":3,"role":{"id":3,"name":"Старший экструзионщик","code":"SeniorExtruder","description":"Замещение администратора","rank":3},"alarmEvents":[],"sentPartRequests":[],"receivedPartRequests":[],"sentShiftTransfers":[],"receivedShiftTransfers":[]},{"id":3,"login":"Adam","encryptedPassword":"$2a$12$iTkjevTNbrNYDPIRz.MUGuFN7TstoAQihCnmon3z9bQOiC.iBXRzq","name":"Адам","surname":"Первый","email":"first@people.world","phone":"555","createdAt":"2026-01-24T01:04:04.400925Z","roleId":4,"role":{"id":4,"name":"Старший кладовщик","code":"SeniorWarehouseman","description":"Склады и цеха","rank":3},"alarmEvents":[],"sentPartRequests":[],"receivedPartRequests":[],"sentShiftTransfers":[],"receivedShiftTransfers":[]}]
=======================================================

=======================================================
Timestamp: 2026-01-24T16:11:18.1789981Z
Method: GET
URL: /api/users
Status: 200
Duration: 10 ms
UserId: 
Client IP: ::1
User-Agent: 
Controller: Users, Action: GetAll
Response Body: [{"id":1,"login":"admin","encryptedPassword":"admin","name":"Админ","surname":"Системный","email":"admin@example.com","phone":"+71234567890","createdAt":"2026-01-24T01:00:36.671391Z","roleId":1,"role":{"id":1,"name":"Владелец","code":"Owner","description":"Полный доступ","rank":1},"alarmEvents":[],"sentPartRequests":[],"receivedPartRequests":[],"sentShiftTransfers":[],"receivedShiftTransfers":[]},{"id":2,"login":"eva","encryptedPassword":"$2a$12$Y0uuNdgaJp09PIOQ9JIhPuJV4BppFS8G0Z9ifm.GeDCWuf/xdumAe","name":"Eva","surname":"EvaEva","email":"eva@dura.com","phone":"57","createdAt":"2026-01-24T01:03:29.60815Z","roleId":3,"role":{"id":3,"name":"Старший экструзионщик","code":"SeniorExtruder","description":"Замещение администратора","rank":3},"alarmEvents":[],"sentPartRequests":[],"receivedPartRequests":[],"sentShiftTransfers":[],"receivedShiftTransfers":[]},{"id":3,"login":"Adam","encryptedPassword":"$2a$12$iTkjevTNbrNYDPIRz.MUGuFN7TstoAQihCnmon3z9bQOiC.iBXRzq","name":"Адам","surname":"Первый","email":"first@people.world","phone":"555","createdAt":"2026-01-24T01:04:04.400925Z","roleId":4,"role":{"id":4,"name":"Старший кладовщик","code":"SeniorWarehouseman","description":"Склады и цеха","rank":3},"alarmEvents":[],"sentPartRequests":[],"receivedPartRequests":[],"sentShiftTransfers":[],"receivedShiftTransfers":[]}]
=======================================================

=======================================================
Timestamp: 2026-01-24T16:11:18.2221695Z
Method: GET
URL: /api/users
Status: 200
Duration: 33 ms
UserId: 
Client IP: ::1
User-Agent: 
Controller: Users, Action: GetAll
Response Body: [{"id":1,"login":"admin","encryptedPassword":"admin","name":"Админ","surname":"Системный","email":"admin@example.com","phone":"+71234567890","createdAt":"2026-01-24T01:00:36.671391Z","roleId":1,"role":{"id":1,"name":"Владелец","code":"Owner","description":"Полный доступ","rank":1},"alarmEvents":[],"sentPartRequests":[],"receivedPartRequests":[],"sentShiftTransfers":[],"receivedShiftTransfers":[]},{"id":2,"login":"eva","encryptedPassword":"$2a$12$Y0uuNdgaJp09PIOQ9JIhPuJV4BppFS8G0Z9ifm.GeDCWuf/xdumAe","name":"Eva","surname":"EvaEva","email":"eva@dura.com","phone":"57","createdAt":"2026-01-24T01:03:29.60815Z","roleId":3,"role":{"id":3,"name":"Старший экструзионщик","code":"SeniorExtruder","description":"Замещение администратора","rank":3},"alarmEvents":[],"sentPartRequests":[],"receivedPartRequests":[],"sentShiftTransfers":[],"receivedShiftTransfers":[]},{"id":3,"login":"Adam","encryptedPassword":"$2a$12$iTkjevTNbrNYDPIRz.MUGuFN7TstoAQihCnmon3z9bQOiC.iBXRzq","name":"Адам","surname":"Первый","email":"first@people.world","phone":"555","createdAt":"2026-01-24T01:04:04.400925Z","roleId":4,"role":{"id":4,"name":"Старший кладовщик","code":"SeniorWarehouseman","description":"Склады и цеха","rank":3},"alarmEvents":[],"sentPartRequests":[],"receivedPartRequests":[],"sentShiftTransfers":[],"receivedShiftTransfers":[]}]
=======================================================

=======================================================
Timestamp: 2026-01-24T16:11:18.2288956Z
Method: GET
URL: /api/users/search?name=%D0%90%D0%B4%D0%BC%D0%B8
Status: 200
Duration: 23 ms
UserId: 
Client IP: ::1
User-Agent: 
Controller: Users, Action: GetByNameOrSurname
Response Body: [{"id":1,"login":"admin","encryptedPassword":"admin","name":"Админ","surname":"Системный","email":"admin@example.com","phone":"+71234567890","createdAt":"2026-01-24T01:00:36.671391Z","roleId":1,"role":{"id":1,"name":"Владелец","code":"Owner","description":"Полный доступ","rank":1},"alarmEvents":[],"sentPartRequests":[],"receivedPartRequests":[],"sentShiftTransfers":[],"receivedShiftTransfers":[]}]
=======================================================

=======================================================
Timestamp: 2026-01-24T16:11:18.2316232Z
Method: GET
URL: /api/users
Status: 200
Duration: 23 ms
UserId: 
Client IP: ::1
User-Agent: 
Controller: Users, Action: GetAll
Response Body: [{"id":1,"login":"admin","encryptedPassword":"admin","name":"Админ","surname":"Системный","email":"admin@example.com","phone":"+71234567890","createdAt":"2026-01-24T01:00:36.671391Z","roleId":1,"role":{"id":1,"name":"Владелец","code":"Owner","description":"Полный доступ","rank":1},"alarmEvents":[],"sentPartRequests":[],"receivedPartRequests":[],"sentShiftTransfers":[],"receivedShiftTransfers":[]},{"id":2,"login":"eva","encryptedPassword":"$2a$12$Y0uuNdgaJp09PIOQ9JIhPuJV4BppFS8G0Z9ifm.GeDCWuf/xdumAe","name":"Eva","surname":"EvaEva","email":"eva@dura.com","phone":"57","createdAt":"2026-01-24T01:03:29.60815Z","roleId":3,"role":{"id":3,"name":"Старший экструзионщик","code":"SeniorExtruder","description":"Замещение администратора","rank":3},"alarmEvents":[],"sentPartRequests":[],"receivedPartRequests":[],"sentShiftTransfers":[],"receivedShiftTransfers":[]},{"id":3,"login":"Adam","encryptedPassword":"$2a$12$iTkjevTNbrNYDPIRz.MUGuFN7TstoAQihCnmon3z9bQOiC.iBXRzq","name":"Адам","surname":"Первый","email":"first@people.world","phone":"555","createdAt":"2026-01-24T01:04:04.400925Z","roleId":4,"role":{"id":4,"name":"Старший кладовщик","code":"SeniorWarehouseman","description":"Склады и цеха","rank":3},"alarmEvents":[],"sentPartRequests":[],"receivedPartRequests":[],"sentShiftTransfers":[],"receivedShiftTransfers":[]}]
=======================================================

=======================================================
Timestamp: 2026-01-24T16:11:18.3197679Z
Method: GET
URL: /api/users
Status: 200
Duration: 13 ms
UserId: 
Client IP: ::1
User-Agent: 
Controller: Users, Action: GetAll
Response Body: [{"id":1,"login":"admin","encryptedPassword":"admin","name":"Админ","surname":"Системный","email":"admin@example.com","phone":"+71234567890","createdAt":"2026-01-24T01:00:36.671391Z","roleId":1,"role":{"id":1,"name":"Владелец","code":"Owner","description":"Полный доступ","rank":1},"alarmEvents":[],"sentPartRequests":[],"receivedPartRequests":[],"sentShiftTransfers":[],"receivedShiftTransfers":[]},{"id":2,"login":"eva","encryptedPassword":"$2a$12$Y0uuNdgaJp09PIOQ9JIhPuJV4BppFS8G0Z9ifm.GeDCWuf/xdumAe","name":"Eva","surname":"EvaEva","email":"eva@dura.com","phone":"57","createdAt":"2026-01-24T01:03:29.60815Z","roleId":3,"role":{"id":3,"name":"Старший экструзионщик","code":"SeniorExtruder","description":"Замещение администратора","rank":3},"alarmEvents":[],"sentPartRequests":[],"receivedPartRequests":[],"sentShiftTransfers":[],"receivedShiftTransfers":[]},{"id":3,"login":"Adam","encryptedPassword":"$2a$12$iTkjevTNbrNYDPIRz.MUGuFN7TstoAQihCnmon3z9bQOiC.iBXRzq","name":"Адам","surname":"Первый","email":"first@people.world","phone":"555","createdAt":"2026-01-24T01:04:04.400925Z","roleId":4,"role":{"id":4,"name":"Старший кладовщик","code":"SeniorWarehouseman","description":"Склады и цеха","rank":3},"alarmEvents":[],"sentPartRequests":[],"receivedPartRequests":[],"sentShiftTransfers":[],"receivedShiftTransfers":[]}]
=======================================================

=======================================================
Timestamp: 2026-01-24T16:11:18.4141919Z
Method: GET
URL: /api/users/search?name=%D0%90%D0%B4%D0%BC%D0%B8%D0%BD
Status: 200
Duration: 15 ms
UserId: 
Client IP: ::1
User-Agent: 
Controller: Users, Action: GetByNameOrSurname
Response Body: [{"id":1,"login":"admin","encryptedPassword":"admin","name":"Админ","surname":"Системный","email":"admin@example.com","phone":"+71234567890","createdAt":"2026-01-24T01:00:36.671391Z","roleId":1,"role":{"id":1,"name":"Владелец","code":"Owner","description":"Полный доступ","rank":1},"alarmEvents":[],"sentPartRequests":[],"receivedPartRequests":[],"sentShiftTransfers":[],"receivedShiftTransfers":[]}]
=======================================================

=======================================================
Timestamp: 2026-01-24T16:11:19.2565925Z
Method: GET
URL: /api/users
Status: 200
Duration: 139 ms
UserId: 
Client IP: ::1
User-Agent: 
Controller: Users, Action: GetAll
Response Body: [{"id":1,"login":"admin","encryptedPassword":"admin","name":"Админ","surname":"Системный","email":"admin@example.com","phone":"+71234567890","createdAt":"2026-01-24T01:00:36.671391Z","roleId":1,"role":{"id":1,"name":"Владелец","code":"Owner","description":"Полный доступ","rank":1},"alarmEvents":[],"sentPartRequests":[],"receivedPartRequests":[],"sentShiftTransfers":[],"receivedShiftTransfers":[]},{"id":2,"login":"eva","encryptedPassword":"$2a$12$Y0uuNdgaJp09PIOQ9JIhPuJV4BppFS8G0Z9ifm.GeDCWuf/xdumAe","name":"Eva","surname":"EvaEva","email":"eva@dura.com","phone":"57","createdAt":"2026-01-24T01:03:29.60815Z","roleId":3,"role":{"id":3,"name":"Старший экструзионщик","code":"SeniorExtruder","description":"Замещение администратора","rank":3},"alarmEvents":[],"sentPartRequests":[],"receivedPartRequests":[],"sentShiftTransfers":[],"receivedShiftTransfers":[]},{"id":3,"login":"Adam","encryptedPassword":"$2a$12$iTkjevTNbrNYDPIRz.MUGuFN7TstoAQihCnmon3z9bQOiC.iBXRzq","name":"Адам","surname":"Первый","email":"first@people.world","phone":"555","createdAt":"2026-01-24T01:04:04.400925Z","roleId":4,"role":{"id":4,"name":"Старший кладовщик","code":"SeniorWarehouseman","description":"Склады и цеха","rank":3},"alarmEvents":[],"sentPartRequests":[],"receivedPartRequests":[],"sentShiftTransfers":[],"receivedShiftTransfers":[]}]
=======================================================

=======================================================
Timestamp: 2026-01-24T16:11:19.3272265Z
Method: GET
URL: /api/users
Status: 200
Duration: 44 ms
UserId: 
Client IP: ::1
User-Agent: 
Controller: Users, Action: GetAll
Response Body: [{"id":1,"login":"admin","encryptedPassword":"admin","name":"Админ","surname":"Системный","email":"admin@example.com","phone":"+71234567890","createdAt":"2026-01-24T01:00:36.671391Z","roleId":1,"role":{"id":1,"name":"Владелец","code":"Owner","description":"Полный доступ","rank":1},"alarmEvents":[],"sentPartRequests":[],"receivedPartRequests":[],"sentShiftTransfers":[],"receivedShiftTransfers":[]},{"id":2,"login":"eva","encryptedPassword":"$2a$12$Y0uuNdgaJp09PIOQ9JIhPuJV4BppFS8G0Z9ifm.GeDCWuf/xdumAe","name":"Eva","surname":"EvaEva","email":"eva@dura.com","phone":"57","createdAt":"2026-01-24T01:03:29.60815Z","roleId":3,"role":{"id":3,"name":"Старший экструзионщик","code":"SeniorExtruder","description":"Замещение администратора","rank":3},"alarmEvents":[],"sentPartRequests":[],"receivedPartRequests":[],"sentShiftTransfers":[],"receivedShiftTransfers":[]},{"id":3,"login":"Adam","encryptedPassword":"$2a$12$iTkjevTNbrNYDPIRz.MUGuFN7TstoAQihCnmon3z9bQOiC.iBXRzq","name":"Адам","surname":"Первый","email":"first@people.world","phone":"555","createdAt":"2026-01-24T01:04:04.400925Z","roleId":4,"role":{"id":4,"name":"Старший кладовщик","code":"SeniorWarehouseman","description":"Склады и цеха","rank":3},"alarmEvents":[],"sentPartRequests":[],"receivedPartRequests":[],"sentShiftTransfers":[],"receivedShiftTransfers":[]}]
=======================================================

=======================================================
Timestamp: 2026-01-24T16:11:19.9874937Z
Method: GET
URL: /api/users
Status: 200
Duration: 23 ms
UserId: 
Client IP: ::1
User-Agent: 
Controller: Users, Action: GetAll
Response Body: [{"id":1,"login":"admin","encryptedPassword":"admin","name":"Админ","surname":"Системный","email":"admin@example.com","phone":"+71234567890","createdAt":"2026-01-24T01:00:36.671391Z","roleId":1,"role":{"id":1,"name":"Владелец","code":"Owner","description":"Полный доступ","rank":1},"alarmEvents":[],"sentPartRequests":[],"receivedPartRequests":[],"sentShiftTransfers":[],"receivedShiftTransfers":[]},{"id":2,"login":"eva","encryptedPassword":"$2a$12$Y0uuNdgaJp09PIOQ9JIhPuJV4BppFS8G0Z9ifm.GeDCWuf/xdumAe","name":"Eva","surname":"EvaEva","email":"eva@dura.com","phone":"57","createdAt":"2026-01-24T01:03:29.60815Z","roleId":3,"role":{"id":3,"name":"Старший экструзионщик","code":"SeniorExtruder","description":"Замещение администратора","rank":3},"alarmEvents":[],"sentPartRequests":[],"receivedPartRequests":[],"sentShiftTransfers":[],"receivedShiftTransfers":[]},{"id":3,"login":"Adam","encryptedPassword":"$2a$12$iTkjevTNbrNYDPIRz.MUGuFN7TstoAQihCnmon3z9bQOiC.iBXRzq","name":"Адам","surname":"Первый","email":"first@people.world","phone":"555","createdAt":"2026-01-24T01:04:04.400925Z","roleId":4,"role":{"id":4,"name":"Старший кладовщик","code":"SeniorWarehouseman","description":"Склады и цеха","rank":3},"alarmEvents":[],"sentPartRequests":[],"receivedPartRequests":[],"sentShiftTransfers":[],"receivedShiftTransfers":[]}]
=======================================================

=======================================================
Timestamp: 2026-01-24T16:11:20.1005289Z
Method: GET
URL: /api/users
Status: 200
Duration: 23 ms
UserId: 
Client IP: ::1
User-Agent: 
Controller: Users, Action: GetAll
Response Body: [{"id":1,"login":"admin","encryptedPassword":"admin","name":"Админ","surname":"Системный","email":"admin@example.com","phone":"+71234567890","createdAt":"2026-01-24T01:00:36.671391Z","roleId":1,"role":{"id":1,"name":"Владелец","code":"Owner","description":"Полный доступ","rank":1},"alarmEvents":[],"sentPartRequests":[],"receivedPartRequests":[],"sentShiftTransfers":[],"receivedShiftTransfers":[]},{"id":2,"login":"eva","encryptedPassword":"$2a$12$Y0uuNdgaJp09PIOQ9JIhPuJV4BppFS8G0Z9ifm.GeDCWuf/xdumAe","name":"Eva","surname":"EvaEva","email":"eva@dura.com","phone":"57","createdAt":"2026-01-24T01:03:29.60815Z","roleId":3,"role":{"id":3,"name":"Старший экструзионщик","code":"SeniorExtruder","description":"Замещение администратора","rank":3},"alarmEvents":[],"sentPartRequests":[],"receivedPartRequests":[],"sentShiftTransfers":[],"receivedShiftTransfers":[]},{"id":3,"login":"Adam","encryptedPassword":"$2a$12$iTkjevTNbrNYDPIRz.MUGuFN7TstoAQihCnmon3z9bQOiC.iBXRzq","name":"Адам","surname":"Первый","email":"first@people.world","phone":"555","createdAt":"2026-01-24T01:04:04.400925Z","roleId":4,"role":{"id":4,"name":"Старший кладовщик","code":"SeniorWarehouseman","description":"Склады и цеха","rank":3},"alarmEvents":[],"sentPartRequests":[],"receivedPartRequests":[],"sentShiftTransfers":[],"receivedShiftTransfers":[]}]
=======================================================

=======================================================
Timestamp: 2026-01-24T16:11:20.1214151Z
Method: GET
URL: /api/users/search?name=%D0%90%D0%B4%D0%BC%D0%B8%D0%BD&surname=%D0%A1
Status: 200
Duration: 26 ms
UserId: 
Client IP: ::1
User-Agent: 
Controller: Users, Action: GetByNameOrSurname
Response Body: [{"id":1,"login":"admin","encryptedPassword":"admin","name":"Админ","surname":"Системный","email":"admin@example.com","phone":"+71234567890","createdAt":"2026-01-24T01:00:36.671391Z","roleId":1,"role":{"id":1,"name":"Владелец","code":"Owner","description":"Полный доступ","rank":1},"alarmEvents":[],"sentPartRequests":[],"receivedPartRequests":[],"sentShiftTransfers":[],"receivedShiftTransfers":[]}]
=======================================================

=======================================================
Timestamp: 2026-01-24T16:11:20.2513308Z
Method: GET
URL: /api/users
Status: 200
Duration: 8 ms
UserId: 
Client IP: ::1
User-Agent: 
Controller: Users, Action: GetAll
Response Body: [{"id":1,"login":"admin","encryptedPassword":"admin","name":"Админ","surname":"Системный","email":"admin@example.com","phone":"+71234567890","createdAt":"2026-01-24T01:00:36.671391Z","roleId":1,"role":{"id":1,"name":"Владелец","code":"Owner","description":"Полный доступ","rank":1},"alarmEvents":[],"sentPartRequests":[],"receivedPartRequests":[],"sentShiftTransfers":[],"receivedShiftTransfers":[]},{"id":2,"login":"eva","encryptedPassword":"$2a$12$Y0uuNdgaJp09PIOQ9JIhPuJV4BppFS8G0Z9ifm.GeDCWuf/xdumAe","name":"Eva","surname":"EvaEva","email":"eva@dura.com","phone":"57","createdAt":"2026-01-24T01:03:29.60815Z","roleId":3,"role":{"id":3,"name":"Старший экструзионщик","code":"SeniorExtruder","description":"Замещение администратора","rank":3},"alarmEvents":[],"sentPartRequests":[],"receivedPartRequests":[],"sentShiftTransfers":[],"receivedShiftTransfers":[]},{"id":3,"login":"Adam","encryptedPassword":"$2a$12$iTkjevTNbrNYDPIRz.MUGuFN7TstoAQihCnmon3z9bQOiC.iBXRzq","name":"Адам","surname":"Первый","email":"first@people.world","phone":"555","createdAt":"2026-01-24T01:04:04.400925Z","roleId":4,"role":{"id":4,"name":"Старший кладовщик","code":"SeniorWarehouseman","description":"Склады и цеха","rank":3},"alarmEvents":[],"sentPartRequests":[],"receivedPartRequests":[],"sentShiftTransfers":[],"receivedShiftTransfers":[]}]
=======================================================

=======================================================
Timestamp: 2026-01-24T16:11:20.2674686Z
Method: GET
URL: /api/users/search?name=%D0%90%D0%B4%D0%BC%D0%B8%D0%BD&surname=%D0%A1%D0%B8
Status: 200
Duration: 21 ms
UserId: 
Client IP: ::1
User-Agent: 
Controller: Users, Action: GetByNameOrSurname
Response Body: [{"id":1,"login":"admin","encryptedPassword":"admin","name":"Админ","surname":"Системный","email":"admin@example.com","phone":"+71234567890","createdAt":"2026-01-24T01:00:36.671391Z","roleId":1,"role":{"id":1,"name":"Владелец","code":"Owner","description":"Полный доступ","rank":1},"alarmEvents":[],"sentPartRequests":[],"receivedPartRequests":[],"sentShiftTransfers":[],"receivedShiftTransfers":[]}]
=======================================================

=======================================================
Timestamp: 2026-01-24T16:11:20.2712432Z
Method: GET
URL: /api/users
Status: 200
Duration: 10 ms
UserId: 
Client IP: ::1
User-Agent: 
Controller: Users, Action: GetAll
Response Body: [{"id":1,"login":"admin","encryptedPassword":"admin","name":"Админ","surname":"Системный","email":"admin@example.com","phone":"+71234567890","createdAt":"2026-01-24T01:00:36.671391Z","roleId":1,"role":{"id":1,"name":"Владелец","code":"Owner","description":"Полный доступ","rank":1},"alarmEvents":[],"sentPartRequests":[],"receivedPartRequests":[],"sentShiftTransfers":[],"receivedShiftTransfers":[]},{"id":2,"login":"eva","encryptedPassword":"$2a$12$Y0uuNdgaJp09PIOQ9JIhPuJV4BppFS8G0Z9ifm.GeDCWuf/xdumAe","name":"Eva","surname":"EvaEva","email":"eva@dura.com","phone":"57","createdAt":"2026-01-24T01:03:29.60815Z","roleId":3,"role":{"id":3,"name":"Старший экструзионщик","code":"SeniorExtruder","description":"Замещение администратора","rank":3},"alarmEvents":[],"sentPartRequests":[],"receivedPartRequests":[],"sentShiftTransfers":[],"receivedShiftTransfers":[]},{"id":3,"login":"Adam","encryptedPassword":"$2a$12$iTkjevTNbrNYDPIRz.MUGuFN7TstoAQihCnmon3z9bQOiC.iBXRzq","name":"Адам","surname":"Первый","email":"first@people.world","phone":"555","createdAt":"2026-01-24T01:04:04.400925Z","roleId":4,"role":{"id":4,"name":"Старший кладовщик","code":"SeniorWarehouseman","description":"Склады и цеха","rank":3},"alarmEvents":[],"sentPartRequests":[],"receivedPartRequests":[],"sentShiftTransfers":[],"receivedShiftTransfers":[]}]
=======================================================

=======================================================
Timestamp: 2026-01-24T16:11:20.4690489Z
Method: GET
URL: /api/users
Status: 200
Duration: 12 ms
UserId: 
Client IP: ::1
User-Agent: 
Controller: Users, Action: GetAll
Response Body: [{"id":1,"login":"admin","encryptedPassword":"admin","name":"Админ","surname":"Системный","email":"admin@example.com","phone":"+71234567890","createdAt":"2026-01-24T01:00:36.671391Z","roleId":1,"role":{"id":1,"name":"Владелец","code":"Owner","description":"Полный доступ","rank":1},"alarmEvents":[],"sentPartRequests":[],"receivedPartRequests":[],"sentShiftTransfers":[],"receivedShiftTransfers":[]},{"id":2,"login":"eva","encryptedPassword":"$2a$12$Y0uuNdgaJp09PIOQ9JIhPuJV4BppFS8G0Z9ifm.GeDCWuf/xdumAe","name":"Eva","surname":"EvaEva","email":"eva@dura.com","phone":"57","createdAt":"2026-01-24T01:03:29.60815Z","roleId":3,"role":{"id":3,"name":"Старший экструзионщик","code":"SeniorExtruder","description":"Замещение администратора","rank":3},"alarmEvents":[],"sentPartRequests":[],"receivedPartRequests":[],"sentShiftTransfers":[],"receivedShiftTransfers":[]},{"id":3,"login":"Adam","encryptedPassword":"$2a$12$iTkjevTNbrNYDPIRz.MUGuFN7TstoAQihCnmon3z9bQOiC.iBXRzq","name":"Адам","surname":"Первый","email":"first@people.world","phone":"555","createdAt":"2026-01-24T01:04:04.400925Z","roleId":4,"role":{"id":4,"name":"Старший кладовщик","code":"SeniorWarehouseman","description":"Склады и цеха","rank":3},"alarmEvents":[],"sentPartRequests":[],"receivedPartRequests":[],"sentShiftTransfers":[],"receivedShiftTransfers":[]}]
=======================================================

=======================================================
Timestamp: 2026-01-24T16:11:20.4755835Z
Method: GET
URL: /api/users
Status: 200
Duration: 63 ms
UserId: 
Client IP: ::1
User-Agent: 
Controller: Users, Action: GetAll
Response Body: [{"id":1,"login":"admin","encryptedPassword":"admin","name":"Админ","surname":"Системный","email":"admin@example.com","phone":"+71234567890","createdAt":"2026-01-24T01:00:36.671391Z","roleId":1,"role":{"id":1,"name":"Владелец","code":"Owner","description":"Полный доступ","rank":1},"alarmEvents":[],"sentPartRequests":[],"receivedPartRequests":[],"sentShiftTransfers":[],"receivedShiftTransfers":[]},{"id":2,"login":"eva","encryptedPassword":"$2a$12$Y0uuNdgaJp09PIOQ9JIhPuJV4BppFS8G0Z9ifm.GeDCWuf/xdumAe","name":"Eva","surname":"EvaEva","email":"eva@dura.com","phone":"57","createdAt":"2026-01-24T01:03:29.60815Z","roleId":3,"role":{"id":3,"name":"Старший экструзионщик","code":"SeniorExtruder","description":"Замещение администратора","rank":3},"alarmEvents":[],"sentPartRequests":[],"receivedPartRequests":[],"sentShiftTransfers":[],"receivedShiftTransfers":[]},{"id":3,"login":"Adam","encryptedPassword":"$2a$12$iTkjevTNbrNYDPIRz.MUGuFN7TstoAQihCnmon3z9bQOiC.iBXRzq","name":"Адам","surname":"Первый","email":"first@people.world","phone":"555","createdAt":"2026-01-24T01:04:04.400925Z","roleId":4,"role":{"id":4,"name":"Старший кладовщик","code":"SeniorWarehouseman","description":"Склады и цеха","rank":3},"alarmEvents":[],"sentPartRequests":[],"receivedPartRequests":[],"sentShiftTransfers":[],"receivedShiftTransfers":[]}]
=======================================================

=======================================================
Timestamp: 2026-01-24T16:11:20.4818095Z
Method: GET
URL: /api/users/search?name=%D0%90%D0%B4%D0%BC%D0%B8%D0%BD&surname=%D0%A1%D0%B8%D1%81
Status: 200
Duration: 34 ms
UserId: 
Client IP: ::1
User-Agent: 
Controller: Users, Action: GetByNameOrSurname
Response Body: [{"id":1,"login":"admin","encryptedPassword":"admin","name":"Админ","surname":"Системный","email":"admin@example.com","phone":"+71234567890","createdAt":"2026-01-24T01:00:36.671391Z","roleId":1,"role":{"id":1,"name":"Владелец","code":"Owner","description":"Полный доступ","rank":1},"alarmEvents":[],"sentPartRequests":[],"receivedPartRequests":[],"sentShiftTransfers":[],"receivedShiftTransfers":[]}]
=======================================================

=======================================================
Timestamp: 2026-01-24T16:11:20.5490699Z
Method: GET
URL: /api/users
Status: 200
Duration: 11 ms
UserId: 
Client IP: ::1
User-Agent: 
Controller: Users, Action: GetAll
Response Body: [{"id":1,"login":"admin","encryptedPassword":"admin","name":"Админ","surname":"Системный","email":"admin@example.com","phone":"+71234567890","createdAt":"2026-01-24T01:00:36.671391Z","roleId":1,"role":{"id":1,"name":"Владелец","code":"Owner","description":"Полный доступ","rank":1},"alarmEvents":[],"sentPartRequests":[],"receivedPartRequests":[],"sentShiftTransfers":[],"receivedShiftTransfers":[]},{"id":2,"login":"eva","encryptedPassword":"$2a$12$Y0uuNdgaJp09PIOQ9JIhPuJV4BppFS8G0Z9ifm.GeDCWuf/xdumAe","name":"Eva","surname":"EvaEva","email":"eva@dura.com","phone":"57","createdAt":"2026-01-24T01:03:29.60815Z","roleId":3,"role":{"id":3,"name":"Старший экструзионщик","code":"SeniorExtruder","description":"Замещение администратора","rank":3},"alarmEvents":[],"sentPartRequests":[],"receivedPartRequests":[],"sentShiftTransfers":[],"receivedShiftTransfers":[]},{"id":3,"login":"Adam","encryptedPassword":"$2a$12$iTkjevTNbrNYDPIRz.MUGuFN7TstoAQihCnmon3z9bQOiC.iBXRzq","name":"Адам","surname":"Первый","email":"first@people.world","phone":"555","createdAt":"2026-01-24T01:04:04.400925Z","roleId":4,"role":{"id":4,"name":"Старший кладовщик","code":"SeniorWarehouseman","description":"Склады и цеха","rank":3},"alarmEvents":[],"sentPartRequests":[],"receivedPartRequests":[],"sentShiftTransfers":[],"receivedShiftTransfers":[]}]
=======================================================

=======================================================
Timestamp: 2026-01-24T16:11:20.5563142Z
Method: GET
URL: /api/users
Status: 200
Duration: 15 ms
UserId: 
Client IP: ::1
User-Agent: 
Controller: Users, Action: GetAll
Response Body: [{"id":1,"login":"admin","encryptedPassword":"admin","name":"Админ","surname":"Системный","email":"admin@example.com","phone":"+71234567890","createdAt":"2026-01-24T01:00:36.671391Z","roleId":1,"role":{"id":1,"name":"Владелец","code":"Owner","description":"Полный доступ","rank":1},"alarmEvents":[],"sentPartRequests":[],"receivedPartRequests":[],"sentShiftTransfers":[],"receivedShiftTransfers":[]},{"id":2,"login":"eva","encryptedPassword":"$2a$12$Y0uuNdgaJp09PIOQ9JIhPuJV4BppFS8G0Z9ifm.GeDCWuf/xdumAe","name":"Eva","surname":"EvaEva","email":"eva@dura.com","phone":"57","createdAt":"2026-01-24T01:03:29.60815Z","roleId":3,"role":{"id":3,"name":"Старший экструзионщик","code":"SeniorExtruder","description":"Замещение администратора","rank":3},"alarmEvents":[],"sentPartRequests":[],"receivedPartRequests":[],"sentShiftTransfers":[],"receivedShiftTransfers":[]},{"id":3,"login":"Adam","encryptedPassword":"$2a$12$iTkjevTNbrNYDPIRz.MUGuFN7TstoAQihCnmon3z9bQOiC.iBXRzq","name":"Адам","surname":"Первый","email":"first@people.world","phone":"555","createdAt":"2026-01-24T01:04:04.400925Z","roleId":4,"role":{"id":4,"name":"Старший кладовщик","code":"SeniorWarehouseman","description":"Склады и цеха","rank":3},"alarmEvents":[],"sentPartRequests":[],"receivedPartRequests":[],"sentShiftTransfers":[],"receivedShiftTransfers":[]}]
=======================================================

=======================================================
Timestamp: 2026-01-24T16:11:20.5638169Z
Method: GET
URL: /api/users/search?name=%D0%90%D0%B4%D0%BC%D0%B8%D0%BD&surname=%D0%A1%D0%B8%D1%81%D1%82
Status: 200
Duration: 42 ms
UserId: 
Client IP: ::1
User-Agent: 
Controller: Users, Action: GetByNameOrSurname
Response Body: [{"id":1,"login":"admin","encryptedPassword":"admin","name":"Админ","surname":"Системный","email":"admin@example.com","phone":"+71234567890","createdAt":"2026-01-24T01:00:36.671391Z","roleId":1,"role":{"id":1,"name":"Владелец","code":"Owner","description":"Полный доступ","rank":1},"alarmEvents":[],"sentPartRequests":[],"receivedPartRequests":[],"sentShiftTransfers":[],"receivedShiftTransfers":[]}]
=======================================================

=======================================================
Timestamp: 2026-01-24T16:11:20.8113620Z
Method: GET
URL: /api/users
Status: 200
Duration: 13 ms
UserId: 
Client IP: ::1
User-Agent: 
Controller: Users, Action: GetAll
Response Body: [{"id":1,"login":"admin","encryptedPassword":"admin","name":"Админ","surname":"Системный","email":"admin@example.com","phone":"+71234567890","createdAt":"2026-01-24T01:00:36.671391Z","roleId":1,"role":{"id":1,"name":"Владелец","code":"Owner","description":"Полный доступ","rank":1},"alarmEvents":[],"sentPartRequests":[],"receivedPartRequests":[],"sentShiftTransfers":[],"receivedShiftTransfers":[]},{"id":2,"login":"eva","encryptedPassword":"$2a$12$Y0uuNdgaJp09PIOQ9JIhPuJV4BppFS8G0Z9ifm.GeDCWuf/xdumAe","name":"Eva","surname":"EvaEva","email":"eva@dura.com","phone":"57","createdAt":"2026-01-24T01:03:29.60815Z","roleId":3,"role":{"id":3,"name":"Старший экструзионщик","code":"SeniorExtruder","description":"Замещение администратора","rank":3},"alarmEvents":[],"sentPartRequests":[],"receivedPartRequests":[],"sentShiftTransfers":[],"receivedShiftTransfers":[]},{"id":3,"login":"Adam","encryptedPassword":"$2a$12$iTkjevTNbrNYDPIRz.MUGuFN7TstoAQihCnmon3z9bQOiC.iBXRzq","name":"Адам","surname":"Первый","email":"first@people.world","phone":"555","createdAt":"2026-01-24T01:04:04.400925Z","roleId":4,"role":{"id":4,"name":"Старший кладовщик","code":"SeniorWarehouseman","description":"Склады и цеха","rank":3},"alarmEvents":[],"sentPartRequests":[],"receivedPartRequests":[],"sentShiftTransfers":[],"receivedShiftTransfers":[]}]
=======================================================

=======================================================
Timestamp: 2026-01-24T16:11:20.8158870Z
Method: GET
URL: /api/users
Status: 200
Duration: 11 ms
UserId: 
Client IP: ::1
User-Agent: 
Controller: Users, Action: GetAll
Response Body: [{"id":1,"login":"admin","encryptedPassword":"admin","name":"Админ","surname":"Системный","email":"admin@example.com","phone":"+71234567890","createdAt":"2026-01-24T01:00:36.671391Z","roleId":1,"role":{"id":1,"name":"Владелец","code":"Owner","description":"Полный доступ","rank":1},"alarmEvents":[],"sentPartRequests":[],"receivedPartRequests":[],"sentShiftTransfers":[],"receivedShiftTransfers":[]},{"id":2,"login":"eva","encryptedPassword":"$2a$12$Y0uuNdgaJp09PIOQ9JIhPuJV4BppFS8G0Z9ifm.GeDCWuf/xdumAe","name":"Eva","surname":"EvaEva","email":"eva@dura.com","phone":"57","createdAt":"2026-01-24T01:03:29.60815Z","roleId":3,"role":{"id":3,"name":"Старший экструзионщик","code":"SeniorExtruder","description":"Замещение администратора","rank":3},"alarmEvents":[],"sentPartRequests":[],"receivedPartRequests":[],"sentShiftTransfers":[],"receivedShiftTransfers":[]},{"id":3,"login":"Adam","encryptedPassword":"$2a$12$iTkjevTNbrNYDPIRz.MUGuFN7TstoAQihCnmon3z9bQOiC.iBXRzq","name":"Адам","surname":"Первый","email":"first@people.world","phone":"555","createdAt":"2026-01-24T01:04:04.400925Z","roleId":4,"role":{"id":4,"name":"Старший кладовщик","code":"SeniorWarehouseman","description":"Склады и цеха","rank":3},"alarmEvents":[],"sentPartRequests":[],"receivedPartRequests":[],"sentShiftTransfers":[],"receivedShiftTransfers":[]}]
=======================================================

=======================================================
Timestamp: 2026-01-24T16:11:20.8220849Z
Method: GET
URL: /api/users/search?name=%D0%90%D0%B4%D0%BC%D0%B8%D0%BD&surname=%D0%A1%D0%B8%D1%81%D1%82%D0%B5
Status: 200
Duration: 15 ms
UserId: 
Client IP: ::1
User-Agent: 
Controller: Users, Action: GetByNameOrSurname
Response Body: [{"id":1,"login":"admin","encryptedPassword":"admin","name":"Админ","surname":"Системный","email":"admin@example.com","phone":"+71234567890","createdAt":"2026-01-24T01:00:36.671391Z","roleId":1,"role":{"id":1,"name":"Владелец","code":"Owner","description":"Полный доступ","rank":1},"alarmEvents":[],"sentPartRequests":[],"receivedPartRequests":[],"sentShiftTransfers":[],"receivedShiftTransfers":[]}]
=======================================================

=======================================================
Timestamp: 2026-01-24T16:11:20.9888573Z
Method: GET
URL: /api/users
Status: 200
Duration: 14 ms
UserId: 
Client IP: ::1
User-Agent: 
Controller: Users, Action: GetAll
Response Body: [{"id":1,"login":"admin","encryptedPassword":"admin","name":"Админ","surname":"Системный","email":"admin@example.com","phone":"+71234567890","createdAt":"2026-01-24T01:00:36.671391Z","roleId":1,"role":{"id":1,"name":"Владелец","code":"Owner","description":"Полный доступ","rank":1},"alarmEvents":[],"sentPartRequests":[],"receivedPartRequests":[],"sentShiftTransfers":[],"receivedShiftTransfers":[]},{"id":2,"login":"eva","encryptedPassword":"$2a$12$Y0uuNdgaJp09PIOQ9JIhPuJV4BppFS8G0Z9ifm.GeDCWuf/xdumAe","name":"Eva","surname":"EvaEva","email":"eva@dura.com","phone":"57","createdAt":"2026-01-24T01:03:29.60815Z","roleId":3,"role":{"id":3,"name":"Старший экструзионщик","code":"SeniorExtruder","description":"Замещение администратора","rank":3},"alarmEvents":[],"sentPartRequests":[],"receivedPartRequests":[],"sentShiftTransfers":[],"receivedShiftTransfers":[]},{"id":3,"login":"Adam","encryptedPassword":"$2a$12$iTkjevTNbrNYDPIRz.MUGuFN7TstoAQihCnmon3z9bQOiC.iBXRzq","name":"Адам","surname":"Первый","email":"first@people.world","phone":"555","createdAt":"2026-01-24T01:04:04.400925Z","roleId":4,"role":{"id":4,"name":"Старший кладовщик","code":"SeniorWarehouseman","description":"Склады и цеха","rank":3},"alarmEvents":[],"sentPartRequests":[],"receivedPartRequests":[],"sentShiftTransfers":[],"receivedShiftTransfers":[]}]
=======================================================

=======================================================
Timestamp: 2026-01-24T16:11:21.0207300Z
Method: GET
URL: /api/users/search?name=%D0%90%D0%B4%D0%BC%D0%B8%D0%BD&surname=%D0%A1%D0%B8%D1%81%D1%82%D0%B5%D0%BC
Status: 200
Duration: 49 ms
UserId: 
Client IP: ::1
User-Agent: 
Controller: Users, Action: GetByNameOrSurname
Response Body: [{"id":1,"login":"admin","encryptedPassword":"admin","name":"Админ","surname":"Системный","email":"admin@example.com","phone":"+71234567890","createdAt":"2026-01-24T01:00:36.671391Z","roleId":1,"role":{"id":1,"name":"Владелец","code":"Owner","description":"Полный доступ","rank":1},"alarmEvents":[],"sentPartRequests":[],"receivedPartRequests":[],"sentShiftTransfers":[],"receivedShiftTransfers":[]}]
=======================================================

=======================================================
Timestamp: 2026-01-24T16:11:21.2142002Z
Method: GET
URL: /api/users/search?name=%D0%90%D0%B4%D0%BC%D0%B8%D0%BD&surname=%D0%A1%D0%B8%D1%81%D1%82%D0%B5%D0%BC%D0%BD
Status: 200
Duration: 25 ms
UserId: 
Client IP: ::1
User-Agent: 
Controller: Users, Action: GetByNameOrSurname
Response Body: [{"id":1,"login":"admin","encryptedPassword":"admin","name":"Админ","surname":"Системный","email":"admin@example.com","phone":"+71234567890","createdAt":"2026-01-24T01:00:36.671391Z","roleId":1,"role":{"id":1,"name":"Владелец","code":"Owner","description":"Полный доступ","rank":1},"alarmEvents":[],"sentPartRequests":[],"receivedPartRequests":[],"sentShiftTransfers":[],"receivedShiftTransfers":[]}]
=======================================================

=======================================================
Timestamp: 2026-01-24T16:11:21.2624679Z
Method: GET
URL: /api/users
Status: 200
Duration: 17 ms
UserId: 
Client IP: ::1
User-Agent: 
Controller: Users, Action: GetAll
Response Body: [{"id":1,"login":"admin","encryptedPassword":"admin","name":"Админ","surname":"Системный","email":"admin@example.com","phone":"+71234567890","createdAt":"2026-01-24T01:00:36.671391Z","roleId":1,"role":{"id":1,"name":"Владелец","code":"Owner","description":"Полный доступ","rank":1},"alarmEvents":[],"sentPartRequests":[],"receivedPartRequests":[],"sentShiftTransfers":[],"receivedShiftTransfers":[]},{"id":2,"login":"eva","encryptedPassword":"$2a$12$Y0uuNdgaJp09PIOQ9JIhPuJV4BppFS8G0Z9ifm.GeDCWuf/xdumAe","name":"Eva","surname":"EvaEva","email":"eva@dura.com","phone":"57","createdAt":"2026-01-24T01:03:29.60815Z","roleId":3,"role":{"id":3,"name":"Старший экструзионщик","code":"SeniorExtruder","description":"Замещение администратора","rank":3},"alarmEvents":[],"sentPartRequests":[],"receivedPartRequests":[],"sentShiftTransfers":[],"receivedShiftTransfers":[]},{"id":3,"login":"Adam","encryptedPassword":"$2a$12$iTkjevTNbrNYDPIRz.MUGuFN7TstoAQihCnmon3z9bQOiC.iBXRzq","name":"Адам","surname":"Первый","email":"first@people.world","phone":"555","createdAt":"2026-01-24T01:04:04.400925Z","roleId":4,"role":{"id":4,"name":"Старший кладовщик","code":"SeniorWarehouseman","description":"Склады и цеха","rank":3},"alarmEvents":[],"sentPartRequests":[],"receivedPartRequests":[],"sentShiftTransfers":[],"receivedShiftTransfers":[]}]
=======================================================

=======================================================
Timestamp: 2026-01-24T16:11:21.3272686Z
Method: GET
URL: /api/users
Status: 200
Duration: 54 ms
UserId: 
Client IP: ::1
User-Agent: 
Controller: Users, Action: GetAll
Response Body: [{"id":1,"login":"admin","encryptedPassword":"admin","name":"Админ","surname":"Системный","email":"admin@example.com","phone":"+71234567890","createdAt":"2026-01-24T01:00:36.671391Z","roleId":1,"role":{"id":1,"name":"Владелец","code":"Owner","description":"Полный доступ","rank":1},"alarmEvents":[],"sentPartRequests":[],"receivedPartRequests":[],"sentShiftTransfers":[],"receivedShiftTransfers":[]},{"id":2,"login":"eva","encryptedPassword":"$2a$12$Y0uuNdgaJp09PIOQ9JIhPuJV4BppFS8G0Z9ifm.GeDCWuf/xdumAe","name":"Eva","surname":"EvaEva","email":"eva@dura.com","phone":"57","createdAt":"2026-01-24T01:03:29.60815Z","roleId":3,"role":{"id":3,"name":"Старший экструзионщик","code":"SeniorExtruder","description":"Замещение администратора","rank":3},"alarmEvents":[],"sentPartRequests":[],"receivedPartRequests":[],"sentShiftTransfers":[],"receivedShiftTransfers":[]},{"id":3,"login":"Adam","encryptedPassword":"$2a$12$iTkjevTNbrNYDPIRz.MUGuFN7TstoAQihCnmon3z9bQOiC.iBXRzq","name":"Адам","surname":"Первый","email":"first@people.world","phone":"555","createdAt":"2026-01-24T01:04:04.400925Z","roleId":4,"role":{"id":4,"name":"Старший кладовщик","code":"SeniorWarehouseman","description":"Склады и цеха","rank":3},"alarmEvents":[],"sentPartRequests":[],"receivedPartRequests":[],"sentShiftTransfers":[],"receivedShiftTransfers":[]}]
=======================================================

=======================================================
Timestamp: 2026-01-24T16:11:21.3289069Z
Method: GET
URL: /api/users
Status: 200
Duration: 63 ms
UserId: 
Client IP: ::1
User-Agent: 
Controller: Users, Action: GetAll
Response Body: [{"id":1,"login":"admin","encryptedPassword":"admin","name":"Админ","surname":"Системный","email":"admin@example.com","phone":"+71234567890","createdAt":"2026-01-24T01:00:36.671391Z","roleId":1,"role":{"id":1,"name":"Владелец","code":"Owner","description":"Полный доступ","rank":1},"alarmEvents":[],"sentPartRequests":[],"receivedPartRequests":[],"sentShiftTransfers":[],"receivedShiftTransfers":[]},{"id":2,"login":"eva","encryptedPassword":"$2a$12$Y0uuNdgaJp09PIOQ9JIhPuJV4BppFS8G0Z9ifm.GeDCWuf/xdumAe","name":"Eva","surname":"EvaEva","email":"eva@dura.com","phone":"57","createdAt":"2026-01-24T01:03:29.60815Z","roleId":3,"role":{"id":3,"name":"Старший экструзионщик","code":"SeniorExtruder","description":"Замещение администратора","rank":3},"alarmEvents":[],"sentPartRequests":[],"receivedPartRequests":[],"sentShiftTransfers":[],"receivedShiftTransfers":[]},{"id":3,"login":"Adam","encryptedPassword":"$2a$12$iTkjevTNbrNYDPIRz.MUGuFN7TstoAQihCnmon3z9bQOiC.iBXRzq","name":"Адам","surname":"Первый","email":"first@people.world","phone":"555","createdAt":"2026-01-24T01:04:04.400925Z","roleId":4,"role":{"id":4,"name":"Старший кладовщик","code":"SeniorWarehouseman","description":"Склады и цеха","rank":3},"alarmEvents":[],"sentPartRequests":[],"receivedPartRequests":[],"sentShiftTransfers":[],"receivedShiftTransfers":[]}]
=======================================================

=======================================================
Timestamp: 2026-01-24T16:11:21.3375973Z
Method: GET
URL: /api/users/search?name=%D0%90%D0%B4%D0%BC%D0%B8%D0%BD&surname=%D0%A1%D0%B8%D1%81%D1%82%D0%B5%D0%BC%D0%BD%D1%8B
Status: 200
Duration: 66 ms
UserId: 
Client IP: ::1
User-Agent: 
Controller: Users, Action: GetByNameOrSurname
Response Body: [{"id":1,"login":"admin","encryptedPassword":"admin","name":"Админ","surname":"Системный","email":"admin@example.com","phone":"+71234567890","createdAt":"2026-01-24T01:00:36.671391Z","roleId":1,"role":{"id":1,"name":"Владелец","code":"Owner","description":"Полный доступ","rank":1},"alarmEvents":[],"sentPartRequests":[],"receivedPartRequests":[],"sentShiftTransfers":[],"receivedShiftTransfers":[]}]
=======================================================

=======================================================
Timestamp: 2026-01-24T16:11:21.4305393Z
Method: GET
URL: /api/users
Status: 200
Duration: 11 ms
UserId: 
Client IP: ::1
User-Agent: 
Controller: Users, Action: GetAll
Response Body: [{"id":1,"login":"admin","encryptedPassword":"admin","name":"Админ","surname":"Системный","email":"admin@example.com","phone":"+71234567890","createdAt":"2026-01-24T01:00:36.671391Z","roleId":1,"role":{"id":1,"name":"Владелец","code":"Owner","description":"Полный доступ","rank":1},"alarmEvents":[],"sentPartRequests":[],"receivedPartRequests":[],"sentShiftTransfers":[],"receivedShiftTransfers":[]},{"id":2,"login":"eva","encryptedPassword":"$2a$12$Y0uuNdgaJp09PIOQ9JIhPuJV4BppFS8G0Z9ifm.GeDCWuf/xdumAe","name":"Eva","surname":"EvaEva","email":"eva@dura.com","phone":"57","createdAt":"2026-01-24T01:03:29.60815Z","roleId":3,"role":{"id":3,"name":"Старший экструзионщик","code":"SeniorExtruder","description":"Замещение администратора","rank":3},"alarmEvents":[],"sentPartRequests":[],"receivedPartRequests":[],"sentShiftTransfers":[],"receivedShiftTransfers":[]},{"id":3,"login":"Adam","encryptedPassword":"$2a$12$iTkjevTNbrNYDPIRz.MUGuFN7TstoAQihCnmon3z9bQOiC.iBXRzq","name":"Адам","surname":"Первый","email":"first@people.world","phone":"555","createdAt":"2026-01-24T01:04:04.400925Z","roleId":4,"role":{"id":4,"name":"Старший кладовщик","code":"SeniorWarehouseman","description":"Склады и цеха","rank":3},"alarmEvents":[],"sentPartRequests":[],"receivedPartRequests":[],"sentShiftTransfers":[],"receivedShiftTransfers":[]}]
=======================================================

=======================================================
Timestamp: 2026-01-24T16:11:21.4546764Z
Method: GET
URL: /api/users
Status: 200
Duration: 39 ms
UserId: 
Client IP: ::1
User-Agent: 
Controller: Users, Action: GetAll
Response Body: [{"id":1,"login":"admin","encryptedPassword":"admin","name":"Админ","surname":"Системный","email":"admin@example.com","phone":"+71234567890","createdAt":"2026-01-24T01:00:36.671391Z","roleId":1,"role":{"id":1,"name":"Владелец","code":"Owner","description":"Полный доступ","rank":1},"alarmEvents":[],"sentPartRequests":[],"receivedPartRequests":[],"sentShiftTransfers":[],"receivedShiftTransfers":[]},{"id":2,"login":"eva","encryptedPassword":"$2a$12$Y0uuNdgaJp09PIOQ9JIhPuJV4BppFS8G0Z9ifm.GeDCWuf/xdumAe","name":"Eva","surname":"EvaEva","email":"eva@dura.com","phone":"57","createdAt":"2026-01-24T01:03:29.60815Z","roleId":3,"role":{"id":3,"name":"Старший экструзионщик","code":"SeniorExtruder","description":"Замещение администратора","rank":3},"alarmEvents":[],"sentPartRequests":[],"receivedPartRequests":[],"sentShiftTransfers":[],"receivedShiftTransfers":[]},{"id":3,"login":"Adam","encryptedPassword":"$2a$12$iTkjevTNbrNYDPIRz.MUGuFN7TstoAQihCnmon3z9bQOiC.iBXRzq","name":"Адам","surname":"Первый","email":"first@people.world","phone":"555","createdAt":"2026-01-24T01:04:04.400925Z","roleId":4,"role":{"id":4,"name":"Старший кладовщик","code":"SeniorWarehouseman","description":"Склады и цеха","rank":3},"alarmEvents":[],"sentPartRequests":[],"receivedPartRequests":[],"sentShiftTransfers":[],"receivedShiftTransfers":[]}]
=======================================================

=======================================================
Timestamp: 2026-01-24T16:11:23.2369646Z
Method: GET
URL: /api/users
Status: 200
Duration: 11 ms
UserId: 
Client IP: ::1
User-Agent: 
Controller: Users, Action: GetAll
Response Body: [{"id":1,"login":"admin","encryptedPassword":"admin","name":"Админ","surname":"Системный","email":"admin@example.com","phone":"+71234567890","createdAt":"2026-01-24T01:00:36.671391Z","roleId":1,"role":{"id":1,"name":"Владелец","code":"Owner","description":"Полный доступ","rank":1},"alarmEvents":[],"sentPartRequests":[],"receivedPartRequests":[],"sentShiftTransfers":[],"receivedShiftTransfers":[]},{"id":2,"login":"eva","encryptedPassword":"$2a$12$Y0uuNdgaJp09PIOQ9JIhPuJV4BppFS8G0Z9ifm.GeDCWuf/xdumAe","name":"Eva","surname":"EvaEva","email":"eva@dura.com","phone":"57","createdAt":"2026-01-24T01:03:29.60815Z","roleId":3,"role":{"id":3,"name":"Старший экструзионщик","code":"SeniorExtruder","description":"Замещение администратора","rank":3},"alarmEvents":[],"sentPartRequests":[],"receivedPartRequests":[],"sentShiftTransfers":[],"receivedShiftTransfers":[]},{"id":3,"login":"Adam","encryptedPassword":"$2a$12$iTkjevTNbrNYDPIRz.MUGuFN7TstoAQihCnmon3z9bQOiC.iBXRzq","name":"Адам","surname":"Первый","email":"first@people.world","phone":"555","createdAt":"2026-01-24T01:04:04.400925Z","roleId":4,"role":{"id":4,"name":"Старший кладовщик","code":"SeniorWarehouseman","description":"Склады и цеха","rank":3},"alarmEvents":[],"sentPartRequests":[],"receivedPartRequests":[],"sentShiftTransfers":[],"receivedShiftTransfers":[]}]
=======================================================

=======================================================
Timestamp: 2026-01-24T16:11:23.3162269Z
Method: GET
URL: /api/users/search?name=%D0%90%D0%B4%D0%BC%D0%B8%D0%BD
Status: 200
Duration: 20 ms
UserId: 
Client IP: ::1
User-Agent: 
Controller: Users, Action: GetByNameOrSurname
Response Body: [{"id":1,"login":"admin","encryptedPassword":"admin","name":"Админ","surname":"Системный","email":"admin@example.com","phone":"+71234567890","createdAt":"2026-01-24T01:00:36.671391Z","roleId":1,"role":{"id":1,"name":"Владелец","code":"Owner","description":"Полный доступ","rank":1},"alarmEvents":[],"sentPartRequests":[],"receivedPartRequests":[],"sentShiftTransfers":[],"receivedShiftTransfers":[]}]
=======================================================

=======================================================
Timestamp: 2026-01-24T16:11:23.3191078Z
Method: GET
URL: /api/users
Status: 200
Duration: 38 ms
UserId: 
Client IP: ::1
User-Agent: 
Controller: Users, Action: GetAll
Response Body: [{"id":1,"login":"admin","encryptedPassword":"admin","name":"Админ","surname":"Системный","email":"admin@example.com","phone":"+71234567890","createdAt":"2026-01-24T01:00:36.671391Z","roleId":1,"role":{"id":1,"name":"Владелец","code":"Owner","description":"Полный доступ","rank":1},"alarmEvents":[],"sentPartRequests":[],"receivedPartRequests":[],"sentShiftTransfers":[],"receivedShiftTransfers":[]},{"id":2,"login":"eva","encryptedPassword":"$2a$12$Y0uuNdgaJp09PIOQ9JIhPuJV4BppFS8G0Z9ifm.GeDCWuf/xdumAe","name":"Eva","surname":"EvaEva","email":"eva@dura.com","phone":"57","createdAt":"2026-01-24T01:03:29.60815Z","roleId":3,"role":{"id":3,"name":"Старший экструзионщик","code":"SeniorExtruder","description":"Замещение администратора","rank":3},"alarmEvents":[],"sentPartRequests":[],"receivedPartRequests":[],"sentShiftTransfers":[],"receivedShiftTransfers":[]},{"id":3,"login":"Adam","encryptedPassword":"$2a$12$iTkjevTNbrNYDPIRz.MUGuFN7TstoAQihCnmon3z9bQOiC.iBXRzq","name":"Адам","surname":"Первый","email":"first@people.world","phone":"555","createdAt":"2026-01-24T01:04:04.400925Z","roleId":4,"role":{"id":4,"name":"Старший кладовщик","code":"SeniorWarehouseman","description":"Склады и цеха","rank":3},"alarmEvents":[],"sentPartRequests":[],"receivedPartRequests":[],"sentShiftTransfers":[],"receivedShiftTransfers":[]}]
=======================================================

=======================================================
Timestamp: 2026-01-24T16:11:23.4404803Z
Method: GET
URL: /api/users
Status: 200
Duration: 13 ms
UserId: 
Client IP: ::1
User-Agent: 
Controller: Users, Action: GetAll
Response Body: [{"id":1,"login":"admin","encryptedPassword":"admin","name":"Админ","surname":"Системный","email":"admin@example.com","phone":"+71234567890","createdAt":"2026-01-24T01:00:36.671391Z","roleId":1,"role":{"id":1,"name":"Владелец","code":"Owner","description":"Полный доступ","rank":1},"alarmEvents":[],"sentPartRequests":[],"receivedPartRequests":[],"sentShiftTransfers":[],"receivedShiftTransfers":[]},{"id":2,"login":"eva","encryptedPassword":"$2a$12$Y0uuNdgaJp09PIOQ9JIhPuJV4BppFS8G0Z9ifm.GeDCWuf/xdumAe","name":"Eva","surname":"EvaEva","email":"eva@dura.com","phone":"57","createdAt":"2026-01-24T01:03:29.60815Z","roleId":3,"role":{"id":3,"name":"Старший экструзионщик","code":"SeniorExtruder","description":"Замещение администратора","rank":3},"alarmEvents":[],"sentPartRequests":[],"receivedPartRequests":[],"sentShiftTransfers":[],"receivedShiftTransfers":[]},{"id":3,"login":"Adam","encryptedPassword":"$2a$12$iTkjevTNbrNYDPIRz.MUGuFN7TstoAQihCnmon3z9bQOiC.iBXRzq","name":"Адам","surname":"Первый","email":"first@people.world","phone":"555","createdAt":"2026-01-24T01:04:04.400925Z","roleId":4,"role":{"id":4,"name":"Старший кладовщик","code":"SeniorWarehouseman","description":"Склады и цеха","rank":3},"alarmEvents":[],"sentPartRequests":[],"receivedPartRequests":[],"sentShiftTransfers":[],"receivedShiftTransfers":[]}]
=======================================================

=======================================================
Timestamp: 2026-01-24T16:11:23.4491348Z
Method: GET
URL: /api/users
Status: 200
Duration: 11 ms
UserId: 
Client IP: ::1
User-Agent: 
Controller: Users, Action: GetAll
Response Body: [{"id":1,"login":"admin","encryptedPassword":"admin","name":"Админ","surname":"Системный","email":"admin@example.com","phone":"+71234567890","createdAt":"2026-01-24T01:00:36.671391Z","roleId":1,"role":{"id":1,"name":"Владелец","code":"Owner","description":"Полный доступ","rank":1},"alarmEvents":[],"sentPartRequests":[],"receivedPartRequests":[],"sentShiftTransfers":[],"receivedShiftTransfers":[]},{"id":2,"login":"eva","encryptedPassword":"$2a$12$Y0uuNdgaJp09PIOQ9JIhPuJV4BppFS8G0Z9ifm.GeDCWuf/xdumAe","name":"Eva","surname":"EvaEva","email":"eva@dura.com","phone":"57","createdAt":"2026-01-24T01:03:29.60815Z","roleId":3,"role":{"id":3,"name":"Старший экструзионщик","code":"SeniorExtruder","description":"Замещение администратора","rank":3},"alarmEvents":[],"sentPartRequests":[],"receivedPartRequests":[],"sentShiftTransfers":[],"receivedShiftTransfers":[]},{"id":3,"login":"Adam","encryptedPassword":"$2a$12$iTkjevTNbrNYDPIRz.MUGuFN7TstoAQihCnmon3z9bQOiC.iBXRzq","name":"Адам","surname":"Первый","email":"first@people.world","phone":"555","createdAt":"2026-01-24T01:04:04.400925Z","roleId":4,"role":{"id":4,"name":"Старший кладовщик","code":"SeniorWarehouseman","description":"Склады и цеха","rank":3},"alarmEvents":[],"sentPartRequests":[],"receivedPartRequests":[],"sentShiftTransfers":[],"receivedShiftTransfers":[]}]
=======================================================

=======================================================
Timestamp: 2026-01-24T16:11:23.4502038Z
Method: GET
URL: /api/users
Status: 200
Duration: 9 ms
UserId: 
Client IP: ::1
User-Agent: 
Controller: Users, Action: GetAll
Response Body: [{"id":1,"login":"admin","encryptedPassword":"admin","name":"Админ","surname":"Системный","email":"admin@example.com","phone":"+71234567890","createdAt":"2026-01-24T01:00:36.671391Z","roleId":1,"role":{"id":1,"name":"Владелец","code":"Owner","description":"Полный доступ","rank":1},"alarmEvents":[],"sentPartRequests":[],"receivedPartRequests":[],"sentShiftTransfers":[],"receivedShiftTransfers":[]},{"id":2,"login":"eva","encryptedPassword":"$2a$12$Y0uuNdgaJp09PIOQ9JIhPuJV4BppFS8G0Z9ifm.GeDCWuf/xdumAe","name":"Eva","surname":"EvaEva","email":"eva@dura.com","phone":"57","createdAt":"2026-01-24T01:03:29.60815Z","roleId":3,"role":{"id":3,"name":"Старший экструзионщик","code":"SeniorExtruder","description":"Замещение администратора","rank":3},"alarmEvents":[],"sentPartRequests":[],"receivedPartRequests":[],"sentShiftTransfers":[],"receivedShiftTransfers":[]},{"id":3,"login":"Adam","encryptedPassword":"$2a$12$iTkjevTNbrNYDPIRz.MUGuFN7TstoAQihCnmon3z9bQOiC.iBXRzq","name":"Адам","surname":"Первый","email":"first@people.world","phone":"555","createdAt":"2026-01-24T01:04:04.400925Z","roleId":4,"role":{"id":4,"name":"Старший кладовщик","code":"SeniorWarehouseman","description":"Склады и цеха","rank":3},"alarmEvents":[],"sentPartRequests":[],"receivedPartRequests":[],"sentShiftTransfers":[],"receivedShiftTransfers":[]}]
=======================================================

=======================================================
Timestamp: 2026-01-24T16:11:24.0449011Z
Method: GET
URL: /api/users
Status: 200
Duration: 27 ms
UserId: 
Client IP: ::1
User-Agent: 
Controller: Users, Action: GetAll
Response Body: [{"id":1,"login":"admin","encryptedPassword":"admin","name":"Админ","surname":"Системный","email":"admin@example.com","phone":"+71234567890","createdAt":"2026-01-24T01:00:36.671391Z","roleId":1,"role":{"id":1,"name":"Владелец","code":"Owner","description":"Полный доступ","rank":1},"alarmEvents":[],"sentPartRequests":[],"receivedPartRequests":[],"sentShiftTransfers":[],"receivedShiftTransfers":[]},{"id":2,"login":"eva","encryptedPassword":"$2a$12$Y0uuNdgaJp09PIOQ9JIhPuJV4BppFS8G0Z9ifm.GeDCWuf/xdumAe","name":"Eva","surname":"EvaEva","email":"eva@dura.com","phone":"57","createdAt":"2026-01-24T01:03:29.60815Z","roleId":3,"role":{"id":3,"name":"Старший экструзионщик","code":"SeniorExtruder","description":"Замещение администратора","rank":3},"alarmEvents":[],"sentPartRequests":[],"receivedPartRequests":[],"sentShiftTransfers":[],"receivedShiftTransfers":[]},{"id":3,"login":"Adam","encryptedPassword":"$2a$12$iTkjevTNbrNYDPIRz.MUGuFN7TstoAQihCnmon3z9bQOiC.iBXRzq","name":"Адам","surname":"Первый","email":"first@people.world","phone":"555","createdAt":"2026-01-24T01:04:04.400925Z","roleId":4,"role":{"id":4,"name":"Старший кладовщик","code":"SeniorWarehouseman","description":"Склады и цеха","rank":3},"alarmEvents":[],"sentPartRequests":[],"receivedPartRequests":[],"sentShiftTransfers":[],"receivedShiftTransfers":[]}]
=======================================================

=======================================================
Timestamp: 2026-01-24T16:11:24.0578347Z
Method: GET
URL: /api/users/search?name=%D0%A1
Status: 200
Duration: 31 ms
UserId: 
Client IP: ::1
User-Agent: 
Controller: Users, Action: GetByNameOrSurname
Response Body: [{"id":1,"login":"admin","encryptedPassword":"admin","name":"Админ","surname":"Системный","email":"admin@example.com","phone":"+71234567890","createdAt":"2026-01-24T01:00:36.671391Z","roleId":1,"role":{"id":1,"name":"Владелец","code":"Owner","description":"Полный доступ","rank":1},"alarmEvents":[],"sentPartRequests":[],"receivedPartRequests":[],"sentShiftTransfers":[],"receivedShiftTransfers":[]}]
=======================================================

=======================================================
Timestamp: 2026-01-24T16:11:24.0613201Z
Method: GET
URL: /api/users
Status: 200
Duration: 34 ms
UserId: 
Client IP: ::1
User-Agent: 
Controller: Users, Action: GetAll
Response Body: [{"id":1,"login":"admin","encryptedPassword":"admin","name":"Админ","surname":"Системный","email":"admin@example.com","phone":"+71234567890","createdAt":"2026-01-24T01:00:36.671391Z","roleId":1,"role":{"id":1,"name":"Владелец","code":"Owner","description":"Полный доступ","rank":1},"alarmEvents":[],"sentPartRequests":[],"receivedPartRequests":[],"sentShiftTransfers":[],"receivedShiftTransfers":[]},{"id":2,"login":"eva","encryptedPassword":"$2a$12$Y0uuNdgaJp09PIOQ9JIhPuJV4BppFS8G0Z9ifm.GeDCWuf/xdumAe","name":"Eva","surname":"EvaEva","email":"eva@dura.com","phone":"57","createdAt":"2026-01-24T01:03:29.60815Z","roleId":3,"role":{"id":3,"name":"Старший экструзионщик","code":"SeniorExtruder","description":"Замещение администратора","rank":3},"alarmEvents":[],"sentPartRequests":[],"receivedPartRequests":[],"sentShiftTransfers":[],"receivedShiftTransfers":[]},{"id":3,"login":"Adam","encryptedPassword":"$2a$12$iTkjevTNbrNYDPIRz.MUGuFN7TstoAQihCnmon3z9bQOiC.iBXRzq","name":"Адам","surname":"Первый","email":"first@people.world","phone":"555","createdAt":"2026-01-24T01:04:04.400925Z","roleId":4,"role":{"id":4,"name":"Старший кладовщик","code":"SeniorWarehouseman","description":"Склады и цеха","rank":3},"alarmEvents":[],"sentPartRequests":[],"receivedPartRequests":[],"sentShiftTransfers":[],"receivedShiftTransfers":[]}]
=======================================================

=======================================================
Timestamp: 2026-01-24T16:11:24.2701693Z
Method: GET
URL: /api/users
Status: 200
Duration: 8 ms
UserId: 
Client IP: ::1
User-Agent: 
Controller: Users, Action: GetAll
Response Body: [{"id":1,"login":"admin","encryptedPassword":"admin","name":"Админ","surname":"Системный","email":"admin@example.com","phone":"+71234567890","createdAt":"2026-01-24T01:00:36.671391Z","roleId":1,"role":{"id":1,"name":"Владелец","code":"Owner","description":"Полный доступ","rank":1},"alarmEvents":[],"sentPartRequests":[],"receivedPartRequests":[],"sentShiftTransfers":[],"receivedShiftTransfers":[]},{"id":2,"login":"eva","encryptedPassword":"$2a$12$Y0uuNdgaJp09PIOQ9JIhPuJV4BppFS8G0Z9ifm.GeDCWuf/xdumAe","name":"Eva","surname":"EvaEva","email":"eva@dura.com","phone":"57","createdAt":"2026-01-24T01:03:29.60815Z","roleId":3,"role":{"id":3,"name":"Старший экструзионщик","code":"SeniorExtruder","description":"Замещение администратора","rank":3},"alarmEvents":[],"sentPartRequests":[],"receivedPartRequests":[],"sentShiftTransfers":[],"receivedShiftTransfers":[]},{"id":3,"login":"Adam","encryptedPassword":"$2a$12$iTkjevTNbrNYDPIRz.MUGuFN7TstoAQihCnmon3z9bQOiC.iBXRzq","name":"Адам","surname":"Первый","email":"first@people.world","phone":"555","createdAt":"2026-01-24T01:04:04.400925Z","roleId":4,"role":{"id":4,"name":"Старший кладовщик","code":"SeniorWarehouseman","description":"Склады и цеха","rank":3},"alarmEvents":[],"sentPartRequests":[],"receivedPartRequests":[],"sentShiftTransfers":[],"receivedShiftTransfers":[]}]
=======================================================

=======================================================
Timestamp: 2026-01-24T16:11:24.2800586Z
Method: GET
URL: /api/users/search?name=%D0%A1%D0%B8
Status: 200
Duration: 38 ms
UserId: 
Client IP: ::1
User-Agent: 
Controller: Users, Action: GetByNameOrSurname
Response Body: [{"id":1,"login":"admin","encryptedPassword":"admin","name":"Админ","surname":"Системный","email":"admin@example.com","phone":"+71234567890","createdAt":"2026-01-24T01:00:36.671391Z","roleId":1,"role":{"id":1,"name":"Владелец","code":"Owner","description":"Полный доступ","rank":1},"alarmEvents":[],"sentPartRequests":[],"receivedPartRequests":[],"sentShiftTransfers":[],"receivedShiftTransfers":[]}]
=======================================================

=======================================================
Timestamp: 2026-01-24T16:11:24.4193661Z
Method: GET
URL: /api/users
Status: 200
Duration: 51 ms
UserId: 
Client IP: ::1
User-Agent: 
Controller: Users, Action: GetAll
Response Body: [{"id":1,"login":"admin","encryptedPassword":"admin","name":"Админ","surname":"Системный","email":"admin@example.com","phone":"+71234567890","createdAt":"2026-01-24T01:00:36.671391Z","roleId":1,"role":{"id":1,"name":"Владелец","code":"Owner","description":"Полный доступ","rank":1},"alarmEvents":[],"sentPartRequests":[],"receivedPartRequests":[],"sentShiftTransfers":[],"receivedShiftTransfers":[]},{"id":2,"login":"eva","encryptedPassword":"$2a$12$Y0uuNdgaJp09PIOQ9JIhPuJV4BppFS8G0Z9ifm.GeDCWuf/xdumAe","name":"Eva","surname":"EvaEva","email":"eva@dura.com","phone":"57","createdAt":"2026-01-24T01:03:29.60815Z","roleId":3,"role":{"id":3,"name":"Старший экструзионщик","code":"SeniorExtruder","description":"Замещение администратора","rank":3},"alarmEvents":[],"sentPartRequests":[],"receivedPartRequests":[],"sentShiftTransfers":[],"receivedShiftTransfers":[]},{"id":3,"login":"Adam","encryptedPassword":"$2a$12$iTkjevTNbrNYDPIRz.MUGuFN7TstoAQihCnmon3z9bQOiC.iBXRzq","name":"Адам","surname":"Первый","email":"first@people.world","phone":"555","createdAt":"2026-01-24T01:04:04.400925Z","roleId":4,"role":{"id":4,"name":"Старший кладовщик","code":"SeniorWarehouseman","description":"Склады и цеха","rank":3},"alarmEvents":[],"sentPartRequests":[],"receivedPartRequests":[],"sentShiftTransfers":[],"receivedShiftTransfers":[]}]
=======================================================

=======================================================
Timestamp: 2026-01-24T16:11:24.4261001Z
Method: GET
URL: /api/users
Status: 200
Duration: 49 ms
UserId: 
Client IP: ::1
User-Agent: 
Controller: Users, Action: GetAll
Response Body: [{"id":1,"login":"admin","encryptedPassword":"admin","name":"Админ","surname":"Системный","email":"admin@example.com","phone":"+71234567890","createdAt":"2026-01-24T01:00:36.671391Z","roleId":1,"role":{"id":1,"name":"Владелец","code":"Owner","description":"Полный доступ","rank":1},"alarmEvents":[],"sentPartRequests":[],"receivedPartRequests":[],"sentShiftTransfers":[],"receivedShiftTransfers":[]},{"id":2,"login":"eva","encryptedPassword":"$2a$12$Y0uuNdgaJp09PIOQ9JIhPuJV4BppFS8G0Z9ifm.GeDCWuf/xdumAe","name":"Eva","surname":"EvaEva","email":"eva@dura.com","phone":"57","createdAt":"2026-01-24T01:03:29.60815Z","roleId":3,"role":{"id":3,"name":"Старший экструзионщик","code":"SeniorExtruder","description":"Замещение администратора","rank":3},"alarmEvents":[],"sentPartRequests":[],"receivedPartRequests":[],"sentShiftTransfers":[],"receivedShiftTransfers":[]},{"id":3,"login":"Adam","encryptedPassword":"$2a$12$iTkjevTNbrNYDPIRz.MUGuFN7TstoAQihCnmon3z9bQOiC.iBXRzq","name":"Адам","surname":"Первый","email":"first@people.world","phone":"555","createdAt":"2026-01-24T01:04:04.400925Z","roleId":4,"role":{"id":4,"name":"Старший кладовщик","code":"SeniorWarehouseman","description":"Склады и цеха","rank":3},"alarmEvents":[],"sentPartRequests":[],"receivedPartRequests":[],"sentShiftTransfers":[],"receivedShiftTransfers":[]}]
=======================================================

=======================================================
Timestamp: 2026-01-24T16:11:24.4340880Z
Method: GET
URL: /api/users/search?name=%D0%A1%D0%B8%D1%81
Status: 200
Duration: 54 ms
UserId: 
Client IP: ::1
User-Agent: 
Controller: Users, Action: GetByNameOrSurname
Response Body: [{"id":1,"login":"admin","encryptedPassword":"admin","name":"Админ","surname":"Системный","email":"admin@example.com","phone":"+71234567890","createdAt":"2026-01-24T01:00:36.671391Z","roleId":1,"role":{"id":1,"name":"Владелец","code":"Owner","description":"Полный доступ","rank":1},"alarmEvents":[],"sentPartRequests":[],"receivedPartRequests":[],"sentShiftTransfers":[],"receivedShiftTransfers":[]}]
=======================================================

=======================================================
Timestamp: 2026-01-24T16:11:24.4977035Z
Method: GET
URL: /api/users
Status: 200
Duration: 9 ms
UserId: 
Client IP: ::1
User-Agent: 
Controller: Users, Action: GetAll
Response Body: [{"id":1,"login":"admin","encryptedPassword":"admin","name":"Админ","surname":"Системный","email":"admin@example.com","phone":"+71234567890","createdAt":"2026-01-24T01:00:36.671391Z","roleId":1,"role":{"id":1,"name":"Владелец","code":"Owner","description":"Полный доступ","rank":1},"alarmEvents":[],"sentPartRequests":[],"receivedPartRequests":[],"sentShiftTransfers":[],"receivedShiftTransfers":[]},{"id":2,"login":"eva","encryptedPassword":"$2a$12$Y0uuNdgaJp09PIOQ9JIhPuJV4BppFS8G0Z9ifm.GeDCWuf/xdumAe","name":"Eva","surname":"EvaEva","email":"eva@dura.com","phone":"57","createdAt":"2026-01-24T01:03:29.60815Z","roleId":3,"role":{"id":3,"name":"Старший экструзионщик","code":"SeniorExtruder","description":"Замещение администратора","rank":3},"alarmEvents":[],"sentPartRequests":[],"receivedPartRequests":[],"sentShiftTransfers":[],"receivedShiftTransfers":[]},{"id":3,"login":"Adam","encryptedPassword":"$2a$12$iTkjevTNbrNYDPIRz.MUGuFN7TstoAQihCnmon3z9bQOiC.iBXRzq","name":"Адам","surname":"Первый","email":"first@people.world","phone":"555","createdAt":"2026-01-24T01:04:04.400925Z","roleId":4,"role":{"id":4,"name":"Старший кладовщик","code":"SeniorWarehouseman","description":"Склады и цеха","rank":3},"alarmEvents":[],"sentPartRequests":[],"receivedPartRequests":[],"sentShiftTransfers":[],"receivedShiftTransfers":[]}]
=======================================================

=======================================================
Timestamp: 2026-01-24T16:11:24.4981690Z
Method: GET
URL: /api/users/search?name=%D0%A1%D0%B8%D1%81%D1%82
Status: 200
Duration: 43 ms
UserId: 
Client IP: ::1
User-Agent: 
Controller: Users, Action: GetByNameOrSurname
Response Body: [{"id":1,"login":"admin","encryptedPassword":"admin","name":"Админ","surname":"Системный","email":"admin@example.com","phone":"+71234567890","createdAt":"2026-01-24T01:00:36.671391Z","roleId":1,"role":{"id":1,"name":"Владелец","code":"Owner","description":"Полный доступ","rank":1},"alarmEvents":[],"sentPartRequests":[],"receivedPartRequests":[],"sentShiftTransfers":[],"receivedShiftTransfers":[]}]
=======================================================

=======================================================
Timestamp: 2026-01-24T16:11:24.5070992Z
Method: GET
URL: /api/users
Status: 200
Duration: 42 ms
UserId: 
Client IP: ::1
User-Agent: 
Controller: Users, Action: GetAll
Response Body: [{"id":1,"login":"admin","encryptedPassword":"admin","name":"Админ","surname":"Системный","email":"admin@example.com","phone":"+71234567890","createdAt":"2026-01-24T01:00:36.671391Z","roleId":1,"role":{"id":1,"name":"Владелец","code":"Owner","description":"Полный доступ","rank":1},"alarmEvents":[],"sentPartRequests":[],"receivedPartRequests":[],"sentShiftTransfers":[],"receivedShiftTransfers":[]},{"id":2,"login":"eva","encryptedPassword":"$2a$12$Y0uuNdgaJp09PIOQ9JIhPuJV4BppFS8G0Z9ifm.GeDCWuf/xdumAe","name":"Eva","surname":"EvaEva","email":"eva@dura.com","phone":"57","createdAt":"2026-01-24T01:03:29.60815Z","roleId":3,"role":{"id":3,"name":"Старший экструзионщик","code":"SeniorExtruder","description":"Замещение администратора","rank":3},"alarmEvents":[],"sentPartRequests":[],"receivedPartRequests":[],"sentShiftTransfers":[],"receivedShiftTransfers":[]},{"id":3,"login":"Adam","encryptedPassword":"$2a$12$iTkjevTNbrNYDPIRz.MUGuFN7TstoAQihCnmon3z9bQOiC.iBXRzq","name":"Адам","surname":"Первый","email":"first@people.world","phone":"555","createdAt":"2026-01-24T01:04:04.400925Z","roleId":4,"role":{"id":4,"name":"Старший кладовщик","code":"SeniorWarehouseman","description":"Склады и цеха","rank":3},"alarmEvents":[],"sentPartRequests":[],"receivedPartRequests":[],"sentShiftTransfers":[],"receivedShiftTransfers":[]}]
=======================================================

=======================================================
Timestamp: 2026-01-24T16:11:24.7108890Z
Method: GET
URL: /api/users
Status: 200
Duration: 22 ms
UserId: 
Client IP: ::1
User-Agent: 
Controller: Users, Action: GetAll
Response Body: [{"id":1,"login":"admin","encryptedPassword":"admin","name":"Админ","surname":"Системный","email":"admin@example.com","phone":"+71234567890","createdAt":"2026-01-24T01:00:36.671391Z","roleId":1,"role":{"id":1,"name":"Владелец","code":"Owner","description":"Полный доступ","rank":1},"alarmEvents":[],"sentPartRequests":[],"receivedPartRequests":[],"sentShiftTransfers":[],"receivedShiftTransfers":[]},{"id":2,"login":"eva","encryptedPassword":"$2a$12$Y0uuNdgaJp09PIOQ9JIhPuJV4BppFS8G0Z9ifm.GeDCWuf/xdumAe","name":"Eva","surname":"EvaEva","email":"eva@dura.com","phone":"57","createdAt":"2026-01-24T01:03:29.60815Z","roleId":3,"role":{"id":3,"name":"Старший экструзионщик","code":"SeniorExtruder","description":"Замещение администратора","rank":3},"alarmEvents":[],"sentPartRequests":[],"receivedPartRequests":[],"sentShiftTransfers":[],"receivedShiftTransfers":[]},{"id":3,"login":"Adam","encryptedPassword":"$2a$12$iTkjevTNbrNYDPIRz.MUGuFN7TstoAQihCnmon3z9bQOiC.iBXRzq","name":"Адам","surname":"Первый","email":"first@people.world","phone":"555","createdAt":"2026-01-24T01:04:04.400925Z","roleId":4,"role":{"id":4,"name":"Старший кладовщик","code":"SeniorWarehouseman","description":"Склады и цеха","rank":3},"alarmEvents":[],"sentPartRequests":[],"receivedPartRequests":[],"sentShiftTransfers":[],"receivedShiftTransfers":[]}]
=======================================================

=======================================================
Timestamp: 2026-01-24T16:11:24.7128775Z
Method: GET
URL: /api/users/search?name=%D0%A1%D0%B8%D1%81%D1%82%D0%B5
Status: 200
Duration: 27 ms
UserId: 
Client IP: ::1
User-Agent: 
Controller: Users, Action: GetByNameOrSurname
Response Body: [{"id":1,"login":"admin","encryptedPassword":"admin","name":"Админ","surname":"Системный","email":"admin@example.com","phone":"+71234567890","createdAt":"2026-01-24T01:00:36.671391Z","roleId":1,"role":{"id":1,"name":"Владелец","code":"Owner","description":"Полный доступ","rank":1},"alarmEvents":[],"sentPartRequests":[],"receivedPartRequests":[],"sentShiftTransfers":[],"receivedShiftTransfers":[]}]
=======================================================

=======================================================
Timestamp: 2026-01-24T16:11:24.7204010Z
Method: GET
URL: /api/users
Status: 200
Duration: 46 ms
UserId: 
Client IP: ::1
User-Agent: 
Controller: Users, Action: GetAll
Response Body: [{"id":1,"login":"admin","encryptedPassword":"admin","name":"Админ","surname":"Системный","email":"admin@example.com","phone":"+71234567890","createdAt":"2026-01-24T01:00:36.671391Z","roleId":1,"role":{"id":1,"name":"Владелец","code":"Owner","description":"Полный доступ","rank":1},"alarmEvents":[],"sentPartRequests":[],"receivedPartRequests":[],"sentShiftTransfers":[],"receivedShiftTransfers":[]},{"id":2,"login":"eva","encryptedPassword":"$2a$12$Y0uuNdgaJp09PIOQ9JIhPuJV4BppFS8G0Z9ifm.GeDCWuf/xdumAe","name":"Eva","surname":"EvaEva","email":"eva@dura.com","phone":"57","createdAt":"2026-01-24T01:03:29.60815Z","roleId":3,"role":{"id":3,"name":"Старший экструзионщик","code":"SeniorExtruder","description":"Замещение администратора","rank":3},"alarmEvents":[],"sentPartRequests":[],"receivedPartRequests":[],"sentShiftTransfers":[],"receivedShiftTransfers":[]},{"id":3,"login":"Adam","encryptedPassword":"$2a$12$iTkjevTNbrNYDPIRz.MUGuFN7TstoAQihCnmon3z9bQOiC.iBXRzq","name":"Адам","surname":"Первый","email":"first@people.world","phone":"555","createdAt":"2026-01-24T01:04:04.400925Z","roleId":4,"role":{"id":4,"name":"Старший кладовщик","code":"SeniorWarehouseman","description":"Склады и цеха","rank":3},"alarmEvents":[],"sentPartRequests":[],"receivedPartRequests":[],"sentShiftTransfers":[],"receivedShiftTransfers":[]}]
=======================================================

=======================================================
Timestamp: 2026-01-24T16:11:24.7998935Z
Method: GET
URL: /api/users
Status: 200
Duration: 21 ms
UserId: 
Client IP: ::1
User-Agent: 
Controller: Users, Action: GetAll
Response Body: [{"id":1,"login":"admin","encryptedPassword":"admin","name":"Админ","surname":"Системный","email":"admin@example.com","phone":"+71234567890","createdAt":"2026-01-24T01:00:36.671391Z","roleId":1,"role":{"id":1,"name":"Владелец","code":"Owner","description":"Полный доступ","rank":1},"alarmEvents":[],"sentPartRequests":[],"receivedPartRequests":[],"sentShiftTransfers":[],"receivedShiftTransfers":[]},{"id":2,"login":"eva","encryptedPassword":"$2a$12$Y0uuNdgaJp09PIOQ9JIhPuJV4BppFS8G0Z9ifm.GeDCWuf/xdumAe","name":"Eva","surname":"EvaEva","email":"eva@dura.com","phone":"57","createdAt":"2026-01-24T01:03:29.60815Z","roleId":3,"role":{"id":3,"name":"Старший экструзионщик","code":"SeniorExtruder","description":"Замещение администратора","rank":3},"alarmEvents":[],"sentPartRequests":[],"receivedPartRequests":[],"sentShiftTransfers":[],"receivedShiftTransfers":[]},{"id":3,"login":"Adam","encryptedPassword":"$2a$12$iTkjevTNbrNYDPIRz.MUGuFN7TstoAQihCnmon3z9bQOiC.iBXRzq","name":"Адам","surname":"Первый","email":"first@people.world","phone":"555","createdAt":"2026-01-24T01:04:04.400925Z","roleId":4,"role":{"id":4,"name":"Старший кладовщик","code":"SeniorWarehouseman","description":"Склады и цеха","rank":3},"alarmEvents":[],"sentPartRequests":[],"receivedPartRequests":[],"sentShiftTransfers":[],"receivedShiftTransfers":[]}]
=======================================================

=======================================================
Timestamp: 2026-01-24T16:11:24.8212609Z
Method: GET
URL: /api/users
Status: 200
Duration: 19 ms
UserId: 
Client IP: ::1
User-Agent: 
Controller: Users, Action: GetAll
Response Body: [{"id":1,"login":"admin","encryptedPassword":"admin","name":"Админ","surname":"Системный","email":"admin@example.com","phone":"+71234567890","createdAt":"2026-01-24T01:00:36.671391Z","roleId":1,"role":{"id":1,"name":"Владелец","code":"Owner","description":"Полный доступ","rank":1},"alarmEvents":[],"sentPartRequests":[],"receivedPartRequests":[],"sentShiftTransfers":[],"receivedShiftTransfers":[]},{"id":2,"login":"eva","encryptedPassword":"$2a$12$Y0uuNdgaJp09PIOQ9JIhPuJV4BppFS8G0Z9ifm.GeDCWuf/xdumAe","name":"Eva","surname":"EvaEva","email":"eva@dura.com","phone":"57","createdAt":"2026-01-24T01:03:29.60815Z","roleId":3,"role":{"id":3,"name":"Старший экструзионщик","code":"SeniorExtruder","description":"Замещение администратора","rank":3},"alarmEvents":[],"sentPartRequests":[],"receivedPartRequests":[],"sentShiftTransfers":[],"receivedShiftTransfers":[]},{"id":3,"login":"Adam","encryptedPassword":"$2a$12$iTkjevTNbrNYDPIRz.MUGuFN7TstoAQihCnmon3z9bQOiC.iBXRzq","name":"Адам","surname":"Первый","email":"first@people.world","phone":"555","createdAt":"2026-01-24T01:04:04.400925Z","roleId":4,"role":{"id":4,"name":"Старший кладовщик","code":"SeniorWarehouseman","description":"Склады и цеха","rank":3},"alarmEvents":[],"sentPartRequests":[],"receivedPartRequests":[],"sentShiftTransfers":[],"receivedShiftTransfers":[]}]
=======================================================

=======================================================
Timestamp: 2026-01-24T16:11:25.3322536Z
Method: GET
URL: /api/users
Status: 200
Duration: 14 ms
UserId: 
Client IP: ::1
User-Agent: 
Controller: Users, Action: GetAll
Response Body: [{"id":1,"login":"admin","encryptedPassword":"admin","name":"Админ","surname":"Системный","email":"admin@example.com","phone":"+71234567890","createdAt":"2026-01-24T01:00:36.671391Z","roleId":1,"role":{"id":1,"name":"Владелец","code":"Owner","description":"Полный доступ","rank":1},"alarmEvents":[],"sentPartRequests":[],"receivedPartRequests":[],"sentShiftTransfers":[],"receivedShiftTransfers":[]},{"id":2,"login":"eva","encryptedPassword":"$2a$12$Y0uuNdgaJp09PIOQ9JIhPuJV4BppFS8G0Z9ifm.GeDCWuf/xdumAe","name":"Eva","surname":"EvaEva","email":"eva@dura.com","phone":"57","createdAt":"2026-01-24T01:03:29.60815Z","roleId":3,"role":{"id":3,"name":"Старший экструзионщик","code":"SeniorExtruder","description":"Замещение администратора","rank":3},"alarmEvents":[],"sentPartRequests":[],"receivedPartRequests":[],"sentShiftTransfers":[],"receivedShiftTransfers":[]},{"id":3,"login":"Adam","encryptedPassword":"$2a$12$iTkjevTNbrNYDPIRz.MUGuFN7TstoAQihCnmon3z9bQOiC.iBXRzq","name":"Адам","surname":"Первый","email":"first@people.world","phone":"555","createdAt":"2026-01-24T01:04:04.400925Z","roleId":4,"role":{"id":4,"name":"Старший кладовщик","code":"SeniorWarehouseman","description":"Склады и цеха","rank":3},"alarmEvents":[],"sentPartRequests":[],"receivedPartRequests":[],"sentShiftTransfers":[],"receivedShiftTransfers":[]}]
=======================================================

=======================================================
Timestamp: 2026-01-24T16:11:25.4322292Z
Method: GET
URL: /api/users/search?name=%D0%A1%D0%B8%D1%81%D1%82%D0%B5%D0%BC%D0%BD
Status: 200
Duration: 39 ms
UserId: 
Client IP: ::1
User-Agent: 
Controller: Users, Action: GetByNameOrSurname
Response Body: [{"id":1,"login":"admin","encryptedPassword":"admin","name":"Админ","surname":"Системный","email":"admin@example.com","phone":"+71234567890","createdAt":"2026-01-24T01:00:36.671391Z","roleId":1,"role":{"id":1,"name":"Владелец","code":"Owner","description":"Полный доступ","rank":1},"alarmEvents":[],"sentPartRequests":[],"receivedPartRequests":[],"sentShiftTransfers":[],"receivedShiftTransfers":[]}]
=======================================================

=======================================================
Timestamp: 2026-01-24T16:11:25.4419564Z
Method: GET
URL: /api/users
Status: 200
Duration: 7 ms
UserId: 
Client IP: ::1
User-Agent: 
Controller: Users, Action: GetAll
Response Body: [{"id":1,"login":"admin","encryptedPassword":"admin","name":"Админ","surname":"Системный","email":"admin@example.com","phone":"+71234567890","createdAt":"2026-01-24T01:00:36.671391Z","roleId":1,"role":{"id":1,"name":"Владелец","code":"Owner","description":"Полный доступ","rank":1},"alarmEvents":[],"sentPartRequests":[],"receivedPartRequests":[],"sentShiftTransfers":[],"receivedShiftTransfers":[]},{"id":2,"login":"eva","encryptedPassword":"$2a$12$Y0uuNdgaJp09PIOQ9JIhPuJV4BppFS8G0Z9ifm.GeDCWuf/xdumAe","name":"Eva","surname":"EvaEva","email":"eva@dura.com","phone":"57","createdAt":"2026-01-24T01:03:29.60815Z","roleId":3,"role":{"id":3,"name":"Старший экструзионщик","code":"SeniorExtruder","description":"Замещение администратора","rank":3},"alarmEvents":[],"sentPartRequests":[],"receivedPartRequests":[],"sentShiftTransfers":[],"receivedShiftTransfers":[]},{"id":3,"login":"Adam","encryptedPassword":"$2a$12$iTkjevTNbrNYDPIRz.MUGuFN7TstoAQihCnmon3z9bQOiC.iBXRzq","name":"Адам","surname":"Первый","email":"first@people.world","phone":"555","createdAt":"2026-01-24T01:04:04.400925Z","roleId":4,"role":{"id":4,"name":"Старший кладовщик","code":"SeniorWarehouseman","description":"Склады и цеха","rank":3},"alarmEvents":[],"sentPartRequests":[],"receivedPartRequests":[],"sentShiftTransfers":[],"receivedShiftTransfers":[]}]
=======================================================

=======================================================
Timestamp: 2026-01-24T16:11:25.4902675Z
Method: GET
URL: /api/users
Status: 200
Duration: 12 ms
UserId: 
Client IP: ::1
User-Agent: 
Controller: Users, Action: GetAll
Response Body: [{"id":1,"login":"admin","encryptedPassword":"admin","name":"Админ","surname":"Системный","email":"admin@example.com","phone":"+71234567890","createdAt":"2026-01-24T01:00:36.671391Z","roleId":1,"role":{"id":1,"name":"Владелец","code":"Owner","description":"Полный доступ","rank":1},"alarmEvents":[],"sentPartRequests":[],"receivedPartRequests":[],"sentShiftTransfers":[],"receivedShiftTransfers":[]},{"id":2,"login":"eva","encryptedPassword":"$2a$12$Y0uuNdgaJp09PIOQ9JIhPuJV4BppFS8G0Z9ifm.GeDCWuf/xdumAe","name":"Eva","surname":"EvaEva","email":"eva@dura.com","phone":"57","createdAt":"2026-01-24T01:03:29.60815Z","roleId":3,"role":{"id":3,"name":"Старший экструзионщик","code":"SeniorExtruder","description":"Замещение администратора","rank":3},"alarmEvents":[],"sentPartRequests":[],"receivedPartRequests":[],"sentShiftTransfers":[],"receivedShiftTransfers":[]},{"id":3,"login":"Adam","encryptedPassword":"$2a$12$iTkjevTNbrNYDPIRz.MUGuFN7TstoAQihCnmon3z9bQOiC.iBXRzq","name":"Адам","surname":"Первый","email":"first@people.world","phone":"555","createdAt":"2026-01-24T01:04:04.400925Z","roleId":4,"role":{"id":4,"name":"Старший кладовщик","code":"SeniorWarehouseman","description":"Склады и цеха","rank":3},"alarmEvents":[],"sentPartRequests":[],"receivedPartRequests":[],"sentShiftTransfers":[],"receivedShiftTransfers":[]}]
=======================================================

=======================================================
Timestamp: 2026-01-24T16:11:25.7101421Z
Method: GET
URL: /api/users/search?name=%D0%A1%D0%B8%D1%81%D1%82%D0%B5%D0%BC%D0%BD%D1%8B%D0%B9
Status: 200
Duration: 228 ms
UserId: 
Client IP: ::1
User-Agent: 
Controller: Users, Action: GetByNameOrSurname
Response Body: [{"id":1,"login":"admin","encryptedPassword":"admin","name":"Админ","surname":"Системный","email":"admin@example.com","phone":"+71234567890","createdAt":"2026-01-24T01:00:36.671391Z","roleId":1,"role":{"id":1,"name":"Владелец","code":"Owner","description":"Полный доступ","rank":1},"alarmEvents":[],"sentPartRequests":[],"receivedPartRequests":[],"sentShiftTransfers":[],"receivedShiftTransfers":[]}]
=======================================================

=======================================================
Timestamp: 2026-01-24T16:11:25.7160855Z
Method: GET
URL: /api/users
Status: 200
Duration: 217 ms
UserId: 
Client IP: ::1
User-Agent: 
Controller: Users, Action: GetAll
Response Body: [{"id":1,"login":"admin","encryptedPassword":"admin","name":"Админ","surname":"Системный","email":"admin@example.com","phone":"+71234567890","createdAt":"2026-01-24T01:00:36.671391Z","roleId":1,"role":{"id":1,"name":"Владелец","code":"Owner","description":"Полный доступ","rank":1},"alarmEvents":[],"sentPartRequests":[],"receivedPartRequests":[],"sentShiftTransfers":[],"receivedShiftTransfers":[]},{"id":2,"login":"eva","encryptedPassword":"$2a$12$Y0uuNdgaJp09PIOQ9JIhPuJV4BppFS8G0Z9ifm.GeDCWuf/xdumAe","name":"Eva","surname":"EvaEva","email":"eva@dura.com","phone":"57","createdAt":"2026-01-24T01:03:29.60815Z","roleId":3,"role":{"id":3,"name":"Старший экструзионщик","code":"SeniorExtruder","description":"Замещение администратора","rank":3},"alarmEvents":[],"sentPartRequests":[],"receivedPartRequests":[],"sentShiftTransfers":[],"receivedShiftTransfers":[]},{"id":3,"login":"Adam","encryptedPassword":"$2a$12$iTkjevTNbrNYDPIRz.MUGuFN7TstoAQihCnmon3z9bQOiC.iBXRzq","name":"Адам","surname":"Первый","email":"first@people.world","phone":"555","createdAt":"2026-01-24T01:04:04.400925Z","roleId":4,"role":{"id":4,"name":"Старший кладовщик","code":"SeniorWarehouseman","description":"Склады и цеха","rank":3},"alarmEvents":[],"sentPartRequests":[],"receivedPartRequests":[],"sentShiftTransfers":[],"receivedShiftTransfers":[]}]
=======================================================

=======================================================
Timestamp: 2026-01-24T16:11:25.7260662Z
Method: GET
URL: /api/users
Status: 200
Duration: 228 ms
UserId: 
Client IP: ::1
User-Agent: 
Controller: Users, Action: GetAll
Response Body: [{"id":1,"login":"admin","encryptedPassword":"admin","name":"Админ","surname":"Системный","email":"admin@example.com","phone":"+71234567890","createdAt":"2026-01-24T01:00:36.671391Z","roleId":1,"role":{"id":1,"name":"Владелец","code":"Owner","description":"Полный доступ","rank":1},"alarmEvents":[],"sentPartRequests":[],"receivedPartRequests":[],"sentShiftTransfers":[],"receivedShiftTransfers":[]},{"id":2,"login":"eva","encryptedPassword":"$2a$12$Y0uuNdgaJp09PIOQ9JIhPuJV4BppFS8G0Z9ifm.GeDCWuf/xdumAe","name":"Eva","surname":"EvaEva","email":"eva@dura.com","phone":"57","createdAt":"2026-01-24T01:03:29.60815Z","roleId":3,"role":{"id":3,"name":"Старший экструзионщик","code":"SeniorExtruder","description":"Замещение администратора","rank":3},"alarmEvents":[],"sentPartRequests":[],"receivedPartRequests":[],"sentShiftTransfers":[],"receivedShiftTransfers":[]},{"id":3,"login":"Adam","encryptedPassword":"$2a$12$iTkjevTNbrNYDPIRz.MUGuFN7TstoAQihCnmon3z9bQOiC.iBXRzq","name":"Адам","surname":"Первый","email":"first@people.world","phone":"555","createdAt":"2026-01-24T01:04:04.400925Z","roleId":4,"role":{"id":4,"name":"Старший кладовщик","code":"SeniorWarehouseman","description":"Склады и цеха","rank":3},"alarmEvents":[],"sentPartRequests":[],"receivedPartRequests":[],"sentShiftTransfers":[],"receivedShiftTransfers":[]}]
=======================================================

=======================================================
Timestamp: 2026-01-24T16:11:25.7276569Z
Method: GET
URL: /api/users/search?name=%D0%A1%D0%B8%D1%81%D1%82%D0%B5%D0%BC%D0%BD%D1%8B%D0%B9
Status: 200
Duration: 84 ms
UserId: 
Client IP: ::1
User-Agent: 
Controller: Users, Action: GetByNameOrSurname
Response Body: [{"id":1,"login":"admin","encryptedPassword":"admin","name":"Админ","surname":"Системный","email":"admin@example.com","phone":"+71234567890","createdAt":"2026-01-24T01:00:36.671391Z","roleId":1,"role":{"id":1,"name":"Владелец","code":"Owner","description":"Полный доступ","rank":1},"alarmEvents":[],"sentPartRequests":[],"receivedPartRequests":[],"sentShiftTransfers":[],"receivedShiftTransfers":[]}]
=======================================================

=======================================================
Timestamp: 2026-01-24T16:11:26.0587204Z
Method: GET
URL: /api/users
Status: 200
Duration: 11 ms
UserId: 
Client IP: ::1
User-Agent: 
Controller: Users, Action: GetAll
Response Body: [{"id":1,"login":"admin","encryptedPassword":"admin","name":"Админ","surname":"Системный","email":"admin@example.com","phone":"+71234567890","createdAt":"2026-01-24T01:00:36.671391Z","roleId":1,"role":{"id":1,"name":"Владелец","code":"Owner","description":"Полный доступ","rank":1},"alarmEvents":[],"sentPartRequests":[],"receivedPartRequests":[],"sentShiftTransfers":[],"receivedShiftTransfers":[]},{"id":2,"login":"eva","encryptedPassword":"$2a$12$Y0uuNdgaJp09PIOQ9JIhPuJV4BppFS8G0Z9ifm.GeDCWuf/xdumAe","name":"Eva","surname":"EvaEva","email":"eva@dura.com","phone":"57","createdAt":"2026-01-24T01:03:29.60815Z","roleId":3,"role":{"id":3,"name":"Старший экструзионщик","code":"SeniorExtruder","description":"Замещение администратора","rank":3},"alarmEvents":[],"sentPartRequests":[],"receivedPartRequests":[],"sentShiftTransfers":[],"receivedShiftTransfers":[]},{"id":3,"login":"Adam","encryptedPassword":"$2a$12$iTkjevTNbrNYDPIRz.MUGuFN7TstoAQihCnmon3z9bQOiC.iBXRzq","name":"Адам","surname":"Первый","email":"first@people.world","phone":"555","createdAt":"2026-01-24T01:04:04.400925Z","roleId":4,"role":{"id":4,"name":"Старший кладовщик","code":"SeniorWarehouseman","description":"Склады и цеха","rank":3},"alarmEvents":[],"sentPartRequests":[],"receivedPartRequests":[],"sentShiftTransfers":[],"receivedShiftTransfers":[]}]
=======================================================

=======================================================
Timestamp: 2026-01-24T16:11:26.0731613Z
Method: GET
URL: /api/users
Status: 200
Duration: 22 ms
UserId: 
Client IP: ::1
User-Agent: 
Controller: Users, Action: GetAll
Response Body: [{"id":1,"login":"admin","encryptedPassword":"admin","name":"Админ","surname":"Системный","email":"admin@example.com","phone":"+71234567890","createdAt":"2026-01-24T01:00:36.671391Z","roleId":1,"role":{"id":1,"name":"Владелец","code":"Owner","description":"Полный доступ","rank":1},"alarmEvents":[],"sentPartRequests":[],"receivedPartRequests":[],"sentShiftTransfers":[],"receivedShiftTransfers":[]},{"id":2,"login":"eva","encryptedPassword":"$2a$12$Y0uuNdgaJp09PIOQ9JIhPuJV4BppFS8G0Z9ifm.GeDCWuf/xdumAe","name":"Eva","surname":"EvaEva","email":"eva@dura.com","phone":"57","createdAt":"2026-01-24T01:03:29.60815Z","roleId":3,"role":{"id":3,"name":"Старший экструзионщик","code":"SeniorExtruder","description":"Замещение администратора","rank":3},"alarmEvents":[],"sentPartRequests":[],"receivedPartRequests":[],"sentShiftTransfers":[],"receivedShiftTransfers":[]},{"id":3,"login":"Adam","encryptedPassword":"$2a$12$iTkjevTNbrNYDPIRz.MUGuFN7TstoAQihCnmon3z9bQOiC.iBXRzq","name":"Адам","surname":"Первый","email":"first@people.world","phone":"555","createdAt":"2026-01-24T01:04:04.400925Z","roleId":4,"role":{"id":4,"name":"Старший кладовщик","code":"SeniorWarehouseman","description":"Склады и цеха","rank":3},"alarmEvents":[],"sentPartRequests":[],"receivedPartRequests":[],"sentShiftTransfers":[],"receivedShiftTransfers":[]}]
=======================================================

=======================================================
Timestamp: 2026-01-24T16:11:26.0753122Z
Method: GET
URL: /api/users/search?name=%D0%A1%D0%B8%D1%81%D1%82%D0%B5%D0%BC%D0%BD%D1%8B%D0%B9&surname=%D0%94
Status: 200
Duration: 24 ms
UserId: 
Client IP: ::1
User-Agent: 
Controller: Users, Action: GetByNameOrSurname
Response Body: [{"id":1,"login":"admin","encryptedPassword":"admin","name":"Админ","surname":"Системный","email":"admin@example.com","phone":"+71234567890","createdAt":"2026-01-24T01:00:36.671391Z","roleId":1,"role":{"id":1,"name":"Владелец","code":"Owner","description":"Полный доступ","rank":1},"alarmEvents":[],"sentPartRequests":[],"receivedPartRequests":[],"sentShiftTransfers":[],"receivedShiftTransfers":[]}]
=======================================================

=======================================================
Timestamp: 2026-01-24T16:11:26.4998074Z
Method: GET
URL: /api/users
Status: 200
Duration: 43 ms
UserId: 
Client IP: ::1
User-Agent: 
Controller: Users, Action: GetAll
Response Body: [{"id":1,"login":"admin","encryptedPassword":"admin","name":"Админ","surname":"Системный","email":"admin@example.com","phone":"+71234567890","createdAt":"2026-01-24T01:00:36.671391Z","roleId":1,"role":{"id":1,"name":"Владелец","code":"Owner","description":"Полный доступ","rank":1},"alarmEvents":[],"sentPartRequests":[],"receivedPartRequests":[],"sentShiftTransfers":[],"receivedShiftTransfers":[]},{"id":2,"login":"eva","encryptedPassword":"$2a$12$Y0uuNdgaJp09PIOQ9JIhPuJV4BppFS8G0Z9ifm.GeDCWuf/xdumAe","name":"Eva","surname":"EvaEva","email":"eva@dura.com","phone":"57","createdAt":"2026-01-24T01:03:29.60815Z","roleId":3,"role":{"id":3,"name":"Старший экструзионщик","code":"SeniorExtruder","description":"Замещение администратора","rank":3},"alarmEvents":[],"sentPartRequests":[],"receivedPartRequests":[],"sentShiftTransfers":[],"receivedShiftTransfers":[]},{"id":3,"login":"Adam","encryptedPassword":"$2a$12$iTkjevTNbrNYDPIRz.MUGuFN7TstoAQihCnmon3z9bQOiC.iBXRzq","name":"Адам","surname":"Первый","email":"first@people.world","phone":"555","createdAt":"2026-01-24T01:04:04.400925Z","roleId":4,"role":{"id":4,"name":"Старший кладовщик","code":"SeniorWarehouseman","description":"Склады и цеха","rank":3},"alarmEvents":[],"sentPartRequests":[],"receivedPartRequests":[],"sentShiftTransfers":[],"receivedShiftTransfers":[]}]
=======================================================

=======================================================
Timestamp: 2026-01-24T16:11:26.5137620Z
Method: GET
URL: /api/users
Status: 200
Duration: 24 ms
UserId: 
Client IP: ::1
User-Agent: 
Controller: Users, Action: GetAll
Response Body: [{"id":1,"login":"admin","encryptedPassword":"admin","name":"Админ","surname":"Системный","email":"admin@example.com","phone":"+71234567890","createdAt":"2026-01-24T01:00:36.671391Z","roleId":1,"role":{"id":1,"name":"Владелец","code":"Owner","description":"Полный доступ","rank":1},"alarmEvents":[],"sentPartRequests":[],"receivedPartRequests":[],"sentShiftTransfers":[],"receivedShiftTransfers":[]},{"id":2,"login":"eva","encryptedPassword":"$2a$12$Y0uuNdgaJp09PIOQ9JIhPuJV4BppFS8G0Z9ifm.GeDCWuf/xdumAe","name":"Eva","surname":"EvaEva","email":"eva@dura.com","phone":"57","createdAt":"2026-01-24T01:03:29.60815Z","roleId":3,"role":{"id":3,"name":"Старший экструзионщик","code":"SeniorExtruder","description":"Замещение администратора","rank":3},"alarmEvents":[],"sentPartRequests":[],"receivedPartRequests":[],"sentShiftTransfers":[],"receivedShiftTransfers":[]},{"id":3,"login":"Adam","encryptedPassword":"$2a$12$iTkjevTNbrNYDPIRz.MUGuFN7TstoAQihCnmon3z9bQOiC.iBXRzq","name":"Адам","surname":"Первый","email":"first@people.world","phone":"555","createdAt":"2026-01-24T01:04:04.400925Z","roleId":4,"role":{"id":4,"name":"Старший кладовщик","code":"SeniorWarehouseman","description":"Склады и цеха","rank":3},"alarmEvents":[],"sentPartRequests":[],"receivedPartRequests":[],"sentShiftTransfers":[],"receivedShiftTransfers":[]}]
=======================================================

=======================================================
Timestamp: 2026-01-24T16:11:26.5206816Z
Method: GET
URL: /api/users/search?name=%D0%A1%D0%B8%D1%81%D1%82%D0%B5%D0%BC%D0%BD%D1%8B%D0%B9
Status: 200
Duration: 27 ms
UserId: 
Client IP: ::1
User-Agent: 
Controller: Users, Action: GetByNameOrSurname
Response Body: [{"id":1,"login":"admin","encryptedPassword":"admin","name":"Админ","surname":"Системный","email":"admin@example.com","phone":"+71234567890","createdAt":"2026-01-24T01:00:36.671391Z","roleId":1,"role":{"id":1,"name":"Владелец","code":"Owner","description":"Полный доступ","rank":1},"alarmEvents":[],"sentPartRequests":[],"receivedPartRequests":[],"sentShiftTransfers":[],"receivedShiftTransfers":[]}]
=======================================================

=======================================================
Timestamp: 2026-01-24T16:11:26.7475471Z
Method: GET
URL: /api/users
Status: 200
Duration: 35 ms
UserId: 
Client IP: ::1
User-Agent: 
Controller: Users, Action: GetAll
Response Body: [{"id":1,"login":"admin","encryptedPassword":"admin","name":"Админ","surname":"Системный","email":"admin@example.com","phone":"+71234567890","createdAt":"2026-01-24T01:00:36.671391Z","roleId":1,"role":{"id":1,"name":"Владелец","code":"Owner","description":"Полный доступ","rank":1},"alarmEvents":[],"sentPartRequests":[],"receivedPartRequests":[],"sentShiftTransfers":[],"receivedShiftTransfers":[]},{"id":2,"login":"eva","encryptedPassword":"$2a$12$Y0uuNdgaJp09PIOQ9JIhPuJV4BppFS8G0Z9ifm.GeDCWuf/xdumAe","name":"Eva","surname":"EvaEva","email":"eva@dura.com","phone":"57","createdAt":"2026-01-24T01:03:29.60815Z","roleId":3,"role":{"id":3,"name":"Старший экструзионщик","code":"SeniorExtruder","description":"Замещение администратора","rank":3},"alarmEvents":[],"sentPartRequests":[],"receivedPartRequests":[],"sentShiftTransfers":[],"receivedShiftTransfers":[]},{"id":3,"login":"Adam","encryptedPassword":"$2a$12$iTkjevTNbrNYDPIRz.MUGuFN7TstoAQihCnmon3z9bQOiC.iBXRzq","name":"Адам","surname":"Первый","email":"first@people.world","phone":"555","createdAt":"2026-01-24T01:04:04.400925Z","roleId":4,"role":{"id":4,"name":"Старший кладовщик","code":"SeniorWarehouseman","description":"Склады и цеха","rank":3},"alarmEvents":[],"sentPartRequests":[],"receivedPartRequests":[],"sentShiftTransfers":[],"receivedShiftTransfers":[]}]
=======================================================

=======================================================
Timestamp: 2026-01-24T16:11:26.7512160Z
Method: GET
URL: /api/users
Status: 200
Duration: 35 ms
UserId: 
Client IP: ::1
User-Agent: 
Controller: Users, Action: GetAll
Response Body: [{"id":1,"login":"admin","encryptedPassword":"admin","name":"Админ","surname":"Системный","email":"admin@example.com","phone":"+71234567890","createdAt":"2026-01-24T01:00:36.671391Z","roleId":1,"role":{"id":1,"name":"Владелец","code":"Owner","description":"Полный доступ","rank":1},"alarmEvents":[],"sentPartRequests":[],"receivedPartRequests":[],"sentShiftTransfers":[],"receivedShiftTransfers":[]},{"id":2,"login":"eva","encryptedPassword":"$2a$12$Y0uuNdgaJp09PIOQ9JIhPuJV4BppFS8G0Z9ifm.GeDCWuf/xdumAe","name":"Eva","surname":"EvaEva","email":"eva@dura.com","phone":"57","createdAt":"2026-01-24T01:03:29.60815Z","roleId":3,"role":{"id":3,"name":"Старший экструзионщик","code":"SeniorExtruder","description":"Замещение администратора","rank":3},"alarmEvents":[],"sentPartRequests":[],"receivedPartRequests":[],"sentShiftTransfers":[],"receivedShiftTransfers":[]},{"id":3,"login":"Adam","encryptedPassword":"$2a$12$iTkjevTNbrNYDPIRz.MUGuFN7TstoAQihCnmon3z9bQOiC.iBXRzq","name":"Адам","surname":"Первый","email":"first@people.world","phone":"555","createdAt":"2026-01-24T01:04:04.400925Z","roleId":4,"role":{"id":4,"name":"Старший кладовщик","code":"SeniorWarehouseman","description":"Склады и цеха","rank":3},"alarmEvents":[],"sentPartRequests":[],"receivedPartRequests":[],"sentShiftTransfers":[],"receivedShiftTransfers":[]}]
=======================================================

=======================================================
Timestamp: 2026-01-24T16:11:26.7532252Z
Method: GET
URL: /api/users/search?name=%D0%A1%D0%B8%D1%81%D1%82%D0%B5%D0%BC%D0%BD%D1%8B%D0%B9&surname=%D0%90
Status: 200
Duration: 35 ms
UserId: 
Client IP: ::1
User-Agent: 
Controller: Users, Action: GetByNameOrSurname
Response Body: [{"id":1,"login":"admin","encryptedPassword":"admin","name":"Админ","surname":"Системный","email":"admin@example.com","phone":"+71234567890","createdAt":"2026-01-24T01:00:36.671391Z","roleId":1,"role":{"id":1,"name":"Владелец","code":"Owner","description":"Полный доступ","rank":1},"alarmEvents":[],"sentPartRequests":[],"receivedPartRequests":[],"sentShiftTransfers":[],"receivedShiftTransfers":[]}]
=======================================================

=======================================================
Timestamp: 2026-01-24T16:11:26.8619311Z
Method: GET
URL: /api/users
Status: 200
Duration: 20 ms
UserId: 
Client IP: ::1
User-Agent: 
Controller: Users, Action: GetAll
Response Body: [{"id":1,"login":"admin","encryptedPassword":"admin","name":"Админ","surname":"Системный","email":"admin@example.com","phone":"+71234567890","createdAt":"2026-01-24T01:00:36.671391Z","roleId":1,"role":{"id":1,"name":"Владелец","code":"Owner","description":"Полный доступ","rank":1},"alarmEvents":[],"sentPartRequests":[],"receivedPartRequests":[],"sentShiftTransfers":[],"receivedShiftTransfers":[]},{"id":2,"login":"eva","encryptedPassword":"$2a$12$Y0uuNdgaJp09PIOQ9JIhPuJV4BppFS8G0Z9ifm.GeDCWuf/xdumAe","name":"Eva","surname":"EvaEva","email":"eva@dura.com","phone":"57","createdAt":"2026-01-24T01:03:29.60815Z","roleId":3,"role":{"id":3,"name":"Старший экструзионщик","code":"SeniorExtruder","description":"Замещение администратора","rank":3},"alarmEvents":[],"sentPartRequests":[],"receivedPartRequests":[],"sentShiftTransfers":[],"receivedShiftTransfers":[]},{"id":3,"login":"Adam","encryptedPassword":"$2a$12$iTkjevTNbrNYDPIRz.MUGuFN7TstoAQihCnmon3z9bQOiC.iBXRzq","name":"Адам","surname":"Первый","email":"first@people.world","phone":"555","createdAt":"2026-01-24T01:04:04.400925Z","roleId":4,"role":{"id":4,"name":"Старший кладовщик","code":"SeniorWarehouseman","description":"Склады и цеха","rank":3},"alarmEvents":[],"sentPartRequests":[],"receivedPartRequests":[],"sentShiftTransfers":[],"receivedShiftTransfers":[]}]
=======================================================

=======================================================
Timestamp: 2026-01-24T16:11:26.8690280Z
Method: GET
URL: /api/users/search?name=%D0%A1%D0%B8%D1%81%D1%82%D0%B5%D0%BC%D0%BD%D1%8B%D0%B9&surname=%D0%90%D0%B4
Status: 200
Duration: 27 ms
UserId: 
Client IP: ::1
User-Agent: 
Controller: Users, Action: GetByNameOrSurname
Response Body: [{"id":1,"login":"admin","encryptedPassword":"admin","name":"Админ","surname":"Системный","email":"admin@example.com","phone":"+71234567890","createdAt":"2026-01-24T01:00:36.671391Z","roleId":1,"role":{"id":1,"name":"Владелец","code":"Owner","description":"Полный доступ","rank":1},"alarmEvents":[],"sentPartRequests":[],"receivedPartRequests":[],"sentShiftTransfers":[],"receivedShiftTransfers":[]}]
=======================================================

=======================================================
Timestamp: 2026-01-24T16:11:27.0219172Z
Method: GET
URL: /api/users
Status: 200
Duration: 38 ms
UserId: 
Client IP: ::1
User-Agent: 
Controller: Users, Action: GetAll
Response Body: [{"id":1,"login":"admin","encryptedPassword":"admin","name":"Админ","surname":"Системный","email":"admin@example.com","phone":"+71234567890","createdAt":"2026-01-24T01:00:36.671391Z","roleId":1,"role":{"id":1,"name":"Владелец","code":"Owner","description":"Полный доступ","rank":1},"alarmEvents":[],"sentPartRequests":[],"receivedPartRequests":[],"sentShiftTransfers":[],"receivedShiftTransfers":[]},{"id":2,"login":"eva","encryptedPassword":"$2a$12$Y0uuNdgaJp09PIOQ9JIhPuJV4BppFS8G0Z9ifm.GeDCWuf/xdumAe","name":"Eva","surname":"EvaEva","email":"eva@dura.com","phone":"57","createdAt":"2026-01-24T01:03:29.60815Z","roleId":3,"role":{"id":3,"name":"Старший экструзионщик","code":"SeniorExtruder","description":"Замещение администратора","rank":3},"alarmEvents":[],"sentPartRequests":[],"receivedPartRequests":[],"sentShiftTransfers":[],"receivedShiftTransfers":[]},{"id":3,"login":"Adam","encryptedPassword":"$2a$12$iTkjevTNbrNYDPIRz.MUGuFN7TstoAQihCnmon3z9bQOiC.iBXRzq","name":"Адам","surname":"Первый","email":"first@people.world","phone":"555","createdAt":"2026-01-24T01:04:04.400925Z","roleId":4,"role":{"id":4,"name":"Старший кладовщик","code":"SeniorWarehouseman","description":"Склады и цеха","rank":3},"alarmEvents":[],"sentPartRequests":[],"receivedPartRequests":[],"sentShiftTransfers":[],"receivedShiftTransfers":[]}]
=======================================================

=======================================================
Timestamp: 2026-01-24T16:11:27.0672229Z
Method: GET
URL: /api/users
Status: 200
Duration: 39 ms
UserId: 
Client IP: ::1
User-Agent: 
Controller: Users, Action: GetAll
Response Body: [{"id":1,"login":"admin","encryptedPassword":"admin","name":"Админ","surname":"Системный","email":"admin@example.com","phone":"+71234567890","createdAt":"2026-01-24T01:00:36.671391Z","roleId":1,"role":{"id":1,"name":"Владелец","code":"Owner","description":"Полный доступ","rank":1},"alarmEvents":[],"sentPartRequests":[],"receivedPartRequests":[],"sentShiftTransfers":[],"receivedShiftTransfers":[]},{"id":2,"login":"eva","encryptedPassword":"$2a$12$Y0uuNdgaJp09PIOQ9JIhPuJV4BppFS8G0Z9ifm.GeDCWuf/xdumAe","name":"Eva","surname":"EvaEva","email":"eva@dura.com","phone":"57","createdAt":"2026-01-24T01:03:29.60815Z","roleId":3,"role":{"id":3,"name":"Старший экструзионщик","code":"SeniorExtruder","description":"Замещение администратора","rank":3},"alarmEvents":[],"sentPartRequests":[],"receivedPartRequests":[],"sentShiftTransfers":[],"receivedShiftTransfers":[]},{"id":3,"login":"Adam","encryptedPassword":"$2a$12$iTkjevTNbrNYDPIRz.MUGuFN7TstoAQihCnmon3z9bQOiC.iBXRzq","name":"Адам","surname":"Первый","email":"first@people.world","phone":"555","createdAt":"2026-01-24T01:04:04.400925Z","roleId":4,"role":{"id":4,"name":"Старший кладовщик","code":"SeniorWarehouseman","description":"Склады и цеха","rank":3},"alarmEvents":[],"sentPartRequests":[],"receivedPartRequests":[],"sentShiftTransfers":[],"receivedShiftTransfers":[]}]
=======================================================

=======================================================
Timestamp: 2026-01-24T16:11:27.2152300Z
Method: GET
URL: /api/users/search?name=%D0%A1%D0%B8%D1%81%D1%82%D0%B5%D0%BC%D0%BD%D1%8B%D0%B9&surname=%D0%90%D0%B4%D0%BC%D0%B8
Status: 200
Duration: 92 ms
UserId: 
Client IP: ::1
User-Agent: 
Controller: Users, Action: GetByNameOrSurname
Response Body: [{"id":1,"login":"admin","encryptedPassword":"admin","name":"Админ","surname":"Системный","email":"admin@example.com","phone":"+71234567890","createdAt":"2026-01-24T01:00:36.671391Z","roleId":1,"role":{"id":1,"name":"Владелец","code":"Owner","description":"Полный доступ","rank":1},"alarmEvents":[],"sentPartRequests":[],"receivedPartRequests":[],"sentShiftTransfers":[],"receivedShiftTransfers":[]}]
=======================================================

=======================================================
Timestamp: 2026-01-24T16:11:27.2290690Z
Method: GET
URL: /api/users
Status: 200
Duration: 121 ms
UserId: 
Client IP: ::1
User-Agent: 
Controller: Users, Action: GetAll
Response Body: [{"id":1,"login":"admin","encryptedPassword":"admin","name":"Админ","surname":"Системный","email":"admin@example.com","phone":"+71234567890","createdAt":"2026-01-24T01:00:36.671391Z","roleId":1,"role":{"id":1,"name":"Владелец","code":"Owner","description":"Полный доступ","rank":1},"alarmEvents":[],"sentPartRequests":[],"receivedPartRequests":[],"sentShiftTransfers":[],"receivedShiftTransfers":[]},{"id":2,"login":"eva","encryptedPassword":"$2a$12$Y0uuNdgaJp09PIOQ9JIhPuJV4BppFS8G0Z9ifm.GeDCWuf/xdumAe","name":"Eva","surname":"EvaEva","email":"eva@dura.com","phone":"57","createdAt":"2026-01-24T01:03:29.60815Z","roleId":3,"role":{"id":3,"name":"Старший экструзионщик","code":"SeniorExtruder","description":"Замещение администратора","rank":3},"alarmEvents":[],"sentPartRequests":[],"receivedPartRequests":[],"sentShiftTransfers":[],"receivedShiftTransfers":[]},{"id":3,"login":"Adam","encryptedPassword":"$2a$12$iTkjevTNbrNYDPIRz.MUGuFN7TstoAQihCnmon3z9bQOiC.iBXRzq","name":"Адам","surname":"Первый","email":"first@people.world","phone":"555","createdAt":"2026-01-24T01:04:04.400925Z","roleId":4,"role":{"id":4,"name":"Старший кладовщик","code":"SeniorWarehouseman","description":"Склады и цеха","rank":3},"alarmEvents":[],"sentPartRequests":[],"receivedPartRequests":[],"sentShiftTransfers":[],"receivedShiftTransfers":[]}]
=======================================================

=======================================================
Timestamp: 2026-01-24T16:11:27.2414445Z
Method: GET
URL: /api/users
Status: 200
Duration: 48 ms
UserId: 
Client IP: ::1
User-Agent: 
Controller: Users, Action: GetAll
Response Body: [{"id":1,"login":"admin","encryptedPassword":"admin","name":"Админ","surname":"Системный","email":"admin@example.com","phone":"+71234567890","createdAt":"2026-01-24T01:00:36.671391Z","roleId":1,"role":{"id":1,"name":"Владелец","code":"Owner","description":"Полный доступ","rank":1},"alarmEvents":[],"sentPartRequests":[],"receivedPartRequests":[],"sentShiftTransfers":[],"receivedShiftTransfers":[]},{"id":2,"login":"eva","encryptedPassword":"$2a$12$Y0uuNdgaJp09PIOQ9JIhPuJV4BppFS8G0Z9ifm.GeDCWuf/xdumAe","name":"Eva","surname":"EvaEva","email":"eva@dura.com","phone":"57","createdAt":"2026-01-24T01:03:29.60815Z","roleId":3,"role":{"id":3,"name":"Старший экструзионщик","code":"SeniorExtruder","description":"Замещение администратора","rank":3},"alarmEvents":[],"sentPartRequests":[],"receivedPartRequests":[],"sentShiftTransfers":[],"receivedShiftTransfers":[]},{"id":3,"login":"Adam","encryptedPassword":"$2a$12$iTkjevTNbrNYDPIRz.MUGuFN7TstoAQihCnmon3z9bQOiC.iBXRzq","name":"Адам","surname":"Первый","email":"first@people.world","phone":"555","createdAt":"2026-01-24T01:04:04.400925Z","roleId":4,"role":{"id":4,"name":"Старший кладовщик","code":"SeniorWarehouseman","description":"Склады и цеха","rank":3},"alarmEvents":[],"sentPartRequests":[],"receivedPartRequests":[],"sentShiftTransfers":[],"receivedShiftTransfers":[]}]
=======================================================

=======================================================
Timestamp: 2026-01-24T16:11:27.2422138Z
Method: GET
URL: /api/users/search?name=%D0%A1%D0%B8%D1%81%D1%82%D0%B5%D0%BC%D0%BD%D1%8B%D0%B9&surname=%D0%90%D0%B4%D0%BC%D0%B8%D0%BD
Status: 200
Duration: 11 ms
UserId: 
Client IP: ::1
User-Agent: 
Controller: Users, Action: GetByNameOrSurname
Response Body: [{"id":1,"login":"admin","encryptedPassword":"admin","name":"Админ","surname":"Системный","email":"admin@example.com","phone":"+71234567890","createdAt":"2026-01-24T01:00:36.671391Z","roleId":1,"role":{"id":1,"name":"Владелец","code":"Owner","description":"Полный доступ","rank":1},"alarmEvents":[],"sentPartRequests":[],"receivedPartRequests":[],"sentShiftTransfers":[],"receivedShiftTransfers":[]}]
=======================================================

=======================================================
Timestamp: 2026-01-24T16:11:28.6916627Z
Method: GET
URL: /api/users
Status: 200
Duration: 7 ms
UserId: 
Client IP: ::1
User-Agent: 
Controller: Users, Action: GetAll
Response Body: [{"id":1,"login":"admin","encryptedPassword":"admin","name":"Админ","surname":"Системный","email":"admin@example.com","phone":"+71234567890","createdAt":"2026-01-24T01:00:36.671391Z","roleId":1,"role":{"id":1,"name":"Владелец","code":"Owner","description":"Полный доступ","rank":1},"alarmEvents":[],"sentPartRequests":[],"receivedPartRequests":[],"sentShiftTransfers":[],"receivedShiftTransfers":[]},{"id":2,"login":"eva","encryptedPassword":"$2a$12$Y0uuNdgaJp09PIOQ9JIhPuJV4BppFS8G0Z9ifm.GeDCWuf/xdumAe","name":"Eva","surname":"EvaEva","email":"eva@dura.com","phone":"57","createdAt":"2026-01-24T01:03:29.60815Z","roleId":3,"role":{"id":3,"name":"Старший экструзионщик","code":"SeniorExtruder","description":"Замещение администратора","rank":3},"alarmEvents":[],"sentPartRequests":[],"receivedPartRequests":[],"sentShiftTransfers":[],"receivedShiftTransfers":[]},{"id":3,"login":"Adam","encryptedPassword":"$2a$12$iTkjevTNbrNYDPIRz.MUGuFN7TstoAQihCnmon3z9bQOiC.iBXRzq","name":"Адам","surname":"Первый","email":"first@people.world","phone":"555","createdAt":"2026-01-24T01:04:04.400925Z","roleId":4,"role":{"id":4,"name":"Старший кладовщик","code":"SeniorWarehouseman","description":"Склады и цеха","rank":3},"alarmEvents":[],"sentPartRequests":[],"receivedPartRequests":[],"sentShiftTransfers":[],"receivedShiftTransfers":[]}]
=======================================================

=======================================================
Timestamp: 2026-01-24T16:11:28.7747428Z
Method: GET
URL: /api/users
Status: 200
Duration: 7 ms
UserId: 
Client IP: ::1
User-Agent: 
Controller: Users, Action: GetAll
Response Body: [{"id":1,"login":"admin","encryptedPassword":"admin","name":"Админ","surname":"Системный","email":"admin@example.com","phone":"+71234567890","createdAt":"2026-01-24T01:00:36.671391Z","roleId":1,"role":{"id":1,"name":"Владелец","code":"Owner","description":"Полный доступ","rank":1},"alarmEvents":[],"sentPartRequests":[],"receivedPartRequests":[],"sentShiftTransfers":[],"receivedShiftTransfers":[]},{"id":2,"login":"eva","encryptedPassword":"$2a$12$Y0uuNdgaJp09PIOQ9JIhPuJV4BppFS8G0Z9ifm.GeDCWuf/xdumAe","name":"Eva","surname":"EvaEva","email":"eva@dura.com","phone":"57","createdAt":"2026-01-24T01:03:29.60815Z","roleId":3,"role":{"id":3,"name":"Старший экструзионщик","code":"SeniorExtruder","description":"Замещение администратора","rank":3},"alarmEvents":[],"sentPartRequests":[],"receivedPartRequests":[],"sentShiftTransfers":[],"receivedShiftTransfers":[]},{"id":3,"login":"Adam","encryptedPassword":"$2a$12$iTkjevTNbrNYDPIRz.MUGuFN7TstoAQihCnmon3z9bQOiC.iBXRzq","name":"Адам","surname":"Первый","email":"first@people.world","phone":"555","createdAt":"2026-01-24T01:04:04.400925Z","roleId":4,"role":{"id":4,"name":"Старший кладовщик","code":"SeniorWarehouseman","description":"Склады и цеха","rank":3},"alarmEvents":[],"sentPartRequests":[],"receivedPartRequests":[],"sentShiftTransfers":[],"receivedShiftTransfers":[]}]
=======================================================

=======================================================
Timestamp: 2026-01-24T16:11:29.0106732Z
Method: GET
URL: /api/users
Status: 200
Duration: 110 ms
UserId: 
Client IP: ::1
User-Agent: 
Controller: Users, Action: GetAll
Response Body: [{"id":1,"login":"admin","encryptedPassword":"admin","name":"Админ","surname":"Системный","email":"admin@example.com","phone":"+71234567890","createdAt":"2026-01-24T01:00:36.671391Z","roleId":1,"role":{"id":1,"name":"Владелец","code":"Owner","description":"Полный доступ","rank":1},"alarmEvents":[],"sentPartRequests":[],"receivedPartRequests":[],"sentShiftTransfers":[],"receivedShiftTransfers":[]},{"id":2,"login":"eva","encryptedPassword":"$2a$12$Y0uuNdgaJp09PIOQ9JIhPuJV4BppFS8G0Z9ifm.GeDCWuf/xdumAe","name":"Eva","surname":"EvaEva","email":"eva@dura.com","phone":"57","createdAt":"2026-01-24T01:03:29.60815Z","roleId":3,"role":{"id":3,"name":"Старший экструзионщик","code":"SeniorExtruder","description":"Замещение администратора","rank":3},"alarmEvents":[],"sentPartRequests":[],"receivedPartRequests":[],"sentShiftTransfers":[],"receivedShiftTransfers":[]},{"id":3,"login":"Adam","encryptedPassword":"$2a$12$iTkjevTNbrNYDPIRz.MUGuFN7TstoAQihCnmon3z9bQOiC.iBXRzq","name":"Адам","surname":"Первый","email":"first@people.world","phone":"555","createdAt":"2026-01-24T01:04:04.400925Z","roleId":4,"role":{"id":4,"name":"Старший кладовщик","code":"SeniorWarehouseman","description":"Склады и цеха","rank":3},"alarmEvents":[],"sentPartRequests":[],"receivedPartRequests":[],"sentShiftTransfers":[],"receivedShiftTransfers":[]}]
=======================================================

=======================================================
Timestamp: 2026-01-24T16:11:29.0128431Z
Method: GET
URL: /api/users
Status: 200
Duration: 69 ms
UserId: 
Client IP: ::1
User-Agent: 
Controller: Users, Action: GetAll
Response Body: [{"id":1,"login":"admin","encryptedPassword":"admin","name":"Админ","surname":"Системный","email":"admin@example.com","phone":"+71234567890","createdAt":"2026-01-24T01:00:36.671391Z","roleId":1,"role":{"id":1,"name":"Владелец","code":"Owner","description":"Полный доступ","rank":1},"alarmEvents":[],"sentPartRequests":[],"receivedPartRequests":[],"sentShiftTransfers":[],"receivedShiftTransfers":[]},{"id":2,"login":"eva","encryptedPassword":"$2a$12$Y0uuNdgaJp09PIOQ9JIhPuJV4BppFS8G0Z9ifm.GeDCWuf/xdumAe","name":"Eva","surname":"EvaEva","email":"eva@dura.com","phone":"57","createdAt":"2026-01-24T01:03:29.60815Z","roleId":3,"role":{"id":3,"name":"Старший экструзионщик","code":"SeniorExtruder","description":"Замещение администратора","rank":3},"alarmEvents":[],"sentPartRequests":[],"receivedPartRequests":[],"sentShiftTransfers":[],"receivedShiftTransfers":[]},{"id":3,"login":"Adam","encryptedPassword":"$2a$12$iTkjevTNbrNYDPIRz.MUGuFN7TstoAQihCnmon3z9bQOiC.iBXRzq","name":"Адам","surname":"Первый","email":"first@people.world","phone":"555","createdAt":"2026-01-24T01:04:04.400925Z","roleId":4,"role":{"id":4,"name":"Старший кладовщик","code":"SeniorWarehouseman","description":"Склады и цеха","rank":3},"alarmEvents":[],"sentPartRequests":[],"receivedPartRequests":[],"sentShiftTransfers":[],"receivedShiftTransfers":[]}]
=======================================================

=======================================================
Timestamp: 2026-01-24T16:11:29.0212207Z
Method: GET
URL: /api/users
Status: 200
Duration: 120 ms
UserId: 
Client IP: ::1
User-Agent: 
Controller: Users, Action: GetAll
Response Body: [{"id":1,"login":"admin","encryptedPassword":"admin","name":"Админ","surname":"Системный","email":"admin@example.com","phone":"+71234567890","createdAt":"2026-01-24T01:00:36.671391Z","roleId":1,"role":{"id":1,"name":"Владелец","code":"Owner","description":"Полный доступ","rank":1},"alarmEvents":[],"sentPartRequests":[],"receivedPartRequests":[],"sentShiftTransfers":[],"receivedShiftTransfers":[]},{"id":2,"login":"eva","encryptedPassword":"$2a$12$Y0uuNdgaJp09PIOQ9JIhPuJV4BppFS8G0Z9ifm.GeDCWuf/xdumAe","name":"Eva","surname":"EvaEva","email":"eva@dura.com","phone":"57","createdAt":"2026-01-24T01:03:29.60815Z","roleId":3,"role":{"id":3,"name":"Старший экструзионщик","code":"SeniorExtruder","description":"Замещение администратора","rank":3},"alarmEvents":[],"sentPartRequests":[],"receivedPartRequests":[],"sentShiftTransfers":[],"receivedShiftTransfers":[]},{"id":3,"login":"Adam","encryptedPassword":"$2a$12$iTkjevTNbrNYDPIRz.MUGuFN7TstoAQihCnmon3z9bQOiC.iBXRzq","name":"Адам","surname":"Первый","email":"first@people.world","phone":"555","createdAt":"2026-01-24T01:04:04.400925Z","roleId":4,"role":{"id":4,"name":"Старший кладовщик","code":"SeniorWarehouseman","description":"Склады и цеха","rank":3},"alarmEvents":[],"sentPartRequests":[],"receivedPartRequests":[],"sentShiftTransfers":[],"receivedShiftTransfers":[]}]
=======================================================

=======================================================
Timestamp: 2026-01-24T16:11:37.9984059Z
Method: GET
URL: /api/users
Status: 200
Duration: 17 ms
UserId: 
Client IP: ::1
User-Agent: 
Controller: Users, Action: GetAll
Response Body: [{"id":1,"login":"admin","encryptedPassword":"admin","name":"Админ","surname":"Системный","email":"admin@example.com","phone":"+71234567890","createdAt":"2026-01-24T01:00:36.671391Z","roleId":1,"role":{"id":1,"name":"Владелец","code":"Owner","description":"Полный доступ","rank":1},"alarmEvents":[],"sentPartRequests":[],"receivedPartRequests":[],"sentShiftTransfers":[],"receivedShiftTransfers":[]},{"id":2,"login":"eva","encryptedPassword":"$2a$12$Y0uuNdgaJp09PIOQ9JIhPuJV4BppFS8G0Z9ifm.GeDCWuf/xdumAe","name":"Eva","surname":"EvaEva","email":"eva@dura.com","phone":"57","createdAt":"2026-01-24T01:03:29.60815Z","roleId":3,"role":{"id":3,"name":"Старший экструзионщик","code":"SeniorExtruder","description":"Замещение администратора","rank":3},"alarmEvents":[],"sentPartRequests":[],"receivedPartRequests":[],"sentShiftTransfers":[],"receivedShiftTransfers":[]},{"id":3,"login":"Adam","encryptedPassword":"$2a$12$iTkjevTNbrNYDPIRz.MUGuFN7TstoAQihCnmon3z9bQOiC.iBXRzq","name":"Адам","surname":"Первый","email":"first@people.world","phone":"555","createdAt":"2026-01-24T01:04:04.400925Z","roleId":4,"role":{"id":4,"name":"Старший кладовщик","code":"SeniorWarehouseman","description":"Склады и цеха","rank":3},"alarmEvents":[],"sentPartRequests":[],"receivedPartRequests":[],"sentShiftTransfers":[],"receivedShiftTransfers":[]}]
=======================================================

=======================================================
Timestamp: 2026-01-24T16:11:38.0101724Z
Method: GET
URL: /api/users
Status: 200
Duration: 13 ms
UserId: 
Client IP: ::1
User-Agent: 
Controller: Users, Action: GetAll
Response Body: [{"id":1,"login":"admin","encryptedPassword":"admin","name":"Админ","surname":"Системный","email":"admin@example.com","phone":"+71234567890","createdAt":"2026-01-24T01:00:36.671391Z","roleId":1,"role":{"id":1,"name":"Владелец","code":"Owner","description":"Полный доступ","rank":1},"alarmEvents":[],"sentPartRequests":[],"receivedPartRequests":[],"sentShiftTransfers":[],"receivedShiftTransfers":[]},{"id":2,"login":"eva","encryptedPassword":"$2a$12$Y0uuNdgaJp09PIOQ9JIhPuJV4BppFS8G0Z9ifm.GeDCWuf/xdumAe","name":"Eva","surname":"EvaEva","email":"eva@dura.com","phone":"57","createdAt":"2026-01-24T01:03:29.60815Z","roleId":3,"role":{"id":3,"name":"Старший экструзионщик","code":"SeniorExtruder","description":"Замещение администратора","rank":3},"alarmEvents":[],"sentPartRequests":[],"receivedPartRequests":[],"sentShiftTransfers":[],"receivedShiftTransfers":[]},{"id":3,"login":"Adam","encryptedPassword":"$2a$12$iTkjevTNbrNYDPIRz.MUGuFN7TstoAQihCnmon3z9bQOiC.iBXRzq","name":"Адам","surname":"Первый","email":"first@people.world","phone":"555","createdAt":"2026-01-24T01:04:04.400925Z","roleId":4,"role":{"id":4,"name":"Старший кладовщик","code":"SeniorWarehouseman","description":"Склады и цеха","rank":3},"alarmEvents":[],"sentPartRequests":[],"receivedPartRequests":[],"sentShiftTransfers":[],"receivedShiftTransfers":[]}]
=======================================================

=======================================================
Timestamp: 2026-01-24T16:11:38.5218875Z
Method: GET
URL: /api/products
Status: 200
Duration: 57 ms
UserId: 
Client IP: ::1
User-Agent: 
Controller: Products, Action: GetAll
Response Body: [{"id":1,"name":"Яблоко","description":"","code":"85412","measuringUnit":"шт","isActive":true}]
=======================================================

=======================================================
Timestamp: 2026-01-24T16:11:38.5495152Z
Method: GET
URL: /api/products
Status: 200
Duration: 74 ms
UserId: 
Client IP: ::1
User-Agent: 
Controller: Products, Action: GetAll
Response Body: [{"id":1,"name":"Яблоко","description":"","code":"85412","measuringUnit":"шт","isActive":true}]
=======================================================

=======================================================
Timestamp: 2026-01-24T16:11:41.8367881Z
Method: GET
URL: /api/users
Status: 200
Duration: 19 ms
UserId: 
Client IP: ::1
User-Agent: 
Controller: Users, Action: GetAll
Response Body: [{"id":1,"login":"admin","encryptedPassword":"admin","name":"Админ","surname":"Системный","email":"admin@example.com","phone":"+71234567890","createdAt":"2026-01-24T01:00:36.671391Z","roleId":1,"role":{"id":1,"name":"Владелец","code":"Owner","description":"Полный доступ","rank":1},"alarmEvents":[],"sentPartRequests":[],"receivedPartRequests":[],"sentShiftTransfers":[],"receivedShiftTransfers":[]},{"id":2,"login":"eva","encryptedPassword":"$2a$12$Y0uuNdgaJp09PIOQ9JIhPuJV4BppFS8G0Z9ifm.GeDCWuf/xdumAe","name":"Eva","surname":"EvaEva","email":"eva@dura.com","phone":"57","createdAt":"2026-01-24T01:03:29.60815Z","roleId":3,"role":{"id":3,"name":"Старший экструзионщик","code":"SeniorExtruder","description":"Замещение администратора","rank":3},"alarmEvents":[],"sentPartRequests":[],"receivedPartRequests":[],"sentShiftTransfers":[],"receivedShiftTransfers":[]},{"id":3,"login":"Adam","encryptedPassword":"$2a$12$iTkjevTNbrNYDPIRz.MUGuFN7TstoAQihCnmon3z9bQOiC.iBXRzq","name":"Адам","surname":"Первый","email":"first@people.world","phone":"555","createdAt":"2026-01-24T01:04:04.400925Z","roleId":4,"role":{"id":4,"name":"Старший кладовщик","code":"SeniorWarehouseman","description":"Склады и цеха","rank":3},"alarmEvents":[],"sentPartRequests":[],"receivedPartRequests":[],"sentShiftTransfers":[],"receivedShiftTransfers":[]}]
=======================================================

=======================================================
Timestamp: 2026-01-24T16:11:41.8497383Z
Method: GET
URL: /api/products
Status: 200
Duration: 25 ms
UserId: 
Client IP: ::1
User-Agent: 
Controller: Products, Action: GetAll
Response Body: [{"id":1,"name":"Яблоко","description":"","code":"85412","measuringUnit":"шт","isActive":true}]
=======================================================

=======================================================
Timestamp: 2026-01-24T16:11:41.9001994Z
Method: GET
URL: /api/users
Status: 200
Duration: 35 ms
UserId: 
Client IP: ::1
User-Agent: 
Controller: Users, Action: GetAll
Response Body: [{"id":1,"login":"admin","encryptedPassword":"admin","name":"Админ","surname":"Системный","email":"admin@example.com","phone":"+71234567890","createdAt":"2026-01-24T01:00:36.671391Z","roleId":1,"role":{"id":1,"name":"Владелец","code":"Owner","description":"Полный доступ","rank":1},"alarmEvents":[],"sentPartRequests":[],"receivedPartRequests":[],"sentShiftTransfers":[],"receivedShiftTransfers":[]},{"id":2,"login":"eva","encryptedPassword":"$2a$12$Y0uuNdgaJp09PIOQ9JIhPuJV4BppFS8G0Z9ifm.GeDCWuf/xdumAe","name":"Eva","surname":"EvaEva","email":"eva@dura.com","phone":"57","createdAt":"2026-01-24T01:03:29.60815Z","roleId":3,"role":{"id":3,"name":"Старший экструзионщик","code":"SeniorExtruder","description":"Замещение администратора","rank":3},"alarmEvents":[],"sentPartRequests":[],"receivedPartRequests":[],"sentShiftTransfers":[],"receivedShiftTransfers":[]},{"id":3,"login":"Adam","encryptedPassword":"$2a$12$iTkjevTNbrNYDPIRz.MUGuFN7TstoAQihCnmon3z9bQOiC.iBXRzq","name":"Адам","surname":"Первый","email":"first@people.world","phone":"555","createdAt":"2026-01-24T01:04:04.400925Z","roleId":4,"role":{"id":4,"name":"Старший кладовщик","code":"SeniorWarehouseman","description":"Склады и цеха","rank":3},"alarmEvents":[],"sentPartRequests":[],"receivedPartRequests":[],"sentShiftTransfers":[],"receivedShiftTransfers":[]}]
=======================================================

=======================================================
Timestamp: 2026-01-24T16:11:41.9069594Z
Method: GET
URL: /api/materials
Status: 200
Duration: 101 ms
UserId: 
Client IP: ::1
User-Agent: 
Controller: Materials, Action: GetAll
Response Body: [{"id":1,"name":"Косточка","description":"","code":"5214","measuringUnit":"шт","isActive":true}]
=======================================================

=======================================================
Timestamp: 2026-01-24T16:11:53.4948785Z
Method: GET
URL: /api/users
Status: 200
Duration: 19 ms
UserId: 
Client IP: ::1
User-Agent: 
Controller: Users, Action: GetAll
Response Body: [{"id":1,"login":"admin","encryptedPassword":"admin","name":"Админ","surname":"Системный","email":"admin@example.com","phone":"+71234567890","createdAt":"2026-01-24T01:00:36.671391Z","roleId":1,"role":{"id":1,"name":"Владелец","code":"Owner","description":"Полный доступ","rank":1},"alarmEvents":[],"sentPartRequests":[],"receivedPartRequests":[],"sentShiftTransfers":[],"receivedShiftTransfers":[]},{"id":2,"login":"eva","encryptedPassword":"$2a$12$Y0uuNdgaJp09PIOQ9JIhPuJV4BppFS8G0Z9ifm.GeDCWuf/xdumAe","name":"Eva","surname":"EvaEva","email":"eva@dura.com","phone":"57","createdAt":"2026-01-24T01:03:29.60815Z","roleId":3,"role":{"id":3,"name":"Старший экструзионщик","code":"SeniorExtruder","description":"Замещение администратора","rank":3},"alarmEvents":[],"sentPartRequests":[],"receivedPartRequests":[],"sentShiftTransfers":[],"receivedShiftTransfers":[]},{"id":3,"login":"Adam","encryptedPassword":"$2a$12$iTkjevTNbrNYDPIRz.MUGuFN7TstoAQihCnmon3z9bQOiC.iBXRzq","name":"Адам","surname":"Первый","email":"first@people.world","phone":"555","createdAt":"2026-01-24T01:04:04.400925Z","roleId":4,"role":{"id":4,"name":"Старший кладовщик","code":"SeniorWarehouseman","description":"Склады и цеха","rank":3},"alarmEvents":[],"sentPartRequests":[],"receivedPartRequests":[],"sentShiftTransfers":[],"receivedShiftTransfers":[]}]
=======================================================

=======================================================
Timestamp: 2026-01-24T16:11:53.5229693Z
Method: GET
URL: /api/users
Status: 200
Duration: 31 ms
UserId: 
Client IP: ::1
User-Agent: 
Controller: Users, Action: GetAll
Response Body: [{"id":1,"login":"admin","encryptedPassword":"admin","name":"Админ","surname":"Системный","email":"admin@example.com","phone":"+71234567890","createdAt":"2026-01-24T01:00:36.671391Z","roleId":1,"role":{"id":1,"name":"Владелец","code":"Owner","description":"Полный доступ","rank":1},"alarmEvents":[],"sentPartRequests":[],"receivedPartRequests":[],"sentShiftTransfers":[],"receivedShiftTransfers":[]},{"id":2,"login":"eva","encryptedPassword":"$2a$12$Y0uuNdgaJp09PIOQ9JIhPuJV4BppFS8G0Z9ifm.GeDCWuf/xdumAe","name":"Eva","surname":"EvaEva","email":"eva@dura.com","phone":"57","createdAt":"2026-01-24T01:03:29.60815Z","roleId":3,"role":{"id":3,"name":"Старший экструзионщик","code":"SeniorExtruder","description":"Замещение администратора","rank":3},"alarmEvents":[],"sentPartRequests":[],"receivedPartRequests":[],"sentShiftTransfers":[],"receivedShiftTransfers":[]},{"id":3,"login":"Adam","encryptedPassword":"$2a$12$iTkjevTNbrNYDPIRz.MUGuFN7TstoAQihCnmon3z9bQOiC.iBXRzq","name":"Адам","surname":"Первый","email":"first@people.world","phone":"555","createdAt":"2026-01-24T01:04:04.400925Z","roleId":4,"role":{"id":4,"name":"Старший кладовщик","code":"SeniorWarehouseman","description":"Склады и цеха","rank":3},"alarmEvents":[],"sentPartRequests":[],"receivedPartRequests":[],"sentShiftTransfers":[],"receivedShiftTransfers":[]}]
=======================================================

=======================================================
Timestamp: 2026-01-24T16:11:53.6220308Z
Method: GET
URL: /api/products
Status: 200
Duration: 19 ms
UserId: 
Client IP: ::1
User-Agent: 
Controller: Products, Action: GetAll
Response Body: [{"id":1,"name":"Яблоко","description":"","code":"85412","measuringUnit":"шт","isActive":true}]
=======================================================

=======================================================
Timestamp: 2026-01-24T16:11:53.6328379Z
Method: GET
URL: /api/products
Status: 200
Duration: 28 ms
UserId: 
Client IP: ::1
User-Agent: 
Controller: Products, Action: GetAll
Response Body: [{"id":1,"name":"Яблоко","description":"","code":"85412","measuringUnit":"шт","isActive":true}]
=======================================================

=======================================================
Timestamp: 2026-01-24T16:11:53.7617219Z
Method: POST
URL: /api/products
Status: 201
Duration: 198 ms
UserId: 
Client IP: ::1
User-Agent: 
Controller: Products, Action: CreateProduct
Response Body: {"message":"Product created successfully","product":{"id":2,"name":"ыв","description":"вы","code":"вы","measuringUnit":"шт","isActive":true}}
=======================================================

=======================================================
Timestamp: 2026-01-24T16:11:53.7971361Z
Method: GET
URL: /api/materials
Status: 200
Duration: 14 ms
UserId: 
Client IP: ::1
User-Agent: 
Controller: Materials, Action: GetAll
Response Body: [{"id":1,"name":"Косточка","description":"","code":"5214","measuringUnit":"шт","isActive":true}]
=======================================================

=======================================================
Timestamp: 2026-01-24T16:11:53.8276277Z
Method: GET
URL: /api/products
Status: 200
Duration: 27 ms
UserId: 
Client IP: ::1
User-Agent: 
Controller: Products, Action: GetAll
Response Body: [{"id":1,"name":"Яблоко","description":"","code":"85412","measuringUnit":"шт","isActive":true},{"id":2,"name":"ыв","description":"вы","code":"вы","measuringUnit":"шт","isActive":true}]
=======================================================

=======================================================
Timestamp: 2026-01-24T16:11:54.0112955Z
Method: GET
URL: /api/users
Status: 200
Duration: 146 ms
UserId: 
Client IP: ::1
User-Agent: 
Controller: Users, Action: GetAll
Response Body: [{"id":1,"login":"admin","encryptedPassword":"admin","name":"Админ","surname":"Системный","email":"admin@example.com","phone":"+71234567890","createdAt":"2026-01-24T01:00:36.671391Z","roleId":1,"role":{"id":1,"name":"Владелец","code":"Owner","description":"Полный доступ","rank":1},"alarmEvents":[],"sentPartRequests":[],"receivedPartRequests":[],"sentShiftTransfers":[],"receivedShiftTransfers":[]},{"id":2,"login":"eva","encryptedPassword":"$2a$12$Y0uuNdgaJp09PIOQ9JIhPuJV4BppFS8G0Z9ifm.GeDCWuf/xdumAe","name":"Eva","surname":"EvaEva","email":"eva@dura.com","phone":"57","createdAt":"2026-01-24T01:03:29.60815Z","roleId":3,"role":{"id":3,"name":"Старший экструзионщик","code":"SeniorExtruder","description":"Замещение администратора","rank":3},"alarmEvents":[],"sentPartRequests":[],"receivedPartRequests":[],"sentShiftTransfers":[],"receivedShiftTransfers":[]},{"id":3,"login":"Adam","encryptedPassword":"$2a$12$iTkjevTNbrNYDPIRz.MUGuFN7TstoAQihCnmon3z9bQOiC.iBXRzq","name":"Адам","surname":"Первый","email":"first@people.world","phone":"555","createdAt":"2026-01-24T01:04:04.400925Z","roleId":4,"role":{"id":4,"name":"Старший кладовщик","code":"SeniorWarehouseman","description":"Склады и цеха","rank":3},"alarmEvents":[],"sentPartRequests":[],"receivedPartRequests":[],"sentShiftTransfers":[],"receivedShiftTransfers":[]}]
=======================================================

=======================================================
Timestamp: 2026-01-24T16:11:54.0178873Z
Method: GET
URL: /api/products
Status: 200
Duration: 58 ms
UserId: 
Client IP: ::1
User-Agent: 
Controller: Products, Action: GetAll
Response Body: [{"id":1,"name":"Яблоко","description":"","code":"85412","measuringUnit":"шт","isActive":true},{"id":2,"name":"ыв","description":"вы","code":"вы","measuringUnit":"шт","isActive":true}]
=======================================================

=======================================================
Timestamp: 2026-01-24T16:12:12.9059794Z
Method: GET
URL: /api/materials
Status: 200
Duration: 14 ms
UserId: 
Client IP: ::1
User-Agent: 
Controller: Materials, Action: GetAll
Response Body: [{"id":1,"name":"Косточка","description":"","code":"5214","measuringUnit":"шт","isActive":true}]
=======================================================

=======================================================
Timestamp: 2026-01-24T16:12:13.0141128Z
Method: GET
URL: /api/products
Status: 200
Duration: 16 ms
UserId: 
Client IP: ::1
User-Agent: 
Controller: Products, Action: GetAll
Response Body: [{"id":1,"name":"Яблоко","description":"","code":"85412","measuringUnit":"шт","isActive":true},{"id":2,"name":"ыв","description":"вы","code":"вы","measuringUnit":"шт","isActive":true}]
=======================================================

=======================================================
Timestamp: 2026-01-24T16:12:14.0540290Z
Method: GET
URL: /api/users
Status: 200
Duration: 40 ms
UserId: 
Client IP: ::1
User-Agent: 
Controller: Users, Action: GetAll
Response Body: [{"id":1,"login":"admin","encryptedPassword":"admin","name":"Админ","surname":"Системный","email":"admin@example.com","phone":"+71234567890","createdAt":"2026-01-24T01:00:36.671391Z","roleId":1,"role":{"id":1,"name":"Владелец","code":"Owner","description":"Полный доступ","rank":1},"alarmEvents":[],"sentPartRequests":[],"receivedPartRequests":[],"sentShiftTransfers":[],"receivedShiftTransfers":[]},{"id":2,"login":"eva","encryptedPassword":"$2a$12$Y0uuNdgaJp09PIOQ9JIhPuJV4BppFS8G0Z9ifm.GeDCWuf/xdumAe","name":"Eva","surname":"EvaEva","email":"eva@dura.com","phone":"57","createdAt":"2026-01-24T01:03:29.60815Z","roleId":3,"role":{"id":3,"name":"Старший экструзионщик","code":"SeniorExtruder","description":"Замещение администратора","rank":3},"alarmEvents":[],"sentPartRequests":[],"receivedPartRequests":[],"sentShiftTransfers":[],"receivedShiftTransfers":[]},{"id":3,"login":"Adam","encryptedPassword":"$2a$12$iTkjevTNbrNYDPIRz.MUGuFN7TstoAQihCnmon3z9bQOiC.iBXRzq","name":"Адам","surname":"Первый","email":"first@people.world","phone":"555","createdAt":"2026-01-24T01:04:04.400925Z","roleId":4,"role":{"id":4,"name":"Старший кладовщик","code":"SeniorWarehouseman","description":"Склады и цеха","rank":3},"alarmEvents":[],"sentPartRequests":[],"receivedPartRequests":[],"sentShiftTransfers":[],"receivedShiftTransfers":[]}]
=======================================================

=======================================================
Timestamp: 2026-01-24T16:12:18.1663272Z
Method: GET
URL: /api/materials
Status: 200
Duration: 7 ms
UserId: 
Client IP: ::1
User-Agent: 
Controller: Materials, Action: GetAll
Response Body: [{"id":1,"name":"Косточка","description":"","code":"5214","measuringUnit":"шт","isActive":true}]
=======================================================

=======================================================
Timestamp: 2026-01-24T16:12:18.1900174Z
Method: GET
URL: /api/materials
Status: 200
Duration: 18 ms
UserId: 
Client IP: ::1
User-Agent: 
Controller: Materials, Action: GetAll
Response Body: [{"id":1,"name":"Косточка","description":"","code":"5214","measuringUnit":"шт","isActive":true}]
=======================================================

=======================================================
Timestamp: 2026-01-24T16:12:18.2161111Z
Method: GET
URL: /api/products
Status: 200
Duration: 29 ms
UserId: 
Client IP: ::1
User-Agent: 
Controller: Products, Action: GetAll
Response Body: [{"id":1,"name":"Яблоко","description":"","code":"85412","measuringUnit":"шт","isActive":true},{"id":2,"name":"ыв","description":"вы","code":"вы","measuringUnit":"шт","isActive":true}]
=======================================================

=======================================================
Timestamp: 2026-01-24T16:12:18.2231411Z
Method: GET
URL: /api/users
Status: 200
Duration: 54 ms
UserId: 
Client IP: ::1
User-Agent: 
Controller: Users, Action: GetAll
Response Body: [{"id":1,"login":"admin","encryptedPassword":"admin","name":"Админ","surname":"Системный","email":"admin@example.com","phone":"+71234567890","createdAt":"2026-01-24T01:00:36.671391Z","roleId":1,"role":{"id":1,"name":"Владелец","code":"Owner","description":"Полный доступ","rank":1},"alarmEvents":[],"sentPartRequests":[],"receivedPartRequests":[],"sentShiftTransfers":[],"receivedShiftTransfers":[]},{"id":2,"login":"eva","encryptedPassword":"$2a$12$Y0uuNdgaJp09PIOQ9JIhPuJV4BppFS8G0Z9ifm.GeDCWuf/xdumAe","name":"Eva","surname":"EvaEva","email":"eva@dura.com","phone":"57","createdAt":"2026-01-24T01:03:29.60815Z","roleId":3,"role":{"id":3,"name":"Старший экструзионщик","code":"SeniorExtruder","description":"Замещение администратора","rank":3},"alarmEvents":[],"sentPartRequests":[],"receivedPartRequests":[],"sentShiftTransfers":[],"receivedShiftTransfers":[]},{"id":3,"login":"Adam","encryptedPassword":"$2a$12$iTkjevTNbrNYDPIRz.MUGuFN7TstoAQihCnmon3z9bQOiC.iBXRzq","name":"Адам","surname":"Первый","email":"first@people.world","phone":"555","createdAt":"2026-01-24T01:04:04.400925Z","roleId":4,"role":{"id":4,"name":"Старший кладовщик","code":"SeniorWarehouseman","description":"Склады и цеха","rank":3},"alarmEvents":[],"sentPartRequests":[],"receivedPartRequests":[],"sentShiftTransfers":[],"receivedShiftTransfers":[]}]
=======================================================

=======================================================
Timestamp: 2026-01-24T16:12:18.2323542Z
Method: GET
URL: /api/products
Status: 200
Duration: 94 ms
UserId: 
Client IP: ::1
User-Agent: 
Controller: Products, Action: GetAll
Response Body: [{"id":1,"name":"Яблоко","description":"","code":"85412","measuringUnit":"шт","isActive":true},{"id":2,"name":"ыв","description":"вы","code":"вы","measuringUnit":"шт","isActive":true}]
=======================================================

=======================================================
Timestamp: 2026-01-24T16:12:18.2446975Z
Method: GET
URL: /api/users
Status: 200
Duration: 86 ms
UserId: 
Client IP: ::1
User-Agent: 
Controller: Users, Action: GetAll
Response Body: [{"id":1,"login":"admin","encryptedPassword":"admin","name":"Админ","surname":"Системный","email":"admin@example.com","phone":"+71234567890","createdAt":"2026-01-24T01:00:36.671391Z","roleId":1,"role":{"id":1,"name":"Владелец","code":"Owner","description":"Полный доступ","rank":1},"alarmEvents":[],"sentPartRequests":[],"receivedPartRequests":[],"sentShiftTransfers":[],"receivedShiftTransfers":[]},{"id":2,"login":"eva","encryptedPassword":"$2a$12$Y0uuNdgaJp09PIOQ9JIhPuJV4BppFS8G0Z9ifm.GeDCWuf/xdumAe","name":"Eva","surname":"EvaEva","email":"eva@dura.com","phone":"57","createdAt":"2026-01-24T01:03:29.60815Z","roleId":3,"role":{"id":3,"name":"Старший экструзионщик","code":"SeniorExtruder","description":"Замещение администратора","rank":3},"alarmEvents":[],"sentPartRequests":[],"receivedPartRequests":[],"sentShiftTransfers":[],"receivedShiftTransfers":[]},{"id":3,"login":"Adam","encryptedPassword":"$2a$12$iTkjevTNbrNYDPIRz.MUGuFN7TstoAQihCnmon3z9bQOiC.iBXRzq","name":"Адам","surname":"Первый","email":"first@people.world","phone":"555","createdAt":"2026-01-24T01:04:04.400925Z","roleId":4,"role":{"id":4,"name":"Старший кладовщик","code":"SeniorWarehouseman","description":"Склады и цеха","rank":3},"alarmEvents":[],"sentPartRequests":[],"receivedPartRequests":[],"sentShiftTransfers":[],"receivedShiftTransfers":[]}]
=======================================================

=======================================================
Timestamp: 2026-01-24T16:12:18.2612105Z
Method: POST
URL: /api/materials
Status: 201
Duration: 163 ms
UserId: 
Client IP: ::1
User-Agent: 
Controller: Materials, Action: CreateMaterial
Response Body: {"message":"Material created successfully","material":{"id":2,"name":"ыв","description":"ыв","code":"вы","measuringUnit":"шт","isActive":true}}
=======================================================

=======================================================
Timestamp: 2026-01-24T16:12:18.3190313Z
Method: GET
URL: /api/materials
Status: 200
Duration: 19 ms
UserId: 
Client IP: ::1
User-Agent: 
Controller: Materials, Action: GetAll
Response Body: [{"id":1,"name":"Косточка","description":"","code":"5214","measuringUnit":"шт","isActive":true},{"id":2,"name":"ыв","description":"ыв","code":"вы","measuringUnit":"шт","isActive":true}]
=======================================================

=======================================================
Timestamp: 2026-01-24T16:12:18.3337532Z
Method: GET
URL: /api/products
Status: 200
Duration: 24 ms
UserId: 
Client IP: ::1
User-Agent: 
Controller: Products, Action: GetAll
Response Body: [{"id":1,"name":"Яблоко","description":"","code":"85412","measuringUnit":"шт","isActive":true},{"id":2,"name":"ыв","description":"вы","code":"вы","measuringUnit":"шт","isActive":true}]
=======================================================

=======================================================
Timestamp: 2026-01-24T16:12:18.5951334Z
Method: GET
URL: /api/users
Status: 200
Duration: 59 ms
UserId: 
Client IP: ::1
User-Agent: 
Controller: Users, Action: GetAll
Response Body: [{"id":1,"login":"admin","encryptedPassword":"admin","name":"Админ","surname":"Системный","email":"admin@example.com","phone":"+71234567890","createdAt":"2026-01-24T01:00:36.671391Z","roleId":1,"role":{"id":1,"name":"Владелец","code":"Owner","description":"Полный доступ","rank":1},"alarmEvents":[],"sentPartRequests":[],"receivedPartRequests":[],"sentShiftTransfers":[],"receivedShiftTransfers":[]},{"id":2,"login":"eva","encryptedPassword":"$2a$12$Y0uuNdgaJp09PIOQ9JIhPuJV4BppFS8G0Z9ifm.GeDCWuf/xdumAe","name":"Eva","surname":"EvaEva","email":"eva@dura.com","phone":"57","createdAt":"2026-01-24T01:03:29.60815Z","roleId":3,"role":{"id":3,"name":"Старший экструзионщик","code":"SeniorExtruder","description":"Замещение администратора","rank":3},"alarmEvents":[],"sentPartRequests":[],"receivedPartRequests":[],"sentShiftTransfers":[],"receivedShiftTransfers":[]},{"id":3,"login":"Adam","encryptedPassword":"$2a$12$iTkjevTNbrNYDPIRz.MUGuFN7TstoAQihCnmon3z9bQOiC.iBXRzq","name":"Адам","surname":"Первый","email":"first@people.world","phone":"555","createdAt":"2026-01-24T01:04:04.400925Z","roleId":4,"role":{"id":4,"name":"Старший кладовщик","code":"SeniorWarehouseman","description":"Склады и цеха","rank":3},"alarmEvents":[],"sentPartRequests":[],"receivedPartRequests":[],"sentShiftTransfers":[],"receivedShiftTransfers":[]}]
=======================================================

=======================================================
Timestamp: 2026-01-24T16:12:18.6484360Z
Method: GET
URL: /api/materials
Status: 200
Duration: 64 ms
UserId: 
Client IP: ::1
User-Agent: 
Controller: Materials, Action: GetAll
Response Body: [{"id":1,"name":"Косточка","description":"","code":"5214","measuringUnit":"шт","isActive":true},{"id":2,"name":"ыв","description":"ыв","code":"вы","measuringUnit":"шт","isActive":true}]
=======================================================

=======================================================
Timestamp: 2026-01-24T16:12:18.6661932Z
Method: GET
URL: /api/products
Status: 200
Duration: 64 ms
UserId: 
Client IP: ::1
User-Agent: 
Controller: Products, Action: GetAll
Response Body: [{"id":1,"name":"Яблоко","description":"","code":"85412","measuringUnit":"шт","isActive":true},{"id":2,"name":"ыв","description":"вы","code":"вы","measuringUnit":"шт","isActive":true}]
=======================================================

=======================================================
Timestamp: 2026-01-24T16:12:18.6785969Z
Method: GET
URL: /api/users
Status: 200
Duration: 76 ms
UserId: 
Client IP: ::1
User-Agent: 
Controller: Users, Action: GetAll
Response Body: [{"id":1,"login":"admin","encryptedPassword":"admin","name":"Админ","surname":"Системный","email":"admin@example.com","phone":"+71234567890","createdAt":"2026-01-24T01:00:36.671391Z","roleId":1,"role":{"id":1,"name":"Владелец","code":"Owner","description":"Полный доступ","rank":1},"alarmEvents":[],"sentPartRequests":[],"receivedPartRequests":[],"sentShiftTransfers":[],"receivedShiftTransfers":[]},{"id":2,"login":"eva","encryptedPassword":"$2a$12$Y0uuNdgaJp09PIOQ9JIhPuJV4BppFS8G0Z9ifm.GeDCWuf/xdumAe","name":"Eva","surname":"EvaEva","email":"eva@dura.com","phone":"57","createdAt":"2026-01-24T01:03:29.60815Z","roleId":3,"role":{"id":3,"name":"Старший экструзионщик","code":"SeniorExtruder","description":"Замещение администратора","rank":3},"alarmEvents":[],"sentPartRequests":[],"receivedPartRequests":[],"sentShiftTransfers":[],"receivedShiftTransfers":[]},{"id":3,"login":"Adam","encryptedPassword":"$2a$12$iTkjevTNbrNYDPIRz.MUGuFN7TstoAQihCnmon3z9bQOiC.iBXRzq","name":"Адам","surname":"Первый","email":"first@people.world","phone":"555","createdAt":"2026-01-24T01:04:04.400925Z","roleId":4,"role":{"id":4,"name":"Старший кладовщик","code":"SeniorWarehouseman","description":"Склады и цеха","rank":3},"alarmEvents":[],"sentPartRequests":[],"receivedPartRequests":[],"sentShiftTransfers":[],"receivedShiftTransfers":[]}]
=======================================================

=======================================================
Timestamp: 2026-01-24T16:12:26.2386129Z
Method: GET
URL: /api/products
Status: 200
Duration: 29 ms
UserId: 
Client IP: ::1
User-Agent: 
Controller: Products, Action: GetAll
Response Body: [{"id":1,"name":"Яблоко","description":"","code":"85412","measuringUnit":"шт","isActive":true},{"id":2,"name":"ыв","description":"вы","code":"вы","measuringUnit":"шт","isActive":true}]
=======================================================

=======================================================
Timestamp: 2026-01-24T16:12:26.2483937Z
Method: GET
URL: /api/materials
Status: 200
Duration: 21 ms
UserId: 
Client IP: ::1
User-Agent: 
Controller: Materials, Action: GetAll
Response Body: [{"id":1,"name":"Косточка","description":"","code":"5214","measuringUnit":"шт","isActive":true},{"id":2,"name":"ыв","description":"ыв","code":"вы","measuringUnit":"шт","isActive":true}]
=======================================================

=======================================================
Timestamp: 2026-01-24T16:12:26.2504853Z
Method: GET
URL: /api/materials
Status: 200
Duration: 26 ms
UserId: 
Client IP: ::1
User-Agent: 
Controller: Materials, Action: GetAll
Response Body: [{"id":1,"name":"Косточка","description":"","code":"5214","measuringUnit":"шт","isActive":true},{"id":2,"name":"ыв","description":"ыв","code":"вы","measuringUnit":"шт","isActive":true}]
=======================================================

=======================================================
Timestamp: 2026-01-24T16:12:26.3300665Z
Method: GET
URL: /api/users
Status: 200
Duration: 59 ms
UserId: 
Client IP: ::1
User-Agent: 
Controller: Users, Action: GetAll
Response Body: [{"id":1,"login":"admin","encryptedPassword":"admin","name":"Админ","surname":"Системный","email":"admin@example.com","phone":"+71234567890","createdAt":"2026-01-24T01:00:36.671391Z","roleId":1,"role":{"id":1,"name":"Владелец","code":"Owner","description":"Полный доступ","rank":1},"alarmEvents":[],"sentPartRequests":[],"receivedPartRequests":[],"sentShiftTransfers":[],"receivedShiftTransfers":[]},{"id":2,"login":"eva","encryptedPassword":"$2a$12$Y0uuNdgaJp09PIOQ9JIhPuJV4BppFS8G0Z9ifm.GeDCWuf/xdumAe","name":"Eva","surname":"EvaEva","email":"eva@dura.com","phone":"57","createdAt":"2026-01-24T01:03:29.60815Z","roleId":3,"role":{"id":3,"name":"Старший экструзионщик","code":"SeniorExtruder","description":"Замещение администратора","rank":3},"alarmEvents":[],"sentPartRequests":[],"receivedPartRequests":[],"sentShiftTransfers":[],"receivedShiftTransfers":[]},{"id":3,"login":"Adam","encryptedPassword":"$2a$12$iTkjevTNbrNYDPIRz.MUGuFN7TstoAQihCnmon3z9bQOiC.iBXRzq","name":"Адам","surname":"Первый","email":"first@people.world","phone":"555","createdAt":"2026-01-24T01:04:04.400925Z","roleId":4,"role":{"id":4,"name":"Старший кладовщик","code":"SeniorWarehouseman","description":"Склады и цеха","rank":3},"alarmEvents":[],"sentPartRequests":[],"receivedPartRequests":[],"sentShiftTransfers":[],"receivedShiftTransfers":[]}]
=======================================================

=======================================================
Timestamp: 2026-01-24T16:12:26.3616498Z
Method: GET
URL: /api/users
Status: 200
Duration: 67 ms
UserId: 
Client IP: ::1
User-Agent: 
Controller: Users, Action: GetAll
Response Body: [{"id":1,"login":"admin","encryptedPassword":"admin","name":"Админ","surname":"Системный","email":"admin@example.com","phone":"+71234567890","createdAt":"2026-01-24T01:00:36.671391Z","roleId":1,"role":{"id":1,"name":"Владелец","code":"Owner","description":"Полный доступ","rank":1},"alarmEvents":[],"sentPartRequests":[],"receivedPartRequests":[],"sentShiftTransfers":[],"receivedShiftTransfers":[]},{"id":2,"login":"eva","encryptedPassword":"$2a$12$Y0uuNdgaJp09PIOQ9JIhPuJV4BppFS8G0Z9ifm.GeDCWuf/xdumAe","name":"Eva","surname":"EvaEva","email":"eva@dura.com","phone":"57","createdAt":"2026-01-24T01:03:29.60815Z","roleId":3,"role":{"id":3,"name":"Старший экструзионщик","code":"SeniorExtruder","description":"Замещение администратора","rank":3},"alarmEvents":[],"sentPartRequests":[],"receivedPartRequests":[],"sentShiftTransfers":[],"receivedShiftTransfers":[]},{"id":3,"login":"Adam","encryptedPassword":"$2a$12$iTkjevTNbrNYDPIRz.MUGuFN7TstoAQihCnmon3z9bQOiC.iBXRzq","name":"Адам","surname":"Первый","email":"first@people.world","phone":"555","createdAt":"2026-01-24T01:04:04.400925Z","roleId":4,"role":{"id":4,"name":"Старший кладовщик","code":"SeniorWarehouseman","description":"Склады и цеха","rank":3},"alarmEvents":[],"sentPartRequests":[],"receivedPartRequests":[],"sentShiftTransfers":[],"receivedShiftTransfers":[]}]
=======================================================

=======================================================
Timestamp: 2026-01-24T16:12:31.8428797Z
Method: GET
URL: /api/products
Status: 200
Duration: 29 ms
UserId: 
Client IP: ::1
User-Agent: 
Controller: Products, Action: GetAll
Response Body: [{"id":1,"name":"Яблоко","description":"","code":"85412","measuringUnit":"шт","isActive":true},{"id":2,"name":"ыв","description":"вы","code":"вы","measuringUnit":"шт","isActive":true}]
=======================================================

=======================================================
Timestamp: 2026-01-24T16:12:31.8479941Z
Method: GET
URL: /api/materials
Status: 200
Duration: 13 ms
UserId: 
Client IP: ::1
User-Agent: 
Controller: Materials, Action: GetAll
Response Body: [{"id":1,"name":"Косточка","description":"","code":"5214","measuringUnit":"шт","isActive":true}]
=======================================================

=======================================================
Timestamp: 2026-01-24T16:12:31.9660555Z
Method: GET
URL: /api/users
Status: 200
Duration: 14 ms
UserId: 
Client IP: ::1
User-Agent: 
Controller: Users, Action: GetAll
Response Body: [{"id":1,"login":"admin","encryptedPassword":"admin","name":"Админ","surname":"Системный","email":"admin@example.com","phone":"+71234567890","createdAt":"2026-01-24T01:00:36.671391Z","roleId":1,"role":{"id":1,"name":"Владелец","code":"Owner","description":"Полный доступ","rank":1},"alarmEvents":[],"sentPartRequests":[],"receivedPartRequests":[],"sentShiftTransfers":[],"receivedShiftTransfers":[]},{"id":2,"login":"eva","encryptedPassword":"$2a$12$Y0uuNdgaJp09PIOQ9JIhPuJV4BppFS8G0Z9ifm.GeDCWuf/xdumAe","name":"Eva","surname":"EvaEva","email":"eva@dura.com","phone":"57","createdAt":"2026-01-24T01:03:29.60815Z","roleId":3,"role":{"id":3,"name":"Старший экструзионщик","code":"SeniorExtruder","description":"Замещение администратора","rank":3},"alarmEvents":[],"sentPartRequests":[],"receivedPartRequests":[],"sentShiftTransfers":[],"receivedShiftTransfers":[]},{"id":3,"login":"Adam","encryptedPassword":"$2a$12$iTkjevTNbrNYDPIRz.MUGuFN7TstoAQihCnmon3z9bQOiC.iBXRzq","name":"Адам","surname":"Первый","email":"first@people.world","phone":"555","createdAt":"2026-01-24T01:04:04.400925Z","roleId":4,"role":{"id":4,"name":"Старший кладовщик","code":"SeniorWarehouseman","description":"Склады и цеха","rank":3},"alarmEvents":[],"sentPartRequests":[],"receivedPartRequests":[],"sentShiftTransfers":[],"receivedShiftTransfers":[]}]
=======================================================

=======================================================
Timestamp: 2026-01-24T16:12:32.0736024Z
Method: GET
URL: /api/users
Status: 200
Duration: 21 ms
UserId: 
Client IP: ::1
User-Agent: 
Controller: Users, Action: GetAll
Response Body: [{"id":1,"login":"admin","encryptedPassword":"admin","name":"Админ","surname":"Системный","email":"admin@example.com","phone":"+71234567890","createdAt":"2026-01-24T01:00:36.671391Z","roleId":1,"role":{"id":1,"name":"Владелец","code":"Owner","description":"Полный доступ","rank":1},"alarmEvents":[],"sentPartRequests":[],"receivedPartRequests":[],"sentShiftTransfers":[],"receivedShiftTransfers":[]},{"id":2,"login":"eva","encryptedPassword":"$2a$12$Y0uuNdgaJp09PIOQ9JIhPuJV4BppFS8G0Z9ifm.GeDCWuf/xdumAe","name":"Eva","surname":"EvaEva","email":"eva@dura.com","phone":"57","createdAt":"2026-01-24T01:03:29.60815Z","roleId":3,"role":{"id":3,"name":"Старший экструзионщик","code":"SeniorExtruder","description":"Замещение администратора","rank":3},"alarmEvents":[],"sentPartRequests":[],"receivedPartRequests":[],"sentShiftTransfers":[],"receivedShiftTransfers":[]},{"id":3,"login":"Adam","encryptedPassword":"$2a$12$iTkjevTNbrNYDPIRz.MUGuFN7TstoAQihCnmon3z9bQOiC.iBXRzq","name":"Адам","surname":"Первый","email":"first@people.world","phone":"555","createdAt":"2026-01-24T01:04:04.400925Z","roleId":4,"role":{"id":4,"name":"Старший кладовщик","code":"SeniorWarehouseman","description":"Склады и цеха","rank":3},"alarmEvents":[],"sentPartRequests":[],"receivedPartRequests":[],"sentShiftTransfers":[],"receivedShiftTransfers":[]}]
=======================================================

=======================================================
Timestamp: 2026-01-24T16:12:32.2675955Z
Method: GET
URL: /api/materials
Status: 200
Duration: 146 ms
UserId: 
Client IP: ::1
User-Agent: 
Controller: Materials, Action: GetAll
Response Body: [{"id":1,"name":"Косточка","description":"","code":"5214","measuringUnit":"шт","isActive":true}]
=======================================================

=======================================================
Timestamp: 2026-01-24T16:12:32.2711430Z
Method: GET
URL: /api/materials
Status: 200
Duration: 404 ms
UserId: 
Client IP: ::1
User-Agent: 
Controller: Materials, Action: GetAll
Response Body: [{"id":1,"name":"Косточка","description":"","code":"5214","measuringUnit":"шт","isActive":true}]
=======================================================

=======================================================
Timestamp: 2026-01-24T16:12:39.0936689Z
Method: GET
URL: /api/users
Status: 200
Duration: 17 ms
UserId: 
Client IP: ::1
User-Agent: 
Controller: Users, Action: GetAll
Response Body: [{"id":1,"login":"admin","encryptedPassword":"admin","name":"Админ","surname":"Системный","email":"admin@example.com","phone":"+71234567890","createdAt":"2026-01-24T01:00:36.671391Z","roleId":1,"role":{"id":1,"name":"Владелец","code":"Owner","description":"Полный доступ","rank":1},"alarmEvents":[],"sentPartRequests":[],"receivedPartRequests":[],"sentShiftTransfers":[],"receivedShiftTransfers":[]},{"id":2,"login":"eva","encryptedPassword":"$2a$12$Y0uuNdgaJp09PIOQ9JIhPuJV4BppFS8G0Z9ifm.GeDCWuf/xdumAe","name":"Eva","surname":"EvaEva","email":"eva@dura.com","phone":"57","createdAt":"2026-01-24T01:03:29.60815Z","roleId":3,"role":{"id":3,"name":"Старший экструзионщик","code":"SeniorExtruder","description":"Замещение администратора","rank":3},"alarmEvents":[],"sentPartRequests":[],"receivedPartRequests":[],"sentShiftTransfers":[],"receivedShiftTransfers":[]},{"id":3,"login":"Adam","encryptedPassword":"$2a$12$iTkjevTNbrNYDPIRz.MUGuFN7TstoAQihCnmon3z9bQOiC.iBXRzq","name":"Адам","surname":"Первый","email":"first@people.world","phone":"555","createdAt":"2026-01-24T01:04:04.400925Z","roleId":4,"role":{"id":4,"name":"Старший кладовщик","code":"SeniorWarehouseman","description":"Склады и цеха","rank":3},"alarmEvents":[],"sentPartRequests":[],"receivedPartRequests":[],"sentShiftTransfers":[],"receivedShiftTransfers":[]}]
=======================================================

=======================================================
Timestamp: 2026-01-24T16:12:39.1336377Z
Method: GET
URL: /api/materials
Status: 200
Duration: 38 ms
UserId: 
Client IP: ::1
User-Agent: 
Controller: Materials, Action: GetAll
Response Body: [{"id":1,"name":"Косточка","description":"","code":"5214","measuringUnit":"шт","isActive":true}]
=======================================================

=======================================================
Timestamp: 2026-01-24T16:12:39.2938422Z
Method: GET
URL: /api/users
Status: 200
Duration: 27 ms
UserId: 
Client IP: ::1
User-Agent: 
Controller: Users, Action: GetAll
Response Body: [{"id":1,"login":"admin","encryptedPassword":"admin","name":"Админ","surname":"Системный","email":"admin@example.com","phone":"+71234567890","createdAt":"2026-01-24T01:00:36.671391Z","roleId":1,"role":{"id":1,"name":"Владелец","code":"Owner","description":"Полный доступ","rank":1},"alarmEvents":[],"sentPartRequests":[],"receivedPartRequests":[],"sentShiftTransfers":[],"receivedShiftTransfers":[]},{"id":2,"login":"eva","encryptedPassword":"$2a$12$Y0uuNdgaJp09PIOQ9JIhPuJV4BppFS8G0Z9ifm.GeDCWuf/xdumAe","name":"Eva","surname":"EvaEva","email":"eva@dura.com","phone":"57","createdAt":"2026-01-24T01:03:29.60815Z","roleId":3,"role":{"id":3,"name":"Старший экструзионщик","code":"SeniorExtruder","description":"Замещение администратора","rank":3},"alarmEvents":[],"sentPartRequests":[],"receivedPartRequests":[],"sentShiftTransfers":[],"receivedShiftTransfers":[]},{"id":3,"login":"Adam","encryptedPassword":"$2a$12$iTkjevTNbrNYDPIRz.MUGuFN7TstoAQihCnmon3z9bQOiC.iBXRzq","name":"Адам","surname":"Первый","email":"first@people.world","phone":"555","createdAt":"2026-01-24T01:04:04.400925Z","roleId":4,"role":{"id":4,"name":"Старший кладовщик","code":"SeniorWarehouseman","description":"Склады и цеха","rank":3},"alarmEvents":[],"sentPartRequests":[],"receivedPartRequests":[],"sentShiftTransfers":[],"receivedShiftTransfers":[]}]
=======================================================

=======================================================
Timestamp: 2026-01-24T16:12:39.3047740Z
Method: GET
URL: /api/products
Status: 200
Duration: 35 ms
UserId: 
Client IP: ::1
User-Agent: 
Controller: Products, Action: GetAll
Response Body: [{"id":1,"name":"Яблоко","description":"","code":"85412","measuringUnit":"шт","isActive":true},{"id":2,"name":"ыв","description":"вы","code":"вы","measuringUnit":"шт","isActive":true}]
=======================================================

=======================================================
Timestamp: 2026-01-24T16:12:39.4938231Z
Method: GET
URL: /api/materials
Status: 200
Duration: 265 ms
UserId: 
Client IP: ::1
User-Agent: 
Controller: Materials, Action: GetAll
Response Body: [{"id":1,"name":"Косточка","description":"","code":"5214","measuringUnit":"шт","isActive":true}]
=======================================================

=======================================================
Timestamp: 2026-01-24T16:12:46.3646023Z
Method: GET
URL: /api/materials
Status: 200
Duration: 55 ms
UserId: 
Client IP: ::1
User-Agent: 
Controller: Materials, Action: GetAll
Response Body: []
=======================================================

=======================================================
Timestamp: 2026-01-24T16:12:46.3792638Z
Method: GET
URL: /api/products
Status: 200
Duration: 52 ms
UserId: 
Client IP: ::1
User-Agent: 
Controller: Products, Action: GetAll
Response Body: [{"id":1,"name":"Яблоко","description":"","code":"85412","measuringUnit":"шт","isActive":true},{"id":2,"name":"ыв","description":"вы","code":"вы","measuringUnit":"шт","isActive":true}]
=======================================================

=======================================================
Timestamp: 2026-01-24T16:12:46.4847172Z
Method: GET
URL: /api/materials
Status: 200
Duration: 56 ms
UserId: 
Client IP: ::1
User-Agent: 
Controller: Materials, Action: GetAll
Response Body: []
=======================================================

=======================================================
Timestamp: 2026-01-24T16:12:46.4921956Z
Method: GET
URL: /api/materials
Status: 200
Duration: 22 ms
UserId: 
Client IP: ::1
User-Agent: 
Controller: Materials, Action: GetAll
Response Body: []
=======================================================

=======================================================
Timestamp: 2026-01-24T16:12:46.6432613Z
Method: GET
URL: /api/products
Status: 200
Duration: 145 ms
UserId: 
Client IP: ::1
User-Agent: 
Controller: Products, Action: GetAll
Response Body: [{"id":1,"name":"Яблоко","description":"","code":"85412","measuringUnit":"шт","isActive":true},{"id":2,"name":"ыв","description":"вы","code":"вы","measuringUnit":"шт","isActive":true}]
=======================================================

=======================================================
Timestamp: 2026-01-24T16:12:46.6565331Z
Method: GET
URL: /api/users
Status: 200
Duration: 126 ms
UserId: 
Client IP: ::1
User-Agent: 
Controller: Users, Action: GetAll
Response Body: [{"id":1,"login":"admin","encryptedPassword":"admin","name":"Админ","surname":"Системный","email":"admin@example.com","phone":"+71234567890","createdAt":"2026-01-24T01:00:36.671391Z","roleId":1,"role":{"id":1,"name":"Владелец","code":"Owner","description":"Полный доступ","rank":1},"alarmEvents":[],"sentPartRequests":[],"receivedPartRequests":[],"sentShiftTransfers":[],"receivedShiftTransfers":[]},{"id":2,"login":"eva","encryptedPassword":"$2a$12$Y0uuNdgaJp09PIOQ9JIhPuJV4BppFS8G0Z9ifm.GeDCWuf/xdumAe","name":"Eva","surname":"EvaEva","email":"eva@dura.com","phone":"57","createdAt":"2026-01-24T01:03:29.60815Z","roleId":3,"role":{"id":3,"name":"Старший экструзионщик","code":"SeniorExtruder","description":"Замещение администратора","rank":3},"alarmEvents":[],"sentPartRequests":[],"receivedPartRequests":[],"sentShiftTransfers":[],"receivedShiftTransfers":[]},{"id":3,"login":"Adam","encryptedPassword":"$2a$12$iTkjevTNbrNYDPIRz.MUGuFN7TstoAQihCnmon3z9bQOiC.iBXRzq","name":"Адам","surname":"Первый","email":"first@people.world","phone":"555","createdAt":"2026-01-24T01:04:04.400925Z","roleId":4,"role":{"id":4,"name":"Старший кладовщик","code":"SeniorWarehouseman","description":"Склады и цеха","rank":3},"alarmEvents":[],"sentPartRequests":[],"receivedPartRequests":[],"sentShiftTransfers":[],"receivedShiftTransfers":[]}]
=======================================================

=======================================================
Timestamp: 2026-01-24T16:13:03.6399838Z
Method: GET
URL: /api/products
Status: 200
Duration: 29 ms
UserId: 
Client IP: ::1
User-Agent: 
Controller: Products, Action: GetAll
Response Body: [{"id":1,"name":"Яблоко","description":"","code":"85412","measuringUnit":"шт","isActive":true},{"id":2,"name":"ыв","description":"вы","code":"вы","measuringUnit":"шт","isActive":true}]
=======================================================

=======================================================
Timestamp: 2026-01-24T16:13:03.7458468Z
Method: GET
URL: /api/users
Status: 200
Duration: 39 ms
UserId: 
Client IP: ::1
User-Agent: 
Controller: Users, Action: GetAll
Response Body: [{"id":1,"login":"admin","encryptedPassword":"admin","name":"Админ","surname":"Системный","email":"admin@example.com","phone":"+71234567890","createdAt":"2026-01-24T01:00:36.671391Z","roleId":1,"role":{"id":1,"name":"Владелец","code":"Owner","description":"Полный доступ","rank":1},"alarmEvents":[],"sentPartRequests":[],"receivedPartRequests":[],"sentShiftTransfers":[],"receivedShiftTransfers":[]},{"id":2,"login":"eva","encryptedPassword":"$2a$12$Y0uuNdgaJp09PIOQ9JIhPuJV4BppFS8G0Z9ifm.GeDCWuf/xdumAe","name":"Eva","surname":"EvaEva","email":"eva@dura.com","phone":"57","createdAt":"2026-01-24T01:03:29.60815Z","roleId":3,"role":{"id":3,"name":"Старший экструзионщик","code":"SeniorExtruder","description":"Замещение администратора","rank":3},"alarmEvents":[],"sentPartRequests":[],"receivedPartRequests":[],"sentShiftTransfers":[],"receivedShiftTransfers":[]},{"id":3,"login":"Adam","encryptedPassword":"$2a$12$iTkjevTNbrNYDPIRz.MUGuFN7TstoAQihCnmon3z9bQOiC.iBXRzq","name":"Адам","surname":"Первый","email":"first@people.world","phone":"555","createdAt":"2026-01-24T01:04:04.400925Z","roleId":4,"role":{"id":4,"name":"Старший кладовщик","code":"SeniorWarehouseman","description":"Склады и цеха","rank":3},"alarmEvents":[],"sentPartRequests":[],"receivedPartRequests":[],"sentShiftTransfers":[],"receivedShiftTransfers":[]}]
=======================================================

=======================================================
Timestamp: 2026-01-24T16:13:10.0531257Z
Method: GET
URL: /api/users
Status: 200
Duration: 21 ms
UserId: 
Client IP: ::1
User-Agent: 
Controller: Users, Action: GetAll
Response Body: [{"id":1,"login":"admin","encryptedPassword":"admin","name":"Админ","surname":"Системный","email":"admin@example.com","phone":"+71234567890","createdAt":"2026-01-24T01:00:36.671391Z","roleId":1,"role":{"id":1,"name":"Владелец","code":"Owner","description":"Полный доступ","rank":1},"alarmEvents":[],"sentPartRequests":[],"receivedPartRequests":[],"sentShiftTransfers":[],"receivedShiftTransfers":[]},{"id":2,"login":"eva","encryptedPassword":"$2a$12$Y0uuNdgaJp09PIOQ9JIhPuJV4BppFS8G0Z9ifm.GeDCWuf/xdumAe","name":"Eva","surname":"EvaEva","email":"eva@dura.com","phone":"57","createdAt":"2026-01-24T01:03:29.60815Z","roleId":3,"role":{"id":3,"name":"Старший экструзионщик","code":"SeniorExtruder","description":"Замещение администратора","rank":3},"alarmEvents":[],"sentPartRequests":[],"receivedPartRequests":[],"sentShiftTransfers":[],"receivedShiftTransfers":[]},{"id":3,"login":"Adam","encryptedPassword":"$2a$12$iTkjevTNbrNYDPIRz.MUGuFN7TstoAQihCnmon3z9bQOiC.iBXRzq","name":"Адам","surname":"Первый","email":"first@people.world","phone":"555","createdAt":"2026-01-24T01:04:04.400925Z","roleId":4,"role":{"id":4,"name":"Старший кладовщик","code":"SeniorWarehouseman","description":"Склады и цеха","rank":3},"alarmEvents":[],"sentPartRequests":[],"receivedPartRequests":[],"sentShiftTransfers":[],"receivedShiftTransfers":[]}]
=======================================================

=======================================================
Timestamp: 2026-01-24T16:13:10.1397194Z
Method: GET
URL: /api/materials
Status: 200
Duration: 18 ms
UserId: 
Client IP: ::1
User-Agent: 
Controller: Materials, Action: GetAll
Response Body: []
=======================================================

=======================================================
Timestamp: 2026-01-24T16:13:10.6708719Z
Method: GET
URL: /api/products
Status: 200
Duration: 153 ms
UserId: 
Client IP: ::1
User-Agent: 
Controller: Products, Action: GetAll
Response Body: [{"id":1,"name":"Яблоко","description":"","code":"85412","measuringUnit":"шт","isActive":true}]
=======================================================

=======================================================
Timestamp: 2026-01-24T16:13:10.8953669Z
Method: GET
URL: /api/products
Status: 200
Duration: 181 ms
UserId: 
Client IP: ::1
User-Agent: 
Controller: Products, Action: GetAll
Response Body: [{"id":1,"name":"Яблоко","description":"","code":"85412","measuringUnit":"шт","isActive":true}]
=======================================================

=======================================================
Timestamp: 2026-01-24T16:13:11.0413434Z
Method: GET
URL: /api/users
Status: 200
Duration: 35 ms
UserId: 
Client IP: ::1
User-Agent: 
Controller: Users, Action: GetAll
Response Body: [{"id":1,"login":"admin","encryptedPassword":"admin","name":"Админ","surname":"Системный","email":"admin@example.com","phone":"+71234567890","createdAt":"2026-01-24T01:00:36.671391Z","roleId":1,"role":{"id":1,"name":"Владелец","code":"Owner","description":"Полный доступ","rank":1},"alarmEvents":[],"sentPartRequests":[],"receivedPartRequests":[],"sentShiftTransfers":[],"receivedShiftTransfers":[]},{"id":2,"login":"eva","encryptedPassword":"$2a$12$Y0uuNdgaJp09PIOQ9JIhPuJV4BppFS8G0Z9ifm.GeDCWuf/xdumAe","name":"Eva","surname":"EvaEva","email":"eva@dura.com","phone":"57","createdAt":"2026-01-24T01:03:29.60815Z","roleId":3,"role":{"id":3,"name":"Старший экструзионщик","code":"SeniorExtruder","description":"Замещение администратора","rank":3},"alarmEvents":[],"sentPartRequests":[],"receivedPartRequests":[],"sentShiftTransfers":[],"receivedShiftTransfers":[]},{"id":3,"login":"Adam","encryptedPassword":"$2a$12$iTkjevTNbrNYDPIRz.MUGuFN7TstoAQihCnmon3z9bQOiC.iBXRzq","name":"Адам","surname":"Первый","email":"first@people.world","phone":"555","createdAt":"2026-01-24T01:04:04.400925Z","roleId":4,"role":{"id":4,"name":"Старший кладовщик","code":"SeniorWarehouseman","description":"Склады и цеха","rank":3},"alarmEvents":[],"sentPartRequests":[],"receivedPartRequests":[],"sentShiftTransfers":[],"receivedShiftTransfers":[]}]
=======================================================

=======================================================
Timestamp: 2026-01-24T16:13:11.2200805Z
Method: GET
URL: /api/users
Status: 200
Duration: 654 ms
UserId: 
Client IP: ::1
User-Agent: 
Controller: Users, Action: GetAll
Response Body: [{"id":1,"login":"admin","encryptedPassword":"admin","name":"Админ","surname":"Системный","email":"admin@example.com","phone":"+71234567890","createdAt":"2026-01-24T01:00:36.671391Z","roleId":1,"role":{"id":1,"name":"Владелец","code":"Owner","description":"Полный доступ","rank":1},"alarmEvents":[],"sentPartRequests":[],"receivedPartRequests":[],"sentShiftTransfers":[],"receivedShiftTransfers":[]},{"id":2,"login":"eva","encryptedPassword":"$2a$12$Y0uuNdgaJp09PIOQ9JIhPuJV4BppFS8G0Z9ifm.GeDCWuf/xdumAe","name":"Eva","surname":"EvaEva","email":"eva@dura.com","phone":"57","createdAt":"2026-01-24T01:03:29.60815Z","roleId":3,"role":{"id":3,"name":"Старший экструзионщик","code":"SeniorExtruder","description":"Замещение администратора","rank":3},"alarmEvents":[],"sentPartRequests":[],"receivedPartRequests":[],"sentShiftTransfers":[],"receivedShiftTransfers":[]},{"id":3,"login":"Adam","encryptedPassword":"$2a$12$iTkjevTNbrNYDPIRz.MUGuFN7TstoAQihCnmon3z9bQOiC.iBXRzq","name":"Адам","surname":"Первый","email":"first@people.world","phone":"555","createdAt":"2026-01-24T01:04:04.400925Z","roleId":4,"role":{"id":4,"name":"Старший кладовщик","code":"SeniorWarehouseman","description":"Склады и цеха","rank":3},"alarmEvents":[],"sentPartRequests":[],"receivedPartRequests":[],"sentShiftTransfers":[],"receivedShiftTransfers":[]}]
=======================================================

=======================================================
Timestamp: 2026-01-24T16:13:11.3429322Z
Method: GET
URL: /api/products
Status: 200
Duration: 410 ms
UserId: 
Client IP: ::1
User-Agent: 
Controller: Products, Action: GetAll
Response Body: [{"id":1,"name":"Яблоко","description":"","code":"85412","measuringUnit":"шт","isActive":true}]
=======================================================

=======================================================
Timestamp: 2026-01-24T16:13:11.3450453Z
Method: GET
URL: /api/products
Status: 200
Duration: 295 ms
UserId: 
Client IP: ::1
User-Agent: 
Controller: Products, Action: GetAll
Response Body: [{"id":1,"name":"Яблоко","description":"","code":"85412","measuringUnit":"шт","isActive":true}]
=======================================================

=======================================================
Timestamp: 2026-01-24T16:13:11.3596030Z
Method: GET
URL: /api/materials
Status: 200
Duration: 115 ms
UserId: 
Client IP: ::1
User-Agent: 
Controller: Materials, Action: GetAll
Response Body: []
=======================================================

=======================================================
Timestamp: 2026-01-24T16:13:11.4414830Z
Method: GET
URL: /api/users
Status: 200
Duration: 476 ms
UserId: 
Client IP: ::1
User-Agent: 
Controller: Users, Action: GetAll
Response Body: [{"id":1,"login":"admin","encryptedPassword":"admin","name":"Админ","surname":"Системный","email":"admin@example.com","phone":"+71234567890","createdAt":"2026-01-24T01:00:36.671391Z","roleId":1,"role":{"id":1,"name":"Владелец","code":"Owner","description":"Полный доступ","rank":1},"alarmEvents":[],"sentPartRequests":[],"receivedPartRequests":[],"sentShiftTransfers":[],"receivedShiftTransfers":[]},{"id":2,"login":"eva","encryptedPassword":"$2a$12$Y0uuNdgaJp09PIOQ9JIhPuJV4BppFS8G0Z9ifm.GeDCWuf/xdumAe","name":"Eva","surname":"EvaEva","email":"eva@dura.com","phone":"57","createdAt":"2026-01-24T01:03:29.60815Z","roleId":3,"role":{"id":3,"name":"Старший экструзионщик","code":"SeniorExtruder","description":"Замещение администратора","rank":3},"alarmEvents":[],"sentPartRequests":[],"receivedPartRequests":[],"sentShiftTransfers":[],"receivedShiftTransfers":[]},{"id":3,"login":"Adam","encryptedPassword":"$2a$12$iTkjevTNbrNYDPIRz.MUGuFN7TstoAQihCnmon3z9bQOiC.iBXRzq","name":"Адам","surname":"Первый","email":"first@people.world","phone":"555","createdAt":"2026-01-24T01:04:04.400925Z","roleId":4,"role":{"id":4,"name":"Старший кладовщик","code":"SeniorWarehouseman","description":"Склады и цеха","rank":3},"alarmEvents":[],"sentPartRequests":[],"receivedPartRequests":[],"sentShiftTransfers":[],"receivedShiftTransfers":[]}]
=======================================================

=======================================================
Timestamp: 2026-01-24T16:13:11.4868763Z
Method: GET
URL: /api/users
Status: 200
Duration: 327 ms
UserId: 
Client IP: ::1
User-Agent: 
Controller: Users, Action: GetAll
Response Body: [{"id":1,"login":"admin","encryptedPassword":"admin","name":"Админ","surname":"Системный","email":"admin@example.com","phone":"+71234567890","createdAt":"2026-01-24T01:00:36.671391Z","roleId":1,"role":{"id":1,"name":"Владелец","code":"Owner","description":"Полный доступ","rank":1},"alarmEvents":[],"sentPartRequests":[],"receivedPartRequests":[],"sentShiftTransfers":[],"receivedShiftTransfers":[]},{"id":2,"login":"eva","encryptedPassword":"$2a$12$Y0uuNdgaJp09PIOQ9JIhPuJV4BppFS8G0Z9ifm.GeDCWuf/xdumAe","name":"Eva","surname":"EvaEva","email":"eva@dura.com","phone":"57","createdAt":"2026-01-24T01:03:29.60815Z","roleId":3,"role":{"id":3,"name":"Старший экструзионщик","code":"SeniorExtruder","description":"Замещение администратора","rank":3},"alarmEvents":[],"sentPartRequests":[],"receivedPartRequests":[],"sentShiftTransfers":[],"receivedShiftTransfers":[]},{"id":3,"login":"Adam","encryptedPassword":"$2a$12$iTkjevTNbrNYDPIRz.MUGuFN7TstoAQihCnmon3z9bQOiC.iBXRzq","name":"Адам","surname":"Первый","email":"first@people.world","phone":"555","createdAt":"2026-01-24T01:04:04.400925Z","roleId":4,"role":{"id":4,"name":"Старший кладовщик","code":"SeniorWarehouseman","description":"Склады и цеха","rank":3},"alarmEvents":[],"sentPartRequests":[],"receivedPartRequests":[],"sentShiftTransfers":[],"receivedShiftTransfers":[]}]
=======================================================

=======================================================
Timestamp: 2026-01-24T16:13:11.5297128Z
Method: GET
URL: /api/Roles
Status: 200
Duration: 401 ms
UserId: 
Client IP: ::1
User-Agent: 
Controller: Roles, Action: GetAll
Response Body: [{"id":1,"name":"Владелец","code":"Owner","description":"Полный доступ","rank":1},{"id":2,"name":"Администратор","code":"Admin","description":"Руководитель предприятия","rank":2},{"id":3,"name":"Старший экструзионщик","code":"SeniorExtruder","description":"Замещение администратора","rank":3},{"id":4,"name":"Старший кладовщик","code":"SeniorWarehouseman","description":"Склады и цеха","rank":3},{"id":5,"name":"Кладовщик готовой продукции","code":"FinishedGoodsWarehouseman","description":"Склад готовой продукции","rank":3},{"id":6,"name":"Экструзионщик","code":"Extruder","description":"Производство","rank":4},{"id":7,"name":"Кладовщик","code":"Warehouseman","description":"Склад","rank":4},{"id":8,"name":"Покрасочник","code":"Painter","description":"Цех покраски","rank":4},{"id":9,"name":"Старшая упаковщица","code":"SeniorPacker","description":"Упаковка","rank":4},{"id":10,"name":"ТПА","code":"TPA","description":"ТПА","rank":4},{"id":11,"name":"Утиль","code":"Utilization","description":"Цех утилизации","rank":4}]
=======================================================

=======================================================
Timestamp: 2026-01-24T16:13:34.1582771Z
Method: GET
URL: /api/products
Status: 200
Duration: 22 ms
UserId: 
Client IP: ::1
User-Agent: 
Controller: Products, Action: GetAll
Response Body: [{"id":1,"name":"Яблоко","description":"","code":"85412","measuringUnit":"шт","isActive":true}]
=======================================================

=======================================================
Timestamp: 2026-01-24T16:13:34.2233003Z
Method: GET
URL: /api/materials
Status: 200
Duration: 31 ms
UserId: 
Client IP: ::1
User-Agent: 
Controller: Materials, Action: GetAll
Response Body: []
=======================================================

=======================================================
Timestamp: 2026-01-24T16:13:34.5819894Z
Method: GET
URL: /api/materials
Status: 200
Duration: 339 ms
UserId: 
Client IP: ::1
User-Agent: 
Controller: Materials, Action: GetAll
Response Body: []
=======================================================

=======================================================
Timestamp: 2026-01-24T16:13:34.6010685Z
Method: GET
URL: /api/products
Status: 200
Duration: 329 ms
UserId: 
Client IP: ::1
User-Agent: 
Controller: Products, Action: GetAll
Response Body: [{"id":1,"name":"Яблоко","description":"","code":"85412","measuringUnit":"шт","isActive":true}]
=======================================================

=======================================================
Timestamp: 2026-01-24T16:13:34.7753269Z
Method: GET
URL: /api/Roles
Status: 200
Duration: 99 ms
UserId: 
Client IP: ::1
User-Agent: 
Controller: Roles, Action: GetAll
Response Body: [{"id":1,"name":"Владелец","code":"Owner","description":"Полный доступ","rank":1},{"id":2,"name":"Администратор","code":"Admin","description":"Руководитель предприятия","rank":2},{"id":3,"name":"Старший экструзионщик","code":"SeniorExtruder","description":"Замещение администратора","rank":3},{"id":4,"name":"Старший кладовщик","code":"SeniorWarehouseman","description":"Склады и цеха","rank":3},{"id":5,"name":"Кладовщик готовой продукции","code":"FinishedGoodsWarehouseman","description":"Склад готовой продукции","rank":3},{"id":6,"name":"Экструзионщик","code":"Extruder","description":"Производство","rank":4},{"id":7,"name":"Кладовщик","code":"Warehouseman","description":"Склад","rank":4},{"id":8,"name":"Покрасочник","code":"Painter","description":"Цех покраски","rank":4},{"id":9,"name":"Старшая упаковщица","code":"SeniorPacker","description":"Упаковка","rank":4},{"id":10,"name":"ТПА","code":"TPA","description":"ТПА","rank":4},{"id":11,"name":"Утиль","code":"Utilization","description":"Цех утилизации","rank":4}]
=======================================================

=======================================================
Timestamp: 2026-01-24T16:13:42.6404660Z
Method: GET
URL: /api/materials
Status: 200
Duration: 14 ms
UserId: 
Client IP: ::1
User-Agent: 
Controller: Materials, Action: GetAll
Response Body: []
=======================================================

=======================================================
Timestamp: 2026-01-24T16:13:42.6459737Z
Method: GET
URL: /api/users
Status: 200
Duration: 19 ms
UserId: 
Client IP: ::1
User-Agent: 
Controller: Users, Action: GetAll
Response Body: [{"id":1,"login":"admin","encryptedPassword":"admin","name":"Админ","surname":"Системный","email":"admin@example.com","phone":"+71234567890","createdAt":"2026-01-24T01:00:36.671391Z","roleId":1,"role":{"id":1,"name":"Владелец","code":"Owner","description":"Полный доступ","rank":1},"alarmEvents":[],"sentPartRequests":[],"receivedPartRequests":[],"sentShiftTransfers":[],"receivedShiftTransfers":[]},{"id":2,"login":"eva","encryptedPassword":"$2a$12$Y0uuNdgaJp09PIOQ9JIhPuJV4BppFS8G0Z9ifm.GeDCWuf/xdumAe","name":"Eva","surname":"EvaEva","email":"eva@dura.com","phone":"57","createdAt":"2026-01-24T01:03:29.60815Z","roleId":3,"role":{"id":3,"name":"Старший экструзионщик","code":"SeniorExtruder","description":"Замещение администратора","rank":3},"alarmEvents":[],"sentPartRequests":[],"receivedPartRequests":[],"sentShiftTransfers":[],"receivedShiftTransfers":[]},{"id":3,"login":"Adam","encryptedPassword":"$2a$12$iTkjevTNbrNYDPIRz.MUGuFN7TstoAQihCnmon3z9bQOiC.iBXRzq","name":"Адам","surname":"Первый","email":"first@people.world","phone":"555","createdAt":"2026-01-24T01:04:04.400925Z","roleId":4,"role":{"id":4,"name":"Старший кладовщик","code":"SeniorWarehouseman","description":"Склады и цеха","rank":3},"alarmEvents":[],"sentPartRequests":[],"receivedPartRequests":[],"sentShiftTransfers":[],"receivedShiftTransfers":[]}]
=======================================================

=======================================================
Timestamp: 2026-01-24T16:13:42.7309966Z
Method: GET
URL: /api/users
Status: 200
Duration: 58 ms
UserId: 
Client IP: ::1
User-Agent: 
Controller: Users, Action: GetAll
Response Body: [{"id":1,"login":"admin","encryptedPassword":"admin","name":"Админ","surname":"Системный","email":"admin@example.com","phone":"+71234567890","createdAt":"2026-01-24T01:00:36.671391Z","roleId":1,"role":{"id":1,"name":"Владелец","code":"Owner","description":"Полный доступ","rank":1},"alarmEvents":[],"sentPartRequests":[],"receivedPartRequests":[],"sentShiftTransfers":[],"receivedShiftTransfers":[]},{"id":2,"login":"eva","encryptedPassword":"$2a$12$Y0uuNdgaJp09PIOQ9JIhPuJV4BppFS8G0Z9ifm.GeDCWuf/xdumAe","name":"Eva","surname":"EvaEva","email":"eva@dura.com","phone":"57","createdAt":"2026-01-24T01:03:29.60815Z","roleId":3,"role":{"id":3,"name":"Старший экструзионщик","code":"SeniorExtruder","description":"Замещение администратора","rank":3},"alarmEvents":[],"sentPartRequests":[],"receivedPartRequests":[],"sentShiftTransfers":[],"receivedShiftTransfers":[]},{"id":3,"login":"Adam","encryptedPassword":"$2a$12$iTkjevTNbrNYDPIRz.MUGuFN7TstoAQihCnmon3z9bQOiC.iBXRzq","name":"Адам","surname":"Первый","email":"first@people.world","phone":"555","createdAt":"2026-01-24T01:04:04.400925Z","roleId":4,"role":{"id":4,"name":"Старший кладовщик","code":"SeniorWarehouseman","description":"Склады и цеха","rank":3},"alarmEvents":[],"sentPartRequests":[],"receivedPartRequests":[],"sentShiftTransfers":[],"receivedShiftTransfers":[]}]
=======================================================

=======================================================
Timestamp: 2026-01-24T16:13:42.7378109Z
Method: GET
URL: /api/users
Status: 200
Duration: 86 ms
UserId: 
Client IP: ::1
User-Agent: 
Controller: Users, Action: GetAll
Response Body: [{"id":1,"login":"admin","encryptedPassword":"admin","name":"Админ","surname":"Системный","email":"admin@example.com","phone":"+71234567890","createdAt":"2026-01-24T01:00:36.671391Z","roleId":1,"role":{"id":1,"name":"Владелец","code":"Owner","description":"Полный доступ","rank":1},"alarmEvents":[],"sentPartRequests":[],"receivedPartRequests":[],"sentShiftTransfers":[],"receivedShiftTransfers":[]},{"id":2,"login":"eva","encryptedPassword":"$2a$12$Y0uuNdgaJp09PIOQ9JIhPuJV4BppFS8G0Z9ifm.GeDCWuf/xdumAe","name":"Eva","surname":"EvaEva","email":"eva@dura.com","phone":"57","createdAt":"2026-01-24T01:03:29.60815Z","roleId":3,"role":{"id":3,"name":"Старший экструзионщик","code":"SeniorExtruder","description":"Замещение администратора","rank":3},"alarmEvents":[],"sentPartRequests":[],"receivedPartRequests":[],"sentShiftTransfers":[],"receivedShiftTransfers":[]},{"id":3,"login":"Adam","encryptedPassword":"$2a$12$iTkjevTNbrNYDPIRz.MUGuFN7TstoAQihCnmon3z9bQOiC.iBXRzq","name":"Адам","surname":"Первый","email":"first@people.world","phone":"555","createdAt":"2026-01-24T01:04:04.400925Z","roleId":4,"role":{"id":4,"name":"Старший кладовщик","code":"SeniorWarehouseman","description":"Склады и цеха","rank":3},"alarmEvents":[],"sentPartRequests":[],"receivedPartRequests":[],"sentShiftTransfers":[],"receivedShiftTransfers":[]}]
=======================================================

=======================================================
Timestamp: 2026-01-24T16:13:42.7581141Z
Method: GET
URL: /api/products
Status: 200
Duration: 43 ms
UserId: 
Client IP: ::1
User-Agent: 
Controller: Products, Action: GetAll
Response Body: [{"id":1,"name":"Яблоко","description":"","code":"85412","measuringUnit":"шт","isActive":true}]
=======================================================

=======================================================
Timestamp: 2026-01-24T16:13:42.9306311Z
Method: GET
URL: /api/products
Status: 200
Duration: 83 ms
UserId: 
Client IP: ::1
User-Agent: 
Controller: Products, Action: GetAll
Response Body: [{"id":1,"name":"Яблоко","description":"","code":"85412","measuringUnit":"шт","isActive":true}]
=======================================================

=======================================================
Timestamp: 2026-01-24T16:13:42.9876555Z
Method: GET
URL: /api/products
Status: 200
Duration: 80 ms
UserId: 
Client IP: ::1
User-Agent: 
Controller: Products, Action: GetAll
Response Body: [{"id":1,"name":"Яблоко","description":"","code":"85412","measuringUnit":"шт","isActive":true}]
=======================================================

=======================================================
Timestamp: 2026-01-24T16:13:44.2251714Z
Method: POST
URL: /api/users
Status: 201
Duration: 1592 ms
UserId: 
Client IP: ::1
User-Agent: 
Controller: Users, Action: CreateUser
Response Body: {"message":"User created successfully","user":{"id":4,"login":"dw","encryptedPassword":"$2a$12$m49trJpvl9OK0ar0fVBcjOUxqKC9PStBFFccGL4eCEFKZwjnH.I0K","name":"dw","surname":"dw","email":"dw","phone":"","createdAt":"2026-01-24T16:13:44.0385807Z","roleId":11,"role":null,"alarmEvents":[],"sentPartRequests":[],"receivedPartRequests":[],"sentShiftTransfers":[],"receivedShiftTransfers":[]}}
=======================================================

=======================================================
Timestamp: 2026-01-24T16:13:44.2679004Z
Method: GET
URL: /api/users
Status: 200
Duration: 21 ms
UserId: 
Client IP: ::1
User-Agent: 
Controller: Users, Action: GetAll
Response Body: [{"id":1,"login":"admin","encryptedPassword":"admin","name":"Админ","surname":"Системный","email":"admin@example.com","phone":"+71234567890","createdAt":"2026-01-24T01:00:36.671391Z","roleId":1,"role":{"id":1,"name":"Владелец","code":"Owner","description":"Полный доступ","rank":1},"alarmEvents":[],"sentPartRequests":[],"receivedPartRequests":[],"sentShiftTransfers":[],"receivedShiftTransfers":[]},{"id":2,"login":"eva","encryptedPassword":"$2a$12$Y0uuNdgaJp09PIOQ9JIhPuJV4BppFS8G0Z9ifm.GeDCWuf/xdumAe","name":"Eva","surname":"EvaEva","email":"eva@dura.com","phone":"57","createdAt":"2026-01-24T01:03:29.60815Z","roleId":3,"role":{"id":3,"name":"Старший экструзионщик","code":"SeniorExtruder","description":"Замещение администратора","rank":3},"alarmEvents":[],"sentPartRequests":[],"receivedPartRequests":[],"sentShiftTransfers":[],"receivedShiftTransfers":[]},{"id":3,"login":"Adam","encryptedPassword":"$2a$12$iTkjevTNbrNYDPIRz.MUGuFN7TstoAQihCnmon3z9bQOiC.iBXRzq","name":"Адам","surname":"Первый","email":"first@people.world","phone":"555","createdAt":"2026-01-24T01:04:04.400925Z","roleId":4,"role":{"id":4,"name":"Старший кладовщик","code":"SeniorWarehouseman","description":"Склады и цеха","rank":3},"alarmEvents":[],"sentPartRequests":[],"receivedPartRequests":[],"sentShiftTransfers":[],"receivedShiftTransfers":[]},{"id":4,"login":"dw","encryptedPassword":"$2a$12$m49trJpvl9OK0ar0fVBcjOUxqKC9PStBFFccGL4eCEFKZwjnH.I0K","name":"dw","surname":"dw","email":"dw","phone":"","createdAt":"2026-01-24T16:13:44.03858Z","roleId":11,"role":{"id":11,"name":"Утиль","code":"Utilization","description":"Цех утилизации","rank":4},"alarmEvents":[],"sentPartRequests":[],"receivedPartRequests":[],"sentShiftTransfers":[],"receivedShiftTransfers":[]}]
=======================================================

=======================================================
Timestamp: 2026-01-24T16:13:44.2917135Z
Method: GET
URL: /api/materials
Status: 200
Duration: 20 ms
UserId: 
Client IP: ::1
User-Agent: 
Controller: Materials, Action: GetAll
Response Body: []
=======================================================

=======================================================
Timestamp: 2026-01-24T16:13:44.3000414Z
Method: GET
URL: /api/products
Status: 200
Duration: 50 ms
UserId: 
Client IP: ::1
User-Agent: 
Controller: Products, Action: GetAll
Response Body: [{"id":1,"name":"Яблоко","description":"","code":"85412","measuringUnit":"шт","isActive":true}]
=======================================================

=======================================================
Timestamp: 2026-01-24T16:13:44.3070021Z
Method: GET
URL: /api/products
Status: 200
Duration: 59 ms
UserId: 
Client IP: ::1
User-Agent: 
Controller: Products, Action: GetAll
Response Body: [{"id":1,"name":"Яблоко","description":"","code":"85412","measuringUnit":"шт","isActive":true}]
=======================================================

=======================================================
Timestamp: 2026-01-24T16:13:44.3813962Z
Method: GET
URL: /api/products
Status: 200
Duration: 9 ms
UserId: 
Client IP: ::1
User-Agent: 
Controller: Products, Action: GetAll
Response Body: [{"id":1,"name":"Яблоко","description":"","code":"85412","measuringUnit":"шт","isActive":true}]
=======================================================

=======================================================
Timestamp: 2026-01-24T16:13:44.4081538Z
Method: GET
URL: /api/users
Status: 200
Duration: 51 ms
UserId: 
Client IP: ::1
User-Agent: 
Controller: Users, Action: GetAll
Response Body: [{"id":1,"login":"admin","encryptedPassword":"admin","name":"Админ","surname":"Системный","email":"admin@example.com","phone":"+71234567890","createdAt":"2026-01-24T01:00:36.671391Z","roleId":1,"role":{"id":1,"name":"Владелец","code":"Owner","description":"Полный доступ","rank":1},"alarmEvents":[],"sentPartRequests":[],"receivedPartRequests":[],"sentShiftTransfers":[],"receivedShiftTransfers":[]},{"id":2,"login":"eva","encryptedPassword":"$2a$12$Y0uuNdgaJp09PIOQ9JIhPuJV4BppFS8G0Z9ifm.GeDCWuf/xdumAe","name":"Eva","surname":"EvaEva","email":"eva@dura.com","phone":"57","createdAt":"2026-01-24T01:03:29.60815Z","roleId":3,"role":{"id":3,"name":"Старший экструзионщик","code":"SeniorExtruder","description":"Замещение администратора","rank":3},"alarmEvents":[],"sentPartRequests":[],"receivedPartRequests":[],"sentShiftTransfers":[],"receivedShiftTransfers":[]},{"id":3,"login":"Adam","encryptedPassword":"$2a$12$iTkjevTNbrNYDPIRz.MUGuFN7TstoAQihCnmon3z9bQOiC.iBXRzq","name":"Адам","surname":"Первый","email":"first@people.world","phone":"555","createdAt":"2026-01-24T01:04:04.400925Z","roleId":4,"role":{"id":4,"name":"Старший кладовщик","code":"SeniorWarehouseman","description":"Склады и цеха","rank":3},"alarmEvents":[],"sentPartRequests":[],"receivedPartRequests":[],"sentShiftTransfers":[],"receivedShiftTransfers":[]},{"id":4,"login":"dw","encryptedPassword":"$2a$12$m49trJpvl9OK0ar0fVBcjOUxqKC9PStBFFccGL4eCEFKZwjnH.I0K","name":"dw","surname":"dw","email":"dw","phone":"","createdAt":"2026-01-24T16:13:44.03858Z","roleId":11,"role":{"id":11,"name":"Утиль","code":"Utilization","description":"Цех утилизации","rank":4},"alarmEvents":[],"sentPartRequests":[],"receivedPartRequests":[],"sentShiftTransfers":[],"receivedShiftTransfers":[]}]
=======================================================

=======================================================
Timestamp: 2026-01-24T16:13:44.4140821Z
Method: GET
URL: /api/users
Status: 200
Duration: 6 ms
UserId: 
Client IP: ::1
User-Agent: 
Controller: Users, Action: GetAll
Response Body: [{"id":1,"login":"admin","encryptedPassword":"admin","name":"Админ","surname":"Системный","email":"admin@example.com","phone":"+71234567890","createdAt":"2026-01-24T01:00:36.671391Z","roleId":1,"role":{"id":1,"name":"Владелец","code":"Owner","description":"Полный доступ","rank":1},"alarmEvents":[],"sentPartRequests":[],"receivedPartRequests":[],"sentShiftTransfers":[],"receivedShiftTransfers":[]},{"id":2,"login":"eva","encryptedPassword":"$2a$12$Y0uuNdgaJp09PIOQ9JIhPuJV4BppFS8G0Z9ifm.GeDCWuf/xdumAe","name":"Eva","surname":"EvaEva","email":"eva@dura.com","phone":"57","createdAt":"2026-01-24T01:03:29.60815Z","roleId":3,"role":{"id":3,"name":"Старший экструзионщик","code":"SeniorExtruder","description":"Замещение администратора","rank":3},"alarmEvents":[],"sentPartRequests":[],"receivedPartRequests":[],"sentShiftTransfers":[],"receivedShiftTransfers":[]},{"id":3,"login":"Adam","encryptedPassword":"$2a$12$iTkjevTNbrNYDPIRz.MUGuFN7TstoAQihCnmon3z9bQOiC.iBXRzq","name":"Адам","surname":"Первый","email":"first@people.world","phone":"555","createdAt":"2026-01-24T01:04:04.400925Z","roleId":4,"role":{"id":4,"name":"Старший кладовщик","code":"SeniorWarehouseman","description":"Склады и цеха","rank":3},"alarmEvents":[],"sentPartRequests":[],"receivedPartRequests":[],"sentShiftTransfers":[],"receivedShiftTransfers":[]},{"id":4,"login":"dw","encryptedPassword":"$2a$12$m49trJpvl9OK0ar0fVBcjOUxqKC9PStBFFccGL4eCEFKZwjnH.I0K","name":"dw","surname":"dw","email":"dw","phone":"","createdAt":"2026-01-24T16:13:44.03858Z","roleId":11,"role":{"id":11,"name":"Утиль","code":"Utilization","description":"Цех утилизации","rank":4},"alarmEvents":[],"sentPartRequests":[],"receivedPartRequests":[],"sentShiftTransfers":[],"receivedShiftTransfers":[]}]
=======================================================

=======================================================
Timestamp: 2026-01-24T16:13:44.4171133Z
Method: GET
URL: /api/materials
Status: 200
Duration: 70 ms
UserId: 
Client IP: ::1
User-Agent: 
Controller: Materials, Action: GetAll
Response Body: []
=======================================================

=======================================================
Timestamp: 2026-01-24T16:13:47.7899139Z
Method: GET
URL: /api/users
Status: 200
Duration: 18 ms
UserId: 
Client IP: ::1
User-Agent: 
Controller: Users, Action: GetAll
Response Body: [{"id":1,"login":"admin","encryptedPassword":"admin","name":"Админ","surname":"Системный","email":"admin@example.com","phone":"+71234567890","createdAt":"2026-01-24T01:00:36.671391Z","roleId":1,"role":{"id":1,"name":"Владелец","code":"Owner","description":"Полный доступ","rank":1},"alarmEvents":[],"sentPartRequests":[],"receivedPartRequests":[],"sentShiftTransfers":[],"receivedShiftTransfers":[]},{"id":2,"login":"eva","encryptedPassword":"$2a$12$Y0uuNdgaJp09PIOQ9JIhPuJV4BppFS8G0Z9ifm.GeDCWuf/xdumAe","name":"Eva","surname":"EvaEva","email":"eva@dura.com","phone":"57","createdAt":"2026-01-24T01:03:29.60815Z","roleId":3,"role":{"id":3,"name":"Старший экструзионщик","code":"SeniorExtruder","description":"Замещение администратора","rank":3},"alarmEvents":[],"sentPartRequests":[],"receivedPartRequests":[],"sentShiftTransfers":[],"receivedShiftTransfers":[]},{"id":3,"login":"Adam","encryptedPassword":"$2a$12$iTkjevTNbrNYDPIRz.MUGuFN7TstoAQihCnmon3z9bQOiC.iBXRzq","name":"Адам","surname":"Первый","email":"first@people.world","phone":"555","createdAt":"2026-01-24T01:04:04.400925Z","roleId":4,"role":{"id":4,"name":"Старший кладовщик","code":"SeniorWarehouseman","description":"Склады и цеха","rank":3},"alarmEvents":[],"sentPartRequests":[],"receivedPartRequests":[],"sentShiftTransfers":[],"receivedShiftTransfers":[]},{"id":4,"login":"dw","encryptedPassword":"$2a$12$m49trJpvl9OK0ar0fVBcjOUxqKC9PStBFFccGL4eCEFKZwjnH.I0K","name":"dw","surname":"dw","email":"dw","phone":"","createdAt":"2026-01-24T16:13:44.03858Z","roleId":11,"role":{"id":11,"name":"Утиль","code":"Utilization","description":"Цех утилизации","rank":4},"alarmEvents":[],"sentPartRequests":[],"receivedPartRequests":[],"sentShiftTransfers":[],"receivedShiftTransfers":[]}]
=======================================================

=======================================================
Timestamp: 2026-01-24T16:13:47.8803955Z
Method: GET
URL: /api/products
Status: 200
Duration: 41 ms
UserId: 
Client IP: ::1
User-Agent: 
Controller: Products, Action: GetAll
Response Body: [{"id":1,"name":"Яблоко","description":"","code":"85412","measuringUnit":"шт","isActive":true}]
=======================================================

=======================================================
Timestamp: 2026-01-24T16:13:47.8821845Z
Method: GET
URL: /api/products
Status: 200
Duration: 28 ms
UserId: 
Client IP: ::1
User-Agent: 
Controller: Products, Action: GetAll
Response Body: [{"id":1,"name":"Яблоко","description":"","code":"85412","measuringUnit":"шт","isActive":true}]
=======================================================

=======================================================
Timestamp: 2026-01-24T16:13:48.0411823Z
Method: GET
URL: /api/materials
Status: 200
Duration: 125 ms
UserId: 
Client IP: ::1
User-Agent: 
Controller: Materials, Action: GetAll
Response Body: []
=======================================================

=======================================================
Timestamp: 2026-01-24T16:13:48.1102716Z
Method: GET
URL: /api/users
Status: 200
Duration: 144 ms
UserId: 
Client IP: ::1
User-Agent: 
Controller: Users, Action: GetAll
Response Body: [{"id":1,"login":"admin","encryptedPassword":"admin","name":"Админ","surname":"Системный","email":"admin@example.com","phone":"+71234567890","createdAt":"2026-01-24T01:00:36.671391Z","roleId":1,"role":{"id":1,"name":"Владелец","code":"Owner","description":"Полный доступ","rank":1},"alarmEvents":[],"sentPartRequests":[],"receivedPartRequests":[],"sentShiftTransfers":[],"receivedShiftTransfers":[]},{"id":2,"login":"eva","encryptedPassword":"$2a$12$Y0uuNdgaJp09PIOQ9JIhPuJV4BppFS8G0Z9ifm.GeDCWuf/xdumAe","name":"Eva","surname":"EvaEva","email":"eva@dura.com","phone":"57","createdAt":"2026-01-24T01:03:29.60815Z","roleId":3,"role":{"id":3,"name":"Старший экструзионщик","code":"SeniorExtruder","description":"Замещение администратора","rank":3},"alarmEvents":[],"sentPartRequests":[],"receivedPartRequests":[],"sentShiftTransfers":[],"receivedShiftTransfers":[]},{"id":3,"login":"Adam","encryptedPassword":"$2a$12$iTkjevTNbrNYDPIRz.MUGuFN7TstoAQihCnmon3z9bQOiC.iBXRzq","name":"Адам","surname":"Первый","email":"first@people.world","phone":"555","createdAt":"2026-01-24T01:04:04.400925Z","roleId":4,"role":{"id":4,"name":"Старший кладовщик","code":"SeniorWarehouseman","description":"Склады и цеха","rank":3},"alarmEvents":[],"sentPartRequests":[],"receivedPartRequests":[],"sentShiftTransfers":[],"receivedShiftTransfers":[]},{"id":4,"login":"dw","encryptedPassword":"$2a$12$m49trJpvl9OK0ar0fVBcjOUxqKC9PStBFFccGL4eCEFKZwjnH.I0K","name":"dw","surname":"dw","email":"dw","phone":"","createdAt":"2026-01-24T16:13:44.03858Z","roleId":11,"role":{"id":11,"name":"Утиль","code":"Utilization","description":"Цех утилизации","rank":4},"alarmEvents":[],"sentPartRequests":[],"receivedPartRequests":[],"sentShiftTransfers":[],"receivedShiftTransfers":[]}]
=======================================================

=======================================================
Timestamp: 2026-01-24T16:13:48.4375632Z
Method: DELETE
URL: /api/users/4
Status: 200
Duration: 683 ms
UserId: 
Client IP: ::1
User-Agent: 
Controller: Users, Action: DeleteUser
Response Body: {"message":"User deleted successfully"}
=======================================================

=======================================================
Timestamp: 2026-01-24T16:13:48.5595449Z
Method: GET
URL: /api/users
Status: 200
Duration: 12 ms
UserId: 
Client IP: ::1
User-Agent: 
Controller: Users, Action: GetAll
Response Body: [{"id":1,"login":"admin","encryptedPassword":"admin","name":"Админ","surname":"Системный","email":"admin@example.com","phone":"+71234567890","createdAt":"2026-01-24T01:00:36.671391Z","roleId":1,"role":{"id":1,"name":"Владелец","code":"Owner","description":"Полный доступ","rank":1},"alarmEvents":[],"sentPartRequests":[],"receivedPartRequests":[],"sentShiftTransfers":[],"receivedShiftTransfers":[]},{"id":2,"login":"eva","encryptedPassword":"$2a$12$Y0uuNdgaJp09PIOQ9JIhPuJV4BppFS8G0Z9ifm.GeDCWuf/xdumAe","name":"Eva","surname":"EvaEva","email":"eva@dura.com","phone":"57","createdAt":"2026-01-24T01:03:29.60815Z","roleId":3,"role":{"id":3,"name":"Старший экструзионщик","code":"SeniorExtruder","description":"Замещение администратора","rank":3},"alarmEvents":[],"sentPartRequests":[],"receivedPartRequests":[],"sentShiftTransfers":[],"receivedShiftTransfers":[]},{"id":3,"login":"Adam","encryptedPassword":"$2a$12$iTkjevTNbrNYDPIRz.MUGuFN7TstoAQihCnmon3z9bQOiC.iBXRzq","name":"Адам","surname":"Первый","email":"first@people.world","phone":"555","createdAt":"2026-01-24T01:04:04.400925Z","roleId":4,"role":{"id":4,"name":"Старший кладовщик","code":"SeniorWarehouseman","description":"Склады и цеха","rank":3},"alarmEvents":[],"sentPartRequests":[],"receivedPartRequests":[],"sentShiftTransfers":[],"receivedShiftTransfers":[]}]
=======================================================

=======================================================
Timestamp: 2026-01-24T16:13:57.7221858Z
Method: GET
URL: /api/users
Status: 200
Duration: 22 ms
UserId: 
Client IP: ::1
User-Agent: 
Controller: Users, Action: GetAll
Response Body: [{"id":1,"login":"admin","encryptedPassword":"admin","name":"Админ","surname":"Системный","email":"admin@example.com","phone":"+71234567890","createdAt":"2026-01-24T01:00:36.671391Z","roleId":1,"role":{"id":1,"name":"Владелец","code":"Owner","description":"Полный доступ","rank":1},"alarmEvents":[],"sentPartRequests":[],"receivedPartRequests":[],"sentShiftTransfers":[],"receivedShiftTransfers":[]},{"id":2,"login":"eva","encryptedPassword":"$2a$12$Y0uuNdgaJp09PIOQ9JIhPuJV4BppFS8G0Z9ifm.GeDCWuf/xdumAe","name":"Eva","surname":"EvaEva","email":"eva@dura.com","phone":"57","createdAt":"2026-01-24T01:03:29.60815Z","roleId":3,"role":{"id":3,"name":"Старший экструзионщик","code":"SeniorExtruder","description":"Замещение администратора","rank":3},"alarmEvents":[],"sentPartRequests":[],"receivedPartRequests":[],"sentShiftTransfers":[],"receivedShiftTransfers":[]},{"id":3,"login":"Adam","encryptedPassword":"$2a$12$iTkjevTNbrNYDPIRz.MUGuFN7TstoAQihCnmon3z9bQOiC.iBXRzq","name":"Адам","surname":"Первый","email":"first@people.world","phone":"555","createdAt":"2026-01-24T01:04:04.400925Z","roleId":4,"role":{"id":4,"name":"Старший кладовщик","code":"SeniorWarehouseman","description":"Склады и цеха","rank":3},"alarmEvents":[],"sentPartRequests":[],"receivedPartRequests":[],"sentShiftTransfers":[],"receivedShiftTransfers":[]}]
=======================================================

=======================================================
Timestamp: 2026-01-24T16:13:57.8390569Z
Method: GET
URL: /api/products
Status: 200
Duration: 36 ms
UserId: 
Client IP: ::1
User-Agent: 
Controller: Products, Action: GetAll
Response Body: [{"id":1,"name":"Яблоко","description":"","code":"85412","measuringUnit":"шт","isActive":true}]
=======================================================

=======================================================
Timestamp: 2026-01-24T16:13:57.8547511Z
Method: GET
URL: /api/products
Status: 200
Duration: 57 ms
UserId: 
Client IP: ::1
User-Agent: 
Controller: Products, Action: GetAll
Response Body: [{"id":1,"name":"Яблоко","description":"","code":"85412","measuringUnit":"шт","isActive":true}]
=======================================================

=======================================================
Timestamp: 2026-01-24T16:13:57.8721832Z
Method: GET
URL: /api/products
Status: 200
Duration: 25 ms
UserId: 
Client IP: ::1
User-Agent: 
Controller: Products, Action: GetAll
Response Body: [{"id":1,"name":"Яблоко","description":"","code":"85412","measuringUnit":"шт","isActive":true}]
=======================================================

=======================================================
Timestamp: 2026-01-24T16:13:57.8790808Z
Method: GET
URL: /api/users
Status: 200
Duration: 115 ms
UserId: 
Client IP: ::1
User-Agent: 
Controller: Users, Action: GetAll
Response Body: [{"id":1,"login":"admin","encryptedPassword":"admin","name":"Админ","surname":"Системный","email":"admin@example.com","phone":"+71234567890","createdAt":"2026-01-24T01:00:36.671391Z","roleId":1,"role":{"id":1,"name":"Владелец","code":"Owner","description":"Полный доступ","rank":1},"alarmEvents":[],"sentPartRequests":[],"receivedPartRequests":[],"sentShiftTransfers":[],"receivedShiftTransfers":[]},{"id":2,"login":"eva","encryptedPassword":"$2a$12$Y0uuNdgaJp09PIOQ9JIhPuJV4BppFS8G0Z9ifm.GeDCWuf/xdumAe","name":"Eva","surname":"EvaEva","email":"eva@dura.com","phone":"57","createdAt":"2026-01-24T01:03:29.60815Z","roleId":3,"role":{"id":3,"name":"Старший экструзионщик","code":"SeniorExtruder","description":"Замещение администратора","rank":3},"alarmEvents":[],"sentPartRequests":[],"receivedPartRequests":[],"sentShiftTransfers":[],"receivedShiftTransfers":[]},{"id":3,"login":"Adam","encryptedPassword":"$2a$12$iTkjevTNbrNYDPIRz.MUGuFN7TstoAQihCnmon3z9bQOiC.iBXRzq","name":"Адам","surname":"Первый","email":"first@people.world","phone":"555","createdAt":"2026-01-24T01:04:04.400925Z","roleId":4,"role":{"id":4,"name":"Старший кладовщик","code":"SeniorWarehouseman","description":"Склады и цеха","rank":3},"alarmEvents":[],"sentPartRequests":[],"receivedPartRequests":[],"sentShiftTransfers":[],"receivedShiftTransfers":[]}]
=======================================================

=======================================================
Timestamp: 2026-01-24T16:13:57.8811955Z
Method: GET
URL: /api/materials
Status: 200
Duration: 56 ms
UserId: 
Client IP: ::1
User-Agent: 
Controller: Materials, Action: GetAll
Response Body: []
=======================================================

=======================================================
Timestamp: 2026-01-24T16:13:57.8866173Z
Method: GET
URL: /api/users
Status: 200
Duration: 161 ms
UserId: 
Client IP: ::1
User-Agent: 
Controller: Users, Action: GetAll
Response Body: [{"id":1,"login":"admin","encryptedPassword":"admin","name":"Админ","surname":"Системный","email":"admin@example.com","phone":"+71234567890","createdAt":"2026-01-24T01:00:36.671391Z","roleId":1,"role":{"id":1,"name":"Владелец","code":"Owner","description":"Полный доступ","rank":1},"alarmEvents":[],"sentPartRequests":[],"receivedPartRequests":[],"sentShiftTransfers":[],"receivedShiftTransfers":[]},{"id":2,"login":"eva","encryptedPassword":"$2a$12$Y0uuNdgaJp09PIOQ9JIhPuJV4BppFS8G0Z9ifm.GeDCWuf/xdumAe","name":"Eva","surname":"EvaEva","email":"eva@dura.com","phone":"57","createdAt":"2026-01-24T01:03:29.60815Z","roleId":3,"role":{"id":3,"name":"Старший экструзионщик","code":"SeniorExtruder","description":"Замещение администратора","rank":3},"alarmEvents":[],"sentPartRequests":[],"receivedPartRequests":[],"sentShiftTransfers":[],"receivedShiftTransfers":[]},{"id":3,"login":"Adam","encryptedPassword":"$2a$12$iTkjevTNbrNYDPIRz.MUGuFN7TstoAQihCnmon3z9bQOiC.iBXRzq","name":"Адам","surname":"Первый","email":"first@people.world","phone":"555","createdAt":"2026-01-24T01:04:04.400925Z","roleId":4,"role":{"id":4,"name":"Старший кладовщик","code":"SeniorWarehouseman","description":"Склады и цеха","rank":3},"alarmEvents":[],"sentPartRequests":[],"receivedPartRequests":[],"sentShiftTransfers":[],"receivedShiftTransfers":[]}]
=======================================================

=======================================================
Timestamp: 2026-01-24T16:13:57.9318720Z
Method: GET
URL: /api/warehouses
Status: 200
Duration: 162 ms
UserId: 
Client IP: ::1
User-Agent: 
Controller: Warehouses, Action: GetAll
Response Body: [{"id":1,"name":"скр1","type":"Склад","isActive":true,"fromMovements":[],"toMovements":[],"fromRequests":[],"toRequests":[]}]
=======================================================

=======================================================
Timestamp: 2026-01-24T16:13:58.0139403Z
Method: GET
URL: /api/materials
Status: 200
Duration: 276 ms
UserId: 
Client IP: ::1
User-Agent: 
Controller: Materials, Action: GetAll
Response Body: []
=======================================================

=======================================================
Timestamp: 2026-01-24T16:13:58.0189654Z
Method: GET
URL: /api/warehouses
Status: 200
Duration: 342 ms
UserId: 
Client IP: ::1
User-Agent: 
Controller: Warehouses, Action: GetAll
Response Body: [{"id":1,"name":"скр1","type":"Склад","isActive":true,"fromMovements":[],"toMovements":[],"fromRequests":[],"toRequests":[]}]
=======================================================

=======================================================
Timestamp: 2026-01-24T16:14:02.0316088Z
Method: GET
URL: /api/warehouses
Status: 200
Duration: 22 ms
UserId: 
Client IP: ::1
User-Agent: 
Controller: Warehouses, Action: GetAll
Response Body: [{"id":1,"name":"скр1","type":"Склад","isActive":true,"fromMovements":[],"toMovements":[],"fromRequests":[],"toRequests":[]}]
=======================================================

=======================================================
Timestamp: 2026-01-24T16:14:02.0465038Z
Method: GET
URL: /api/materials
Status: 200
Duration: 27 ms
UserId: 
Client IP: ::1
User-Agent: 
Controller: Materials, Action: GetAll
Response Body: []
=======================================================

=======================================================
Timestamp: 2026-01-24T16:14:02.0979401Z
Method: GET
URL: /api/users
Status: 200
Duration: 108 ms
UserId: 
Client IP: ::1
User-Agent: 
Controller: Users, Action: GetAll
Response Body: [{"id":1,"login":"admin","encryptedPassword":"admin","name":"Админ","surname":"Системный","email":"admin@example.com","phone":"+71234567890","createdAt":"2026-01-24T01:00:36.671391Z","roleId":1,"role":{"id":1,"name":"Владелец","code":"Owner","description":"Полный доступ","rank":1},"alarmEvents":[],"sentPartRequests":[],"receivedPartRequests":[],"sentShiftTransfers":[],"receivedShiftTransfers":[]},{"id":2,"login":"eva","encryptedPassword":"$2a$12$Y0uuNdgaJp09PIOQ9JIhPuJV4BppFS8G0Z9ifm.GeDCWuf/xdumAe","name":"Eva","surname":"EvaEva","email":"eva@dura.com","phone":"57","createdAt":"2026-01-24T01:03:29.60815Z","roleId":3,"role":{"id":3,"name":"Старший экструзионщик","code":"SeniorExtruder","description":"Замещение администратора","rank":3},"alarmEvents":[],"sentPartRequests":[],"receivedPartRequests":[],"sentShiftTransfers":[],"receivedShiftTransfers":[]},{"id":3,"login":"Adam","encryptedPassword":"$2a$12$iTkjevTNbrNYDPIRz.MUGuFN7TstoAQihCnmon3z9bQOiC.iBXRzq","name":"Адам","surname":"Первый","email":"first@people.world","phone":"555","createdAt":"2026-01-24T01:04:04.400925Z","roleId":4,"role":{"id":4,"name":"Старший кладовщик","code":"SeniorWarehouseman","description":"Склады и цеха","rank":3},"alarmEvents":[],"sentPartRequests":[],"receivedPartRequests":[],"sentShiftTransfers":[],"receivedShiftTransfers":[]}]
=======================================================

=======================================================
Timestamp: 2026-01-24T16:14:13.2781748Z
Method: GET
URL: /api/warehouses
Status: 200
Duration: 16 ms
UserId: 
Client IP: ::1
User-Agent: 
Controller: Warehouses, Action: GetAll
Response Body: [{"id":1,"name":"скр1","type":"Склад","isActive":true,"fromMovements":[],"toMovements":[],"fromRequests":[],"toRequests":[]}]
=======================================================

=======================================================
Timestamp: 2026-01-24T16:14:13.2839583Z
Method: GET
URL: /api/materials
Status: 200
Duration: 14 ms
UserId: 
Client IP: ::1
User-Agent: 
Controller: Materials, Action: GetAll
Response Body: []
=======================================================

=======================================================
Timestamp: 2026-01-24T16:14:13.4853327Z
Method: GET
URL: /api/materials
Status: 200
Duration: 89 ms
UserId: 
Client IP: ::1
User-Agent: 
Controller: Materials, Action: GetAll
Response Body: []
=======================================================

=======================================================
Timestamp: 2026-01-24T16:14:13.5533892Z
Method: GET
URL: /api/materials
Status: 200
Duration: 61 ms
UserId: 
Client IP: ::1
User-Agent: 
Controller: Materials, Action: GetAll
Response Body: []
=======================================================

=======================================================
Timestamp: 2026-01-24T16:14:13.5855085Z
Method: GET
URL: /api/users
Status: 200
Duration: 85 ms
UserId: 
Client IP: ::1
User-Agent: 
Controller: Users, Action: GetAll
Response Body: [{"id":1,"login":"admin","encryptedPassword":"admin","name":"Админ","surname":"Системный","email":"admin@example.com","phone":"+71234567890","createdAt":"2026-01-24T01:00:36.671391Z","roleId":1,"role":{"id":1,"name":"Владелец","code":"Owner","description":"Полный доступ","rank":1},"alarmEvents":[],"sentPartRequests":[],"receivedPartRequests":[],"sentShiftTransfers":[],"receivedShiftTransfers":[]},{"id":2,"login":"eva","encryptedPassword":"$2a$12$Y0uuNdgaJp09PIOQ9JIhPuJV4BppFS8G0Z9ifm.GeDCWuf/xdumAe","name":"Eva","surname":"EvaEva","email":"eva@dura.com","phone":"57","createdAt":"2026-01-24T01:03:29.60815Z","roleId":3,"role":{"id":3,"name":"Старший экструзионщик","code":"SeniorExtruder","description":"Замещение администратора","rank":3},"alarmEvents":[],"sentPartRequests":[],"receivedPartRequests":[],"sentShiftTransfers":[],"receivedShiftTransfers":[]},{"id":3,"login":"Adam","encryptedPassword":"$2a$12$iTkjevTNbrNYDPIRz.MUGuFN7TstoAQihCnmon3z9bQOiC.iBXRzq","name":"Адам","surname":"Первый","email":"first@people.world","phone":"555","createdAt":"2026-01-24T01:04:04.400925Z","roleId":4,"role":{"id":4,"name":"Старший кладовщик","code":"SeniorWarehouseman","description":"Склады и цеха","rank":3},"alarmEvents":[],"sentPartRequests":[],"receivedPartRequests":[],"sentShiftTransfers":[],"receivedShiftTransfers":[]}]
=======================================================

=======================================================
Timestamp: 2026-01-24T16:14:13.6101692Z
Method: GET
URL: /api/products
Status: 200
Duration: 60 ms
UserId: 
Client IP: ::1
User-Agent: 
Controller: Products, Action: GetAll
Response Body: [{"id":1,"name":"Яблоко","description":"","code":"85412","measuringUnit":"шт","isActive":true}]
=======================================================

=======================================================
Timestamp: 2026-01-24T16:14:13.6126754Z
Method: GET
URL: /api/users
Status: 200
Duration: 43 ms
UserId: 
Client IP: ::1
User-Agent: 
Controller: Users, Action: GetAll
Response Body: [{"id":1,"login":"admin","encryptedPassword":"admin","name":"Админ","surname":"Системный","email":"admin@example.com","phone":"+71234567890","createdAt":"2026-01-24T01:00:36.671391Z","roleId":1,"role":{"id":1,"name":"Владелец","code":"Owner","description":"Полный доступ","rank":1},"alarmEvents":[],"sentPartRequests":[],"receivedPartRequests":[],"sentShiftTransfers":[],"receivedShiftTransfers":[]},{"id":2,"login":"eva","encryptedPassword":"$2a$12$Y0uuNdgaJp09PIOQ9JIhPuJV4BppFS8G0Z9ifm.GeDCWuf/xdumAe","name":"Eva","surname":"EvaEva","email":"eva@dura.com","phone":"57","createdAt":"2026-01-24T01:03:29.60815Z","roleId":3,"role":{"id":3,"name":"Старший экструзионщик","code":"SeniorExtruder","description":"Замещение администратора","rank":3},"alarmEvents":[],"sentPartRequests":[],"receivedPartRequests":[],"sentShiftTransfers":[],"receivedShiftTransfers":[]},{"id":3,"login":"Adam","encryptedPassword":"$2a$12$iTkjevTNbrNYDPIRz.MUGuFN7TstoAQihCnmon3z9bQOiC.iBXRzq","name":"Адам","surname":"Первый","email":"first@people.world","phone":"555","createdAt":"2026-01-24T01:04:04.400925Z","roleId":4,"role":{"id":4,"name":"Старший кладовщик","code":"SeniorWarehouseman","description":"Склады и цеха","rank":3},"alarmEvents":[],"sentPartRequests":[],"receivedPartRequests":[],"sentShiftTransfers":[],"receivedShiftTransfers":[]}]
=======================================================

=======================================================
Timestamp: 2026-01-24T16:14:13.6315556Z
Method: GET
URL: /api/products
Status: 200
Duration: 101 ms
UserId: 
Client IP: ::1
User-Agent: 
Controller: Products, Action: GetAll
Response Body: [{"id":1,"name":"Яблоко","description":"","code":"85412","measuringUnit":"шт","isActive":true}]
=======================================================

=======================================================
Timestamp: 2026-01-24T16:14:13.6349614Z
Method: GET
URL: /api/materials
Status: 200
Duration: 94 ms
UserId: 
Client IP: ::1
User-Agent: 
Controller: Materials, Action: GetAll
Response Body: []
=======================================================

=======================================================
Timestamp: 2026-01-24T16:14:21.8047409Z
Method: GET
URL: /hubs/notifications?id=n0f9a2IECmSJByRj0ycrEg
Status: 101
Duration: 237954 ms
UserId: 
Client IP: ::1
User-Agent: Microsoft SignalR/8.0 (8.0.0+3f1acb59718cadf111a0a796681e3d3509bb3381; Windows NT; .NET; .NET 8.0.22)
=======================================================

=======================================================
Timestamp: 2026-01-24T17:06:15.3269570Z
Method: POST
URL: /api/Users/authenticate
Status: 200
Duration: 658 ms
UserId: 
Client IP: ::ffff:192.168.1.141
User-Agent: Dalvik/2.1.0 (Linux; U; Android 12; CTR-L91 Build/HUAWEICTR-L91)
Controller: Users, Action: Authenticate
Response Body: {"message":"Login successful","user":{"id":1,"login":"admin","name":"Админ","surname":"Системный","email":"admin@example.com","phone":"+71234567890","createdAt":"2026-01-24T01:00:36.671391Z","roleId":1,"role":{"id":1,"name":"Владелец","code":"Owner","description":"Полный доступ","rank":1}}}
=======================================================

=======================================================
Timestamp: 2026-01-24T17:06:17.2824338Z
Method: GET
URL: /api/products
Status: 200
Duration: 21 ms
UserId: 
Client IP: ::ffff:192.168.1.141
User-Agent: Dalvik/2.1.0 (Linux; U; Android 12; CTR-L91 Build/HUAWEICTR-L91)
Controller: Products, Action: GetAll
Response Body: [{"id":1,"name":"Яблоко","description":"","code":"85412","measuringUnit":"шт","isActive":true}]
=======================================================

=======================================================
Timestamp: 2026-01-24T17:06:17.3989474Z
Method: GET
URL: /api/products
Status: 200
Duration: 33 ms
UserId: 
Client IP: ::ffff:192.168.1.141
User-Agent: Dalvik/2.1.0 (Linux; U; Android 12; CTR-L91 Build/HUAWEICTR-L91)
Controller: Products, Action: GetAll
Response Body: [{"id":1,"name":"Яблоко","description":"","code":"85412","measuringUnit":"шт","isActive":true}]
=======================================================

=======================================================
Timestamp: 2026-01-24T17:06:29.2114925Z
Method: GET
URL: /api/products
Status: 200
Duration: 5 ms
UserId: 
Client IP: ::ffff:192.168.1.141
User-Agent: Dalvik/2.1.0 (Linux; U; Android 12; CTR-L91 Build/HUAWEICTR-L91)
Controller: Products, Action: GetAll
Response Body: [{"id":1,"name":"Яблоко","description":"","code":"85412","measuringUnit":"шт","isActive":true}]
=======================================================

=======================================================
Timestamp: 2026-01-24T17:06:29.3305474Z
Method: GET
URL: /api/products
Status: 200
Duration: 10 ms
UserId: 
Client IP: ::ffff:192.168.1.141
User-Agent: Dalvik/2.1.0 (Linux; U; Android 12; CTR-L91 Build/HUAWEICTR-L91)
Controller: Products, Action: GetAll
Response Body: [{"id":1,"name":"Яблоко","description":"","code":"85412","measuringUnit":"шт","isActive":true}]
=======================================================

=======================================================
Timestamp: 2026-01-24T17:06:29.3533487Z
Method: GET
URL: /api/products/search?code=8700216593106
Status: 200
Duration: 64 ms
UserId: 
Client IP: ::ffff:192.168.1.141
User-Agent: Dalvik/2.1.0 (Linux; U; Android 12; CTR-L91 Build/HUAWEICTR-L91)
Controller: Products, Action: Search
Response Body: []
=======================================================

=======================================================
Timestamp: 2026-01-24T17:06:29.6348089Z
Method: GET
URL: /api/products/search?code=8700216593106
Status: 200
Duration: 393 ms
UserId: 
Client IP: ::ffff:192.168.1.141
User-Agent: Dalvik/2.1.0 (Linux; U; Android 12; CTR-L91 Build/HUAWEICTR-L91)
Controller: Products, Action: Search
Response Body: []
=======================================================

=======================================================
Timestamp: 2026-01-24T17:06:33.3076763Z
Method: GET
URL: /api/products
Status: 200
Duration: 12 ms
UserId: 
Client IP: ::ffff:192.168.1.141
User-Agent: Dalvik/2.1.0 (Linux; U; Android 12; CTR-L91 Build/HUAWEICTR-L91)
Controller: Products, Action: GetAll
Response Body: [{"id":1,"name":"Яблоко","description":"","code":"85412","measuringUnit":"шт","isActive":true}]
=======================================================

=======================================================
Timestamp: 2026-01-24T17:06:33.3160393Z
Method: GET
URL: /api/products
Status: 200
Duration: 10 ms
UserId: 
Client IP: ::ffff:192.168.1.141
User-Agent: Dalvik/2.1.0 (Linux; U; Android 12; CTR-L91 Build/HUAWEICTR-L91)
Controller: Products, Action: GetAll
Response Body: [{"id":1,"name":"Яблоко","description":"","code":"85412","measuringUnit":"шт","isActive":true}]
=======================================================

=======================================================
Timestamp: 2026-01-24T17:06:36.6982319Z
Method: GET
URL: /api/products
Status: 200
Duration: 4 ms
UserId: 
Client IP: ::ffff:192.168.1.141
User-Agent: Dalvik/2.1.0 (Linux; U; Android 12; CTR-L91 Build/HUAWEICTR-L91)
Controller: Products, Action: GetAll
Response Body: [{"id":1,"name":"Яблоко","description":"","code":"85412","measuringUnit":"шт","isActive":true}]
=======================================================

=======================================================
Timestamp: 2026-01-24T17:06:42.6954004Z
Method: GET
URL: /api/products
Status: 200
Duration: 13 ms
UserId: 
Client IP: ::ffff:192.168.1.141
User-Agent: Dalvik/2.1.0 (Linux; U; Android 12; CTR-L91 Build/HUAWEICTR-L91)
Controller: Products, Action: GetAll
Response Body: [{"id":1,"name":"Яблоко","description":"","code":"85412","measuringUnit":"шт","isActive":true}]
=======================================================

=======================================================
Timestamp: 2026-01-24T17:06:42.9287422Z
Method: GET
URL: /api/products/search?code=8700216593106
Status: 200
Duration: 21 ms
UserId: 
Client IP: ::ffff:192.168.1.141
User-Agent: Dalvik/2.1.0 (Linux; U; Android 12; CTR-L91 Build/HUAWEICTR-L91)
Controller: Products, Action: Search
Response Body: []
=======================================================

=======================================================
Timestamp: 2026-01-24T17:06:42.9595175Z
Method: GET
URL: /api/products/search?code=8700216593106
Status: 200
Duration: 246 ms
UserId: 
Client IP: ::ffff:192.168.1.141
User-Agent: Dalvik/2.1.0 (Linux; U; Android 12; CTR-L91 Build/HUAWEICTR-L91)
Controller: Products, Action: Search
Response Body: []
=======================================================

=======================================================
Timestamp: 2026-01-24T17:06:42.9989682Z
Method: GET
URL: /api/products
Status: 200
Duration: 12 ms
UserId: 
Client IP: ::ffff:192.168.1.141
User-Agent: Dalvik/2.1.0 (Linux; U; Android 12; CTR-L91 Build/HUAWEICTR-L91)
Controller: Products, Action: GetAll
Response Body: [{"id":1,"name":"Яблоко","description":"","code":"85412","measuringUnit":"шт","isActive":true}]
=======================================================

=======================================================
Timestamp: 2026-01-24T17:06:44.5433277Z
Method: GET
URL: /api/products
Status: 200
Duration: 20 ms
UserId: 
Client IP: ::ffff:192.168.1.141
User-Agent: Dalvik/2.1.0 (Linux; U; Android 12; CTR-L91 Build/HUAWEICTR-L91)
Controller: Products, Action: GetAll
Response Body: [{"id":1,"name":"Яблоко","description":"","code":"85412","measuringUnit":"шт","isActive":true}]
=======================================================

=======================================================
Timestamp: 2026-01-24T17:06:44.6437166Z
Method: GET
URL: /api/products
Status: 200
Duration: 11 ms
UserId: 
Client IP: ::ffff:192.168.1.141
User-Agent: Dalvik/2.1.0 (Linux; U; Android 12; CTR-L91 Build/HUAWEICTR-L91)
Controller: Products, Action: GetAll
Response Body: [{"id":1,"name":"Яблоко","description":"","code":"85412","measuringUnit":"шт","isActive":true}]
=======================================================

=======================================================
Timestamp: 2026-01-24T17:06:47.4757952Z
Method: GET
URL: /api/products
Status: 200
Duration: 52 ms
UserId: 
Client IP: ::ffff:192.168.1.141
User-Agent: Dalvik/2.1.0 (Linux; U; Android 12; CTR-L91 Build/HUAWEICTR-L91)
Controller: Products, Action: GetAll
Response Body: [{"id":1,"name":"Яблоко","description":"","code":"85412","measuringUnit":"шт","isActive":true}]
=======================================================

=======================================================
Timestamp: 2026-01-24T17:07:07.2808416Z
Method: GET
URL: /api/products
Status: 200
Duration: 5 ms
UserId: 
Client IP: ::ffff:192.168.1.141
User-Agent: Dalvik/2.1.0 (Linux; U; Android 12; CTR-L91 Build/HUAWEICTR-L91)
Controller: Products, Action: GetAll
Response Body: [{"id":1,"name":"Яблоко","description":"","code":"85412","measuringUnit":"шт","isActive":true}]
=======================================================

=======================================================
Timestamp: 2026-01-24T17:07:07.5509583Z
Method: POST
URL: /api/products
Status: 201
Duration: 240 ms
UserId: 
Client IP: ::ffff:192.168.1.141
User-Agent: Dalvik/2.1.0 (Linux; U; Android 12; CTR-L91 Build/HUAWEICTR-L91)
Controller: Products, Action: CreateProduct
Response Body: {"message":"Product created successfully","product":{"id":3,"name":"яблочко2","description":"52","code":"8700216593106","measuringUnit":"шт","isActive":true}}
=======================================================

=======================================================
Timestamp: 2026-01-24T17:07:07.5771685Z
Method: GET
URL: /api/products
Status: 200
Duration: 6 ms
UserId: 
Client IP: ::ffff:192.168.1.141
User-Agent: Dalvik/2.1.0 (Linux; U; Android 12; CTR-L91 Build/HUAWEICTR-L91)
Controller: Products, Action: GetAll
Response Body: [{"id":1,"name":"Яблоко","description":"","code":"85412","measuringUnit":"шт","isActive":true},{"id":3,"name":"яблочко2","description":"52","code":"8700216593106","measuringUnit":"шт","isActive":true}]
=======================================================

=======================================================
Timestamp: 2026-01-24T17:07:07.5826561Z
Method: GET
URL: /api/products
Status: 200
Duration: 12 ms
UserId: 
Client IP: ::ffff:192.168.1.141
User-Agent: Dalvik/2.1.0 (Linux; U; Android 12; CTR-L91 Build/HUAWEICTR-L91)
Controller: Products, Action: GetAll
Response Body: [{"id":1,"name":"Яблоко","description":"","code":"85412","measuringUnit":"шт","isActive":true},{"id":3,"name":"яблочко2","description":"52","code":"8700216593106","measuringUnit":"шт","isActive":true}]
=======================================================

=======================================================
Timestamp: 2026-01-24T17:07:19.7160574Z
Method: GET
URL: /api/products
Status: 200
Duration: 3 ms
UserId: 
Client IP: ::ffff:192.168.1.141
User-Agent: Dalvik/2.1.0 (Linux; U; Android 12; CTR-L91 Build/HUAWEICTR-L91)
Controller: Products, Action: GetAll
Response Body: [{"id":1,"name":"Яблоко","description":"","code":"85412","measuringUnit":"шт","isActive":true},{"id":3,"name":"яблочко2","description":"52","code":"8700216593106","measuringUnit":"шт","isActive":true}]
=======================================================

=======================================================
Timestamp: 2026-01-24T17:07:20.8976727Z
Method: GET
URL: /api/products
Status: 200
Duration: 94 ms
UserId: 
Client IP: ::ffff:192.168.1.141
User-Agent: Dalvik/2.1.0 (Linux; U; Android 12; CTR-L91 Build/HUAWEICTR-L91)
Controller: Products, Action: GetAll
Response Body: [{"id":1,"name":"Яблоко","description":"","code":"85412","measuringUnit":"шт","isActive":true},{"id":3,"name":"яблочко2","description":"52","code":"8700216593106","measuringUnit":"шт","isActive":true}]
=======================================================

=======================================================
Timestamp: 2026-01-24T17:07:20.8988348Z
Method: GET
URL: /api/products
Status: 200
Duration: 7 ms
UserId: 
Client IP: ::ffff:192.168.1.141
User-Agent: Dalvik/2.1.0 (Linux; U; Android 12; CTR-L91 Build/HUAWEICTR-L91)
Controller: Products, Action: GetAll
Response Body: [{"id":1,"name":"Яблоко","description":"","code":"85412","measuringUnit":"шт","isActive":true},{"id":3,"name":"яблочко2","description":"52","code":"8700216593106","measuringUnit":"шт","isActive":true}]
=======================================================

=======================================================
Timestamp: 2026-01-24T17:07:24.6320544Z
Method: GET
URL: /api/products
Status: 200
Duration: 7 ms
UserId: 
Client IP: ::ffff:192.168.1.141
User-Agent: Dalvik/2.1.0 (Linux; U; Android 12; CTR-L91 Build/HUAWEICTR-L91)
Controller: Products, Action: GetAll
Response Body: [{"id":1,"name":"Яблоко","description":"","code":"85412","measuringUnit":"шт","isActive":true},{"id":3,"name":"яблочко2","description":"52","code":"8700216593106","measuringUnit":"шт","isActive":true}]
=======================================================

=======================================================
Timestamp: 2026-01-24T17:07:24.9071732Z
Method: GET
URL: /api/products
Status: 200
Duration: 20 ms
UserId: 
Client IP: ::ffff:192.168.1.141
User-Agent: Dalvik/2.1.0 (Linux; U; Android 12; CTR-L91 Build/HUAWEICTR-L91)
Controller: Products, Action: GetAll
Response Body: [{"id":1,"name":"Яблоко","description":"","code":"85412","measuringUnit":"шт","isActive":true},{"id":3,"name":"яблочко2","description":"52","code":"8700216593106","measuringUnit":"шт","isActive":true}]
=======================================================

=======================================================
Timestamp: 2026-01-24T17:07:26.0030996Z
Method: GET
URL: /api/products/search?code=8700216593106
Status: 200
Duration: 1099 ms
UserId: 
Client IP: ::ffff:192.168.1.141
User-Agent: Dalvik/2.1.0 (Linux; U; Android 12; CTR-L91 Build/HUAWEICTR-L91)
Controller: Products, Action: Search
Response Body: [{"id":3,"name":"яблочко2","description":"52","code":"8700216593106","measuringUnit":"шт","isActive":true}]
=======================================================

=======================================================
Timestamp: 2026-01-24T17:07:35.8312877Z
Method: GET
URL: /api/products
Status: 200
Duration: 7 ms
UserId: 
Client IP: ::ffff:192.168.1.141
User-Agent: Dalvik/2.1.0 (Linux; U; Android 12; CTR-L91 Build/HUAWEICTR-L91)
Controller: Products, Action: GetAll
Response Body: [{"id":1,"name":"Яблоко","description":"","code":"85412","measuringUnit":"шт","isActive":true},{"id":3,"name":"яблочко2","description":"52","code":"8700216593106","measuringUnit":"шт","isActive":true}]
=======================================================

=======================================================
Timestamp: 2026-01-24T17:07:35.8343339Z
Method: GET
URL: /api/products
Status: 200
Duration: 5 ms
UserId: 
Client IP: ::ffff:192.168.1.141
User-Agent: Dalvik/2.1.0 (Linux; U; Android 12; CTR-L91 Build/HUAWEICTR-L91)
Controller: Products, Action: GetAll
Response Body: [{"id":1,"name":"Яблоко","description":"","code":"85412","measuringUnit":"шт","isActive":true},{"id":3,"name":"яблочко2","description":"52","code":"8700216593106","measuringUnit":"шт","isActive":true}]
=======================================================

=======================================================
Timestamp: 2026-01-24T17:07:38.0315218Z
Method: GET
URL: /api/products
Status: 200
Duration: 5 ms
UserId: 
Client IP: ::ffff:192.168.1.141
User-Agent: Dalvik/2.1.0 (Linux; U; Android 12; CTR-L91 Build/HUAWEICTR-L91)
Controller: Products, Action: GetAll
Response Body: [{"id":1,"name":"Яблоко","description":"","code":"85412","measuringUnit":"шт","isActive":true},{"id":3,"name":"яблочко2","description":"52","code":"8700216593106","measuringUnit":"шт","isActive":true}]
=======================================================

=======================================================
Timestamp: 2026-01-24T17:07:38.1667275Z
Method: GET
URL: /api/products
Status: 200
Duration: 78 ms
UserId: 
Client IP: ::ffff:192.168.1.141
User-Agent: Dalvik/2.1.0 (Linux; U; Android 12; CTR-L91 Build/HUAWEICTR-L91)
Controller: Products, Action: GetAll
Response Body: [{"id":1,"name":"Яблоко","description":"","code":"85412","measuringUnit":"шт","isActive":true},{"id":3,"name":"яблочко2","description":"52","code":"8700216593106","measuringUnit":"шт","isActive":true}]
=======================================================

=======================================================
Timestamp: 2026-01-24T17:07:38.1679623Z
Method: GET
URL: /api/products/search?code=8700216593106
Status: 200
Duration: 15 ms
UserId: 
Client IP: ::ffff:192.168.1.141
User-Agent: Dalvik/2.1.0 (Linux; U; Android 12; CTR-L91 Build/HUAWEICTR-L91)
Controller: Products, Action: Search
Response Body: [{"id":3,"name":"яблочко2","description":"52","code":"8700216593106","measuringUnit":"шт","isActive":true}]
=======================================================

=======================================================
Timestamp: 2026-01-24T17:07:38.1772405Z
Method: GET
URL: /api/products/search?code=8700216593106
Status: 200
Duration: 115 ms
UserId: 
Client IP: ::ffff:192.168.1.141
User-Agent: Dalvik/2.1.0 (Linux; U; Android 12; CTR-L91 Build/HUAWEICTR-L91)
Controller: Products, Action: Search
Response Body: [{"id":3,"name":"яблочко2","description":"52","code":"8700216593106","measuringUnit":"шт","isActive":true}]
=======================================================

=======================================================
Timestamp: 2026-01-24T17:07:54.0231712Z
Method: GET
URL: /api/products
Status: 200
Duration: 11 ms
UserId: 
Client IP: ::ffff:192.168.1.141
User-Agent: Dalvik/2.1.0 (Linux; U; Android 12; CTR-L91 Build/HUAWEICTR-L91)
Controller: Products, Action: GetAll
Response Body: [{"id":1,"name":"Яблоко","description":"","code":"85412","measuringUnit":"шт","isActive":true},{"id":3,"name":"яблочко2","description":"52","code":"8700216593106","measuringUnit":"шт","isActive":true}]
=======================================================

=======================================================
Timestamp: 2026-01-24T17:07:54.0422715Z
Method: GET
URL: /api/products
Status: 200
Duration: 9 ms
UserId: 
Client IP: ::ffff:192.168.1.141
User-Agent: Dalvik/2.1.0 (Linux; U; Android 12; CTR-L91 Build/HUAWEICTR-L91)
Controller: Products, Action: GetAll
Response Body: [{"id":1,"name":"Яблоко","description":"","code":"85412","measuringUnit":"шт","isActive":true},{"id":3,"name":"яблочко2","description":"52","code":"8700216593106","measuringUnit":"шт","isActive":true}]
=======================================================

=======================================================
Timestamp: 2026-01-24T17:07:54.0486606Z
Method: GET
URL: /api/products
Status: 200
Duration: 19 ms
UserId: 
Client IP: ::ffff:192.168.1.141
User-Agent: Dalvik/2.1.0 (Linux; U; Android 12; CTR-L91 Build/HUAWEICTR-L91)
Controller: Products, Action: GetAll
Response Body: [{"id":1,"name":"Яблоко","description":"","code":"85412","measuringUnit":"шт","isActive":true},{"id":3,"name":"яблочко2","description":"52","code":"8700216593106","measuringUnit":"шт","isActive":true}]
=======================================================

=======================================================
Timestamp: 2026-01-24T17:07:59.0615227Z
Method: GET
URL: /api/products
Status: 200
Duration: 8 ms
UserId: 
Client IP: ::ffff:192.168.1.141
User-Agent: Dalvik/2.1.0 (Linux; U; Android 12; CTR-L91 Build/HUAWEICTR-L91)
Controller: Products, Action: GetAll
Response Body: [{"id":1,"name":"Яблоко","description":"","code":"85412","measuringUnit":"шт","isActive":true},{"id":3,"name":"яблочко2","description":"52","code":"8700216593106","measuringUnit":"шт","isActive":true}]
=======================================================

=======================================================
Timestamp: 2026-01-24T17:07:59.0968783Z
Method: GET
URL: /api/products
Status: 200
Duration: 44 ms
UserId: 
Client IP: ::ffff:192.168.1.141
User-Agent: Dalvik/2.1.0 (Linux; U; Android 12; CTR-L91 Build/HUAWEICTR-L91)
Controller: Products, Action: GetAll
Response Body: [{"id":1,"name":"Яблоко","description":"","code":"85412","measuringUnit":"шт","isActive":true},{"id":3,"name":"яблочко2","description":"52","code":"8700216593106","measuringUnit":"шт","isActive":true}]
=======================================================

=======================================================
Timestamp: 2026-01-24T17:07:59.0999243Z
Method: GET
URL: /api/products/search?code=8700216593106
Status: 200
Duration: 26 ms
UserId: 
Client IP: ::ffff:192.168.1.141
User-Agent: Dalvik/2.1.0 (Linux; U; Android 12; CTR-L91 Build/HUAWEICTR-L91)
Controller: Products, Action: Search
Response Body: [{"id":3,"name":"яблочко2","description":"52","code":"8700216593106","measuringUnit":"шт","isActive":true}]
=======================================================

=======================================================
Timestamp: 2026-01-24T17:07:59.1093218Z
Method: GET
URL: /api/products/search?code=8700216593106
Status: 200
Duration: 37 ms
UserId: 
Client IP: ::ffff:192.168.1.141
User-Agent: Dalvik/2.1.0 (Linux; U; Android 12; CTR-L91 Build/HUAWEICTR-L91)
Controller: Products, Action: Search
Response Body: [{"id":3,"name":"яблочко2","description":"52","code":"8700216593106","measuringUnit":"шт","isActive":true}]
=======================================================

=======================================================
Timestamp: 2026-01-24T17:07:59.1415877Z
Method: GET
URL: /api/products
Status: 200
Duration: 18 ms
UserId: 
Client IP: ::ffff:192.168.1.141
User-Agent: Dalvik/2.1.0 (Linux; U; Android 12; CTR-L91 Build/HUAWEICTR-L91)
Controller: Products, Action: GetAll
Response Body: [{"id":1,"name":"Яблоко","description":"","code":"85412","measuringUnit":"шт","isActive":true},{"id":3,"name":"яблочко2","description":"52","code":"8700216593106","measuringUnit":"шт","isActive":true}]
=======================================================

=======================================================
Timestamp: 2026-01-24T17:08:10.6688566Z
Method: GET
URL: /api/Roles
Status: 200
Duration: 6 ms
UserId: 
Client IP: ::ffff:192.168.1.141
User-Agent: Dalvik/2.1.0 (Linux; U; Android 12; CTR-L91 Build/HUAWEICTR-L91)
Controller: Roles, Action: GetAll
Response Body: [{"id":1,"name":"Владелец","code":"Owner","description":"Полный доступ","rank":1},{"id":2,"name":"Администратор","code":"Admin","description":"Руководитель предприятия","rank":2},{"id":3,"name":"Старший экструзионщик","code":"SeniorExtruder","description":"Замещение администратора","rank":3},{"id":4,"name":"Старший кладовщик","code":"SeniorWarehouseman","description":"Склады и цеха","rank":3},{"id":5,"name":"Кладовщик готовой продукции","code":"FinishedGoodsWarehouseman","description":"Склад готовой продукции","rank":3},{"id":6,"name":"Экструзионщик","code":"Extruder","description":"Производство","rank":4},{"id":7,"name":"Кладовщик","code":"Warehouseman","description":"Склад","rank":4},{"id":8,"name":"Покрасочник","code":"Painter","description":"Цех покраски","rank":4},{"id":9,"name":"Старшая упаковщица","code":"SeniorPacker","description":"Упаковка","rank":4},{"id":10,"name":"ТПА","code":"TPA","description":"ТПА","rank":4},{"id":11,"name":"Утиль","code":"Utilization","description":"Цех утилизации","rank":4}]
=======================================================

=======================================================
Timestamp: 2026-01-24T17:08:13.0229048Z
Method: GET
URL: /api/roles/8/permissions
Status: 200
Duration: 107 ms
UserId: 
Client IP: ::ffff:192.168.1.141
User-Agent: Dalvik/2.1.0 (Linux; U; Android 12; CTR-L91 Build/HUAWEICTR-L91)
Controller: Roles, Action: GetPermissions
Response Body: [{"id":4,"code":"AssignBarcode","name":"Назначение штрихкода","description":"Назначение штрихкодов позициям"},{"id":5,"code":"SendToScrap","name":"Отправка на Утиль","description":"Отправка на утилизацию"},{"id":11,"code":"ShiftTransfer","name":"Передача смены","description":"Передача смены"}]
=======================================================

=======================================================
Timestamp: 2026-01-24T17:08:13.0321564Z
Method: GET
URL: /api/permissions
Status: 200
Duration: 111 ms
UserId: 
Client IP: ::ffff:192.168.1.141
User-Agent: Dalvik/2.1.0 (Linux; U; Android 12; CTR-L91 Build/HUAWEICTR-L91)
Controller: Permissions, Action: GetAll
Response Body: [{"id":1,"code":"AddUsersAll","name":"Добавление пользователей всех рангов","description":"Создание пользователей любых рангов"},{"id":2,"code":"AddUsersLower","name":"Добавление пользователей ниже рангом","description":"Создание пользователей ниже рангом"},{"id":3,"code":"ReceiveGoods","name":"Приемка","description":"Приемка сырья/станков/товаров"},{"id":4,"code":"AssignBarcode","name":"Назначение штрихкода","description":"Назначение штрихкодов позициям"},{"id":5,"code":"SendToScrap","name":"Отправка на Утиль","description":"Отправка на утилизацию"},{"id":6,"code":"SendToSDH","name":"Отправка на СДХ","description":"Отправка на СДХ"},{"id":7,"code":"SendToSale","name":"Отправка на реализацию","description":"Отправка на реализацию"},{"id":8,"code":"WriteOff","name":"Списание","description":"Списание/выброс"},{"id":9,"code":"TransferMainToWorkshops","name":"Перенос ТМЦ из Основного склада в цеха","description":"Перенос со склада в цеха"},{"id":10,"code":"TransferWorkshopsToMain","name":"Перенос ТМЦ из Цеха на Основной склад","description":"Перенос из цеха на склад"},{"id":11,"code":"ShiftTransfer","name":"Передача смены","description":"Передача смены"},{"id":12,"code":"ManageRecipes","name":"Создание и добавление рецептур, едениц храннения.","description":"Управление рецептурами"},{"id":13,"code":"Inventory","name":"Инвентаризация","description":"Инвентаризация"},{"id":14,"code":"ManageUsers","name":"Управление пользователями","description":"Добавление/редактирование/удаление пользователей"}]
=======================================================

=======================================================
Timestamp: 2026-01-24T17:08:17.4618217Z
Method: GET
URL: /api/products
Status: 200
Duration: 8 ms
UserId: 
Client IP: ::ffff:192.168.1.141
User-Agent: Dalvik/2.1.0 (Linux; U; Android 12; CTR-L91 Build/HUAWEICTR-L91)
Controller: Products, Action: GetAll
Response Body: [{"id":1,"name":"Яблоко","description":"","code":"85412","measuringUnit":"шт","isActive":true},{"id":3,"name":"яблочко2","description":"52","code":"8700216593106","measuringUnit":"шт","isActive":true}]
=======================================================

=======================================================
Timestamp: 2026-01-24T17:08:17.4736572Z
Method: GET
URL: /api/products
Status: 200
Duration: 11 ms
UserId: 
Client IP: ::ffff:192.168.1.141
User-Agent: Dalvik/2.1.0 (Linux; U; Android 12; CTR-L91 Build/HUAWEICTR-L91)
Controller: Products, Action: GetAll
Response Body: [{"id":1,"name":"Яблоко","description":"","code":"85412","measuringUnit":"шт","isActive":true},{"id":3,"name":"яблочко2","description":"52","code":"8700216593106","measuringUnit":"шт","isActive":true}]
=======================================================

=======================================================
Timestamp: 2026-01-24T17:08:33.0250250Z
Method: GET
URL: /api/products
Status: 200
Duration: 18 ms
UserId: 
Client IP: ::ffff:192.168.1.141
User-Agent: Dalvik/2.1.0 (Linux; U; Android 12; CTR-L91 Build/HUAWEICTR-L91)
Controller: Products, Action: GetAll
Response Body: [{"id":1,"name":"Яблоко","description":"","code":"85412","measuringUnit":"шт","isActive":true},{"id":3,"name":"яблочко2","description":"52","code":"8700216593106","measuringUnit":"шт","isActive":true}]
=======================================================

=======================================================
Timestamp: 2026-01-24T17:08:33.0994122Z
Method: GET
URL: /api/products
Status: 200
Duration: 29 ms
UserId: 
Client IP: ::ffff:192.168.1.141
User-Agent: Dalvik/2.1.0 (Linux; U; Android 12; CTR-L91 Build/HUAWEICTR-L91)
Controller: Products, Action: GetAll
Response Body: [{"id":1,"name":"Яблоко","description":"","code":"85412","measuringUnit":"шт","isActive":true},{"id":3,"name":"яблочко2","description":"52","code":"8700216593106","measuringUnit":"шт","isActive":true}]
=======================================================

=======================================================
Timestamp: 2026-01-24T17:08:34.0143510Z
Method: GET
URL: /api/products
Status: 200
Duration: 170 ms
UserId: 
Client IP: ::ffff:192.168.1.141
User-Agent: Dalvik/2.1.0 (Linux; U; Android 12; CTR-L91 Build/HUAWEICTR-L91)
Controller: Products, Action: GetAll
Response Body: [{"id":1,"name":"Яблоко","description":"","code":"85412","measuringUnit":"шт","isActive":true},{"id":3,"name":"яблочко2","description":"52","code":"8700216593106","measuringUnit":"шт","isActive":true}]
=======================================================

=======================================================
Timestamp: 2026-01-24T17:08:35.5282355Z
Method: GET
URL: /api/products
Status: 200
Duration: 1051 ms
UserId: 
Client IP: ::ffff:192.168.1.141
User-Agent: Dalvik/2.1.0 (Linux; U; Android 12; CTR-L91 Build/HUAWEICTR-L91)
Controller: Products, Action: GetAll
Response Body: [{"id":1,"name":"Яблоко","description":"","code":"85412","measuringUnit":"шт","isActive":true},{"id":3,"name":"яблочко2","description":"52","code":"8700216593106","measuringUnit":"шт","isActive":true}]
=======================================================

=======================================================
Timestamp: 2026-01-24T17:08:35.7295187Z
Method: GET
URL: /api/products
Status: 200
Duration: 680 ms
UserId: 
Client IP: ::ffff:192.168.1.141
User-Agent: Dalvik/2.1.0 (Linux; U; Android 12; CTR-L91 Build/HUAWEICTR-L91)
Controller: Products, Action: GetAll
Response Body: [{"id":1,"name":"Яблоко","description":"","code":"85412","measuringUnit":"шт","isActive":true},{"id":3,"name":"яблочко2","description":"52","code":"8700216593106","measuringUnit":"шт","isActive":true}]
=======================================================

=======================================================
Timestamp: 2026-01-24T17:08:36.1257110Z
Method: GET
URL: /api/products
Status: 200
Duration: 766 ms
UserId: 
Client IP: ::ffff:192.168.1.141
User-Agent: Dalvik/2.1.0 (Linux; U; Android 12; CTR-L91 Build/HUAWEICTR-L91)
Controller: Products, Action: GetAll
Response Body: [{"id":1,"name":"Яблоко","description":"","code":"85412","measuringUnit":"шт","isActive":true},{"id":3,"name":"яблочко2","description":"52","code":"8700216593106","measuringUnit":"шт","isActive":true}]
=======================================================

=======================================================
Timestamp: 2026-01-24T17:08:36.6840985Z
Method: GET
URL: /api/products
Status: 200
Duration: 1974 ms
UserId: 
Client IP: ::ffff:192.168.1.141
User-Agent: Dalvik/2.1.0 (Linux; U; Android 12; CTR-L91 Build/HUAWEICTR-L91)
Controller: Products, Action: GetAll
Response Body: [{"id":1,"name":"Яблоко","description":"","code":"85412","measuringUnit":"шт","isActive":true},{"id":3,"name":"яблочко2","description":"52","code":"8700216593106","measuringUnit":"шт","isActive":true}]
=======================================================

=======================================================
Timestamp: 2026-01-24T17:08:42.6554572Z
Method: GET
URL: /api/products
Status: 200
Duration: 6 ms
UserId: 
Client IP: ::ffff:192.168.1.141
User-Agent: Dalvik/2.1.0 (Linux; U; Android 12; CTR-L91 Build/HUAWEICTR-L91)
Controller: Products, Action: GetAll
Response Body: [{"id":1,"name":"Яблоко","description":"","code":"85412","measuringUnit":"шт","isActive":true},{"id":3,"name":"яблочко2","description":"52","code":"8700216593106","measuringUnit":"шт","isActive":true}]
=======================================================

=======================================================
Timestamp: 2026-01-24T17:08:42.6570818Z
Method: GET
URL: /api/products
Status: 200
Duration: 18 ms
UserId: 
Client IP: ::ffff:192.168.1.141
User-Agent: Dalvik/2.1.0 (Linux; U; Android 12; CTR-L91 Build/HUAWEICTR-L91)
Controller: Products, Action: GetAll
Response Body: [{"id":1,"name":"Яблоко","description":"","code":"85412","measuringUnit":"шт","isActive":true},{"id":3,"name":"яблочко2","description":"52","code":"8700216593106","measuringUnit":"шт","isActive":true}]
=======================================================

=======================================================
Timestamp: 2026-01-24T17:08:43.3515578Z
Method: GET
URL: /api/products
Status: 200
Duration: 23 ms
UserId: 
Client IP: ::ffff:192.168.1.141
User-Agent: Dalvik/2.1.0 (Linux; U; Android 12; CTR-L91 Build/HUAWEICTR-L91)
Controller: Products, Action: GetAll
Response Body: [{"id":1,"name":"Яблоко","description":"","code":"85412","measuringUnit":"шт","isActive":true},{"id":3,"name":"яблочко2","description":"52","code":"8700216593106","measuringUnit":"шт","isActive":true}]
=======================================================

=======================================================
Timestamp: 2026-01-24T17:08:46.9225659Z
Method: GET
URL: /api/products
Status: 200
Duration: 16 ms
UserId: 
Client IP: ::ffff:192.168.1.141
User-Agent: Dalvik/2.1.0 (Linux; U; Android 12; CTR-L91 Build/HUAWEICTR-L91)
Controller: Products, Action: GetAll
Response Body: [{"id":1,"name":"Яблоко","description":"","code":"85412","measuringUnit":"шт","isActive":true},{"id":3,"name":"яблочко2","description":"52","code":"8700216593106","measuringUnit":"шт","isActive":true}]
=======================================================

=======================================================
Timestamp: 2026-01-24T17:08:47.0838207Z
Method: GET
URL: /api/products
Status: 200
Duration: 150 ms
UserId: 
Client IP: ::ffff:192.168.1.141
User-Agent: Dalvik/2.1.0 (Linux; U; Android 12; CTR-L91 Build/HUAWEICTR-L91)
Controller: Products, Action: GetAll
Response Body: [{"id":1,"name":"Яблоко","description":"","code":"85412","measuringUnit":"шт","isActive":true},{"id":3,"name":"яблочко2","description":"52","code":"8700216593106","measuringUnit":"шт","isActive":true}]
=======================================================

=======================================================
Timestamp: 2026-01-24T17:08:48.9393769Z
Method: GET
URL: /api/products
Status: 200
Duration: 55 ms
UserId: 
Client IP: ::ffff:192.168.1.141
User-Agent: Dalvik/2.1.0 (Linux; U; Android 12; CTR-L91 Build/HUAWEICTR-L91)
Controller: Products, Action: GetAll
Response Body: [{"id":1,"name":"Яблоко","description":"","code":"85412","measuringUnit":"шт","isActive":true},{"id":3,"name":"яблочко2","description":"52","code":"8700216593106","measuringUnit":"шт","isActive":true}]
=======================================================

=======================================================
Timestamp: 2026-01-24T17:08:48.9415483Z
Method: GET
URL: /api/products
Status: 200
Duration: 15 ms
UserId: 
Client IP: ::ffff:192.168.1.141
User-Agent: Dalvik/2.1.0 (Linux; U; Android 12; CTR-L91 Build/HUAWEICTR-L91)
Controller: Products, Action: GetAll
Response Body: [{"id":1,"name":"Яблоко","description":"","code":"85412","measuringUnit":"шт","isActive":true},{"id":3,"name":"яблочко2","description":"52","code":"8700216593106","measuringUnit":"шт","isActive":true}]
=======================================================

=======================================================
Timestamp: 2026-01-24T17:08:50.6786430Z
Method: GET
URL: /api/products
Status: 200
Duration: 50 ms
UserId: 
Client IP: ::ffff:192.168.1.141
User-Agent: Dalvik/2.1.0 (Linux; U; Android 12; CTR-L91 Build/HUAWEICTR-L91)
Controller: Products, Action: GetAll
Response Body: [{"id":1,"name":"Яблоко","description":"","code":"85412","measuringUnit":"шт","isActive":true},{"id":3,"name":"яблочко2","description":"52","code":"8700216593106","measuringUnit":"шт","isActive":true}]
=======================================================

=======================================================
Timestamp: 2026-01-24T17:08:50.9382675Z
Method: GET
URL: /api/products
Status: 200
Duration: 23 ms
UserId: 
Client IP: ::ffff:192.168.1.141
User-Agent: Dalvik/2.1.0 (Linux; U; Android 12; CTR-L91 Build/HUAWEICTR-L91)
Controller: Products, Action: GetAll
Response Body: [{"id":1,"name":"Яблоко","description":"","code":"85412","measuringUnit":"шт","isActive":true},{"id":3,"name":"яблочко2","description":"52","code":"8700216593106","measuringUnit":"шт","isActive":true}]
=======================================================

=======================================================
Timestamp: 2026-01-24T17:08:52.5893573Z
Method: GET
URL: /api/products
Status: 200
Duration: 11 ms
UserId: 
Client IP: ::ffff:192.168.1.141
User-Agent: Dalvik/2.1.0 (Linux; U; Android 12; CTR-L91 Build/HUAWEICTR-L91)
Controller: Products, Action: GetAll
Response Body: [{"id":1,"name":"Яблоко","description":"","code":"85412","measuringUnit":"шт","isActive":true},{"id":3,"name":"яблочко2","description":"52","code":"8700216593106","measuringUnit":"шт","isActive":true}]
=======================================================

=======================================================
Timestamp: 2026-01-24T17:08:52.6790480Z
Method: GET
URL: /api/products
Status: 200
Duration: 29 ms
UserId: 
Client IP: ::ffff:192.168.1.141
User-Agent: Dalvik/2.1.0 (Linux; U; Android 12; CTR-L91 Build/HUAWEICTR-L91)
Controller: Products, Action: GetAll
Response Body: [{"id":1,"name":"Яблоко","description":"","code":"85412","measuringUnit":"шт","isActive":true},{"id":3,"name":"яблочко2","description":"52","code":"8700216593106","measuringUnit":"шт","isActive":true}]
=======================================================

=======================================================
Timestamp: 2026-01-24T17:08:53.4951864Z
Method: GET
URL: /api/products
Status: 200
Duration: 8 ms
UserId: 
Client IP: ::ffff:192.168.1.141
User-Agent: Dalvik/2.1.0 (Linux; U; Android 12; CTR-L91 Build/HUAWEICTR-L91)
Controller: Products, Action: GetAll
Response Body: [{"id":1,"name":"Яблоко","description":"","code":"85412","measuringUnit":"шт","isActive":true},{"id":3,"name":"яблочко2","description":"52","code":"8700216593106","measuringUnit":"шт","isActive":true}]
=======================================================

=======================================================
Timestamp: 2026-01-24T17:08:53.5005854Z
Method: GET
URL: /api/products
Status: 200
Duration: 9 ms
UserId: 
Client IP: ::ffff:192.168.1.141
User-Agent: Dalvik/2.1.0 (Linux; U; Android 12; CTR-L91 Build/HUAWEICTR-L91)
Controller: Products, Action: GetAll
Response Body: [{"id":1,"name":"Яблоко","description":"","code":"85412","measuringUnit":"шт","isActive":true},{"id":3,"name":"яблочко2","description":"52","code":"8700216593106","measuringUnit":"шт","isActive":true}]
=======================================================

=======================================================
Timestamp: 2026-01-24T17:08:55.0046634Z
Method: GET
URL: /api/products
Status: 200
Duration: 367 ms
UserId: 
Client IP: ::ffff:192.168.1.141
User-Agent: Dalvik/2.1.0 (Linux; U; Android 12; CTR-L91 Build/HUAWEICTR-L91)
Controller: Products, Action: GetAll
Response Body: [{"id":1,"name":"Яблоко","description":"","code":"85412","measuringUnit":"шт","isActive":true},{"id":3,"name":"яблочко2","description":"52","code":"8700216593106","measuringUnit":"шт","isActive":true}]
=======================================================

=======================================================
Timestamp: 2026-01-24T17:09:12.4194741Z
Method: GET
URL: /api/products
Status: 200
Duration: 13 ms
UserId: 
Client IP: ::ffff:192.168.1.141
User-Agent: Dalvik/2.1.0 (Linux; U; Android 12; CTR-L91 Build/HUAWEICTR-L91)
Controller: Products, Action: GetAll
Response Body: [{"id":1,"name":"Яблоко","description":"","code":"85412","measuringUnit":"шт","isActive":true},{"id":3,"name":"яблочко2","description":"52","code":"8700216593106","measuringUnit":"шт","isActive":true}]
=======================================================

=======================================================
Timestamp: 2026-01-24T17:09:12.4296507Z
Method: GET
URL: /api/products
Status: 200
Duration: 21 ms
UserId: 
Client IP: ::ffff:192.168.1.141
User-Agent: Dalvik/2.1.0 (Linux; U; Android 12; CTR-L91 Build/HUAWEICTR-L91)
Controller: Products, Action: GetAll
Response Body: [{"id":1,"name":"Яблоко","description":"","code":"85412","measuringUnit":"шт","isActive":true},{"id":3,"name":"яблочко2","description":"52","code":"8700216593106","measuringUnit":"шт","isActive":true}]
=======================================================

=======================================================
Timestamp: 2026-01-24T17:09:13.1291401Z
Method: GET
URL: /api/products
Status: 200
Duration: 80 ms
UserId: 
Client IP: ::ffff:192.168.1.141
User-Agent: Dalvik/2.1.0 (Linux; U; Android 12; CTR-L91 Build/HUAWEICTR-L91)
Controller: Products, Action: GetAll
Response Body: [{"id":1,"name":"Яблоко","description":"","code":"85412","measuringUnit":"шт","isActive":true},{"id":3,"name":"яблочко2","description":"52","code":"8700216593106","measuringUnit":"шт","isActive":true}]
=======================================================

=======================================================
Timestamp: 2026-01-24T17:09:13.1302681Z
Method: GET
URL: /api/products
Status: 200
Duration: 97 ms
UserId: 
Client IP: ::ffff:192.168.1.141
User-Agent: Dalvik/2.1.0 (Linux; U; Android 12; CTR-L91 Build/HUAWEICTR-L91)
Controller: Products, Action: GetAll
Response Body: [{"id":1,"name":"Яблоко","description":"","code":"85412","measuringUnit":"шт","isActive":true},{"id":3,"name":"яблочко2","description":"52","code":"8700216593106","measuringUnit":"шт","isActive":true}]
=======================================================

=======================================================
Timestamp: 2026-01-24T17:09:13.8538132Z
Method: GET
URL: /api/products
Status: 200
Duration: 11 ms
UserId: 
Client IP: ::ffff:192.168.1.141
User-Agent: Dalvik/2.1.0 (Linux; U; Android 12; CTR-L91 Build/HUAWEICTR-L91)
Controller: Products, Action: GetAll
Response Body: [{"id":1,"name":"Яблоко","description":"","code":"85412","measuringUnit":"шт","isActive":true},{"id":3,"name":"яблочко2","description":"52","code":"8700216593106","measuringUnit":"шт","isActive":true}]
=======================================================

=======================================================
Timestamp: 2026-01-24T17:09:13.9630858Z
Method: GET
URL: /api/products
Status: 200
Duration: 21 ms
UserId: 
Client IP: ::ffff:192.168.1.141
User-Agent: Dalvik/2.1.0 (Linux; U; Android 12; CTR-L91 Build/HUAWEICTR-L91)
Controller: Products, Action: GetAll
Response Body: [{"id":1,"name":"Яблоко","description":"","code":"85412","measuringUnit":"шт","isActive":true},{"id":3,"name":"яблочко2","description":"52","code":"8700216593106","measuringUnit":"шт","isActive":true}]
=======================================================

=======================================================
Timestamp: 2026-01-24T17:09:14.5125776Z
Method: GET
URL: /api/products
Status: 200
Duration: 13 ms
UserId: 
Client IP: ::ffff:192.168.1.141
User-Agent: Dalvik/2.1.0 (Linux; U; Android 12; CTR-L91 Build/HUAWEICTR-L91)
Controller: Products, Action: GetAll
Response Body: [{"id":1,"name":"Яблоко","description":"","code":"85412","measuringUnit":"шт","isActive":true},{"id":3,"name":"яблочко2","description":"52","code":"8700216593106","measuringUnit":"шт","isActive":true}]
=======================================================

=======================================================
Timestamp: 2026-01-24T17:09:14.6177367Z
Method: GET
URL: /api/products
Status: 200
Duration: 16 ms
UserId: 
Client IP: ::ffff:192.168.1.141
User-Agent: Dalvik/2.1.0 (Linux; U; Android 12; CTR-L91 Build/HUAWEICTR-L91)
Controller: Products, Action: GetAll
Response Body: [{"id":1,"name":"Яблоко","description":"","code":"85412","measuringUnit":"шт","isActive":true},{"id":3,"name":"яблочко2","description":"52","code":"8700216593106","measuringUnit":"шт","isActive":true}]
=======================================================

=======================================================
Timestamp: 2026-01-24T17:09:37.4331164Z
Method: GET
URL: /api/database/check
Status: 200
Duration: 284 ms
UserId: 
Client IP: ::ffff:192.168.1.141
User-Agent: Dalvik/2.1.0 (Linux; U; Android 12; CTR-L91 Build/HUAWEICTR-L91)
Controller: Database, Action: CheckDatabase
Response Body: {"success":true,"message":"Подключение к базе данных успешно","usersCount":3,"users":[{"id":1,"login":"admin","email":"admin@example.com","name":"Админ Системный","isPasswordEncrypted":false,"passwordLength":5},{"id":2,"login":"eva","email":"eva@dura.com","name":"Eva EvaEva","isPasswordEncrypted":false,"passwordLength":60},{"id":3,"login":"Adam","email":"first@people.world","name":"Адам Первый","isPasswordEncrypted":false,"passwordLength":60}]}
=======================================================

=======================================================
Timestamp: 2026-01-24T17:09:41.0077801Z
Method: GET
URL: /api/WorkReports/user/1
Status: 200
Duration: 62 ms
UserId: 
Client IP: ::ffff:192.168.1.141
User-Agent: Dalvik/2.1.0 (Linux; U; Android 12; CTR-L91 Build/HUAWEICTR-L91)
Controller: WorkReports, Action: GetByUser
Response Body: [{"id":4,"userId":1,"date":"2026-01-24T00:00:00","startWork":"2026-01-24T16:00:06Z","finishWork":"2026-01-24T16:00:07Z","note":null,"user":null}]
=======================================================

=======================================================
Timestamp: 2026-01-24T17:09:41.0110718Z
Method: GET
URL: /api/WorkReports/user/1
Status: 200
Duration: 57 ms
UserId: 
Client IP: ::ffff:192.168.1.141
User-Agent: Dalvik/2.1.0 (Linux; U; Android 12; CTR-L91 Build/HUAWEICTR-L91)
Controller: WorkReports, Action: GetByUser
Response Body: [{"id":4,"userId":1,"date":"2026-01-24T00:00:00","startWork":"2026-01-24T16:00:06Z","finishWork":"2026-01-24T16:00:07Z","note":null,"user":null}]
=======================================================

=======================================================
Timestamp: 2026-01-24T17:09:42.3826456Z
Method: GET
URL: /api/WorkReports/user/1
Status: 200
Duration: 8 ms
UserId: 
Client IP: ::ffff:192.168.1.141
User-Agent: Dalvik/2.1.0 (Linux; U; Android 12; CTR-L91 Build/HUAWEICTR-L91)
Controller: WorkReports, Action: GetByUser
Response Body: [{"id":4,"userId":1,"date":"2026-01-24T00:00:00","startWork":"2026-01-24T16:00:06Z","finishWork":"2026-01-24T16:00:07Z","note":null,"user":null}]
=======================================================

=======================================================
Timestamp: 2026-01-24T17:09:45.3893871Z
Method: GET
URL: /api/WorkReports/user/1
Status: 200
Duration: 165 ms
UserId: 
Client IP: ::ffff:192.168.1.141
User-Agent: Dalvik/2.1.0 (Linux; U; Android 12; CTR-L91 Build/HUAWEICTR-L91)
Controller: WorkReports, Action: GetByUser
Response Body: [{"id":4,"userId":1,"date":"2026-01-24T00:00:00","startWork":"2026-01-24T16:00:06Z","finishWork":"2026-01-24T16:00:07Z","note":null,"user":null}]
=======================================================

=======================================================
Timestamp: 2026-01-24T17:09:45.6884675Z
Method: GET
URL: /api/WorkReports/user/1
Status: 200
Duration: 226 ms
UserId: 
Client IP: ::ffff:192.168.1.141
User-Agent: Dalvik/2.1.0 (Linux; U; Android 12; CTR-L91 Build/HUAWEICTR-L91)
Controller: WorkReports, Action: GetByUser
Response Body: [{"id":4,"userId":1,"date":"2026-01-24T00:00:00","startWork":"2026-01-24T16:00:06Z","finishWork":"2026-01-24T16:00:07Z","note":null,"user":null}]
=======================================================

=======================================================
Timestamp: 2026-01-24T17:09:49.5732648Z
Method: GET
URL: /api/warehouses
Status: 200
Duration: 7 ms
UserId: 
Client IP: ::ffff:192.168.1.141
User-Agent: Dalvik/2.1.0 (Linux; U; Android 12; CTR-L91 Build/HUAWEICTR-L91)
Controller: Warehouses, Action: GetAll
Response Body: [{"id":1,"name":"скр1","type":"Склад","isActive":true,"fromMovements":[],"toMovements":[],"fromRequests":[],"toRequests":[]}]
=======================================================

=======================================================
Timestamp: 2026-01-24T17:09:49.7028724Z
Method: GET
URL: /api/products
Status: 200
Duration: 14 ms
UserId: 
Client IP: ::ffff:192.168.1.141
User-Agent: Dalvik/2.1.0 (Linux; U; Android 12; CTR-L91 Build/HUAWEICTR-L91)
Controller: Products, Action: GetAll
Response Body: [{"id":1,"name":"Яблоко","description":"","code":"85412","measuringUnit":"шт","isActive":true},{"id":3,"name":"яблочко2","description":"52","code":"8700216593106","measuringUnit":"шт","isActive":true}]
=======================================================

=======================================================
Timestamp: 2026-01-24T17:09:49.7081728Z
Method: GET
URL: /api/warehouses
Status: 200
Duration: 38 ms
UserId: 
Client IP: ::ffff:192.168.1.141
User-Agent: Dalvik/2.1.0 (Linux; U; Android 12; CTR-L91 Build/HUAWEICTR-L91)
Controller: Warehouses, Action: GetAll
Response Body: [{"id":1,"name":"скр1","type":"Склад","isActive":true,"fromMovements":[],"toMovements":[],"fromRequests":[],"toRequests":[]}]
=======================================================

=======================================================
Timestamp: 2026-01-24T17:09:49.7111160Z
Method: GET
URL: /api/products
Status: 200
Duration: 17 ms
UserId: 
Client IP: ::ffff:192.168.1.141
User-Agent: Dalvik/2.1.0 (Linux; U; Android 12; CTR-L91 Build/HUAWEICTR-L91)
Controller: Products, Action: GetAll
Response Body: [{"id":1,"name":"Яблоко","description":"","code":"85412","measuringUnit":"шт","isActive":true},{"id":3,"name":"яблочко2","description":"52","code":"8700216593106","measuringUnit":"шт","isActive":true}]
=======================================================

=======================================================
Timestamp: 2026-01-24T17:09:54.0420935Z
Method: GET
URL: /api/products
Status: 200
Duration: 8 ms
UserId: 
Client IP: ::ffff:192.168.1.141
User-Agent: Dalvik/2.1.0 (Linux; U; Android 12; CTR-L91 Build/HUAWEICTR-L91)
Controller: Products, Action: GetAll
Response Body: [{"id":1,"name":"Яблоко","description":"","code":"85412","measuringUnit":"шт","isActive":true},{"id":3,"name":"яблочко2","description":"52","code":"8700216593106","measuringUnit":"шт","isActive":true}]
=======================================================

=======================================================
Timestamp: 2026-01-24T17:09:54.0449926Z
Method: GET
URL: /api/products
Status: 200
Duration: 19 ms
UserId: 
Client IP: ::ffff:192.168.1.141
User-Agent: Dalvik/2.1.0 (Linux; U; Android 12; CTR-L91 Build/HUAWEICTR-L91)
Controller: Products, Action: GetAll
Response Body: [{"id":1,"name":"Яблоко","description":"","code":"85412","measuringUnit":"шт","isActive":true},{"id":3,"name":"яблочко2","description":"52","code":"8700216593106","measuringUnit":"шт","isActive":true}]
=======================================================

=======================================================
Timestamp: 2026-01-24T17:09:54.0488131Z
Method: GET
URL: /api/warehouses
Status: 200
Duration: 19 ms
UserId: 
Client IP: ::ffff:192.168.1.141
User-Agent: Dalvik/2.1.0 (Linux; U; Android 12; CTR-L91 Build/HUAWEICTR-L91)
Controller: Warehouses, Action: GetAll
Response Body: [{"id":1,"name":"скр1","type":"Склад","isActive":true,"fromMovements":[],"toMovements":[],"fromRequests":[],"toRequests":[]}]
=======================================================

=======================================================
Timestamp: 2026-01-24T17:10:08.0189496Z
Method: GET
URL: /api/warehouses
Status: 200
Duration: 12 ms
UserId: 
Client IP: ::ffff:192.168.1.141
User-Agent: Dalvik/2.1.0 (Linux; U; Android 12; CTR-L91 Build/HUAWEICTR-L91)
Controller: Warehouses, Action: GetAll
Response Body: [{"id":1,"name":"скр1","type":"Склад","isActive":true,"fromMovements":[],"toMovements":[],"fromRequests":[],"toRequests":[]}]
=======================================================

=======================================================
Timestamp: 2026-01-24T17:10:08.0315611Z
Method: GET
URL: /api/products
Status: 200
Duration: 15 ms
UserId: 
Client IP: ::ffff:192.168.1.141
User-Agent: Dalvik/2.1.0 (Linux; U; Android 12; CTR-L91 Build/HUAWEICTR-L91)
Controller: Products, Action: GetAll
Response Body: [{"id":1,"name":"Яблоко","description":"","code":"85412","measuringUnit":"шт","isActive":true},{"id":3,"name":"яблочко2","description":"52","code":"8700216593106","measuringUnit":"шт","isActive":true}]
=======================================================

=======================================================
Timestamp: 2026-01-24T17:10:08.0358321Z
Method: GET
URL: /api/products
Status: 200
Duration: 19 ms
UserId: 
Client IP: ::ffff:192.168.1.141
User-Agent: Dalvik/2.1.0 (Linux; U; Android 12; CTR-L91 Build/HUAWEICTR-L91)
Controller: Products, Action: GetAll
Response Body: [{"id":1,"name":"Яблоко","description":"","code":"85412","measuringUnit":"шт","isActive":true},{"id":3,"name":"яблочко2","description":"52","code":"8700216593106","measuringUnit":"шт","isActive":true}]
=======================================================

=======================================================
Timestamp: 2026-01-24T17:10:08.0382449Z
Method: GET
URL: /api/products
Status: 200
Duration: 18 ms
UserId: 
Client IP: ::ffff:192.168.1.141
User-Agent: Dalvik/2.1.0 (Linux; U; Android 12; CTR-L91 Build/HUAWEICTR-L91)
Controller: Products, Action: GetAll
Response Body: [{"id":1,"name":"Яблоко","description":"","code":"85412","measuringUnit":"шт","isActive":true},{"id":3,"name":"яблочко2","description":"52","code":"8700216593106","measuringUnit":"шт","isActive":true}]
=======================================================

=======================================================
Timestamp: 2026-01-24T17:11:00.0928504Z
Method: GET
URL: /api/materials
Status: 200
Duration: 917 ms
UserId: 
Client IP: ::ffff:192.168.1.141
User-Agent: Dalvik/2.1.0 (Linux; U; Android 12; CTR-L91 Build/HUAWEICTR-L91)
Controller: Materials, Action: GetAll
Response Body: []
=======================================================

=======================================================
Timestamp: 2026-01-24T17:11:00.1925061Z
Method: GET
URL: /api/products
Status: 200
Duration: 85 ms
UserId: 
Client IP: ::ffff:192.168.1.141
User-Agent: Dalvik/2.1.0 (Linux; U; Android 12; CTR-L91 Build/HUAWEICTR-L91)
Controller: Products, Action: GetAll
Response Body: [{"id":1,"name":"Яблоко","description":"","code":"85412","measuringUnit":"шт","isActive":true},{"id":3,"name":"яблочко2","description":"52","code":"8700216593106","measuringUnit":"шт","isActive":true}]
=======================================================

=======================================================
Timestamp: 2026-01-24T17:11:00.7959129Z
Method: GET
URL: /api/products
Status: 200
Duration: 585 ms
UserId: 
Client IP: ::ffff:192.168.1.141
User-Agent: Dalvik/2.1.0 (Linux; U; Android 12; CTR-L91 Build/HUAWEICTR-L91)
Controller: Products, Action: GetAll
Response Body: [{"id":1,"name":"Яблоко","description":"","code":"85412","measuringUnit":"шт","isActive":true},{"id":3,"name":"яблочко2","description":"52","code":"8700216593106","measuringUnit":"шт","isActive":true}]
=======================================================

=======================================================
Timestamp: 2026-01-24T17:11:00.9145101Z
Method: GET
URL: /api/materials
Status: 200
Duration: 14 ms
UserId: 
Client IP: ::ffff:192.168.1.141
User-Agent: Dalvik/2.1.0 (Linux; U; Android 12; CTR-L91 Build/HUAWEICTR-L91)
Controller: Materials, Action: GetAll
Response Body: []
=======================================================

=======================================================
Timestamp: 2026-01-24T17:11:05.0261024Z
Method: GET
URL: /api/products
Status: 200
Duration: 190 ms
UserId: 
Client IP: ::ffff:192.168.1.141
User-Agent: Dalvik/2.1.0 (Linux; U; Android 12; CTR-L91 Build/HUAWEICTR-L91)
Controller: Products, Action: GetAll
Response Body: [{"id":1,"name":"Яблоко","description":"","code":"85412","measuringUnit":"шт","isActive":true},{"id":3,"name":"яблочко2","description":"52","code":"8700216593106","measuringUnit":"шт","isActive":true}]
=======================================================

=======================================================
Timestamp: 2026-01-24T17:11:05.0734223Z
Method: GET
URL: /api/products
Status: 200
Duration: 14 ms
UserId: 
Client IP: ::ffff:192.168.1.141
User-Agent: Dalvik/2.1.0 (Linux; U; Android 12; CTR-L91 Build/HUAWEICTR-L91)
Controller: Products, Action: GetAll
Response Body: [{"id":1,"name":"Яблоко","description":"","code":"85412","measuringUnit":"шт","isActive":true},{"id":3,"name":"яблочко2","description":"52","code":"8700216593106","measuringUnit":"шт","isActive":true}]
=======================================================

=======================================================
Timestamp: 2026-01-24T17:11:06.2834269Z
Method: GET
URL: /api/materials/search?code=8700216593106
Status: 200
Duration: 1039 ms
UserId: 
Client IP: ::ffff:192.168.1.141
User-Agent: Dalvik/2.1.0 (Linux; U; Android 12; CTR-L91 Build/HUAWEICTR-L91)
Controller: Materials, Action: Search
Response Body: []
=======================================================

=======================================================
Timestamp: 2026-01-24T17:11:06.5767321Z
Method: GET
URL: /api/materials/search?name=8700216593106
Status: 200
Duration: 1115 ms
UserId: 
Client IP: ::ffff:192.168.1.141
User-Agent: Dalvik/2.1.0 (Linux; U; Android 12; CTR-L91 Build/HUAWEICTR-L91)
Controller: Materials, Action: Search
Response Body: []
=======================================================

=======================================================
Timestamp: 2026-01-24T17:11:07.1668628Z
Method: GET
URL: /api/products
Status: 200
Duration: 262 ms
UserId: 
Client IP: ::ffff:192.168.1.141
User-Agent: Dalvik/2.1.0 (Linux; U; Android 12; CTR-L91 Build/HUAWEICTR-L91)
Controller: Products, Action: GetAll
Response Body: [{"id":1,"name":"Яблоко","description":"","code":"85412","measuringUnit":"шт","isActive":true},{"id":3,"name":"яблочко2","description":"52","code":"8700216593106","measuringUnit":"шт","isActive":true}]
=======================================================

=======================================================
Timestamp: 2026-01-24T17:11:07.2169467Z
Method: GET
URL: /api/materials
Status: 200
Duration: 710 ms
UserId: 
Client IP: ::ffff:192.168.1.141
User-Agent: Dalvik/2.1.0 (Linux; U; Android 12; CTR-L91 Build/HUAWEICTR-L91)
Controller: Materials, Action: GetAll
Response Body: []
=======================================================

=======================================================
Timestamp: 2026-01-24T17:11:21.1912997Z
Method: GET
URL: /api/products
Status: 200
Duration: 95 ms
UserId: 
Client IP: ::ffff:192.168.1.141
User-Agent: Dalvik/2.1.0 (Linux; U; Android 12; CTR-L91 Build/HUAWEICTR-L91)
Controller: Products, Action: GetAll
Response Body: [{"id":1,"name":"Яблоко","description":"","code":"85412","measuringUnit":"шт","isActive":true},{"id":3,"name":"яблочко2","description":"52","code":"8700216593106","measuringUnit":"шт","isActive":true}]
=======================================================

=======================================================
Timestamp: 2026-01-24T17:11:21.6502439Z
Method: GET
URL: /api/warehouses
Status: 200
Duration: 314 ms
UserId: 
Client IP: ::ffff:192.168.1.141
User-Agent: Dalvik/2.1.0 (Linux; U; Android 12; CTR-L91 Build/HUAWEICTR-L91)
Controller: Warehouses, Action: GetAll
Response Body: [{"id":1,"name":"скр1","type":"Склад","isActive":true,"fromMovements":[],"toMovements":[],"fromRequests":[],"toRequests":[]}]
=======================================================

=======================================================
Timestamp: 2026-01-24T17:11:21.6566956Z
Method: GET
URL: /api/products
Status: 200
Duration: 630 ms
UserId: 
Client IP: ::ffff:192.168.1.141
User-Agent: Dalvik/2.1.0 (Linux; U; Android 12; CTR-L91 Build/HUAWEICTR-L91)
Controller: Products, Action: GetAll
Response Body: [{"id":1,"name":"Яблоко","description":"","code":"85412","measuringUnit":"шт","isActive":true},{"id":3,"name":"яблочко2","description":"52","code":"8700216593106","measuringUnit":"шт","isActive":true}]
=======================================================

=======================================================
Timestamp: 2026-01-24T17:11:58.0682364Z
Method: GET
URL: /api/materials
Status: 200
Duration: 21 ms
UserId: 
Client IP: ::ffff:192.168.1.141
User-Agent: Dalvik/2.1.0 (Linux; U; Android 12; CTR-L91 Build/HUAWEICTR-L91)
Controller: Materials, Action: GetAll
Response Body: []
=======================================================

=======================================================
Timestamp: 2026-01-24T17:11:58.4396050Z
Method: GET
URL: /api/warehouses
Status: 200
Duration: 10 ms
UserId: 
Client IP: ::ffff:192.168.1.141
User-Agent: Dalvik/2.1.0 (Linux; U; Android 12; CTR-L91 Build/HUAWEICTR-L91)
Controller: Warehouses, Action: GetAll
Response Body: [{"id":1,"name":"скр1","type":"Склад","isActive":true,"fromMovements":[],"toMovements":[],"fromRequests":[],"toRequests":[]}]
=======================================================

=======================================================
Timestamp: 2026-01-24T17:12:13.2412242Z
Method: GET
URL: /api/products
Status: 200
Duration: 9 ms
UserId: 
Client IP: ::ffff:192.168.1.141
User-Agent: Dalvik/2.1.0 (Linux; U; Android 12; CTR-L91 Build/HUAWEICTR-L91)
Controller: Products, Action: GetAll
Response Body: [{"id":1,"name":"Яблоко","description":"","code":"85412","measuringUnit":"шт","isActive":true},{"id":3,"name":"яблочко2","description":"52","code":"8700216593106","measuringUnit":"шт","isActive":true}]
=======================================================

=======================================================
Timestamp: 2026-01-24T17:12:13.3160332Z
Method: GET
URL: /api/products
Status: 200
Duration: 10 ms
UserId: 
Client IP: ::ffff:192.168.1.141
User-Agent: Dalvik/2.1.0 (Linux; U; Android 12; CTR-L91 Build/HUAWEICTR-L91)
Controller: Products, Action: GetAll
Response Body: [{"id":1,"name":"Яблоко","description":"","code":"85412","measuringUnit":"шт","isActive":true},{"id":3,"name":"яблочко2","description":"52","code":"8700216593106","measuringUnit":"шт","isActive":true}]
=======================================================

=======================================================
Timestamp: 2026-01-24T17:12:13.3227488Z
Method: GET
URL: /api/products
Status: 200
Duration: 13 ms
UserId: 
Client IP: ::ffff:192.168.1.141
User-Agent: Dalvik/2.1.0 (Linux; U; Android 12; CTR-L91 Build/HUAWEICTR-L91)
Controller: Products, Action: GetAll
Response Body: [{"id":1,"name":"Яблоко","description":"","code":"85412","measuringUnit":"шт","isActive":true},{"id":3,"name":"яблочко2","description":"52","code":"8700216593106","measuringUnit":"шт","isActive":true}]
=======================================================

=======================================================
Timestamp: 2026-01-24T17:12:13.3890246Z
Method: GET
URL: /api/materials
Status: 200
Duration: 43 ms
UserId: 
Client IP: ::ffff:192.168.1.141
User-Agent: Dalvik/2.1.0 (Linux; U; Android 12; CTR-L91 Build/HUAWEICTR-L91)
Controller: Materials, Action: GetAll
Response Body: []
=======================================================

=======================================================
Timestamp: 2026-01-24T17:12:18.0858813Z
Method: GET
URL: /api/users
Status: 200
Duration: 19 ms
UserId: 
Client IP: ::ffff:192.168.1.141
User-Agent: Dalvik/2.1.0 (Linux; U; Android 12; CTR-L91 Build/HUAWEICTR-L91)
Controller: Users, Action: GetAll
Response Body: [{"id":1,"login":"admin","encryptedPassword":"admin","name":"Админ","surname":"Системный","email":"admin@example.com","phone":"+71234567890","createdAt":"2026-01-24T01:00:36.671391Z","roleId":1,"role":{"id":1,"name":"Владелец","code":"Owner","description":"Полный доступ","rank":1},"alarmEvents":[],"sentPartRequests":[],"receivedPartRequests":[],"sentShiftTransfers":[],"receivedShiftTransfers":[]},{"id":2,"login":"eva","encryptedPassword":"$2a$12$Y0uuNdgaJp09PIOQ9JIhPuJV4BppFS8G0Z9ifm.GeDCWuf/xdumAe","name":"Eva","surname":"EvaEva","email":"eva@dura.com","phone":"57","createdAt":"2026-01-24T01:03:29.60815Z","roleId":3,"role":{"id":3,"name":"Старший экструзионщик","code":"SeniorExtruder","description":"Замещение администратора","rank":3},"alarmEvents":[],"sentPartRequests":[],"receivedPartRequests":[],"sentShiftTransfers":[],"receivedShiftTransfers":[]},{"id":3,"login":"Adam","encryptedPassword":"$2a$12$iTkjevTNbrNYDPIRz.MUGuFN7TstoAQihCnmon3z9bQOiC.iBXRzq","name":"Адам","surname":"Первый","email":"first@people.world","phone":"555","createdAt":"2026-01-24T01:04:04.400925Z","roleId":4,"role":{"id":4,"name":"Старший кладовщик","code":"SeniorWarehouseman","description":"Склады и цеха","rank":3},"alarmEvents":[],"sentPartRequests":[],"receivedPartRequests":[],"sentShiftTransfers":[],"receivedShiftTransfers":[]}]
=======================================================

=======================================================
Timestamp: 2026-01-24T17:12:18.0952371Z
Method: GET
URL: /api/materials
Status: 200
Duration: 20 ms
UserId: 
Client IP: ::ffff:192.168.1.141
User-Agent: Dalvik/2.1.0 (Linux; U; Android 12; CTR-L91 Build/HUAWEICTR-L91)
Controller: Materials, Action: GetAll
Response Body: []
=======================================================

=======================================================
Timestamp: 2026-01-24T17:12:18.1183971Z
Method: GET
URL: /api/products
Status: 200
Duration: 16 ms
UserId: 
Client IP: ::ffff:192.168.1.141
User-Agent: Dalvik/2.1.0 (Linux; U; Android 12; CTR-L91 Build/HUAWEICTR-L91)
Controller: Products, Action: GetAll
Response Body: [{"id":1,"name":"Яблоко","description":"","code":"85412","measuringUnit":"шт","isActive":true},{"id":3,"name":"яблочко2","description":"52","code":"8700216593106","measuringUnit":"шт","isActive":true}]
=======================================================

=======================================================
Timestamp: 2026-01-24T17:12:18.1734835Z
Method: GET
URL: /api/products
Status: 200
Duration: 28 ms
UserId: 
Client IP: ::ffff:192.168.1.141
User-Agent: Dalvik/2.1.0 (Linux; U; Android 12; CTR-L91 Build/HUAWEICTR-L91)
Controller: Products, Action: GetAll
Response Body: [{"id":1,"name":"Яблоко","description":"","code":"85412","measuringUnit":"шт","isActive":true},{"id":3,"name":"яблочко2","description":"52","code":"8700216593106","measuringUnit":"шт","isActive":true}]
=======================================================

=======================================================
Timestamp: 2026-01-24T17:12:18.6800141Z
Method: GET
URL: /api/users
Status: 200
Duration: 64 ms
UserId: 
Client IP: ::ffff:192.168.1.141
User-Agent: Dalvik/2.1.0 (Linux; U; Android 12; CTR-L91 Build/HUAWEICTR-L91)
Controller: Users, Action: GetAll
Response Body: [{"id":1,"login":"admin","encryptedPassword":"admin","name":"Админ","surname":"Системный","email":"admin@example.com","phone":"+71234567890","createdAt":"2026-01-24T01:00:36.671391Z","roleId":1,"role":{"id":1,"name":"Владелец","code":"Owner","description":"Полный доступ","rank":1},"alarmEvents":[],"sentPartRequests":[],"receivedPartRequests":[],"sentShiftTransfers":[],"receivedShiftTransfers":[]},{"id":2,"login":"eva","encryptedPassword":"$2a$12$Y0uuNdgaJp09PIOQ9JIhPuJV4BppFS8G0Z9ifm.GeDCWuf/xdumAe","name":"Eva","surname":"EvaEva","email":"eva@dura.com","phone":"57","createdAt":"2026-01-24T01:03:29.60815Z","roleId":3,"role":{"id":3,"name":"Старший экструзионщик","code":"SeniorExtruder","description":"Замещение администратора","rank":3},"alarmEvents":[],"sentPartRequests":[],"receivedPartRequests":[],"sentShiftTransfers":[],"receivedShiftTransfers":[]},{"id":3,"login":"Adam","encryptedPassword":"$2a$12$iTkjevTNbrNYDPIRz.MUGuFN7TstoAQihCnmon3z9bQOiC.iBXRzq","name":"Адам","surname":"Первый","email":"first@people.world","phone":"555","createdAt":"2026-01-24T01:04:04.400925Z","roleId":4,"role":{"id":4,"name":"Старший кладовщик","code":"SeniorWarehouseman","description":"Склады и цеха","rank":3},"alarmEvents":[],"sentPartRequests":[],"receivedPartRequests":[],"sentShiftTransfers":[],"receivedShiftTransfers":[]}]
=======================================================

=======================================================
Timestamp: 2026-01-24T17:12:19.0687193Z
Method: GET
URL: /api/materials
Status: 200
Duration: 7 ms
UserId: 
Client IP: ::ffff:192.168.1.141
User-Agent: Dalvik/2.1.0 (Linux; U; Android 12; CTR-L91 Build/HUAWEICTR-L91)
Controller: Materials, Action: GetAll
Response Body: []
=======================================================

=======================================================
Timestamp: 2026-01-24T17:12:19.0986771Z
Method: GET
URL: /api/products
Status: 200
Duration: 10 ms
UserId: 
Client IP: ::ffff:192.168.1.141
User-Agent: Dalvik/2.1.0 (Linux; U; Android 12; CTR-L91 Build/HUAWEICTR-L91)
Controller: Products, Action: GetAll
Response Body: [{"id":1,"name":"Яблоко","description":"","code":"85412","measuringUnit":"шт","isActive":true},{"id":3,"name":"яблочко2","description":"52","code":"8700216593106","measuringUnit":"шт","isActive":true}]
=======================================================

=======================================================
Timestamp: 2026-01-24T17:12:19.1864694Z
Method: GET
URL: /api/warehouses
Status: 200
Duration: 55 ms
UserId: 
Client IP: ::ffff:192.168.1.141
User-Agent: Dalvik/2.1.0 (Linux; U; Android 12; CTR-L91 Build/HUAWEICTR-L91)
Controller: Warehouses, Action: GetAll
Response Body: [{"id":1,"name":"скр1","type":"Склад","isActive":true,"fromMovements":[],"toMovements":[],"fromRequests":[],"toRequests":[]}]
=======================================================

=======================================================
Timestamp: 2026-01-24T17:12:19.2560061Z
Method: GET
URL: /api/products
Status: 200
Duration: 468 ms
UserId: 
Client IP: ::ffff:192.168.1.141
User-Agent: Dalvik/2.1.0 (Linux; U; Android 12; CTR-L91 Build/HUAWEICTR-L91)
Controller: Products, Action: GetAll
Response Body: [{"id":1,"name":"Яблоко","description":"","code":"85412","measuringUnit":"шт","isActive":true},{"id":3,"name":"яблочко2","description":"52","code":"8700216593106","measuringUnit":"шт","isActive":true}]
=======================================================

=======================================================
Timestamp: 2026-01-24T17:12:26.0296966Z
Method: GET
URL: /api/warehouses
Status: 200
Duration: 11 ms
UserId: 
Client IP: ::ffff:192.168.1.141
User-Agent: Dalvik/2.1.0 (Linux; U; Android 12; CTR-L91 Build/HUAWEICTR-L91)
Controller: Warehouses, Action: GetAll
Response Body: [{"id":1,"name":"скр1","type":"Склад","isActive":true,"fromMovements":[],"toMovements":[],"fromRequests":[],"toRequests":[]}]
=======================================================

=======================================================
Timestamp: 2026-01-24T17:12:26.1520498Z
Method: GET
URL: /api/materials
Status: 200
Duration: 37 ms
UserId: 
Client IP: ::ffff:192.168.1.141
User-Agent: Dalvik/2.1.0 (Linux; U; Android 12; CTR-L91 Build/HUAWEICTR-L91)
Controller: Materials, Action: GetAll
Response Body: []
=======================================================

=======================================================
Timestamp: 2026-01-24T17:12:26.1716156Z
Method: GET
URL: /api/products
Status: 200
Duration: 45 ms
UserId: 
Client IP: ::ffff:192.168.1.141
User-Agent: Dalvik/2.1.0 (Linux; U; Android 12; CTR-L91 Build/HUAWEICTR-L91)
Controller: Products, Action: GetAll
Response Body: [{"id":1,"name":"Яблоко","description":"","code":"85412","measuringUnit":"шт","isActive":true},{"id":3,"name":"яблочко2","description":"52","code":"8700216593106","measuringUnit":"шт","isActive":true}]
=======================================================

=======================================================
Timestamp: 2026-01-24T17:12:26.1924757Z
Method: GET
URL: /api/products
Status: 200
Duration: 64 ms
UserId: 
Client IP: ::ffff:192.168.1.141
User-Agent: Dalvik/2.1.0 (Linux; U; Android 12; CTR-L91 Build/HUAWEICTR-L91)
Controller: Products, Action: GetAll
Response Body: [{"id":1,"name":"Яблоко","description":"","code":"85412","measuringUnit":"шт","isActive":true},{"id":3,"name":"яблочко2","description":"52","code":"8700216593106","measuringUnit":"шт","isActive":true}]
=======================================================

=======================================================
Timestamp: 2026-01-24T17:12:26.2340133Z
Method: GET
URL: /api/warehouses
Status: 200
Duration: 16 ms
UserId: 
Client IP: ::ffff:192.168.1.141
User-Agent: Dalvik/2.1.0 (Linux; U; Android 12; CTR-L91 Build/HUAWEICTR-L91)
Controller: Warehouses, Action: GetAll
Response Body: [{"id":1,"name":"скр1","type":"Склад","isActive":true,"fromMovements":[],"toMovements":[],"fromRequests":[],"toRequests":[]}]
=======================================================

=======================================================
Timestamp: 2026-01-24T17:12:26.2825508Z
Method: GET
URL: /api/users
Status: 200
Duration: 62 ms
UserId: 
Client IP: ::ffff:192.168.1.141
User-Agent: Dalvik/2.1.0 (Linux; U; Android 12; CTR-L91 Build/HUAWEICTR-L91)
Controller: Users, Action: GetAll
Response Body: [{"id":1,"login":"admin","encryptedPassword":"admin","name":"Админ","surname":"Системный","email":"admin@example.com","phone":"+71234567890","createdAt":"2026-01-24T01:00:36.671391Z","roleId":1,"role":{"id":1,"name":"Владелец","code":"Owner","description":"Полный доступ","rank":1},"alarmEvents":[],"sentPartRequests":[],"receivedPartRequests":[],"sentShiftTransfers":[],"receivedShiftTransfers":[]},{"id":2,"login":"eva","encryptedPassword":"$2a$12$Y0uuNdgaJp09PIOQ9JIhPuJV4BppFS8G0Z9ifm.GeDCWuf/xdumAe","name":"Eva","surname":"EvaEva","email":"eva@dura.com","phone":"57","createdAt":"2026-01-24T01:03:29.60815Z","roleId":3,"role":{"id":3,"name":"Старший экструзионщик","code":"SeniorExtruder","description":"Замещение администратора","rank":3},"alarmEvents":[],"sentPartRequests":[],"receivedPartRequests":[],"sentShiftTransfers":[],"receivedShiftTransfers":[]},{"id":3,"login":"Adam","encryptedPassword":"$2a$12$iTkjevTNbrNYDPIRz.MUGuFN7TstoAQihCnmon3z9bQOiC.iBXRzq","name":"Адам","surname":"Первый","email":"first@people.world","phone":"555","createdAt":"2026-01-24T01:04:04.400925Z","roleId":4,"role":{"id":4,"name":"Старший кладовщик","code":"SeniorWarehouseman","description":"Склады и цеха","rank":3},"alarmEvents":[],"sentPartRequests":[],"receivedPartRequests":[],"sentShiftTransfers":[],"receivedShiftTransfers":[]}]
=======================================================

=======================================================
Timestamp: 2026-01-24T17:12:26.3154481Z
Method: GET
URL: /api/warehouses
Status: 200
Duration: 53 ms
UserId: 
Client IP: ::ffff:192.168.1.141
User-Agent: Dalvik/2.1.0 (Linux; U; Android 12; CTR-L91 Build/HUAWEICTR-L91)
Controller: Warehouses, Action: GetAll
Response Body: [{"id":1,"name":"скр1","type":"Склад","isActive":true,"fromMovements":[],"toMovements":[],"fromRequests":[],"toRequests":[]}]
=======================================================

=======================================================
Timestamp: 2026-01-24T17:12:26.3768038Z
Method: GET
URL: /api/products
Status: 200
Duration: 57 ms
UserId: 
Client IP: ::ffff:192.168.1.141
User-Agent: Dalvik/2.1.0 (Linux; U; Android 12; CTR-L91 Build/HUAWEICTR-L91)
Controller: Products, Action: GetAll
Response Body: [{"id":1,"name":"Яблоко","description":"","code":"85412","measuringUnit":"шт","isActive":true},{"id":3,"name":"яблочко2","description":"52","code":"8700216593106","measuringUnit":"шт","isActive":true}]
=======================================================

=======================================================
Timestamp: 2026-01-24T17:12:47.2434034Z
Method: GET
URL: /api/warehouses
Status: 200
Duration: 17 ms
UserId: 
Client IP: ::ffff:192.168.1.141
User-Agent: Dalvik/2.1.0 (Linux; U; Android 12; CTR-L91 Build/HUAWEICTR-L91)
Controller: Warehouses, Action: GetAll
Response Body: [{"id":1,"name":"скр1","type":"Склад","isActive":true,"fromMovements":[],"toMovements":[],"fromRequests":[],"toRequests":[]}]
=======================================================

=======================================================
Timestamp: 2026-01-24T17:12:47.2507274Z
Method: GET
URL: /api/products
Status: 200
Duration: 9 ms
UserId: 
Client IP: ::ffff:192.168.1.141
User-Agent: Dalvik/2.1.0 (Linux; U; Android 12; CTR-L91 Build/HUAWEICTR-L91)
Controller: Products, Action: GetAll
Response Body: [{"id":1,"name":"Яблоко","description":"","code":"85412","measuringUnit":"шт","isActive":true},{"id":3,"name":"яблочко2","description":"52","code":"8700216593106","measuringUnit":"шт","isActive":true}]
=======================================================

=======================================================
Timestamp: 2026-01-24T17:12:47.2570029Z
Method: GET
URL: /api/users
Status: 200
Duration: 16 ms
UserId: 
Client IP: ::ffff:192.168.1.141
User-Agent: Dalvik/2.1.0 (Linux; U; Android 12; CTR-L91 Build/HUAWEICTR-L91)
Controller: Users, Action: GetAll
Response Body: [{"id":1,"login":"admin","encryptedPassword":"admin","name":"Админ","surname":"Системный","email":"admin@example.com","phone":"+71234567890","createdAt":"2026-01-24T01:00:36.671391Z","roleId":1,"role":{"id":1,"name":"Владелец","code":"Owner","description":"Полный доступ","rank":1},"alarmEvents":[],"sentPartRequests":[],"receivedPartRequests":[],"sentShiftTransfers":[],"receivedShiftTransfers":[]},{"id":2,"login":"eva","encryptedPassword":"$2a$12$Y0uuNdgaJp09PIOQ9JIhPuJV4BppFS8G0Z9ifm.GeDCWuf/xdumAe","name":"Eva","surname":"EvaEva","email":"eva@dura.com","phone":"57","createdAt":"2026-01-24T01:03:29.60815Z","roleId":3,"role":{"id":3,"name":"Старший экструзионщик","code":"SeniorExtruder","description":"Замещение администратора","rank":3},"alarmEvents":[],"sentPartRequests":[],"receivedPartRequests":[],"sentShiftTransfers":[],"receivedShiftTransfers":[]},{"id":3,"login":"Adam","encryptedPassword":"$2a$12$iTkjevTNbrNYDPIRz.MUGuFN7TstoAQihCnmon3z9bQOiC.iBXRzq","name":"Адам","surname":"Первый","email":"first@people.world","phone":"555","createdAt":"2026-01-24T01:04:04.400925Z","roleId":4,"role":{"id":4,"name":"Старший кладовщик","code":"SeniorWarehouseman","description":"Склады и цеха","rank":3},"alarmEvents":[],"sentPartRequests":[],"receivedPartRequests":[],"sentShiftTransfers":[],"receivedShiftTransfers":[]}]
=======================================================

=======================================================
Timestamp: 2026-01-24T17:12:47.2697574Z
Method: GET
URL: /api/materials
Status: 200
Duration: 32 ms
UserId: 
Client IP: ::ffff:192.168.1.141
User-Agent: Dalvik/2.1.0 (Linux; U; Android 12; CTR-L91 Build/HUAWEICTR-L91)
Controller: Materials, Action: GetAll
Response Body: []
=======================================================

=======================================================
Timestamp: 2026-01-24T17:12:47.3808041Z
Method: GET
URL: /api/products
Status: 200
Duration: 11 ms
UserId: 
Client IP: ::ffff:192.168.1.141
User-Agent: Dalvik/2.1.0 (Linux; U; Android 12; CTR-L91 Build/HUAWEICTR-L91)
Controller: Products, Action: GetAll
Response Body: [{"id":1,"name":"Яблоко","description":"","code":"85412","measuringUnit":"шт","isActive":true},{"id":3,"name":"яблочко2","description":"52","code":"8700216593106","measuringUnit":"шт","isActive":true}]
=======================================================

=======================================================
Timestamp: 2026-01-24T17:12:47.3995342Z
Method: GET
URL: /api/warehouses
Status: 200
Duration: 30 ms
UserId: 
Client IP: ::ffff:192.168.1.141
User-Agent: Dalvik/2.1.0 (Linux; U; Android 12; CTR-L91 Build/HUAWEICTR-L91)
Controller: Warehouses, Action: GetAll
Response Body: [{"id":1,"name":"скр1","type":"Склад","isActive":true,"fromMovements":[],"toMovements":[],"fromRequests":[],"toRequests":[]}]
=======================================================

=======================================================
Timestamp: 2026-01-24T17:12:47.4087998Z
Method: GET
URL: /api/products
Status: 200
Duration: 38 ms
UserId: 
Client IP: ::ffff:192.168.1.141
User-Agent: Dalvik/2.1.0 (Linux; U; Android 12; CTR-L91 Build/HUAWEICTR-L91)
Controller: Products, Action: GetAll
Response Body: [{"id":1,"name":"Яблоко","description":"","code":"85412","measuringUnit":"шт","isActive":true},{"id":3,"name":"яблочко2","description":"52","code":"8700216593106","measuringUnit":"шт","isActive":true}]
=======================================================

=======================================================
Timestamp: 2026-01-24T17:12:47.4119508Z
Method: GET
URL: /api/products
Status: 200
Duration: 23 ms
UserId: 
Client IP: ::ffff:192.168.1.141
User-Agent: Dalvik/2.1.0 (Linux; U; Android 12; CTR-L91 Build/HUAWEICTR-L91)
Controller: Products, Action: GetAll
Response Body: [{"id":1,"name":"Яблоко","description":"","code":"85412","measuringUnit":"шт","isActive":true},{"id":3,"name":"яблочко2","description":"52","code":"8700216593106","measuringUnit":"шт","isActive":true}]
=======================================================

=======================================================
Timestamp: 2026-01-24T17:12:47.4131480Z
Method: GET
URL: /api/products
Status: 200
Duration: 19 ms
UserId: 
Client IP: ::ffff:192.168.1.141
User-Agent: Dalvik/2.1.0 (Linux; U; Android 12; CTR-L91 Build/HUAWEICTR-L91)
Controller: Products, Action: GetAll
Response Body: [{"id":1,"name":"Яблоко","description":"","code":"85412","measuringUnit":"шт","isActive":true},{"id":3,"name":"яблочко2","description":"52","code":"8700216593106","measuringUnit":"шт","isActive":true}]
=======================================================

=======================================================
Timestamp: 2026-01-24T17:12:47.4332313Z
Method: POST
URL: /api/products
Status: 201
Duration: 15 ms
UserId: 
Client IP: ::ffff:192.168.1.141
User-Agent: Dalvik/2.1.0 (Linux; U; Android 12; CTR-L91 Build/HUAWEICTR-L91)
Controller: Products, Action: CreateProduct
Response Body: {"message":"Product created successfully","product":{"id":4,"name":"коктк","description":"ала","code":"8700216593106","measuringUnit":"шт","isActive":true}}
=======================================================

=======================================================
Timestamp: 2026-01-24T17:12:47.6306533Z
Method: GET
URL: /api/materials
Status: 200
Duration: 15 ms
UserId: 
Client IP: ::ffff:192.168.1.141
User-Agent: Dalvik/2.1.0 (Linux; U; Android 12; CTR-L91 Build/HUAWEICTR-L91)
Controller: Materials, Action: GetAll
Response Body: []
=======================================================

=======================================================
Timestamp: 2026-01-24T17:12:47.6672407Z
Method: GET
URL: /api/warehouses
Status: 200
Duration: 24 ms
UserId: 
Client IP: ::ffff:192.168.1.141
User-Agent: Dalvik/2.1.0 (Linux; U; Android 12; CTR-L91 Build/HUAWEICTR-L91)
Controller: Warehouses, Action: GetAll
Response Body: [{"id":1,"name":"скр1","type":"Склад","isActive":true,"fromMovements":[],"toMovements":[],"fromRequests":[],"toRequests":[]}]
=======================================================

=======================================================
Timestamp: 2026-01-24T17:12:47.6815608Z
Method: GET
URL: /api/users
Status: 200
Duration: 19 ms
UserId: 
Client IP: ::ffff:192.168.1.141
User-Agent: Dalvik/2.1.0 (Linux; U; Android 12; CTR-L91 Build/HUAWEICTR-L91)
Controller: Users, Action: GetAll
Response Body: [{"id":1,"login":"admin","encryptedPassword":"admin","name":"Админ","surname":"Системный","email":"admin@example.com","phone":"+71234567890","createdAt":"2026-01-24T01:00:36.671391Z","roleId":1,"role":{"id":1,"name":"Владелец","code":"Owner","description":"Полный доступ","rank":1},"alarmEvents":[],"sentPartRequests":[],"receivedPartRequests":[],"sentShiftTransfers":[],"receivedShiftTransfers":[]},{"id":2,"login":"eva","encryptedPassword":"$2a$12$Y0uuNdgaJp09PIOQ9JIhPuJV4BppFS8G0Z9ifm.GeDCWuf/xdumAe","name":"Eva","surname":"EvaEva","email":"eva@dura.com","phone":"57","createdAt":"2026-01-24T01:03:29.60815Z","roleId":3,"role":{"id":3,"name":"Старший экструзионщик","code":"SeniorExtruder","description":"Замещение администратора","rank":3},"alarmEvents":[],"sentPartRequests":[],"receivedPartRequests":[],"sentShiftTransfers":[],"receivedShiftTransfers":[]},{"id":3,"login":"Adam","encryptedPassword":"$2a$12$iTkjevTNbrNYDPIRz.MUGuFN7TstoAQihCnmon3z9bQOiC.iBXRzq","name":"Адам","surname":"Первый","email":"first@people.world","phone":"555","createdAt":"2026-01-24T01:04:04.400925Z","roleId":4,"role":{"id":4,"name":"Старший кладовщик","code":"SeniorWarehouseman","description":"Склады и цеха","rank":3},"alarmEvents":[],"sentPartRequests":[],"receivedPartRequests":[],"sentShiftTransfers":[],"receivedShiftTransfers":[]}]
=======================================================

=======================================================
Timestamp: 2026-01-24T17:12:47.7154749Z
Method: GET
URL: /api/products
Status: 200
Duration: 18 ms
UserId: 
Client IP: ::ffff:192.168.1.141
User-Agent: Dalvik/2.1.0 (Linux; U; Android 12; CTR-L91 Build/HUAWEICTR-L91)
Controller: Products, Action: GetAll
Response Body: [{"id":1,"name":"Яблоко","description":"","code":"85412","measuringUnit":"шт","isActive":true},{"id":3,"name":"яблочко2","description":"52","code":"8700216593106","measuringUnit":"шт","isActive":true},{"id":4,"name":"коктк","description":"ала","code":"8700216593106","measuringUnit":"шт","isActive":true}]
=======================================================

=======================================================
Timestamp: 2026-01-24T17:12:47.8698016Z
Method: GET
URL: /api/products
Status: 200
Duration: 50 ms
UserId: 
Client IP: ::ffff:192.168.1.141
User-Agent: Dalvik/2.1.0 (Linux; U; Android 12; CTR-L91 Build/HUAWEICTR-L91)
Controller: Products, Action: GetAll
Response Body: [{"id":1,"name":"Яблоко","description":"","code":"85412","measuringUnit":"шт","isActive":true},{"id":3,"name":"яблочко2","description":"52","code":"8700216593106","measuringUnit":"шт","isActive":true},{"id":4,"name":"коктк","description":"ала","code":"8700216593106","measuringUnit":"шт","isActive":true}]
=======================================================

=======================================================
Timestamp: 2026-01-24T17:12:47.8992234Z
Method: GET
URL: /api/warehouses
Status: 200
Duration: 30 ms
UserId: 
Client IP: ::ffff:192.168.1.141
User-Agent: Dalvik/2.1.0 (Linux; U; Android 12; CTR-L91 Build/HUAWEICTR-L91)
Controller: Warehouses, Action: GetAll
Response Body: [{"id":1,"name":"скр1","type":"Склад","isActive":true,"fromMovements":[],"toMovements":[],"fromRequests":[],"toRequests":[]}]
=======================================================

=======================================================
Timestamp: 2026-01-24T17:12:47.9800403Z
Method: GET
URL: /api/products
Status: 200
Duration: 130 ms
UserId: 
Client IP: ::ffff:192.168.1.141
User-Agent: Dalvik/2.1.0 (Linux; U; Android 12; CTR-L91 Build/HUAWEICTR-L91)
Controller: Products, Action: GetAll
Response Body: [{"id":1,"name":"Яблоко","description":"","code":"85412","measuringUnit":"шт","isActive":true},{"id":3,"name":"яблочко2","description":"52","code":"8700216593106","measuringUnit":"шт","isActive":true},{"id":4,"name":"коктк","description":"ала","code":"8700216593106","measuringUnit":"шт","isActive":true}]
=======================================================

=======================================================
Timestamp: 2026-01-24T17:12:47.9835192Z
Method: GET
URL: /api/products
Status: 200
Duration: 341 ms
UserId: 
Client IP: ::ffff:192.168.1.141
User-Agent: Dalvik/2.1.0 (Linux; U; Android 12; CTR-L91 Build/HUAWEICTR-L91)
Controller: Products, Action: GetAll
Response Body: [{"id":1,"name":"Яблоко","description":"","code":"85412","measuringUnit":"шт","isActive":true},{"id":3,"name":"яблочко2","description":"52","code":"8700216593106","measuringUnit":"шт","isActive":true},{"id":4,"name":"коктк","description":"ала","code":"8700216593106","measuringUnit":"шт","isActive":true}]
=======================================================

=======================================================
Timestamp: 2026-01-24T17:12:49.9886954Z
Method: GET
URL: /api/warehouses
Status: 200
Duration: 8 ms
UserId: 
Client IP: ::ffff:192.168.1.141
User-Agent: Dalvik/2.1.0 (Linux; U; Android 12; CTR-L91 Build/HUAWEICTR-L91)
Controller: Warehouses, Action: GetAll
Response Body: [{"id":1,"name":"скр1","type":"Склад","isActive":true,"fromMovements":[],"toMovements":[],"fromRequests":[],"toRequests":[]}]
=======================================================

=======================================================
Timestamp: 2026-01-24T17:12:49.9986726Z
Method: GET
URL: /api/users
Status: 200
Duration: 9 ms
UserId: 
Client IP: ::ffff:192.168.1.141
User-Agent: Dalvik/2.1.0 (Linux; U; Android 12; CTR-L91 Build/HUAWEICTR-L91)
Controller: Users, Action: GetAll
Response Body: [{"id":1,"login":"admin","encryptedPassword":"admin","name":"Админ","surname":"Системный","email":"admin@example.com","phone":"+71234567890","createdAt":"2026-01-24T01:00:36.671391Z","roleId":1,"role":{"id":1,"name":"Владелец","code":"Owner","description":"Полный доступ","rank":1},"alarmEvents":[],"sentPartRequests":[],"receivedPartRequests":[],"sentShiftTransfers":[],"receivedShiftTransfers":[]},{"id":2,"login":"eva","encryptedPassword":"$2a$12$Y0uuNdgaJp09PIOQ9JIhPuJV4BppFS8G0Z9ifm.GeDCWuf/xdumAe","name":"Eva","surname":"EvaEva","email":"eva@dura.com","phone":"57","createdAt":"2026-01-24T01:03:29.60815Z","roleId":3,"role":{"id":3,"name":"Старший экструзионщик","code":"SeniorExtruder","description":"Замещение администратора","rank":3},"alarmEvents":[],"sentPartRequests":[],"receivedPartRequests":[],"sentShiftTransfers":[],"receivedShiftTransfers":[]},{"id":3,"login":"Adam","encryptedPassword":"$2a$12$iTkjevTNbrNYDPIRz.MUGuFN7TstoAQihCnmon3z9bQOiC.iBXRzq","name":"Адам","surname":"Первый","email":"first@people.world","phone":"555","createdAt":"2026-01-24T01:04:04.400925Z","roleId":4,"role":{"id":4,"name":"Старший кладовщик","code":"SeniorWarehouseman","description":"Склады и цеха","rank":3},"alarmEvents":[],"sentPartRequests":[],"receivedPartRequests":[],"sentShiftTransfers":[],"receivedShiftTransfers":[]}]
=======================================================

=======================================================
Timestamp: 2026-01-24T17:12:50.0084640Z
Method: GET
URL: /api/materials
Status: 200
Duration: 8 ms
UserId: 
Client IP: ::ffff:192.168.1.141
User-Agent: Dalvik/2.1.0 (Linux; U; Android 12; CTR-L91 Build/HUAWEICTR-L91)
Controller: Materials, Action: GetAll
Response Body: []
=======================================================

=======================================================
Timestamp: 2026-01-24T17:12:50.0954659Z
Method: GET
URL: /api/warehouses
Status: 200
Duration: 51 ms
UserId: 
Client IP: ::ffff:192.168.1.141
User-Agent: Dalvik/2.1.0 (Linux; U; Android 12; CTR-L91 Build/HUAWEICTR-L91)
Controller: Warehouses, Action: GetAll
Response Body: [{"id":1,"name":"скр1","type":"Склад","isActive":true,"fromMovements":[],"toMovements":[],"fromRequests":[],"toRequests":[]}]
=======================================================

=======================================================
Timestamp: 2026-01-24T17:12:50.1165603Z
Method: GET
URL: /api/products
Status: 200
Duration: 21 ms
UserId: 
Client IP: ::ffff:192.168.1.141
User-Agent: Dalvik/2.1.0 (Linux; U; Android 12; CTR-L91 Build/HUAWEICTR-L91)
Controller: Products, Action: GetAll
Response Body: [{"id":1,"name":"Яблоко","description":"","code":"85412","measuringUnit":"шт","isActive":true},{"id":3,"name":"яблочко2","description":"52","code":"8700216593106","measuringUnit":"шт","isActive":true},{"id":4,"name":"коктк","description":"ала","code":"8700216593106","measuringUnit":"шт","isActive":true}]
=======================================================

=======================================================
Timestamp: 2026-01-24T17:12:50.1185011Z
Method: GET
URL: /api/products
Status: 200
Duration: 45 ms
UserId: 
Client IP: ::ffff:192.168.1.141
User-Agent: Dalvik/2.1.0 (Linux; U; Android 12; CTR-L91 Build/HUAWEICTR-L91)
Controller: Products, Action: GetAll
Response Body: [{"id":1,"name":"Яблоко","description":"","code":"85412","measuringUnit":"шт","isActive":true},{"id":3,"name":"яблочко2","description":"52","code":"8700216593106","measuringUnit":"шт","isActive":true},{"id":4,"name":"коктк","description":"ала","code":"8700216593106","measuringUnit":"шт","isActive":true}]
=======================================================

=======================================================
Timestamp: 2026-01-24T17:12:50.1423722Z
Method: GET
URL: /api/products
Status: 200
Duration: 35 ms
UserId: 
Client IP: ::ffff:192.168.1.141
User-Agent: Dalvik/2.1.0 (Linux; U; Android 12; CTR-L91 Build/HUAWEICTR-L91)
Controller: Products, Action: GetAll
Response Body: [{"id":1,"name":"Яблоко","description":"","code":"85412","measuringUnit":"шт","isActive":true},{"id":3,"name":"яблочко2","description":"52","code":"8700216593106","measuringUnit":"шт","isActive":true},{"id":4,"name":"коктк","description":"ала","code":"8700216593106","measuringUnit":"шт","isActive":true}]
=======================================================

=======================================================
Timestamp: 2026-01-24T17:15:14.4067559Z
Method: GET
URL: /api/products
Status: 200
Duration: 13 ms
UserId: 
Client IP: ::ffff:192.168.1.141
User-Agent: Dalvik/2.1.0 (Linux; U; Android 12; CTR-L91 Build/HUAWEICTR-L91)
Controller: Products, Action: GetAll
Response Body: [{"id":1,"name":"Яблоко","description":"","code":"85412","measuringUnit":"шт","isActive":true},{"id":3,"name":"яблочко2","description":"52","code":"8700216593106","measuringUnit":"шт","isActive":true},{"id":4,"name":"коктк","description":"ала","code":"8700216593106","measuringUnit":"шт","isActive":true}]
=======================================================

=======================================================
Timestamp: 2026-01-24T17:15:14.4656655Z
Method: GET
URL: /api/warehouses
Status: 200
Duration: 6 ms
UserId: 
Client IP: ::ffff:192.168.1.141
User-Agent: Dalvik/2.1.0 (Linux; U; Android 12; CTR-L91 Build/HUAWEICTR-L91)
Controller: Warehouses, Action: GetAll
Response Body: [{"id":1,"name":"скр1","type":"Склад","isActive":true,"fromMovements":[],"toMovements":[],"fromRequests":[],"toRequests":[]}]
=======================================================

=======================================================
Timestamp: 2026-01-24T17:15:14.8102738Z
Method: GET
URL: /api/materials
Status: 200
Duration: 23 ms
UserId: 
Client IP: ::ffff:192.168.1.141
User-Agent: Dalvik/2.1.0 (Linux; U; Android 12; CTR-L91 Build/HUAWEICTR-L91)
Controller: Materials, Action: GetAll
Response Body: []
=======================================================

=======================================================
Timestamp: 2026-01-24T17:15:14.9728086Z
Method: GET
URL: /api/products
Status: 200
Duration: 169 ms
UserId: 
Client IP: ::ffff:192.168.1.141
User-Agent: Dalvik/2.1.0 (Linux; U; Android 12; CTR-L91 Build/HUAWEICTR-L91)
Controller: Products, Action: GetAll
Response Body: [{"id":1,"name":"Яблоко","description":"","code":"85412","measuringUnit":"шт","isActive":true},{"id":3,"name":"яблочко2","description":"52","code":"8700216593106","measuringUnit":"шт","isActive":true},{"id":4,"name":"коктк","description":"ала","code":"8700216593106","measuringUnit":"шт","isActive":true}]
=======================================================

=======================================================
Timestamp: 2026-01-24T17:15:15.1916631Z
Method: GET
URL: /api/products
Status: 200
Duration: 685 ms
UserId: 
Client IP: ::ffff:192.168.1.141
User-Agent: Dalvik/2.1.0 (Linux; U; Android 12; CTR-L91 Build/HUAWEICTR-L91)
Controller: Products, Action: GetAll
Response Body: [{"id":1,"name":"Яблоко","description":"","code":"85412","measuringUnit":"шт","isActive":true},{"id":3,"name":"яблочко2","description":"52","code":"8700216593106","measuringUnit":"шт","isActive":true},{"id":4,"name":"коктк","description":"ала","code":"8700216593106","measuringUnit":"шт","isActive":true},{"id":5,"name":"огурец","description":"","code":"8700216593106","measuringUnit":"шт","isActive":true}]
=======================================================

=======================================================
Timestamp: 2026-01-24T17:15:15.1937048Z
Method: POST
URL: /api/products
Status: 201
Duration: 391 ms
UserId: 
Client IP: ::ffff:192.168.1.141
User-Agent: Dalvik/2.1.0 (Linux; U; Android 12; CTR-L91 Build/HUAWEICTR-L91)
Controller: Products, Action: CreateProduct
Response Body: {"message":"Product created successfully","product":{"id":5,"name":"огурец","description":"","code":"8700216593106","measuringUnit":"шт","isActive":true}}
=======================================================

=======================================================
Timestamp: 2026-01-24T17:15:15.2389400Z
Method: GET
URL: /api/products
Status: 200
Duration: 17 ms
UserId: 
Client IP: ::ffff:192.168.1.141
User-Agent: Dalvik/2.1.0 (Linux; U; Android 12; CTR-L91 Build/HUAWEICTR-L91)
Controller: Products, Action: GetAll
Response Body: [{"id":1,"name":"Яблоко","description":"","code":"85412","measuringUnit":"шт","isActive":true},{"id":3,"name":"яблочко2","description":"52","code":"8700216593106","measuringUnit":"шт","isActive":true},{"id":4,"name":"коктк","description":"ала","code":"8700216593106","measuringUnit":"шт","isActive":true},{"id":5,"name":"огурец","description":"","code":"8700216593106","measuringUnit":"шт","isActive":true}]
=======================================================

=======================================================
Timestamp: 2026-01-24T17:15:15.3028392Z
Method: GET
URL: /api/materials
Status: 200
Duration: 47 ms
UserId: 
Client IP: ::ffff:192.168.1.141
User-Agent: Dalvik/2.1.0 (Linux; U; Android 12; CTR-L91 Build/HUAWEICTR-L91)
Controller: Materials, Action: GetAll
Response Body: []
=======================================================

=======================================================
Timestamp: 2026-01-24T17:15:15.3096186Z
Method: GET
URL: /api/warehouses
Status: 200
Duration: 8 ms
UserId: 
Client IP: ::ffff:192.168.1.141
User-Agent: Dalvik/2.1.0 (Linux; U; Android 12; CTR-L91 Build/HUAWEICTR-L91)
Controller: Warehouses, Action: GetAll
Response Body: [{"id":1,"name":"скр1","type":"Склад","isActive":true,"fromMovements":[],"toMovements":[],"fromRequests":[],"toRequests":[]}]
=======================================================

=======================================================
Timestamp: 2026-01-24T17:15:15.4027634Z
Method: GET
URL: /api/products
Status: 200
Duration: 89 ms
UserId: 
Client IP: ::ffff:192.168.1.141
User-Agent: Dalvik/2.1.0 (Linux; U; Android 12; CTR-L91 Build/HUAWEICTR-L91)
Controller: Products, Action: GetAll
Response Body: [{"id":1,"name":"Яблоко","description":"","code":"85412","measuringUnit":"шт","isActive":true},{"id":3,"name":"яблочко2","description":"52","code":"8700216593106","measuringUnit":"шт","isActive":true},{"id":4,"name":"коктк","description":"ала","code":"8700216593106","measuringUnit":"шт","isActive":true},{"id":5,"name":"огурец","description":"","code":"8700216593106","measuringUnit":"шт","isActive":true}]
=======================================================

=======================================================
Timestamp: 2026-01-24T17:15:15.5550408Z
Method: GET
URL: /api/products
Status: 200
Duration: 167 ms
UserId: 
Client IP: ::ffff:192.168.1.141
User-Agent: Dalvik/2.1.0 (Linux; U; Android 12; CTR-L91 Build/HUAWEICTR-L91)
Controller: Products, Action: GetAll
Response Body: [{"id":1,"name":"Яблоко","description":"","code":"85412","measuringUnit":"шт","isActive":true},{"id":3,"name":"яблочко2","description":"52","code":"8700216593106","measuringUnit":"шт","isActive":true},{"id":4,"name":"коктк","description":"ала","code":"8700216593106","measuringUnit":"шт","isActive":true},{"id":5,"name":"огурец","description":"","code":"8700216593106","measuringUnit":"шт","isActive":true}]
=======================================================

=======================================================
Timestamp: 2026-01-24T17:15:15.5698013Z
Method: GET
URL: /api/products
Status: 200
Duration: 256 ms
UserId: 
Client IP: ::ffff:192.168.1.141
User-Agent: Dalvik/2.1.0 (Linux; U; Android 12; CTR-L91 Build/HUAWEICTR-L91)
Controller: Products, Action: GetAll
Response Body: [{"id":1,"name":"Яблоко","description":"","code":"85412","measuringUnit":"шт","isActive":true},{"id":3,"name":"яблочко2","description":"52","code":"8700216593106","measuringUnit":"шт","isActive":true},{"id":4,"name":"коктк","description":"ала","code":"8700216593106","measuringUnit":"шт","isActive":true},{"id":5,"name":"огурец","description":"","code":"8700216593106","measuringUnit":"шт","isActive":true}]
=======================================================

=======================================================
Timestamp: 2026-01-24T17:15:49.6144670Z
Method: GET
URL: /api/materials
Status: 200
Duration: 14 ms
UserId: 
Client IP: ::ffff:192.168.1.141
User-Agent: Dalvik/2.1.0 (Linux; U; Android 12; CTR-L91 Build/HUAWEICTR-L91)
Controller: Materials, Action: GetAll
Response Body: []
=======================================================

=======================================================
Timestamp: 2026-01-24T17:15:50.1174314Z
Method: GET
URL: /api/materials
Status: 200
Duration: 32 ms
UserId: 
Client IP: ::ffff:192.168.1.141
User-Agent: Dalvik/2.1.0 (Linux; U; Android 12; CTR-L91 Build/HUAWEICTR-L91)
Controller: Materials, Action: GetAll
Response Body: []
=======================================================

=======================================================
Timestamp: 2026-01-24T17:15:50.2265145Z
Method: GET
URL: /api/products
Status: 200
Duration: 109 ms
UserId: 
Client IP: ::ffff:192.168.1.141
User-Agent: Dalvik/2.1.0 (Linux; U; Android 12; CTR-L91 Build/HUAWEICTR-L91)
Controller: Products, Action: GetAll
Response Body: [{"id":1,"name":"Яблоко","description":"","code":"85412","measuringUnit":"шт","isActive":true},{"id":3,"name":"яблочко2","description":"52","code":"8700216593106","measuringUnit":"шт","isActive":true},{"id":4,"name":"коктк","description":"ала","code":"8700216593106","measuringUnit":"шт","isActive":true},{"id":5,"name":"огурец","description":"","code":"8700216593106","measuringUnit":"шт","isActive":true}]
=======================================================

=======================================================
Timestamp: 2026-01-24T17:15:50.4067984Z
Method: GET
URL: /api/materials
Status: 200
Duration: 118 ms
UserId: 
Client IP: ::ffff:192.168.1.141
User-Agent: Dalvik/2.1.0 (Linux; U; Android 12; CTR-L91 Build/HUAWEICTR-L91)
Controller: Materials, Action: GetAll
Response Body: []
=======================================================

=======================================================
Timestamp: 2026-01-24T17:15:50.4761909Z
Method: GET
URL: /api/users
Status: 200
Duration: 20 ms
UserId: 
Client IP: ::ffff:192.168.1.141
User-Agent: Dalvik/2.1.0 (Linux; U; Android 12; CTR-L91 Build/HUAWEICTR-L91)
Controller: Users, Action: GetAll
Response Body: [{"id":1,"login":"admin","encryptedPassword":"admin","name":"Админ","surname":"Системный","email":"admin@example.com","phone":"+71234567890","createdAt":"2026-01-24T01:00:36.671391Z","roleId":1,"role":{"id":1,"name":"Владелец","code":"Owner","description":"Полный доступ","rank":1},"alarmEvents":[],"sentPartRequests":[],"receivedPartRequests":[],"sentShiftTransfers":[],"receivedShiftTransfers":[]},{"id":2,"login":"eva","encryptedPassword":"$2a$12$Y0uuNdgaJp09PIOQ9JIhPuJV4BppFS8G0Z9ifm.GeDCWuf/xdumAe","name":"Eva","surname":"EvaEva","email":"eva@dura.com","phone":"57","createdAt":"2026-01-24T01:03:29.60815Z","roleId":3,"role":{"id":3,"name":"Старший экструзионщик","code":"SeniorExtruder","description":"Замещение администратора","rank":3},"alarmEvents":[],"sentPartRequests":[],"receivedPartRequests":[],"sentShiftTransfers":[],"receivedShiftTransfers":[]},{"id":3,"login":"Adam","encryptedPassword":"$2a$12$iTkjevTNbrNYDPIRz.MUGuFN7TstoAQihCnmon3z9bQOiC.iBXRzq","name":"Адам","surname":"Первый","email":"first@people.world","phone":"555","createdAt":"2026-01-24T01:04:04.400925Z","roleId":4,"role":{"id":4,"name":"Старший кладовщик","code":"SeniorWarehouseman","description":"Склады и цеха","rank":3},"alarmEvents":[],"sentPartRequests":[],"receivedPartRequests":[],"sentShiftTransfers":[],"receivedShiftTransfers":[]}]
=======================================================

=======================================================
Timestamp: 2026-01-24T17:15:59.3837282Z
Method: GET
URL: /api/materials
Status: 200
Duration: 13 ms
UserId: 
Client IP: ::ffff:192.168.1.141
User-Agent: Dalvik/2.1.0 (Linux; U; Android 12; CTR-L91 Build/HUAWEICTR-L91)
Controller: Materials, Action: GetAll
Response Body: []
=======================================================

=======================================================
Timestamp: 2026-01-24T17:15:59.3900835Z
Method: GET
URL: /api/warehouses
Status: 200
Duration: 16 ms
UserId: 
Client IP: ::ffff:192.168.1.141
User-Agent: Dalvik/2.1.0 (Linux; U; Android 12; CTR-L91 Build/HUAWEICTR-L91)
Controller: Warehouses, Action: GetAll
Response Body: [{"id":1,"name":"скр1","type":"Склад","isActive":true,"fromMovements":[],"toMovements":[],"fromRequests":[],"toRequests":[]}]
=======================================================

=======================================================
Timestamp: 2026-01-24T17:15:59.4169784Z
Method: GET
URL: /api/products
Status: 200
Duration: 19 ms
UserId: 
Client IP: ::ffff:192.168.1.141
User-Agent: Dalvik/2.1.0 (Linux; U; Android 12; CTR-L91 Build/HUAWEICTR-L91)
Controller: Products, Action: GetAll
Response Body: [{"id":1,"name":"Яблоко","description":"","code":"85412","measuringUnit":"шт","isActive":true},{"id":3,"name":"яблочко2","description":"52","code":"8700216593106","measuringUnit":"шт","isActive":true},{"id":4,"name":"коктк","description":"ала","code":"8700216593106","measuringUnit":"шт","isActive":true},{"id":5,"name":"огурец","description":"","code":"8700216593106","measuringUnit":"шт","isActive":true}]
=======================================================

=======================================================
Timestamp: 2026-01-24T17:15:59.4971210Z
Method: GET
URL: /api/users
Status: 200
Duration: 20 ms
UserId: 
Client IP: ::ffff:192.168.1.141
User-Agent: Dalvik/2.1.0 (Linux; U; Android 12; CTR-L91 Build/HUAWEICTR-L91)
Controller: Users, Action: GetAll
Response Body: [{"id":1,"login":"admin","encryptedPassword":"admin","name":"Админ","surname":"Системный","email":"admin@example.com","phone":"+71234567890","createdAt":"2026-01-24T01:00:36.671391Z","roleId":1,"role":{"id":1,"name":"Владелец","code":"Owner","description":"Полный доступ","rank":1},"alarmEvents":[],"sentPartRequests":[],"receivedPartRequests":[],"sentShiftTransfers":[],"receivedShiftTransfers":[]},{"id":2,"login":"eva","encryptedPassword":"$2a$12$Y0uuNdgaJp09PIOQ9JIhPuJV4BppFS8G0Z9ifm.GeDCWuf/xdumAe","name":"Eva","surname":"EvaEva","email":"eva@dura.com","phone":"57","createdAt":"2026-01-24T01:03:29.60815Z","roleId":3,"role":{"id":3,"name":"Старший экструзионщик","code":"SeniorExtruder","description":"Замещение администратора","rank":3},"alarmEvents":[],"sentPartRequests":[],"receivedPartRequests":[],"sentShiftTransfers":[],"receivedShiftTransfers":[]},{"id":3,"login":"Adam","encryptedPassword":"$2a$12$iTkjevTNbrNYDPIRz.MUGuFN7TstoAQihCnmon3z9bQOiC.iBXRzq","name":"Адам","surname":"Первый","email":"first@people.world","phone":"555","createdAt":"2026-01-24T01:04:04.400925Z","roleId":4,"role":{"id":4,"name":"Старший кладовщик","code":"SeniorWarehouseman","description":"Склады и цеха","rank":3},"alarmEvents":[],"sentPartRequests":[],"receivedPartRequests":[],"sentShiftTransfers":[],"receivedShiftTransfers":[]}]
=======================================================

=======================================================
Timestamp: 2026-01-24T17:15:59.5006117Z
Method: GET
URL: /api/products
Status: 200
Duration: 31 ms
UserId: 
Client IP: ::ffff:192.168.1.141
User-Agent: Dalvik/2.1.0 (Linux; U; Android 12; CTR-L91 Build/HUAWEICTR-L91)
Controller: Products, Action: GetAll
Response Body: [{"id":1,"name":"Яблоко","description":"","code":"85412","measuringUnit":"шт","isActive":true},{"id":3,"name":"яблочко2","description":"52","code":"8700216593106","measuringUnit":"шт","isActive":true},{"id":4,"name":"коктк","description":"ала","code":"8700216593106","measuringUnit":"шт","isActive":true},{"id":5,"name":"огурец","description":"","code":"8700216593106","measuringUnit":"шт","isActive":true}]
=======================================================

=======================================================
Timestamp: 2026-01-24T17:15:59.5029217Z
Method: GET
URL: /api/products
Status: 200
Duration: 51 ms
UserId: 
Client IP: ::ffff:192.168.1.141
User-Agent: Dalvik/2.1.0 (Linux; U; Android 12; CTR-L91 Build/HUAWEICTR-L91)
Controller: Products, Action: GetAll
Response Body: [{"id":1,"name":"Яблоко","description":"","code":"85412","measuringUnit":"шт","isActive":true},{"id":3,"name":"яблочко2","description":"52","code":"8700216593106","measuringUnit":"шт","isActive":true},{"id":4,"name":"коктк","description":"ала","code":"8700216593106","measuringUnit":"шт","isActive":true},{"id":5,"name":"огурец","description":"","code":"8700216593106","measuringUnit":"шт","isActive":true}]
=======================================================

=======================================================
Timestamp: 2026-01-24T17:15:59.5050052Z
Method: GET
URL: /api/products
Status: 200
Duration: 32 ms
UserId: 
Client IP: ::ffff:192.168.1.141
User-Agent: Dalvik/2.1.0 (Linux; U; Android 12; CTR-L91 Build/HUAWEICTR-L91)
Controller: Products, Action: GetAll
Response Body: [{"id":1,"name":"Яблоко","description":"","code":"85412","measuringUnit":"шт","isActive":true},{"id":3,"name":"яблочко2","description":"52","code":"8700216593106","measuringUnit":"шт","isActive":true},{"id":4,"name":"коктк","description":"ала","code":"8700216593106","measuringUnit":"шт","isActive":true},{"id":5,"name":"огурец","description":"","code":"8700216593106","measuringUnit":"шт","isActive":true}]
=======================================================

=======================================================
Timestamp: 2026-01-24T17:15:59.5079064Z
Method: GET
URL: /api/materials
Status: 200
Duration: 38 ms
UserId: 
Client IP: ::ffff:192.168.1.141
User-Agent: Dalvik/2.1.0 (Linux; U; Android 12; CTR-L91 Build/HUAWEICTR-L91)
Controller: Materials, Action: GetAll
Response Body: []
=======================================================

=======================================================
Timestamp: 2026-01-24T17:15:59.5105093Z
Method: GET
URL: /api/warehouses
Status: 200
Duration: 41 ms
UserId: 
Client IP: ::ffff:192.168.1.141
User-Agent: Dalvik/2.1.0 (Linux; U; Android 12; CTR-L91 Build/HUAWEICTR-L91)
Controller: Warehouses, Action: GetAll
Response Body: [{"id":1,"name":"скр1","type":"Склад","isActive":true,"fromMovements":[],"toMovements":[],"fromRequests":[],"toRequests":[]}]
=======================================================

=======================================================
Timestamp: 2026-01-24T17:15:59.5126457Z
Method: GET
URL: /api/products
Status: 200
Duration: 55 ms
UserId: 
Client IP: ::ffff:192.168.1.141
User-Agent: Dalvik/2.1.0 (Linux; U; Android 12; CTR-L91 Build/HUAWEICTR-L91)
Controller: Products, Action: GetAll
Response Body: [{"id":1,"name":"Яблоко","description":"","code":"85412","measuringUnit":"шт","isActive":true},{"id":3,"name":"яблочко2","description":"52","code":"8700216593106","measuringUnit":"шт","isActive":true},{"id":4,"name":"коктк","description":"ала","code":"8700216593106","measuringUnit":"шт","isActive":true},{"id":5,"name":"огурец","description":"","code":"8700216593106","measuringUnit":"шт","isActive":true}]
=======================================================

=======================================================
Timestamp: 2026-01-24T17:15:59.5152380Z
Method: GET
URL: /api/materials
Status: 200
Duration: 49 ms
UserId: 
Client IP: ::ffff:192.168.1.141
User-Agent: Dalvik/2.1.0 (Linux; U; Android 12; CTR-L91 Build/HUAWEICTR-L91)
Controller: Materials, Action: GetAll
Response Body: []
=======================================================

=======================================================
Timestamp: 2026-01-24T17:15:59.5167308Z
Method: GET
URL: /api/products
Status: 200
Duration: 45 ms
UserId: 
Client IP: ::ffff:192.168.1.141
User-Agent: Dalvik/2.1.0 (Linux; U; Android 12; CTR-L91 Build/HUAWEICTR-L91)
Controller: Products, Action: GetAll
Response Body: [{"id":1,"name":"Яблоко","description":"","code":"85412","measuringUnit":"шт","isActive":true},{"id":3,"name":"яблочко2","description":"52","code":"8700216593106","measuringUnit":"шт","isActive":true},{"id":4,"name":"коктк","description":"ала","code":"8700216593106","measuringUnit":"шт","isActive":true},{"id":5,"name":"огурец","description":"","code":"8700216593106","measuringUnit":"шт","isActive":true}]
=======================================================

=======================================================
Timestamp: 2026-01-24T17:16:03.7844933Z
Method: POST
URL: /api/materials
Status: 201
Duration: 15 ms
UserId: 
Client IP: ::ffff:192.168.1.141
User-Agent: Dalvik/2.1.0 (Linux; U; Android 12; CTR-L91 Build/HUAWEICTR-L91)
Controller: Materials, Action: CreateMaterial
Response Body: {"message":"Material created successfully","material":{"id":3,"name":"лаал","description":"","code":"8700216593106","measuringUnit":"шт","isActive":true}}
=======================================================

=======================================================
Timestamp: 2026-01-24T17:16:09.4168557Z
Method: GET
URL: /api/products
Status: 200
Duration: 7 ms
UserId: 
Client IP: ::ffff:192.168.1.141
User-Agent: Dalvik/2.1.0 (Linux; U; Android 12; CTR-L91 Build/HUAWEICTR-L91)
Controller: Products, Action: GetAll
Response Body: [{"id":1,"name":"Яблоко","description":"","code":"85412","measuringUnit":"шт","isActive":true},{"id":3,"name":"яблочко2","description":"52","code":"8700216593106","measuringUnit":"шт","isActive":true},{"id":4,"name":"коктк","description":"ала","code":"8700216593106","measuringUnit":"шт","isActive":true},{"id":5,"name":"огурец","description":"","code":"8700216593106","measuringUnit":"шт","isActive":true}]
=======================================================

=======================================================
Timestamp: 2026-01-24T17:16:09.5180270Z
Method: GET
URL: /api/materials
Status: 200
Duration: 14 ms
UserId: 
Client IP: ::ffff:192.168.1.141
User-Agent: Dalvik/2.1.0 (Linux; U; Android 12; CTR-L91 Build/HUAWEICTR-L91)
Controller: Materials, Action: GetAll
Response Body: [{"id":3,"name":"лаал","description":"","code":"8700216593106","measuringUnit":"шт","isActive":true}]
=======================================================

=======================================================
Timestamp: 2026-01-24T17:16:09.5498180Z
Method: GET
URL: /api/products
Status: 200
Duration: 68 ms
UserId: 
Client IP: ::ffff:192.168.1.141
User-Agent: Dalvik/2.1.0 (Linux; U; Android 12; CTR-L91 Build/HUAWEICTR-L91)
Controller: Products, Action: GetAll
Response Body: [{"id":1,"name":"Яблоко","description":"","code":"85412","measuringUnit":"шт","isActive":true},{"id":3,"name":"яблочко2","description":"52","code":"8700216593106","measuringUnit":"шт","isActive":true},{"id":4,"name":"коктк","description":"ала","code":"8700216593106","measuringUnit":"шт","isActive":true},{"id":5,"name":"огурец","description":"","code":"8700216593106","measuringUnit":"шт","isActive":true}]
=======================================================

=======================================================
Timestamp: 2026-01-24T17:16:09.5532268Z
Method: GET
URL: /api/products
Status: 200
Duration: 71 ms
UserId: 
Client IP: ::ffff:192.168.1.141
User-Agent: Dalvik/2.1.0 (Linux; U; Android 12; CTR-L91 Build/HUAWEICTR-L91)
Controller: Products, Action: GetAll
Response Body: [{"id":1,"name":"Яблоко","description":"","code":"85412","measuringUnit":"шт","isActive":true},{"id":3,"name":"яблочко2","description":"52","code":"8700216593106","measuringUnit":"шт","isActive":true},{"id":4,"name":"коктк","description":"ала","code":"8700216593106","measuringUnit":"шт","isActive":true},{"id":5,"name":"огурец","description":"","code":"8700216593106","measuringUnit":"шт","isActive":true}]
=======================================================

=======================================================
Timestamp: 2026-01-24T17:16:09.5937643Z
Method: GET
URL: /api/users
Status: 200
Duration: 80 ms
UserId: 
Client IP: ::ffff:192.168.1.141
User-Agent: Dalvik/2.1.0 (Linux; U; Android 12; CTR-L91 Build/HUAWEICTR-L91)
Controller: Users, Action: GetAll
Response Body: [{"id":1,"login":"admin","encryptedPassword":"admin","name":"Админ","surname":"Системный","email":"admin@example.com","phone":"+71234567890","createdAt":"2026-01-24T01:00:36.671391Z","roleId":1,"role":{"id":1,"name":"Владелец","code":"Owner","description":"Полный доступ","rank":1},"alarmEvents":[],"sentPartRequests":[],"receivedPartRequests":[],"sentShiftTransfers":[],"receivedShiftTransfers":[]},{"id":2,"login":"eva","encryptedPassword":"$2a$12$Y0uuNdgaJp09PIOQ9JIhPuJV4BppFS8G0Z9ifm.GeDCWuf/xdumAe","name":"Eva","surname":"EvaEva","email":"eva@dura.com","phone":"57","createdAt":"2026-01-24T01:03:29.60815Z","roleId":3,"role":{"id":3,"name":"Старший экструзионщик","code":"SeniorExtruder","description":"Замещение администратора","rank":3},"alarmEvents":[],"sentPartRequests":[],"receivedPartRequests":[],"sentShiftTransfers":[],"receivedShiftTransfers":[]},{"id":3,"login":"Adam","encryptedPassword":"$2a$12$iTkjevTNbrNYDPIRz.MUGuFN7TstoAQihCnmon3z9bQOiC.iBXRzq","name":"Адам","surname":"Первый","email":"first@people.world","phone":"555","createdAt":"2026-01-24T01:04:04.400925Z","roleId":4,"role":{"id":4,"name":"Старший кладовщик","code":"SeniorWarehouseman","description":"Склады и цеха","rank":3},"alarmEvents":[],"sentPartRequests":[],"receivedPartRequests":[],"sentShiftTransfers":[],"receivedShiftTransfers":[]}]
=======================================================

=======================================================
Timestamp: 2026-01-24T17:16:09.6363709Z
Method: GET
URL: /api/products
Status: 200
Duration: 56 ms
UserId: 
Client IP: ::ffff:192.168.1.141
User-Agent: Dalvik/2.1.0 (Linux; U; Android 12; CTR-L91 Build/HUAWEICTR-L91)
Controller: Products, Action: GetAll
Response Body: [{"id":1,"name":"Яблоко","description":"","code":"85412","measuringUnit":"шт","isActive":true},{"id":3,"name":"яблочко2","description":"52","code":"8700216593106","measuringUnit":"шт","isActive":true},{"id":4,"name":"коктк","description":"ала","code":"8700216593106","measuringUnit":"шт","isActive":true},{"id":5,"name":"огурец","description":"","code":"8700216593106","measuringUnit":"шт","isActive":true}]
=======================================================

=======================================================
Timestamp: 2026-01-24T17:16:09.7553136Z
Method: GET
URL: /api/products
Status: 200
Duration: 58 ms
UserId: 
Client IP: ::ffff:192.168.1.141
User-Agent: Dalvik/2.1.0 (Linux; U; Android 12; CTR-L91 Build/HUAWEICTR-L91)
Controller: Products, Action: GetAll
Response Body: [{"id":1,"name":"Яблоко","description":"","code":"85412","measuringUnit":"шт","isActive":true},{"id":3,"name":"яблочко2","description":"52","code":"8700216593106","measuringUnit":"шт","isActive":true},{"id":4,"name":"коктк","description":"ала","code":"8700216593106","measuringUnit":"шт","isActive":true},{"id":5,"name":"огурец","description":"","code":"8700216593106","measuringUnit":"шт","isActive":true}]
=======================================================

=======================================================
Timestamp: 2026-01-24T17:16:09.8795808Z
Method: GET
URL: /api/materials
Status: 200
Duration: 41 ms
UserId: 
Client IP: ::ffff:192.168.1.141
User-Agent: Dalvik/2.1.0 (Linux; U; Android 12; CTR-L91 Build/HUAWEICTR-L91)
Controller: Materials, Action: GetAll
Response Body: [{"id":3,"name":"лаал","description":"","code":"8700216593106","measuringUnit":"шт","isActive":true}]
=======================================================

=======================================================
Timestamp: 2026-01-24T17:20:07.8811359Z
Method: GET
URL: /
Status: 404
Duration: 4 ms
UserId: 
Client IP: ::1
User-Agent: Mozilla/5.0 (Windows NT 10.0; Win64; x64) AppleWebKit/537.36 (KHTML, like Gecko) Chrome/144.0.0.0 Safari/537.36
=======================================================

=======================================================
Timestamp: 2026-01-24T17:20:38.2521428Z
Method: GET
URL: /api/materials
Status: 200
Duration: 664 ms
UserId: 
Client IP: ::ffff:192.168.1.141
User-Agent: Dalvik/2.1.0 (Linux; U; Android 12; CTR-L91 Build/HUAWEICTR-L91)
Controller: Materials, Action: GetAll
Response Body: [{"id":3,"name":"лаал","description":"","code":"8700216593106","measuringUnit":"шт","isActive":true}]
=======================================================

=======================================================
Timestamp: 2026-01-24T17:20:39.9925735Z
Method: GET
URL: /api/products
Status: 200
Duration: 559 ms
UserId: 
Client IP: ::ffff:192.168.1.141
User-Agent: Dalvik/2.1.0 (Linux; U; Android 12; CTR-L91 Build/HUAWEICTR-L91)
Controller: Products, Action: GetAll
Response Body: [{"id":1,"name":"Яблоко","description":"","code":"85412","measuringUnit":"шт","isActive":true},{"id":3,"name":"яблочко2","description":"52","code":"8700216593106","measuringUnit":"шт","isActive":true},{"id":4,"name":"коктк","description":"ала","code":"8700216593106","measuringUnit":"шт","isActive":true},{"id":5,"name":"огурец","description":"","code":"8700216593106","measuringUnit":"шт","isActive":true}]
=======================================================

=======================================================
Timestamp: 2026-01-24T17:20:40.0116744Z
Method: GET
URL: /api/warehouses
Status: 200
Duration: 1731 ms
UserId: 
Client IP: ::ffff:192.168.1.141
User-Agent: Dalvik/2.1.0 (Linux; U; Android 12; CTR-L91 Build/HUAWEICTR-L91)
Controller: Warehouses, Action: GetAll
Response Body: [{"id":1,"name":"скр1","type":"Склад","isActive":true,"fromMovements":[],"toMovements":[],"fromRequests":[],"toRequests":[]}]
=======================================================

=======================================================
Timestamp: 2026-01-24T17:20:40.1423541Z
Method: GET
URL: /api/products
Status: 200
Duration: 97 ms
UserId: 
Client IP: ::ffff:192.168.1.141
User-Agent: Dalvik/2.1.0 (Linux; U; Android 12; CTR-L91 Build/HUAWEICTR-L91)
Controller: Products, Action: GetAll
Response Body: [{"id":1,"name":"Яблоко","description":"","code":"85412","measuringUnit":"шт","isActive":true},{"id":3,"name":"яблочко2","description":"52","code":"8700216593106","measuringUnit":"шт","isActive":true},{"id":4,"name":"коктк","description":"ала","code":"8700216593106","measuringUnit":"шт","isActive":true},{"id":5,"name":"огурец","description":"","code":"8700216593106","measuringUnit":"шт","isActive":true}]
=======================================================

=======================================================
Timestamp: 2026-01-24T17:20:40.1464666Z
Method: GET
URL: /api/products
Status: 200
Duration: 2378 ms
UserId: 
Client IP: ::ffff:192.168.1.141
User-Agent: Dalvik/2.1.0 (Linux; U; Android 12; CTR-L91 Build/HUAWEICTR-L91)
Controller: Products, Action: GetAll
Response Body: [{"id":1,"name":"Яблоко","description":"","code":"85412","measuringUnit":"шт","isActive":true},{"id":3,"name":"яблочко2","description":"52","code":"8700216593106","measuringUnit":"шт","isActive":true},{"id":4,"name":"коктк","description":"ала","code":"8700216593106","measuringUnit":"шт","isActive":true},{"id":5,"name":"огурец","description":"","code":"8700216593106","measuringUnit":"шт","isActive":true}]
=======================================================

=======================================================
Timestamp: 2026-01-24T17:20:40.1696411Z
Method: GET
URL: /api/products
Status: 200
Duration: 97 ms
UserId: 
Client IP: ::ffff:192.168.1.141
User-Agent: Dalvik/2.1.0 (Linux; U; Android 12; CTR-L91 Build/HUAWEICTR-L91)
Controller: Products, Action: GetAll
Response Body: [{"id":1,"name":"Яблоко","description":"","code":"85412","measuringUnit":"шт","isActive":true},{"id":3,"name":"яблочко2","description":"52","code":"8700216593106","measuringUnit":"шт","isActive":true},{"id":4,"name":"коктк","description":"ала","code":"8700216593106","measuringUnit":"шт","isActive":true},{"id":5,"name":"огурец","description":"","code":"8700216593106","measuringUnit":"шт","isActive":true}]
=======================================================

=======================================================
Timestamp: 2026-01-24T17:20:40.4069711Z
Method: GET
URL: /api/users
Status: 200
Duration: 2768 ms
UserId: 
Client IP: ::ffff:192.168.1.141
User-Agent: Dalvik/2.1.0 (Linux; U; Android 12; CTR-L91 Build/HUAWEICTR-L91)
Controller: Users, Action: GetAll
Response Body: [{"id":1,"login":"admin","encryptedPassword":"admin","name":"Админ","surname":"Системный","email":"admin@example.com","phone":"+71234567890","createdAt":"2026-01-24T01:00:36.671391Z","roleId":1,"role":{"id":1,"name":"Владелец","code":"Owner","description":"Полный доступ","rank":1},"alarmEvents":[],"sentPartRequests":[],"receivedPartRequests":[],"sentShiftTransfers":[],"receivedShiftTransfers":[]},{"id":2,"login":"eva","encryptedPassword":"$2a$12$Y0uuNdgaJp09PIOQ9JIhPuJV4BppFS8G0Z9ifm.GeDCWuf/xdumAe","name":"Eva","surname":"EvaEva","email":"eva@dura.com","phone":"57","createdAt":"2026-01-24T01:03:29.60815Z","roleId":3,"role":{"id":3,"name":"Старший экструзионщик","code":"SeniorExtruder","description":"Замещение администратора","rank":3},"alarmEvents":[],"sentPartRequests":[],"receivedPartRequests":[],"sentShiftTransfers":[],"receivedShiftTransfers":[]},{"id":3,"login":"Adam","encryptedPassword":"$2a$12$iTkjevTNbrNYDPIRz.MUGuFN7TstoAQihCnmon3z9bQOiC.iBXRzq","name":"Адам","surname":"Первый","email":"first@people.world","phone":"555","createdAt":"2026-01-24T01:04:04.400925Z","roleId":4,"role":{"id":4,"name":"Старший кладовщик","code":"SeniorWarehouseman","description":"Склады и цеха","rank":3},"alarmEvents":[],"sentPartRequests":[],"receivedPartRequests":[],"sentShiftTransfers":[],"receivedShiftTransfers":[]}]
=======================================================

=======================================================
Timestamp: 2026-01-24T17:20:41.7497412Z
Method: POST
URL: /api/materials
Status: 201
Duration: 112 ms
UserId: 
Client IP: ::ffff:192.168.1.141
User-Agent: Dalvik/2.1.0 (Linux; U; Android 12; CTR-L91 Build/HUAWEICTR-L91)
Controller: Materials, Action: CreateMaterial
Response Body: {"message":"Material created successfully","material":{"id":4,"name":"аоата","description":"","code":"4606068730819","measuringUnit":"шт","isActive":true}}
=======================================================

=======================================================
Timestamp: 2026-01-24T17:20:41.8721015Z
Method: POST
URL: /api/filling-warehouses
Status: 400
Duration: 57 ms
UserId: 
Client IP: ::ffff:192.168.1.141
User-Agent: Dalvik/2.1.0 (Linux; U; Android 12; CTR-L91 Build/HUAWEICTR-L91)
Controller: FillingWarehouses, Action: CreateFilling
Response Body: {"type":"https://tools.ietf.org/html/rfc9110#section-15.5.1","title":"One or more validation errors occurred.","status":400,"errors":{"Warehouse":["The Warehouse field is required."]},"traceId":"00-823570486f859be113877784192b14b6-8dd1819236b5ed08-00"}
=======================================================

=======================================================
Timestamp: 2026-01-24T17:20:46.0957479Z
Method: GET
URL: /api/products
Status: 200
Duration: 854 ms
UserId: 
Client IP: ::ffff:192.168.1.141
User-Agent: Dalvik/2.1.0 (Linux; U; Android 12; CTR-L91 Build/HUAWEICTR-L91)
Controller: Products, Action: GetAll
Response Body: [{"id":1,"name":"Яблоко","description":"","code":"85412","measuringUnit":"шт","isActive":true},{"id":3,"name":"яблочко2","description":"52","code":"8700216593106","measuringUnit":"шт","isActive":true},{"id":4,"name":"коктк","description":"ала","code":"8700216593106","measuringUnit":"шт","isActive":true},{"id":5,"name":"огурец","description":"","code":"8700216593106","measuringUnit":"шт","isActive":true}]
=======================================================

=======================================================
Timestamp: 2026-01-24T17:20:46.1588688Z
Method: GET
URL: /api/warehouses
Status: 200
Duration: 866 ms
UserId: 
Client IP: ::ffff:192.168.1.141
User-Agent: Dalvik/2.1.0 (Linux; U; Android 12; CTR-L91 Build/HUAWEICTR-L91)
Controller: Warehouses, Action: GetAll
Response Body: [{"id":1,"name":"скр1","type":"Склад","isActive":true,"fromMovements":[],"toMovements":[],"fromRequests":[],"toRequests":[]}]
=======================================================

=======================================================
Timestamp: 2026-01-24T17:20:46.4708460Z
Method: GET
URL: /api/warehouses
Status: 200
Duration: 105 ms
UserId: 
Client IP: ::ffff:192.168.1.141
User-Agent: Dalvik/2.1.0 (Linux; U; Android 12; CTR-L91 Build/HUAWEICTR-L91)
Controller: Warehouses, Action: GetAll
Response Body: [{"id":1,"name":"скр1","type":"Склад","isActive":true,"fromMovements":[],"toMovements":[],"fromRequests":[],"toRequests":[]}]
=======================================================

=======================================================
Timestamp: 2026-01-24T17:20:49.8830170Z
Method: GET
URL: /api/users
Status: 200
Duration: 444 ms
UserId: 
Client IP: ::ffff:192.168.1.141
User-Agent: Dalvik/2.1.0 (Linux; U; Android 12; CTR-L91 Build/HUAWEICTR-L91)
Controller: Users, Action: GetAll
Response Body: [{"id":1,"login":"admin","encryptedPassword":"admin","name":"Админ","surname":"Системный","email":"admin@example.com","phone":"+71234567890","createdAt":"2026-01-24T01:00:36.671391Z","roleId":1,"role":{"id":1,"name":"Владелец","code":"Owner","description":"Полный доступ","rank":1},"alarmEvents":[],"sentPartRequests":[],"receivedPartRequests":[],"sentShiftTransfers":[],"receivedShiftTransfers":[]},{"id":2,"login":"eva","encryptedPassword":"$2a$12$Y0uuNdgaJp09PIOQ9JIhPuJV4BppFS8G0Z9ifm.GeDCWuf/xdumAe","name":"Eva","surname":"EvaEva","email":"eva@dura.com","phone":"57","createdAt":"2026-01-24T01:03:29.60815Z","roleId":3,"role":{"id":3,"name":"Старший экструзионщик","code":"SeniorExtruder","description":"Замещение администратора","rank":3},"alarmEvents":[],"sentPartRequests":[],"receivedPartRequests":[],"sentShiftTransfers":[],"receivedShiftTransfers":[]},{"id":3,"login":"Adam","encryptedPassword":"$2a$12$iTkjevTNbrNYDPIRz.MUGuFN7TstoAQihCnmon3z9bQOiC.iBXRzq","name":"Адам","surname":"Первый","email":"first@people.world","phone":"555","createdAt":"2026-01-24T01:04:04.400925Z","roleId":4,"role":{"id":4,"name":"Старший кладовщик","code":"SeniorWarehouseman","description":"Склады и цеха","rank":3},"alarmEvents":[],"sentPartRequests":[],"receivedPartRequests":[],"sentShiftTransfers":[],"receivedShiftTransfers":[]}]
=======================================================

=======================================================
Timestamp: 2026-01-24T17:20:50.0396131Z
Method: GET
URL: /api/materials
Status: 200
Duration: 1973 ms
UserId: 
Client IP: ::ffff:192.168.1.141
User-Agent: Dalvik/2.1.0 (Linux; U; Android 12; CTR-L91 Build/HUAWEICTR-L91)
Controller: Materials, Action: GetAll
Response Body: [{"id":3,"name":"лаал","description":"","code":"8700216593106","measuringUnit":"шт","isActive":true},{"id":4,"name":"аоата","description":"","code":"4606068730819","measuringUnit":"шт","isActive":true}]
=======================================================

=======================================================
Timestamp: 2026-01-24T17:20:50.5028716Z
Method: GET
URL: /api/products
Status: 200
Duration: 2812 ms
UserId: 
Client IP: ::ffff:192.168.1.141
User-Agent: Dalvik/2.1.0 (Linux; U; Android 12; CTR-L91 Build/HUAWEICTR-L91)
Controller: Products, Action: GetAll
Response Body: [{"id":1,"name":"Яблоко","description":"","code":"85412","measuringUnit":"шт","isActive":true},{"id":3,"name":"яблочко2","description":"52","code":"8700216593106","measuringUnit":"шт","isActive":true},{"id":4,"name":"коктк","description":"ала","code":"8700216593106","measuringUnit":"шт","isActive":true},{"id":5,"name":"огурец","description":"","code":"8700216593106","measuringUnit":"шт","isActive":true}]
=======================================================

=======================================================
Timestamp: 2026-01-24T17:20:51.7400938Z
Method: GET
URL: /api/materials
Status: 200
Duration: 1518 ms
UserId: 
Client IP: ::ffff:192.168.1.141
User-Agent: Dalvik/2.1.0 (Linux; U; Android 12; CTR-L91 Build/HUAWEICTR-L91)
Controller: Materials, Action: GetAll
Response Body: [{"id":3,"name":"лаал","description":"","code":"8700216593106","measuringUnit":"шт","isActive":true},{"id":4,"name":"аоата","description":"","code":"4606068730819","measuringUnit":"шт","isActive":true}]
=======================================================

=======================================================
Timestamp: 2026-01-24T17:20:54.7560061Z
Method: GET
URL: /api/products
Status: 200
Duration: 6089 ms
UserId: 
Client IP: ::ffff:192.168.1.141
User-Agent: Dalvik/2.1.0 (Linux; U; Android 12; CTR-L91 Build/HUAWEICTR-L91)
Controller: Products, Action: GetAll
Response Body: [{"id":1,"name":"Яблоко","description":"","code":"85412","measuringUnit":"шт","isActive":true},{"id":3,"name":"яблочко2","description":"52","code":"8700216593106","measuringUnit":"шт","isActive":true},{"id":4,"name":"коктк","description":"ала","code":"8700216593106","measuringUnit":"шт","isActive":true},{"id":5,"name":"огурец","description":"","code":"8700216593106","measuringUnit":"шт","isActive":true}]
=======================================================

=======================================================
Timestamp: 2026-01-24T17:20:56.2621419Z
Method: GET
URL: /api/materials
Status: 200
Duration: 5911 ms
UserId: 
Client IP: ::ffff:192.168.1.141
User-Agent: Dalvik/2.1.0 (Linux; U; Android 12; CTR-L91 Build/HUAWEICTR-L91)
Controller: Materials, Action: GetAll
Response Body: [{"id":3,"name":"лаал","description":"","code":"8700216593106","measuringUnit":"шт","isActive":true},{"id":4,"name":"аоата","description":"","code":"4606068730819","measuringUnit":"шт","isActive":true}]
=======================================================

=======================================================
Timestamp: 2026-01-24T17:22:58.2202779Z
Method: GET
URL: /
Status: 404
Duration: 1 ms
UserId: 
Client IP: ::1
User-Agent: Mozilla/5.0 (Windows NT 10.0; Win64; x64) AppleWebKit/537.36 (KHTML, like Gecko) Chrome/144.0.0.0 Safari/537.36
=======================================================

=======================================================
Timestamp: 2026-01-24T17:23:00.4099045Z
Method: POST
URL: /api/Users/authenticate
Status: 200
Duration: 3776 ms
UserId: 
Client IP: ::1
User-Agent: 
Controller: Users, Action: Authenticate
Response Body: {"message":"Login successful","user":{"id":1,"login":"admin","name":"Админ","surname":"Системный","email":"admin@example.com","phone":"+71234567890","createdAt":"2026-01-24T01:00:36.671391Z","roleId":1,"role":{"id":1,"name":"Владелец","code":"Owner","description":"Полный доступ","rank":1}}}
=======================================================

=======================================================
Timestamp: 2026-01-24T17:23:00.7234280Z
Method: POST
URL: /hubs/notifications/negotiate?negotiateVersion=1
Status: 200
Duration: 12 ms
UserId: 
Client IP: ::1
User-Agent: Microsoft SignalR/8.0 (8.0.0+3f1acb59718cadf111a0a796681e3d3509bb3381; Windows NT; .NET; .NET 8.0.22)
Response Body: {"negotiateVersion":1,"connectionId":"x4NAHsWuSAiAjVkqR64MuA","connectionToken":"BOYXiIrUHLEdjLoEKV8IKw","availableTransports":[{"transport":"WebSockets","transferFormats":["Text","Binary"]},{"transport":"ServerSentEvents","transferFormats":["Text"]},{"transport":"LongPolling","transferFormats":["Text","Binary"]}]}
=======================================================

=======================================================
Timestamp: 2026-01-24T17:23:05.6873253Z
Method: GET
URL: /api/materials
Status: 200
Duration: 141 ms
UserId: 
Client IP: ::1
User-Agent: 
Controller: Materials, Action: GetAll
Response Body: [{"id":3,"name":"лаал","description":"","code":"8700216593106","measuringUnit":"шт","isActive":true},{"id":4,"name":"аоата","description":"","code":"4606068730819","measuringUnit":"шт","isActive":true}]
=======================================================

=======================================================
Timestamp: 2026-01-24T17:23:11.1421593Z
Method: GET
URL: /api/materials
Status: 200
Duration: 14 ms
UserId: 
Client IP: ::1
User-Agent: 
Controller: Materials, Action: GetAll
Response Body: [{"id":3,"name":"лаал","description":"","code":"8700216593106","measuringUnit":"шт","isActive":true},{"id":4,"name":"аоата","description":"","code":"4606068730819","measuringUnit":"шт","isActive":true}]
=======================================================

=======================================================
Timestamp: 2026-01-24T17:23:11.2532266Z
Method: GET
URL: /api/warehouses
Status: 200
Duration: 71 ms
UserId: 
Client IP: ::1
User-Agent: 
Controller: Warehouses, Action: GetAll
Response Body: [{"id":1,"name":"скр1","type":"Склад","isActive":true,"fromMovements":[],"toMovements":[],"fromRequests":[],"toRequests":[]}]
=======================================================

=======================================================
Timestamp: 2026-01-24T17:23:12.2298031Z
Method: POST
URL: /api/materials
Status: 201
Duration: 73 ms
UserId: 
Client IP: ::1
User-Agent: 
Controller: Materials, Action: CreateMaterial
Response Body: {"message":"Material created successfully","material":{"id":5,"name":"sdfg","description":"dgfs","code":"dfg","measuringUnit":"шт","isActive":true}}
=======================================================

=======================================================
Timestamp: 2026-01-24T17:23:12.2310525Z
Method: POST
URL: /api/filling-warehouses
Status: 400
Duration: 27 ms
UserId: 
Client IP: ::1
User-Agent: 
Controller: FillingWarehouses, Action: CreateFilling
Response Body: {"type":"https://tools.ietf.org/html/rfc9110#section-15.5.1","title":"One or more validation errors occurred.","status":400,"errors":{"Warehouse":["The Warehouse field is required."]},"traceId":"00-38a4927d8d3fbfe0ceb52afa72a5f4e1-29143a4beb407299-00"}
=======================================================

=======================================================
Timestamp: 2026-01-24T17:23:20.9734639Z
Method: GET
URL: /api/materials
Status: 200
Duration: 13 ms
UserId: 
Client IP: ::1
User-Agent: 
Controller: Materials, Action: GetAll
Response Body: [{"id":3,"name":"лаал","description":"","code":"8700216593106","measuringUnit":"шт","isActive":true},{"id":4,"name":"аоата","description":"","code":"4606068730819","measuringUnit":"шт","isActive":true},{"id":5,"name":"sdfg","description":"dgfs","code":"dfg","measuringUnit":"шт","isActive":true}]
=======================================================

=======================================================
Timestamp: 2026-01-24T17:23:20.9823323Z
Method: GET
URL: /api/materials
Status: 200
Duration: 16 ms
UserId: 
Client IP: ::1
User-Agent: 
Controller: Materials, Action: GetAll
Response Body: [{"id":3,"name":"лаал","description":"","code":"8700216593106","measuringUnit":"шт","isActive":true},{"id":4,"name":"аоата","description":"","code":"4606068730819","measuringUnit":"шт","isActive":true},{"id":5,"name":"sdfg","description":"dgfs","code":"dfg","measuringUnit":"шт","isActive":true}]
=======================================================

=======================================================
Timestamp: 2026-01-24T17:25:38.5204094Z
Method: GET
URL: /
Status: 404
Duration: 5 ms
UserId: 
Client IP: ::1
User-Agent: Mozilla/5.0 (Windows NT 10.0; Win64; x64) AppleWebKit/537.36 (KHTML, like Gecko) Chrome/144.0.0.0 Safari/537.36
=======================================================

=======================================================
Timestamp: 2026-01-24T17:25:44.2988002Z
Method: POST
URL: /api/Users/authenticate
Status: 200
Duration: 1081 ms
UserId: 
Client IP: ::ffff:192.168.1.141
User-Agent: Dalvik/2.1.0 (Linux; U; Android 12; CTR-L91 Build/HUAWEICTR-L91)
Controller: Users, Action: Authenticate
Response Body: {"message":"Login successful","user":{"id":1,"login":"admin","name":"Админ","surname":"Системный","email":"admin@example.com","phone":"+71234567890","createdAt":"2026-01-24T01:00:36.671391Z","roleId":1,"role":{"id":1,"name":"Владелец","code":"Owner","description":"Полный доступ","rank":1}}}
=======================================================

=======================================================
Timestamp: 2026-01-24T17:25:46.9509600Z
Method: GET
URL: /api/materials
Status: 200
Duration: 75 ms
UserId: 
Client IP: ::ffff:192.168.1.141
User-Agent: Dalvik/2.1.0 (Linux; U; Android 12; CTR-L91 Build/HUAWEICTR-L91)
Controller: Materials, Action: GetAll
Response Body: [{"id":3,"name":"лаал","description":"","code":"8700216593106","measuringUnit":"шт","isActive":true},{"id":4,"name":"аоата","description":"","code":"4606068730819","measuringUnit":"шт","isActive":true},{"id":5,"name":"sdfg","description":"dgfs","code":"dfg","measuringUnit":"шт","isActive":true}]
=======================================================

=======================================================
Timestamp: 2026-01-24T17:25:47.0559854Z
Method: GET
URL: /api/materials
Status: 200
Duration: 114 ms
UserId: 
Client IP: ::ffff:192.168.1.141
User-Agent: Dalvik/2.1.0 (Linux; U; Android 12; CTR-L91 Build/HUAWEICTR-L91)
Controller: Materials, Action: GetAll
Response Body: [{"id":3,"name":"лаал","description":"","code":"8700216593106","measuringUnit":"шт","isActive":true},{"id":4,"name":"аоата","description":"","code":"4606068730819","measuringUnit":"шт","isActive":true},{"id":5,"name":"sdfg","description":"dgfs","code":"dfg","measuringUnit":"шт","isActive":true}]
=======================================================

=======================================================
Timestamp: 2026-01-24T17:25:57.6592277Z
Method: POST
URL: /hubs/notifications/negotiate?negotiateVersion=1
Status: 200
Duration: 8 ms
UserId: 
Client IP: ::1
User-Agent: Microsoft SignalR/8.0 (8.0.0+3f1acb59718cadf111a0a796681e3d3509bb3381; Windows NT; .NET; .NET 8.0.22)
Response Body: {"negotiateVersion":1,"connectionId":"XR23Fg19d57qpAYorw5dtQ","connectionToken":"nDcmOfSJQgI5PRmFLk5okw","availableTransports":[{"transport":"WebSockets","transferFormats":["Text","Binary"]},{"transport":"ServerSentEvents","transferFormats":["Text"]},{"transport":"LongPolling","transferFormats":["Text","Binary"]}]}
=======================================================

=======================================================
Timestamp: 2026-01-24T17:26:03.6717985Z
Method: GET
URL: /api/materials
Status: 200
Duration: 10 ms
UserId: 
Client IP: ::ffff:192.168.1.141
User-Agent: Dalvik/2.1.0 (Linux; U; Android 12; CTR-L91 Build/HUAWEICTR-L91)
Controller: Materials, Action: GetAll
Response Body: [{"id":3,"name":"лаал","description":"","code":"8700216593106","measuringUnit":"шт","isActive":true},{"id":4,"name":"аоата","description":"","code":"4606068730819","measuringUnit":"шт","isActive":true},{"id":5,"name":"sdfg","description":"dgfs","code":"dfg","measuringUnit":"шт","isActive":true}]
=======================================================

=======================================================
Timestamp: 2026-01-24T17:26:03.6728686Z
Method: GET
URL: /api/materials
Status: 200
Duration: 10 ms
UserId: 
Client IP: ::ffff:192.168.1.141
User-Agent: Dalvik/2.1.0 (Linux; U; Android 12; CTR-L91 Build/HUAWEICTR-L91)
Controller: Materials, Action: GetAll
Response Body: [{"id":3,"name":"лаал","description":"","code":"8700216593106","measuringUnit":"шт","isActive":true},{"id":4,"name":"аоата","description":"","code":"4606068730819","measuringUnit":"шт","isActive":true},{"id":5,"name":"sdfg","description":"dgfs","code":"dfg","measuringUnit":"шт","isActive":true}]
=======================================================

=======================================================
Timestamp: 2026-01-24T17:26:13.2224338Z
Method: GET
URL: /api/materials
Status: 200
Duration: 6 ms
UserId: 
Client IP: ::ffff:192.168.1.141
User-Agent: Dalvik/2.1.0 (Linux; U; Android 12; CTR-L91 Build/HUAWEICTR-L91)
Controller: Materials, Action: GetAll
Response Body: [{"id":3,"name":"лаал","description":"","code":"8700216593106","measuringUnit":"шт","isActive":true},{"id":4,"name":"аоата","description":"","code":"4606068730819","measuringUnit":"шт","isActive":true},{"id":5,"name":"sdfg","description":"dgfs","code":"dfg","measuringUnit":"шт","isActive":true}]
=======================================================

=======================================================
Timestamp: 2026-01-24T17:26:13.3400434Z
Method: GET
URL: /api/warehouses
Status: 200
Duration: 52 ms
UserId: 
Client IP: ::ffff:192.168.1.141
User-Agent: Dalvik/2.1.0 (Linux; U; Android 12; CTR-L91 Build/HUAWEICTR-L91)
Controller: Warehouses, Action: GetAll
Response Body: [{"id":1,"name":"скр1","type":"Склад","isActive":true,"fromMovements":[],"toMovements":[],"fromRequests":[],"toRequests":[]}]
=======================================================

=======================================================
Timestamp: 2026-01-24T17:26:14.5493853Z
Method: POST
URL: /api/materials
Status: 201
Duration: 61 ms
UserId: 
Client IP: ::ffff:192.168.1.141
User-Agent: Dalvik/2.1.0 (Linux; U; Android 12; CTR-L91 Build/HUAWEICTR-L91)
Controller: Materials, Action: CreateMaterial
Response Body: {"message":"Material created successfully","material":{"id":6,"name":"fhfhr","description":"","code":"http://www.hocotech.com","measuringUnit":"шт","isActive":true}}
=======================================================

=======================================================
Timestamp: 2026-01-24T17:26:15.7654055Z
Method: POST
URL: /api/filling-warehouses
Status: 500
Duration: 1074 ms
UserId: 
Client IP: ::ffff:192.168.1.141
User-Agent: Dalvik/2.1.0 (Linux; U; Android 12; CTR-L91 Build/HUAWEICTR-L91)
Controller: FillingWarehouses, Action: CreateFilling
Response Body: {"message":"An error occurred while saving the filling warehouse to the database"}
=======================================================

=======================================================
Timestamp: 2026-01-24T17:33:55.9804225Z
Method: GET
URL: /api/materials
Status: 200
Duration: 106 ms
UserId: 
Client IP: ::ffff:192.168.1.141
User-Agent: Dalvik/2.1.0 (Linux; U; Android 12; CTR-L91 Build/HUAWEICTR-L91)
Controller: Materials, Action: GetAll
Response Body: [{"id":3,"name":"лаал","description":"","code":"8700216593106","measuringUnit":"шт","isActive":true},{"id":4,"name":"аоата","description":"","code":"4606068730819","measuringUnit":"шт","isActive":true},{"id":5,"name":"sdfg","description":"dgfs","code":"dfg","measuringUnit":"шт","isActive":true},{"id":6,"name":"fhfhr","description":"","code":"http://www.hocotech.com","measuringUnit":"шт","isActive":true}]
=======================================================

=======================================================
Timestamp: 2026-01-24T17:33:56.0957602Z
Method: GET
URL: /api/materials
Status: 200
Duration: 129 ms
UserId: 
Client IP: ::ffff:192.168.1.141
User-Agent: Dalvik/2.1.0 (Linux; U; Android 12; CTR-L91 Build/HUAWEICTR-L91)
Controller: Materials, Action: GetAll
Response Body: [{"id":3,"name":"лаал","description":"","code":"8700216593106","measuringUnit":"шт","isActive":true},{"id":4,"name":"аоата","description":"","code":"4606068730819","measuringUnit":"шт","isActive":true},{"id":5,"name":"sdfg","description":"dgfs","code":"dfg","measuringUnit":"шт","isActive":true},{"id":6,"name":"fhfhr","description":"","code":"http://www.hocotech.com","measuringUnit":"шт","isActive":true}]
=======================================================

=======================================================
Timestamp: 2026-01-24T17:34:06.2847027Z
Method: POST
URL: /api/materials
Status: 201
Duration: 16 ms
UserId: 
Client IP: ::ffff:192.168.1.141
User-Agent: Dalvik/2.1.0 (Linux; U; Android 12; CTR-L91 Build/HUAWEICTR-L91)
Controller: Materials, Action: CreateMaterial
Response Body: {"message":"Material created successfully","material":{"id":7,"name":"dhdh","description":"6373","code":"uhh dhhdh","measuringUnit":"шт","isActive":true}}
=======================================================

=======================================================
Timestamp: 2026-01-24T17:34:06.9727863Z
Method: POST
URL: /api/filling-warehouses
Status: 500
Duration: 800 ms
UserId: 
Client IP: ::ffff:192.168.1.141
User-Agent: Dalvik/2.1.0 (Linux; U; Android 12; CTR-L91 Build/HUAWEICTR-L91)
Controller: FillingWarehouses, Action: CreateFilling
Response Body: {"message":"An error occurred while saving the filling warehouse to the database"}
=======================================================

=======================================================
Timestamp: 2026-01-24T17:34:10.1008929Z
Method: GET
URL: /api/materials
Status: 200
Duration: 13 ms
UserId: 
Client IP: ::ffff:192.168.1.141
User-Agent: Dalvik/2.1.0 (Linux; U; Android 12; CTR-L91 Build/HUAWEICTR-L91)
Controller: Materials, Action: GetAll
Response Body: [{"id":3,"name":"лаал","description":"","code":"8700216593106","measuringUnit":"шт","isActive":true},{"id":4,"name":"аоата","description":"","code":"4606068730819","measuringUnit":"шт","isActive":true},{"id":5,"name":"sdfg","description":"dgfs","code":"dfg","measuringUnit":"шт","isActive":true},{"id":6,"name":"fhfhr","description":"","code":"http://www.hocotech.com","measuringUnit":"шт","isActive":true},{"id":7,"name":"dhdh","description":"6373","code":"uhh dhhdh","measuringUnit":"шт","isActive":true}]
=======================================================

=======================================================
Timestamp: 2026-01-24T17:34:17.3439393Z
Method: GET
URL: /hubs/notifications?id=nDcmOfSJQgI5PRmFLk5okw
Status: 101
Duration: 499573 ms
UserId: 
Client IP: ::1
User-Agent: Microsoft SignalR/8.0 (8.0.0+3f1acb59718cadf111a0a796681e3d3509bb3381; Windows NT; .NET; .NET 8.0.22)
=======================================================

=======================================================
Timestamp: 2026-01-24T17:34:37.5729541Z
Method: POST
URL: /api/Users/authenticate
Status: 200
Duration: 561 ms
UserId: 
Client IP: ::1
User-Agent: 
Controller: Users, Action: Authenticate
Response Body: {"message":"Login successful","user":{"id":1,"login":"admin","name":"Админ","surname":"Системный","email":"admin@example.com","phone":"+71234567890","createdAt":"2026-01-24T01:00:36.671391Z","roleId":1,"role":{"id":1,"name":"Владелец","code":"Owner","description":"Полный доступ","rank":1}}}
=======================================================

=======================================================
Timestamp: 2026-01-24T17:34:37.7805912Z
Method: POST
URL: /hubs/notifications/negotiate?negotiateVersion=1
Status: 200
Duration: 0 ms
UserId: 
Client IP: ::1
User-Agent: Microsoft SignalR/8.0 (8.0.0+3f1acb59718cadf111a0a796681e3d3509bb3381; Windows NT; .NET; .NET 8.0.22)
Response Body: {"negotiateVersion":1,"connectionId":"vDaOUjs2Uhnf2od3py3Upw","connectionToken":"Jf-y7uYoewgH6hV23m46AQ","availableTransports":[{"transport":"WebSockets","transferFormats":["Text","Binary"]},{"transport":"ServerSentEvents","transferFormats":["Text"]},{"transport":"LongPolling","transferFormats":["Text","Binary"]}]}
=======================================================

=======================================================
Timestamp: 2026-01-24T17:34:45.5669640Z
Method: GET
URL: /api/materials
Status: 200
Duration: 16 ms
UserId: 
Client IP: ::1
User-Agent: 
Controller: Materials, Action: GetAll
Response Body: [{"id":3,"name":"лаал","description":"","code":"8700216593106","measuringUnit":"шт","isActive":true},{"id":4,"name":"аоата","description":"","code":"4606068730819","measuringUnit":"шт","isActive":true},{"id":5,"name":"sdfg","description":"dgfs","code":"dfg","measuringUnit":"шт","isActive":true},{"id":6,"name":"fhfhr","description":"","code":"http://www.hocotech.com","measuringUnit":"шт","isActive":true},{"id":7,"name":"dhdh","description":"6373","code":"uhh dhhdh","measuringUnit":"шт","isActive":true}]
=======================================================

=======================================================
Timestamp: 2026-01-24T17:34:45.5931803Z
Method: GET
URL: /api/materials
Status: 200
Duration: 9 ms
UserId: 
Client IP: ::1
User-Agent: 
Controller: Materials, Action: GetAll
Response Body: [{"id":3,"name":"лаал","description":"","code":"8700216593106","measuringUnit":"шт","isActive":true},{"id":4,"name":"аоата","description":"","code":"4606068730819","measuringUnit":"шт","isActive":true},{"id":5,"name":"sdfg","description":"dgfs","code":"dfg","measuringUnit":"шт","isActive":true},{"id":6,"name":"fhfhr","description":"","code":"http://www.hocotech.com","measuringUnit":"шт","isActive":true},{"id":7,"name":"dhdh","description":"6373","code":"uhh dhhdh","measuringUnit":"шт","isActive":true}]
=======================================================

=======================================================
Timestamp: 2026-01-24T17:34:54.1506598Z
Method: GET
URL: /api/materials
Status: 200
Duration: 13 ms
UserId: 
Client IP: ::1
User-Agent: 
Controller: Materials, Action: GetAll
Response Body: [{"id":3,"name":"лаал","description":"","code":"8700216593106","measuringUnit":"шт","isActive":true},{"id":4,"name":"аоата","description":"","code":"4606068730819","measuringUnit":"шт","isActive":true},{"id":5,"name":"sdfg","description":"dgfs","code":"dfg","measuringUnit":"шт","isActive":true},{"id":6,"name":"fhfhr","description":"","code":"http://www.hocotech.com","measuringUnit":"шт","isActive":true},{"id":7,"name":"dhdh","description":"6373","code":"uhh dhhdh","measuringUnit":"шт","isActive":true}]
=======================================================

=======================================================
Timestamp: 2026-01-24T17:34:54.1642295Z
Method: GET
URL: /api/warehouses
Status: 200
Duration: 20 ms
UserId: 
Client IP: ::1
User-Agent: 
Controller: Warehouses, Action: GetAll
Response Body: [{"id":1,"name":"скр1","type":"Склад","isActive":true,"fromMovements":[],"toMovements":[],"fromRequests":[],"toRequests":[]}]
=======================================================

=======================================================
Timestamp: 2026-01-24T17:34:55.3161763Z
Method: POST
URL: /api/materials
Status: 201
Duration: 15 ms
UserId: 
Client IP: ::1
User-Agent: 
Controller: Materials, Action: CreateMaterial
Response Body: {"message":"Material created successfully","material":{"id":8,"name":"xfg","description":"xhg","code":"xg","measuringUnit":"шт","isActive":true}}
=======================================================

=======================================================
Timestamp: 2026-01-24T17:34:56.2933264Z
Method: POST
URL: /api/filling-warehouses
Status: 500
Duration: 1068 ms
UserId: 
Client IP: ::1
User-Agent: 
Controller: FillingWarehouses, Action: CreateFilling
Response Body: {"message":"An error occurred while saving the filling warehouse to the database"}
=======================================================

=======================================================
Timestamp: 2026-01-24T17:35:00.7003043Z
Method: GET
URL: /api/materials
Status: 200
Duration: 50 ms
UserId: 
Client IP: ::1
User-Agent: 
Controller: Materials, Action: GetAll
Response Body: [{"id":3,"name":"лаал","description":"","code":"8700216593106","measuringUnit":"шт","isActive":true},{"id":4,"name":"аоата","description":"","code":"4606068730819","measuringUnit":"шт","isActive":true},{"id":5,"name":"sdfg","description":"dgfs","code":"dfg","measuringUnit":"шт","isActive":true},{"id":6,"name":"fhfhr","description":"","code":"http://www.hocotech.com","measuringUnit":"шт","isActive":true},{"id":7,"name":"dhdh","description":"6373","code":"uhh dhhdh","measuringUnit":"шт","isActive":true},{"id":8,"name":"xfg","description":"xhg","code":"xg","measuringUnit":"шт","isActive":true}]
=======================================================

=======================================================
Timestamp: 2026-01-24T17:35:00.8307241Z
Method: GET
URL: /api/materials
Status: 200
Duration: 61 ms
UserId: 
Client IP: ::1
User-Agent: 
Controller: Materials, Action: GetAll
Response Body: [{"id":3,"name":"лаал","description":"","code":"8700216593106","measuringUnit":"шт","isActive":true},{"id":4,"name":"аоата","description":"","code":"4606068730819","measuringUnit":"шт","isActive":true},{"id":5,"name":"sdfg","description":"dgfs","code":"dfg","measuringUnit":"шт","isActive":true},{"id":6,"name":"fhfhr","description":"","code":"http://www.hocotech.com","measuringUnit":"шт","isActive":true},{"id":7,"name":"dhdh","description":"6373","code":"uhh dhhdh","measuringUnit":"шт","isActive":true},{"id":8,"name":"xfg","description":"xhg","code":"xg","measuringUnit":"шт","isActive":true}]
=======================================================

=======================================================
Timestamp: 2026-01-24T17:36:03.9783241Z
Method: GET
URL: /hubs/notifications?id=Jf-y7uYoewgH6hV23m46AQ
Status: 101
Duration: 85761 ms
UserId: 
Client IP: ::1
User-Agent: Microsoft SignalR/8.0 (8.0.0+3f1acb59718cadf111a0a796681e3d3509bb3381; Windows NT; .NET; .NET 8.0.22)
=======================================================

=======================================================
Timestamp: 2026-01-24T17:36:35.2709065Z
Method: POST
URL: /api/Users/authenticate
Status: 200
Duration: 533 ms
UserId: 
Client IP: ::1
User-Agent: 
Controller: Users, Action: Authenticate
Response Body: {"message":"Login successful","user":{"id":1,"login":"admin","name":"Админ","surname":"Системный","email":"admin@example.com","phone":"+71234567890","createdAt":"2026-01-24T01:00:36.671391Z","roleId":1,"role":{"id":1,"name":"Владелец","code":"Owner","description":"Полный доступ","rank":1}}}
=======================================================

=======================================================
Timestamp: 2026-01-24T17:36:35.5161130Z
Method: POST
URL: /hubs/notifications/negotiate?negotiateVersion=1
Status: 200
Duration: 0 ms
UserId: 
Client IP: ::1
User-Agent: Microsoft SignalR/8.0 (8.0.0+3f1acb59718cadf111a0a796681e3d3509bb3381; Windows NT; .NET; .NET 8.0.22)
Response Body: {"negotiateVersion":1,"connectionId":"ggoC2vTLNHfqqJRg4du3lg","connectionToken":"_bfLKO8f4-iLzfhTu4iXFA","availableTransports":[{"transport":"WebSockets","transferFormats":["Text","Binary"]},{"transport":"ServerSentEvents","transferFormats":["Text"]},{"transport":"LongPolling","transferFormats":["Text","Binary"]}]}
=======================================================

=======================================================
Timestamp: 2026-01-24T17:36:38.9564151Z
Method: GET
URL: /api/materials
Status: 200
Duration: 11 ms
UserId: 
Client IP: ::1
User-Agent: 
Controller: Materials, Action: GetAll
Response Body: [{"id":3,"name":"лаал","description":"","code":"8700216593106","measuringUnit":"шт","isActive":true},{"id":4,"name":"аоата","description":"","code":"4606068730819","measuringUnit":"шт","isActive":true},{"id":5,"name":"sdfg","description":"dgfs","code":"dfg","measuringUnit":"шт","isActive":true},{"id":6,"name":"fhfhr","description":"","code":"http://www.hocotech.com","measuringUnit":"шт","isActive":true},{"id":7,"name":"dhdh","description":"6373","code":"uhh dhhdh","measuringUnit":"шт","isActive":true},{"id":8,"name":"xfg","description":"xhg","code":"xg","measuringUnit":"шт","isActive":true}]
=======================================================

=======================================================
Timestamp: 2026-01-24T17:36:39.0843214Z
Method: GET
URL: /api/materials
Status: 200
Duration: 10 ms
UserId: 
Client IP: ::1
User-Agent: 
Controller: Materials, Action: GetAll
Response Body: [{"id":3,"name":"лаал","description":"","code":"8700216593106","measuringUnit":"шт","isActive":true},{"id":4,"name":"аоата","description":"","code":"4606068730819","measuringUnit":"шт","isActive":true},{"id":5,"name":"sdfg","description":"dgfs","code":"dfg","measuringUnit":"шт","isActive":true},{"id":6,"name":"fhfhr","description":"","code":"http://www.hocotech.com","measuringUnit":"шт","isActive":true},{"id":7,"name":"dhdh","description":"6373","code":"uhh dhhdh","measuringUnit":"шт","isActive":true},{"id":8,"name":"xfg","description":"xhg","code":"xg","measuringUnit":"шт","isActive":true}]
=======================================================

=======================================================
Timestamp: 2026-01-24T17:36:43.9805177Z
Method: GET
URL: /api/materials
Status: 200
Duration: 27 ms
UserId: 
Client IP: ::1
User-Agent: 
Controller: Materials, Action: GetAll
Response Body: [{"id":3,"name":"лаал","description":"","code":"8700216593106","measuringUnit":"шт","isActive":true},{"id":4,"name":"аоата","description":"","code":"4606068730819","measuringUnit":"шт","isActive":true},{"id":5,"name":"sdfg","description":"dgfs","code":"dfg","measuringUnit":"шт","isActive":true},{"id":6,"name":"fhfhr","description":"","code":"http://www.hocotech.com","measuringUnit":"шт","isActive":true},{"id":7,"name":"dhdh","description":"6373","code":"uhh dhhdh","measuringUnit":"шт","isActive":true},{"id":8,"name":"xfg","description":"xhg","code":"xg","measuringUnit":"шт","isActive":true}]
=======================================================

=======================================================
Timestamp: 2026-01-24T17:36:47.1857810Z
Method: GET
URL: /api/materials
Status: 200
Duration: 44 ms
UserId: 
Client IP: ::1
User-Agent: 
Controller: Materials, Action: GetAll
Response Body: [{"id":3,"name":"лаал","description":"","code":"8700216593106","measuringUnit":"шт","isActive":true},{"id":4,"name":"аоата","description":"","code":"4606068730819","measuringUnit":"шт","isActive":true},{"id":5,"name":"sdfg","description":"dgfs","code":"dfg","measuringUnit":"шт","isActive":true},{"id":6,"name":"fhfhr","description":"","code":"http://www.hocotech.com","measuringUnit":"шт","isActive":true},{"id":7,"name":"dhdh","description":"6373","code":"uhh dhhdh","measuringUnit":"шт","isActive":true}]
=======================================================

=======================================================
Timestamp: 2026-01-24T17:36:50.7139494Z
Method: GET
URL: /api/materials
Status: 200
Duration: 10 ms
UserId: 
Client IP: ::1
User-Agent: 
Controller: Materials, Action: GetAll
Response Body: [{"id":4,"name":"аоата","description":"","code":"4606068730819","measuringUnit":"шт","isActive":true},{"id":5,"name":"sdfg","description":"dgfs","code":"dfg","measuringUnit":"шт","isActive":true},{"id":6,"name":"fhfhr","description":"","code":"http://www.hocotech.com","measuringUnit":"шт","isActive":true},{"id":7,"name":"dhdh","description":"6373","code":"uhh dhhdh","measuringUnit":"шт","isActive":true}]
=======================================================

=======================================================
Timestamp: 2026-01-24T17:37:02.1744868Z
Method: GET
URL: /api/materials
Status: 200
Duration: 6 ms
UserId: 
Client IP: ::1
User-Agent: 
Controller: Materials, Action: GetAll
Response Body: [{"id":4,"name":"аоата","description":"","code":"4606068730819","measuringUnit":"шт","isActive":true},{"id":5,"name":"sdfg","description":"dgfs","code":"dfg","measuringUnit":"шт","isActive":true},{"id":6,"name":"fhfhr","description":"","code":"http://www.hocotech.com","measuringUnit":"шт","isActive":true}]
=======================================================

=======================================================
Timestamp: 2026-01-24T17:37:04.5003203Z
Method: GET
URL: /api/materials
Status: 200
Duration: 21 ms
UserId: 
Client IP: ::1
User-Agent: 
Controller: Materials, Action: GetAll
Response Body: [{"id":4,"name":"аоата","description":"","code":"4606068730819","measuringUnit":"шт","isActive":true},{"id":5,"name":"sdfg","description":"dgfs","code":"dfg","measuringUnit":"шт","isActive":true}]
=======================================================

=======================================================
Timestamp: 2026-01-24T17:37:06.8617411Z
Method: GET
URL: /api/materials
Status: 200
Duration: 70 ms
UserId: 
Client IP: ::1
User-Agent: 
Controller: Materials, Action: GetAll
Response Body: [{"id":4,"name":"аоата","description":"","code":"4606068730819","measuringUnit":"шт","isActive":true}]
=======================================================

=======================================================
Timestamp: 2026-01-24T17:37:13.8986259Z
Method: GET
URL: /api/materials
Status: 200
Duration: 10 ms
UserId: 
Client IP: ::1
User-Agent: 
Controller: Materials, Action: GetAll
Response Body: [{"id":4,"name":"аоата","description":"","code":"4606068730819","measuringUnit":"шт","isActive":true}]
=======================================================

=======================================================
Timestamp: 2026-01-24T17:37:13.9013956Z
Method: GET
URL: /api/materials
Status: 200
Duration: 8 ms
UserId: 
Client IP: ::1
User-Agent: 
Controller: Materials, Action: GetAll
Response Body: [{"id":4,"name":"аоата","description":"","code":"4606068730819","measuringUnit":"шт","isActive":true}]
=======================================================

=======================================================
Timestamp: 2026-01-24T17:37:16.5422205Z
Method: GET
URL: /api/materials
Status: 200
Duration: 17 ms
UserId: 
Client IP: ::1
User-Agent: 
Controller: Materials, Action: GetAll
Response Body: [{"id":4,"name":"аоата","description":"","code":"4606068730819","measuringUnit":"шт","isActive":true}]
=======================================================

=======================================================
Timestamp: 2026-01-24T17:37:19.1620669Z
Method: GET
URL: /api/materials
Status: 200
Duration: 21 ms
UserId: 
Client IP: ::1
User-Agent: 
Controller: Materials, Action: GetAll
Response Body: []
=======================================================

=======================================================
Timestamp: 2026-01-24T17:37:21.2115931Z
Method: GET
URL: /api/materials
Status: 200
Duration: 10 ms
UserId: 
Client IP: ::1
User-Agent: 
Controller: Materials, Action: GetAll
Response Body: []
=======================================================

=======================================================
Timestamp: 2026-01-24T17:37:21.3273925Z
Method: GET
URL: /api/materials
Status: 200
Duration: 13 ms
UserId: 
Client IP: ::1
User-Agent: 
Controller: Materials, Action: GetAll
Response Body: []
=======================================================

=======================================================
Timestamp: 2026-01-24T17:37:26.5028591Z
Method: GET
URL: /api/materials
Status: 200
Duration: 48 ms
UserId: 
Client IP: ::1
User-Agent: 
Controller: Materials, Action: GetAll
Response Body: []
=======================================================

=======================================================
Timestamp: 2026-01-24T17:37:26.6216520Z
Method: GET
URL: /api/materials
Status: 200
Duration: 49 ms
UserId: 
Client IP: ::1
User-Agent: 
Controller: Materials, Action: GetAll
Response Body: []
=======================================================

=======================================================
Timestamp: 2026-01-24T17:37:27.0468885Z
Method: GET
URL: /api/materials
Status: 200
Duration: 53 ms
UserId: 
Client IP: ::1
User-Agent: 
Controller: Materials, Action: GetAll
Response Body: []
=======================================================

=======================================================
Timestamp: 2026-01-24T17:37:34.6442517Z
Method: GET
URL: /api/materials
Status: 200
Duration: 18 ms
UserId: 
Client IP: ::1
User-Agent: 
Controller: Materials, Action: GetAll
Response Body: []
=======================================================

=======================================================
Timestamp: 2026-01-24T17:37:34.6533648Z
Method: GET
URL: /api/materials
Status: 200
Duration: 18 ms
UserId: 
Client IP: ::1
User-Agent: 
Controller: Materials, Action: GetAll
Response Body: []
=======================================================

=======================================================
Timestamp: 2026-01-24T17:37:34.7504225Z
Method: GET
URL: /api/warehouses
Status: 200
Duration: 26 ms
UserId: 
Client IP: ::1
User-Agent: 
Controller: Warehouses, Action: GetAll
Response Body: [{"id":1,"name":"скр1","type":"Склад","isActive":true,"fromMovements":[],"toMovements":[],"fromRequests":[],"toRequests":[]}]
=======================================================

=======================================================
Timestamp: 2026-01-24T17:39:12.4123560Z
Method: POST
URL: /api/materials
Status: 201
Duration: 18 ms
UserId: 
Client IP: ::1
User-Agent: 
Controller: Materials, Action: CreateMaterial
Response Body: {"message":"Material created successfully","material":{"id":9,"name":"ad","description":"da","code":"ad","measuringUnit":"adшт","isActive":true}}
=======================================================

=======================================================
Timestamp: 2026-01-24T17:39:19.0347074Z
Method: POST
URL: /api/filling-warehouses
Status: 500
Duration: 1394 ms
UserId: 
Client IP: ::1
User-Agent: 
Controller: FillingWarehouses, Action: CreateFilling
Response Body: {"message":"An error occurred while saving the filling warehouse to the database"}
=======================================================

=======================================================
Timestamp: 2026-01-24T17:39:34.4647211Z
Method: GET
URL: /hubs/notifications?id=_bfLKO8f4-iLzfhTu4iXFA
Status: 101
Duration: 178792 ms
UserId: 
Client IP: ::1
User-Agent: Microsoft SignalR/8.0 (8.0.0+3f1acb59718cadf111a0a796681e3d3509bb3381; Windows NT; .NET; .NET 8.0.22)
=======================================================

=======================================================
Timestamp: 2026-01-24T17:48:48.7180804Z
Method: GET
URL: /
Status: 404
Duration: 5 ms
UserId: 
Client IP: ::1
User-Agent: Mozilla/5.0 (Windows NT 10.0; Win64; x64) AppleWebKit/537.36 (KHTML, like Gecko) Chrome/144.0.0.0 Safari/537.36
=======================================================

=======================================================
Timestamp: 2026-01-24T17:49:01.3547021Z
Method: GET
URL: /api/materials
Status: 200
Duration: 268 ms
UserId: 
Client IP: ::ffff:192.168.1.141
User-Agent: Dalvik/2.1.0 (Linux; U; Android 12; CTR-L91 Build/HUAWEICTR-L91)
Controller: Materials, Action: GetAll
Response Body: []
=======================================================

=======================================================
Timestamp: 2026-01-24T17:49:01.3917700Z
Method: GET
URL: /api/materials
Status: 200
Duration: 325 ms
UserId: 
Client IP: ::ffff:192.168.1.141
User-Agent: Dalvik/2.1.0 (Linux; U; Android 12; CTR-L91 Build/HUAWEICTR-L91)
Controller: Materials, Action: GetAll
Response Body: []
=======================================================

=======================================================
Timestamp: 2026-01-24T17:49:11.2527618Z
Method: POST
URL: /api/materials
Status: 201
Duration: 127 ms
UserId: 
Client IP: ::ffff:192.168.1.141
User-Agent: Dalvik/2.1.0 (Linux; U; Android 12; CTR-L91 Build/HUAWEICTR-L91)
Controller: Materials, Action: CreateMaterial
Response Body: {"message":"Material created successfully","material":{"id":1,"name":"djd","description":"eue","code":"dhd","measuringUnit":"шт","isActive":true}}
=======================================================

=======================================================
Timestamp: 2026-01-24T17:49:11.4947209Z
Method: POST
URL: /api/filling-warehouses
Status: 404
Duration: 219 ms
UserId: 
Client IP: ::ffff:192.168.1.141
User-Agent: Dalvik/2.1.0 (Linux; U; Android 12; CTR-L91 Build/HUAWEICTR-L91)
Controller: FillingWarehouses, Action: CreateFilling
Response Body: {"message":"Warehouse with ID 1 not found"}
=======================================================

=======================================================
Timestamp: 2026-01-24T17:49:13.7930147Z
Method: GET
URL: /api/materials
Status: 200
Duration: 15 ms
UserId: 
Client IP: ::ffff:192.168.1.141
User-Agent: Dalvik/2.1.0 (Linux; U; Android 12; CTR-L91 Build/HUAWEICTR-L91)
Controller: Materials, Action: GetAll
Response Body: [{"id":1,"name":"djd","description":"eue","code":"dhd","measuringUnit":"шт","isActive":true}]
=======================================================

=======================================================
Timestamp: 2026-01-24T17:49:13.7978327Z
Method: GET
URL: /api/materials
Status: 200
Duration: 15 ms
UserId: 
Client IP: ::ffff:192.168.1.141
User-Agent: Dalvik/2.1.0 (Linux; U; Android 12; CTR-L91 Build/HUAWEICTR-L91)
Controller: Materials, Action: GetAll
Response Body: [{"id":1,"name":"djd","description":"eue","code":"dhd","measuringUnit":"шт","isActive":true}]
=======================================================

=======================================================
Timestamp: 2026-01-24T17:49:13.8098777Z
Method: GET
URL: /api/materials
Status: 200
Duration: 15 ms
UserId: 
Client IP: ::ffff:192.168.1.141
User-Agent: Dalvik/2.1.0 (Linux; U; Android 12; CTR-L91 Build/HUAWEICTR-L91)
Controller: Materials, Action: GetAll
Response Body: [{"id":1,"name":"djd","description":"eue","code":"dhd","measuringUnit":"шт","isActive":true}]
=======================================================

