=======================================================
Timestamp: 2026-01-22T09:39:41.0417528Z
Method: GET
URL: /api/users
Status: 200
Duration: 674 ms
UserId: 
Client IP: ::1
User-Agent: 
Controller: Users, Action: GetAll
Response Body: [{"id":1,"login":"admin","encryptedPassword":"/mzBtSY9I4NWmCTvTxp0Qg==","name":"Админ","surname":"Системный","email":"admin@example.com","phone":"+71234567890","createdAt":"2026-01-22T09:33:33.991733Z","roleId":null,"role":null,"alarmEvents":[],"sentPartRequests":[],"receivedPartRequests":[],"sentShiftTransfers":[],"receivedShiftTransfers":[]}]
=======================================================

=======================================================
Timestamp: 2026-01-22T09:39:50.5212507Z
Method: GET
URL: /api/users
Status: 200
Duration: 15 ms
UserId: 
Client IP: ::1
User-Agent: 
Controller: Users, Action: GetAll
Response Body: [{"id":1,"login":"admin","encryptedPassword":"/mzBtSY9I4NWmCTvTxp0Qg==","name":"Админ","surname":"Системный","email":"admin@example.com","phone":"+71234567890","createdAt":"2026-01-22T09:33:33.991733Z","roleId":null,"role":null,"alarmEvents":[],"sentPartRequests":[],"receivedPartRequests":[],"sentShiftTransfers":[],"receivedShiftTransfers":[]}]
=======================================================

=======================================================
Timestamp: 2026-01-22T09:39:54.5631972Z
Method: GET
URL: /api/work-reports/user/1
Status: 404
Duration: 0 ms
UserId: 
Client IP: ::1
User-Agent: 
=======================================================

=======================================================
Timestamp: 2026-01-22T09:39:54.6492856Z
Method: GET
URL: /api/work-reports/user/1
Status: 404
Duration: 0 ms
UserId: 
Client IP: ::1
User-Agent: 
=======================================================

=======================================================
Timestamp: 2026-01-22T09:39:56.0063037Z
Method: GET
URL: /api/work-reports/user/1
Status: 404
Duration: 0 ms
UserId: 
Client IP: ::1
User-Agent: 
=======================================================

=======================================================
Timestamp: 2026-01-22T09:39:56.0311937Z
Method: POST
URL: /api/work-reports/start
Status: 404
Duration: 0 ms
UserId: 
Client IP: ::1
User-Agent: 
=======================================================

=======================================================
Timestamp: 2026-01-22T09:39:59.1599758Z
Method: GET
URL: /api/work-reports/user/1
Status: 404
Duration: 0 ms
UserId: 
Client IP: ::1
User-Agent: 
=======================================================

=======================================================
Timestamp: 2026-01-22T09:39:59.1610985Z
Method: GET
URL: /api/work-reports/user/1
Status: 404
Duration: 0 ms
UserId: 
Client IP: ::1
User-Agent: 
=======================================================

=======================================================
Timestamp: 2026-01-22T09:40:00.4763741Z
Method: GET
URL: /api/work-reports/user/1
Status: 404
Duration: 0 ms
UserId: 
Client IP: ::1
User-Agent: 
=======================================================

=======================================================
Timestamp: 2026-01-22T09:40:00.4779489Z
Method: POST
URL: /api/work-reports/start
Status: 404
Duration: 2 ms
UserId: 
Client IP: ::1
User-Agent: 
=======================================================

=======================================================
Timestamp: 2026-01-22T09:40:08.2449385Z
Method: GET
URL: /api/database/check
Status: 200
Duration: 413 ms
UserId: 
Client IP: ::1
User-Agent: 
Controller: Database, Action: CheckDatabase
Response Body: {"success":true,"message":"Подключение к базе данных успешно","usersCount":1,"users":[{"id":1,"login":"admin","email":"admin@example.com","name":"Админ Системный","isPasswordEncrypted":true,"passwordLength":24}]}
=======================================================

=======================================================
Timestamp: 2026-01-22T09:40:22.7924306Z
Method: GET
URL: /api/users
Status: 200
Duration: 4 ms
UserId: 
Client IP: ::1
User-Agent: 
Controller: Users, Action: GetAll
Response Body: [{"id":1,"login":"admin","encryptedPassword":"/mzBtSY9I4NWmCTvTxp0Qg==","name":"Админ","surname":"Системный","email":"admin@example.com","phone":"+71234567890","createdAt":"2026-01-22T09:33:33.991733Z","roleId":null,"role":null,"alarmEvents":[],"sentPartRequests":[],"receivedPartRequests":[],"sentShiftTransfers":[],"receivedShiftTransfers":[]}]
=======================================================

=======================================================
Timestamp: 2026-01-22T09:40:38.7863021Z
Method: GET
URL: /api/users
Status: 200
Duration: 5 ms
UserId: 
Client IP: ::1
User-Agent: 
Controller: Users, Action: GetAll
Response Body: [{"id":1,"login":"admin","encryptedPassword":"/mzBtSY9I4NWmCTvTxp0Qg==","name":"Админ","surname":"Системный","email":"admin@example.com","phone":"+71234567890","createdAt":"2026-01-22T09:33:33.991733Z","roleId":null,"role":null,"alarmEvents":[],"sentPartRequests":[],"receivedPartRequests":[],"sentShiftTransfers":[],"receivedShiftTransfers":[]}]
=======================================================

=======================================================
Timestamp: 2026-01-22T09:40:38.7913394Z
Method: GET
URL: /api/users
Status: 200
Duration: 2 ms
UserId: 
Client IP: ::1
User-Agent: 
Controller: Users, Action: GetAll
Response Body: [{"id":1,"login":"admin","encryptedPassword":"/mzBtSY9I4NWmCTvTxp0Qg==","name":"Админ","surname":"Системный","email":"admin@example.com","phone":"+71234567890","createdAt":"2026-01-22T09:33:33.991733Z","roleId":null,"role":null,"alarmEvents":[],"sentPartRequests":[],"receivedPartRequests":[],"sentShiftTransfers":[],"receivedShiftTransfers":[]}]
=======================================================

=======================================================
Timestamp: 2026-01-22T09:40:38.8477619Z
Method: GET
URL: /api/users
Status: 200
Duration: 2 ms
UserId: 
Client IP: ::1
User-Agent: 
Controller: Users, Action: GetAll
Response Body: [{"id":1,"login":"admin","encryptedPassword":"/mzBtSY9I4NWmCTvTxp0Qg==","name":"Админ","surname":"Системный","email":"admin@example.com","phone":"+71234567890","createdAt":"2026-01-22T09:33:33.991733Z","roleId":null,"role":null,"alarmEvents":[],"sentPartRequests":[],"receivedPartRequests":[],"sentShiftTransfers":[],"receivedShiftTransfers":[]}]
=======================================================

=======================================================
Timestamp: 2026-01-22T09:40:38.8865435Z
Method: GET
URL: /api/roles
Status: 200
Duration: 18 ms
UserId: 
Client IP: ::1
User-Agent: 
Controller: Roles, Action: GetAll
Response Body: []
=======================================================

=======================================================
Timestamp: 2026-01-22T09:40:54.1000893Z
Method: GET
URL: /api/users
Status: 200
Duration: 2 ms
UserId: 
Client IP: ::1
User-Agent: 
Controller: Users, Action: GetAll
Response Body: [{"id":1,"login":"admin","encryptedPassword":"/mzBtSY9I4NWmCTvTxp0Qg==","name":"Админ","surname":"Системный","email":"admin@example.com","phone":"+71234567890","createdAt":"2026-01-22T09:33:33.991733Z","roleId":null,"role":null,"alarmEvents":[],"sentPartRequests":[],"receivedPartRequests":[],"sentShiftTransfers":[],"receivedShiftTransfers":[]}]
=======================================================

=======================================================
Timestamp: 2026-01-22T09:40:54.1021021Z
Method: GET
URL: /api/roles
Status: 200
Duration: 3 ms
UserId: 
Client IP: ::1
User-Agent: 
Controller: Roles, Action: GetAll
Response Body: []
=======================================================

=======================================================
Timestamp: 2026-01-22T09:40:55.5635466Z
Method: GET
URL: /api/users
Status: 200
Duration: 2 ms
UserId: 
Client IP: ::1
User-Agent: 
Controller: Users, Action: GetAll
Response Body: [{"id":1,"login":"admin","encryptedPassword":"/mzBtSY9I4NWmCTvTxp0Qg==","name":"Админ","surname":"Системный","email":"admin@example.com","phone":"+71234567890","createdAt":"2026-01-22T09:33:33.991733Z","roleId":null,"role":null,"alarmEvents":[],"sentPartRequests":[],"receivedPartRequests":[],"sentShiftTransfers":[],"receivedShiftTransfers":[]}]
=======================================================

=======================================================
Timestamp: 2026-01-22T09:40:56.4927824Z
Method: PUT
URL: /api/users/1
Status: 200
Duration: 1049 ms
UserId: 
Client IP: ::1
User-Agent: 
Controller: Users, Action: UpdateUser
Response Body: {"message":"User updated successfully","user":{"id":1,"login":"admin","encryptedPassword":"$2a$11$ZGjds28uWmV3nMtOXjG/2.DEfM6eTVKbFAY7.eis/4GA3POEjxX/i","name":"Админ","surname":"Системный","email":"admin@example.com","phone":"+71234567890","createdAt":"2026-01-22T09:33:33.991733Z","roleId":null,"role":null,"alarmEvents":[],"sentPartRequests":[],"receivedPartRequests":[],"sentShiftTransfers":[],"receivedShiftTransfers":[]}}
=======================================================

=======================================================
Timestamp: 2026-01-22T09:40:56.5048586Z
Method: GET
URL: /api/users
Status: 200
Duration: 4 ms
UserId: 
Client IP: ::1
User-Agent: 
Controller: Users, Action: GetAll
Response Body: [{"id":1,"login":"admin","encryptedPassword":"$2a$11$ZGjds28uWmV3nMtOXjG/2.DEfM6eTVKbFAY7.eis/4GA3POEjxX/i","name":"Админ","surname":"Системный","email":"admin@example.com","phone":"+71234567890","createdAt":"2026-01-22T09:33:33.991733Z","roleId":null,"role":null,"alarmEvents":[],"sentPartRequests":[],"receivedPartRequests":[],"sentShiftTransfers":[],"receivedShiftTransfers":[]}]
=======================================================

=======================================================
Timestamp: 2026-01-22T09:41:41.7702866Z
Method: GET
URL: /api/roles
Status: 200
Duration: 2 ms
UserId: 
Client IP: ::1
User-Agent: 
Controller: Roles, Action: GetAll
Response Body: []
=======================================================

=======================================================
Timestamp: 2026-01-22T09:41:42.1252742Z
Method: POST
URL: /api/users
Status: 201
Duration: 630 ms
UserId: 
Client IP: ::1
User-Agent: 
Controller: Users, Action: CreateUser
Response Body: {"message":"User created successfully","user":{"id":2,"login":"adam","encryptedPassword":"$2a$11$UX/zZKj6vvjnWGRoiHUBMeRaZz92V7z/P.7nGEzkguCDrXpvixcZ6","name":"adam","surname":"first","email":"g@g.com","phone":"","createdAt":"2026-01-22T09:41:42.0566331Z","roleId":null,"role":null,"alarmEvents":[],"sentPartRequests":[],"receivedPartRequests":[],"sentShiftTransfers":[],"receivedShiftTransfers":[]}}
=======================================================

=======================================================
Timestamp: 2026-01-22T09:41:42.1718959Z
Method: GET
URL: /api/users
Status: 200
Duration: 1 ms
UserId: 
Client IP: ::1
User-Agent: 
Controller: Users, Action: GetAll
Response Body: [{"id":2,"login":"adam","encryptedPassword":"$2a$11$UX/zZKj6vvjnWGRoiHUBMeRaZz92V7z/P.7nGEzkguCDrXpvixcZ6","name":"adam","surname":"first","email":"g@g.com","phone":"","createdAt":"2026-01-22T09:41:42.056633Z","roleId":null,"role":null,"alarmEvents":[],"sentPartRequests":[],"receivedPartRequests":[],"sentShiftTransfers":[],"receivedShiftTransfers":[]},{"id":1,"login":"admin","encryptedPassword":"$2a$11$ZGjds28uWmV3nMtOXjG/2.DEfM6eTVKbFAY7.eis/4GA3POEjxX/i","name":"Админ","surname":"Системный","email":"admin@example.com","phone":"+71234567890","createdAt":"2026-01-22T09:33:33.991733Z","roleId":null,"role":null,"alarmEvents":[],"sentPartRequests":[],"receivedPartRequests":[],"sentShiftTransfers":[],"receivedShiftTransfers":[]}]
=======================================================

=======================================================
Timestamp: 2026-01-22T09:41:42.2457355Z
Method: GET
URL: /api/users
Status: 200
Duration: 28 ms
UserId: 
Client IP: ::1
User-Agent: 
Controller: Users, Action: GetAll
Response Body: [{"id":2,"login":"adam","encryptedPassword":"$2a$11$UX/zZKj6vvjnWGRoiHUBMeRaZz92V7z/P.7nGEzkguCDrXpvixcZ6","name":"adam","surname":"first","email":"g@g.com","phone":"","createdAt":"2026-01-22T09:41:42.056633Z","roleId":null,"role":null,"alarmEvents":[],"sentPartRequests":[],"receivedPartRequests":[],"sentShiftTransfers":[],"receivedShiftTransfers":[]},{"id":1,"login":"admin","encryptedPassword":"$2a$11$ZGjds28uWmV3nMtOXjG/2.DEfM6eTVKbFAY7.eis/4GA3POEjxX/i","name":"Админ","surname":"Системный","email":"admin@example.com","phone":"+71234567890","createdAt":"2026-01-22T09:33:33.991733Z","roleId":null,"role":null,"alarmEvents":[],"sentPartRequests":[],"receivedPartRequests":[],"sentShiftTransfers":[],"receivedShiftTransfers":[]}]
=======================================================

=======================================================
Timestamp: 2026-01-22T09:41:49.5635469Z
Method: GET
URL: /api/roles
Status: 200
Duration: 1 ms
UserId: 
Client IP: ::1
User-Agent: 
Controller: Roles, Action: GetAll
Response Body: []
=======================================================

=======================================================
Timestamp: 2026-01-22T09:41:50.9261277Z
Method: GET
URL: /api/users
Status: 200
Duration: 2 ms
UserId: 
Client IP: ::1
User-Agent: 
Controller: Users, Action: GetAll
Response Body: [{"id":2,"login":"adam","encryptedPassword":"$2a$11$UX/zZKj6vvjnWGRoiHUBMeRaZz92V7z/P.7nGEzkguCDrXpvixcZ6","name":"adam","surname":"first","email":"g@g.com","phone":"","createdAt":"2026-01-22T09:41:42.056633Z","roleId":null,"role":null,"alarmEvents":[],"sentPartRequests":[],"receivedPartRequests":[],"sentShiftTransfers":[],"receivedShiftTransfers":[]},{"id":1,"login":"admin","encryptedPassword":"$2a$11$ZGjds28uWmV3nMtOXjG/2.DEfM6eTVKbFAY7.eis/4GA3POEjxX/i","name":"Админ","surname":"Системный","email":"admin@example.com","phone":"+71234567890","createdAt":"2026-01-22T09:33:33.991733Z","roleId":null,"role":null,"alarmEvents":[],"sentPartRequests":[],"receivedPartRequests":[],"sentShiftTransfers":[],"receivedShiftTransfers":[]}]
=======================================================

=======================================================
Timestamp: 2026-01-22T09:41:50.9342111Z
Method: PUT
URL: /api/users/2
Status: 200
Duration: 8 ms
UserId: 
Client IP: ::1
User-Agent: 
Controller: Users, Action: UpdateUser
Response Body: {"message":"User updated successfully","user":{"id":2,"login":"adam","encryptedPassword":"$2a$11$UX/zZKj6vvjnWGRoiHUBMeRaZz92V7z/P.7nGEzkguCDrXpvixcZ6","name":"adam","surname":"first","email":"g@g.com","phone":"","createdAt":"2026-01-22T09:41:42.056633Z","roleId":null,"role":null,"alarmEvents":[],"sentPartRequests":[],"receivedPartRequests":[],"sentShiftTransfers":[],"receivedShiftTransfers":[]}}
=======================================================

=======================================================
Timestamp: 2026-01-22T09:41:50.9392566Z
Method: GET
URL: /api/users
Status: 200
Duration: 2 ms
UserId: 
Client IP: ::1
User-Agent: 
Controller: Users, Action: GetAll
Response Body: [{"id":2,"login":"adam","encryptedPassword":"$2a$11$UX/zZKj6vvjnWGRoiHUBMeRaZz92V7z/P.7nGEzkguCDrXpvixcZ6","name":"adam","surname":"first","email":"g@g.com","phone":"","createdAt":"2026-01-22T09:41:42.056633Z","roleId":null,"role":null,"alarmEvents":[],"sentPartRequests":[],"receivedPartRequests":[],"sentShiftTransfers":[],"receivedShiftTransfers":[]},{"id":1,"login":"admin","encryptedPassword":"$2a$11$ZGjds28uWmV3nMtOXjG/2.DEfM6eTVKbFAY7.eis/4GA3POEjxX/i","name":"Админ","surname":"Системный","email":"admin@example.com","phone":"+71234567890","createdAt":"2026-01-22T09:33:33.991733Z","roleId":null,"role":null,"alarmEvents":[],"sentPartRequests":[],"receivedPartRequests":[],"sentShiftTransfers":[],"receivedShiftTransfers":[]}]
=======================================================

=======================================================
Timestamp: 2026-01-22T09:41:50.9465740Z
Method: GET
URL: /api/users
Status: 200
Duration: 4 ms
UserId: 
Client IP: ::1
User-Agent: 
Controller: Users, Action: GetAll
Response Body: [{"id":2,"login":"adam","encryptedPassword":"$2a$11$UX/zZKj6vvjnWGRoiHUBMeRaZz92V7z/P.7nGEzkguCDrXpvixcZ6","name":"adam","surname":"first","email":"g@g.com","phone":"","createdAt":"2026-01-22T09:41:42.056633Z","roleId":null,"role":null,"alarmEvents":[],"sentPartRequests":[],"receivedPartRequests":[],"sentShiftTransfers":[],"receivedShiftTransfers":[]},{"id":1,"login":"admin","encryptedPassword":"$2a$11$ZGjds28uWmV3nMtOXjG/2.DEfM6eTVKbFAY7.eis/4GA3POEjxX/i","name":"Админ","surname":"Системный","email":"admin@example.com","phone":"+71234567890","createdAt":"2026-01-22T09:33:33.991733Z","roleId":null,"role":null,"alarmEvents":[],"sentPartRequests":[],"receivedPartRequests":[],"sentShiftTransfers":[],"receivedShiftTransfers":[]}]
=======================================================

=======================================================
Timestamp: 2026-01-22T09:46:19.5087858Z
Method: GET
URL: /api/users
Status: 200
Duration: 74 ms
UserId: 
Client IP: ::1
User-Agent: 
Controller: Users, Action: GetAll
Response Body: [{"id":2,"login":"adam","encryptedPassword":"$2a$11$UX/zZKj6vvjnWGRoiHUBMeRaZz92V7z/P.7nGEzkguCDrXpvixcZ6","name":"adam","surname":"first","email":"g@g.com","phone":"","createdAt":"2026-01-22T09:41:42.056633Z","roleId":null,"role":null,"alarmEvents":[],"sentPartRequests":[],"receivedPartRequests":[],"sentShiftTransfers":[],"receivedShiftTransfers":[]},{"id":1,"login":"admin","encryptedPassword":"$2a$11$ZGjds28uWmV3nMtOXjG/2.DEfM6eTVKbFAY7.eis/4GA3POEjxX/i","name":"Админ","surname":"Системный","email":"admin@example.com","phone":"+71234567890","createdAt":"2026-01-22T09:33:33.991733Z","roleId":null,"role":null,"alarmEvents":[],"sentPartRequests":[],"receivedPartRequests":[],"sentShiftTransfers":[],"receivedShiftTransfers":[]}]
=======================================================

=======================================================
Timestamp: 2026-01-22T09:46:23.8255463Z
Method: GET
URL: /api/users
Status: 200
Duration: 1 ms
UserId: 
Client IP: ::1
User-Agent: 
Controller: Users, Action: GetAll
Response Body: [{"id":2,"login":"adam","encryptedPassword":"$2a$11$UX/zZKj6vvjnWGRoiHUBMeRaZz92V7z/P.7nGEzkguCDrXpvixcZ6","name":"adam","surname":"first","email":"g@g.com","phone":"","createdAt":"2026-01-22T09:41:42.056633Z","roleId":null,"role":null,"alarmEvents":[],"sentPartRequests":[],"receivedPartRequests":[],"sentShiftTransfers":[],"receivedShiftTransfers":[]},{"id":1,"login":"admin","encryptedPassword":"$2a$11$ZGjds28uWmV3nMtOXjG/2.DEfM6eTVKbFAY7.eis/4GA3POEjxX/i","name":"Админ","surname":"Системный","email":"admin@example.com","phone":"+71234567890","createdAt":"2026-01-22T09:33:33.991733Z","roleId":null,"role":null,"alarmEvents":[],"sentPartRequests":[],"receivedPartRequests":[],"sentShiftTransfers":[],"receivedShiftTransfers":[]}]
=======================================================

=======================================================
Timestamp: 2026-01-22T09:46:30.0499438Z
Method: GET
URL: /api/users
Status: 200
Duration: 2 ms
UserId: 
Client IP: ::1
User-Agent: 
Controller: Users, Action: GetAll
Response Body: [{"id":2,"login":"adam","encryptedPassword":"$2a$11$UX/zZKj6vvjnWGRoiHUBMeRaZz92V7z/P.7nGEzkguCDrXpvixcZ6","name":"adam","surname":"first","email":"g@g.com","phone":"","createdAt":"2026-01-22T09:41:42.056633Z","roleId":null,"role":null,"alarmEvents":[],"sentPartRequests":[],"receivedPartRequests":[],"sentShiftTransfers":[],"receivedShiftTransfers":[]},{"id":1,"login":"admin","encryptedPassword":"$2a$11$ZGjds28uWmV3nMtOXjG/2.DEfM6eTVKbFAY7.eis/4GA3POEjxX/i","name":"Админ","surname":"Системный","email":"admin@example.com","phone":"+71234567890","createdAt":"2026-01-22T09:33:33.991733Z","roleId":null,"role":null,"alarmEvents":[],"sentPartRequests":[],"receivedPartRequests":[],"sentShiftTransfers":[],"receivedShiftTransfers":[]}]
=======================================================

=======================================================
Timestamp: 2026-01-22T09:46:37.1020558Z
Method: GET
URL: /api/users
Status: 200
Duration: 1 ms
UserId: 
Client IP: ::1
User-Agent: 
Controller: Users, Action: GetAll
Response Body: [{"id":2,"login":"adam","encryptedPassword":"$2a$11$UX/zZKj6vvjnWGRoiHUBMeRaZz92V7z/P.7nGEzkguCDrXpvixcZ6","name":"adam","surname":"first","email":"g@g.com","phone":"","createdAt":"2026-01-22T09:41:42.056633Z","roleId":null,"role":null,"alarmEvents":[],"sentPartRequests":[],"receivedPartRequests":[],"sentShiftTransfers":[],"receivedShiftTransfers":[]},{"id":1,"login":"admin","encryptedPassword":"$2a$11$ZGjds28uWmV3nMtOXjG/2.DEfM6eTVKbFAY7.eis/4GA3POEjxX/i","name":"Админ","surname":"Системный","email":"admin@example.com","phone":"+71234567890","createdAt":"2026-01-22T09:33:33.991733Z","roleId":null,"role":null,"alarmEvents":[],"sentPartRequests":[],"receivedPartRequests":[],"sentShiftTransfers":[],"receivedShiftTransfers":[]}]
=======================================================

=======================================================
Timestamp: 2026-01-22T09:46:37.1082267Z
Method: GET
URL: /api/users
Status: 200
Duration: 2 ms
UserId: 
Client IP: ::1
User-Agent: 
Controller: Users, Action: GetAll
Response Body: [{"id":2,"login":"adam","encryptedPassword":"$2a$11$UX/zZKj6vvjnWGRoiHUBMeRaZz92V7z/P.7nGEzkguCDrXpvixcZ6","name":"adam","surname":"first","email":"g@g.com","phone":"","createdAt":"2026-01-22T09:41:42.056633Z","roleId":null,"role":null,"alarmEvents":[],"sentPartRequests":[],"receivedPartRequests":[],"sentShiftTransfers":[],"receivedShiftTransfers":[]},{"id":1,"login":"admin","encryptedPassword":"$2a$11$ZGjds28uWmV3nMtOXjG/2.DEfM6eTVKbFAY7.eis/4GA3POEjxX/i","name":"Админ","surname":"Системный","email":"admin@example.com","phone":"+71234567890","createdAt":"2026-01-22T09:33:33.991733Z","roleId":null,"role":null,"alarmEvents":[],"sentPartRequests":[],"receivedPartRequests":[],"sentShiftTransfers":[],"receivedShiftTransfers":[]}]
=======================================================

=======================================================
Timestamp: 2026-01-22T09:46:37.2404775Z
Method: GET
URL: /api/roles
Status: 200
Duration: 1 ms
UserId: 
Client IP: ::1
User-Agent: 
Controller: Roles, Action: GetAll
Response Body: []
=======================================================

=======================================================
Timestamp: 2026-01-22T09:46:37.3118813Z
Method: GET
URL: /api/users
Status: 200
Duration: 2 ms
UserId: 
Client IP: ::1
User-Agent: 
Controller: Users, Action: GetAll
Response Body: [{"id":2,"login":"adam","encryptedPassword":"$2a$11$UX/zZKj6vvjnWGRoiHUBMeRaZz92V7z/P.7nGEzkguCDrXpvixcZ6","name":"adam","surname":"first","email":"g@g.com","phone":"","createdAt":"2026-01-22T09:41:42.056633Z","roleId":null,"role":null,"alarmEvents":[],"sentPartRequests":[],"receivedPartRequests":[],"sentShiftTransfers":[],"receivedShiftTransfers":[]},{"id":1,"login":"admin","encryptedPassword":"$2a$11$ZGjds28uWmV3nMtOXjG/2.DEfM6eTVKbFAY7.eis/4GA3POEjxX/i","name":"Админ","surname":"Системный","email":"admin@example.com","phone":"+71234567890","createdAt":"2026-01-22T09:33:33.991733Z","roleId":null,"role":null,"alarmEvents":[],"sentPartRequests":[],"receivedPartRequests":[],"sentShiftTransfers":[],"receivedShiftTransfers":[]}]
=======================================================

=======================================================
Timestamp: 2026-01-22T09:47:27.6140171Z
Method: GET
URL: /api/users
Status: 200
Duration: 8 ms
UserId: 
Client IP: ::1
User-Agent: 
Controller: Users, Action: GetAll
Response Body: [{"id":2,"login":"adam","encryptedPassword":"$2a$11$UX/zZKj6vvjnWGRoiHUBMeRaZz92V7z/P.7nGEzkguCDrXpvixcZ6","name":"adam","surname":"first","email":"g@g.com","phone":"","createdAt":"2026-01-22T09:41:42.056633Z","roleId":null,"role":null,"alarmEvents":[],"sentPartRequests":[],"receivedPartRequests":[],"sentShiftTransfers":[],"receivedShiftTransfers":[]},{"id":1,"login":"admin","encryptedPassword":"$2a$11$ZGjds28uWmV3nMtOXjG/2.DEfM6eTVKbFAY7.eis/4GA3POEjxX/i","name":"Админ","surname":"Системный","email":"admin@example.com","phone":"+71234567890","createdAt":"2026-01-22T09:33:33.991733Z","roleId":null,"role":null,"alarmEvents":[],"sentPartRequests":[],"receivedPartRequests":[],"sentShiftTransfers":[],"receivedShiftTransfers":[]}]
=======================================================

=======================================================
Timestamp: 2026-01-22T09:47:31.5446468Z
Method: GET
URL: /api/work-reports/user/1
Status: 404
Duration: 0 ms
UserId: 
Client IP: ::1
User-Agent: 
=======================================================

=======================================================
Timestamp: 2026-01-22T09:47:31.5493930Z
Method: GET
URL: /api/work-reports/user/1
Status: 404
Duration: 0 ms
UserId: 
Client IP: ::1
User-Agent: 
=======================================================

=======================================================
Timestamp: 2026-01-22T09:47:33.1036771Z
Method: GET
URL: /api/work-reports/user/1
Status: 404
Duration: 0 ms
UserId: 
Client IP: ::1
User-Agent: 
=======================================================

=======================================================
Timestamp: 2026-01-22T09:47:33.2135296Z
Method: POST
URL: /api/work-reports
Status: 404
Duration: 0 ms
UserId: 
Client IP: ::1
User-Agent: 
=======================================================

=======================================================
Timestamp: 2026-01-22T09:48:11.5429562Z
Method: GET
URL: /api/users
Status: 200
Duration: 2 ms
UserId: 
Client IP: ::1
User-Agent: 
Controller: Users, Action: GetAll
Response Body: [{"id":2,"login":"adam","encryptedPassword":"$2a$11$UX/zZKj6vvjnWGRoiHUBMeRaZz92V7z/P.7nGEzkguCDrXpvixcZ6","name":"adam","surname":"first","email":"g@g.com","phone":"","createdAt":"2026-01-22T09:41:42.056633Z","roleId":null,"role":null,"alarmEvents":[],"sentPartRequests":[],"receivedPartRequests":[],"sentShiftTransfers":[],"receivedShiftTransfers":[]},{"id":1,"login":"admin","encryptedPassword":"$2a$11$ZGjds28uWmV3nMtOXjG/2.DEfM6eTVKbFAY7.eis/4GA3POEjxX/i","name":"Админ","surname":"Системный","email":"admin@example.com","phone":"+71234567890","createdAt":"2026-01-22T09:33:33.991733Z","roleId":null,"role":null,"alarmEvents":[],"sentPartRequests":[],"receivedPartRequests":[],"sentShiftTransfers":[],"receivedShiftTransfers":[]}]
=======================================================

=======================================================
Timestamp: 2026-01-22T09:48:11.5702130Z
Method: GET
URL: /api/users
Status: 200
Duration: 1 ms
UserId: 
Client IP: ::1
User-Agent: 
Controller: Users, Action: GetAll
Response Body: [{"id":2,"login":"adam","encryptedPassword":"$2a$11$UX/zZKj6vvjnWGRoiHUBMeRaZz92V7z/P.7nGEzkguCDrXpvixcZ6","name":"adam","surname":"first","email":"g@g.com","phone":"","createdAt":"2026-01-22T09:41:42.056633Z","roleId":null,"role":null,"alarmEvents":[],"sentPartRequests":[],"receivedPartRequests":[],"sentShiftTransfers":[],"receivedShiftTransfers":[]},{"id":1,"login":"admin","encryptedPassword":"$2a$11$ZGjds28uWmV3nMtOXjG/2.DEfM6eTVKbFAY7.eis/4GA3POEjxX/i","name":"Админ","surname":"Системный","email":"admin@example.com","phone":"+71234567890","createdAt":"2026-01-22T09:33:33.991733Z","roleId":null,"role":null,"alarmEvents":[],"sentPartRequests":[],"receivedPartRequests":[],"sentShiftTransfers":[],"receivedShiftTransfers":[]}]
=======================================================

=======================================================
Timestamp: 2026-01-22T09:48:11.6432272Z
Method: GET
URL: /api/users
Status: 200
Duration: 1 ms
UserId: 
Client IP: ::1
User-Agent: 
Controller: Users, Action: GetAll
Response Body: [{"id":2,"login":"adam","encryptedPassword":"$2a$11$UX/zZKj6vvjnWGRoiHUBMeRaZz92V7z/P.7nGEzkguCDrXpvixcZ6","name":"adam","surname":"first","email":"g@g.com","phone":"","createdAt":"2026-01-22T09:41:42.056633Z","roleId":null,"role":null,"alarmEvents":[],"sentPartRequests":[],"receivedPartRequests":[],"sentShiftTransfers":[],"receivedShiftTransfers":[]},{"id":1,"login":"admin","encryptedPassword":"$2a$11$ZGjds28uWmV3nMtOXjG/2.DEfM6eTVKbFAY7.eis/4GA3POEjxX/i","name":"Админ","surname":"Системный","email":"admin@example.com","phone":"+71234567890","createdAt":"2026-01-22T09:33:33.991733Z","roleId":null,"role":null,"alarmEvents":[],"sentPartRequests":[],"receivedPartRequests":[],"sentShiftTransfers":[],"receivedShiftTransfers":[]}]
=======================================================

=======================================================
Timestamp: 2026-01-22T09:48:11.6440704Z
Method: GET
URL: /api/roles
Status: 200
Duration: 1 ms
UserId: 
Client IP: ::1
User-Agent: 
Controller: Roles, Action: GetAll
Response Body: []
=======================================================

=======================================================
Timestamp: 2026-01-22T09:48:15.0653868Z
Method: GET
URL: /api/users
Status: 200
Duration: 3 ms
UserId: 
Client IP: ::1
User-Agent: 
Controller: Users, Action: GetAll
Response Body: [{"id":2,"login":"adam","encryptedPassword":"$2a$11$UX/zZKj6vvjnWGRoiHUBMeRaZz92V7z/P.7nGEzkguCDrXpvixcZ6","name":"adam","surname":"first","email":"g@g.com","phone":"","createdAt":"2026-01-22T09:41:42.056633Z","roleId":null,"role":null,"alarmEvents":[],"sentPartRequests":[],"receivedPartRequests":[],"sentShiftTransfers":[],"receivedShiftTransfers":[]},{"id":1,"login":"admin","encryptedPassword":"$2a$11$ZGjds28uWmV3nMtOXjG/2.DEfM6eTVKbFAY7.eis/4GA3POEjxX/i","name":"Админ","surname":"Системный","email":"admin@example.com","phone":"+71234567890","createdAt":"2026-01-22T09:33:33.991733Z","roleId":null,"role":null,"alarmEvents":[],"sentPartRequests":[],"receivedPartRequests":[],"sentShiftTransfers":[],"receivedShiftTransfers":[]}]
=======================================================

=======================================================
Timestamp: 2026-01-22T09:48:15.0738144Z
Method: GET
URL: /api/users
Status: 200
Duration: 2 ms
UserId: 
Client IP: ::1
User-Agent: 
Controller: Users, Action: GetAll
Response Body: [{"id":2,"login":"adam","encryptedPassword":"$2a$11$UX/zZKj6vvjnWGRoiHUBMeRaZz92V7z/P.7nGEzkguCDrXpvixcZ6","name":"adam","surname":"first","email":"g@g.com","phone":"","createdAt":"2026-01-22T09:41:42.056633Z","roleId":null,"role":null,"alarmEvents":[],"sentPartRequests":[],"receivedPartRequests":[],"sentShiftTransfers":[],"receivedShiftTransfers":[]},{"id":1,"login":"admin","encryptedPassword":"$2a$11$ZGjds28uWmV3nMtOXjG/2.DEfM6eTVKbFAY7.eis/4GA3POEjxX/i","name":"Админ","surname":"Системный","email":"admin@example.com","phone":"+71234567890","createdAt":"2026-01-22T09:33:33.991733Z","roleId":null,"role":null,"alarmEvents":[],"sentPartRequests":[],"receivedPartRequests":[],"sentShiftTransfers":[],"receivedShiftTransfers":[]}]
=======================================================

=======================================================
Timestamp: 2026-01-22T09:48:15.1844027Z
Method: GET
URL: /api/users
Status: 200
Duration: 1 ms
UserId: 
Client IP: ::1
User-Agent: 
Controller: Users, Action: GetAll
Response Body: [{"id":2,"login":"adam","encryptedPassword":"$2a$11$UX/zZKj6vvjnWGRoiHUBMeRaZz92V7z/P.7nGEzkguCDrXpvixcZ6","name":"adam","surname":"first","email":"g@g.com","phone":"","createdAt":"2026-01-22T09:41:42.056633Z","roleId":null,"role":null,"alarmEvents":[],"sentPartRequests":[],"receivedPartRequests":[],"sentShiftTransfers":[],"receivedShiftTransfers":[]},{"id":1,"login":"admin","encryptedPassword":"$2a$11$ZGjds28uWmV3nMtOXjG/2.DEfM6eTVKbFAY7.eis/4GA3POEjxX/i","name":"Админ","surname":"Системный","email":"admin@example.com","phone":"+71234567890","createdAt":"2026-01-22T09:33:33.991733Z","roleId":null,"role":null,"alarmEvents":[],"sentPartRequests":[],"receivedPartRequests":[],"sentShiftTransfers":[],"receivedShiftTransfers":[]}]
=======================================================

=======================================================
Timestamp: 2026-01-22T09:48:15.2016539Z
Method: GET
URL: /api/users
Status: 200
Duration: 2 ms
UserId: 
Client IP: ::1
User-Agent: 
Controller: Users, Action: GetAll
Response Body: [{"id":2,"login":"adam","encryptedPassword":"$2a$11$UX/zZKj6vvjnWGRoiHUBMeRaZz92V7z/P.7nGEzkguCDrXpvixcZ6","name":"adam","surname":"first","email":"g@g.com","phone":"","createdAt":"2026-01-22T09:41:42.056633Z","roleId":null,"role":null,"alarmEvents":[],"sentPartRequests":[],"receivedPartRequests":[],"sentShiftTransfers":[],"receivedShiftTransfers":[]},{"id":1,"login":"admin","encryptedPassword":"$2a$11$ZGjds28uWmV3nMtOXjG/2.DEfM6eTVKbFAY7.eis/4GA3POEjxX/i","name":"Админ","surname":"Системный","email":"admin@example.com","phone":"+71234567890","createdAt":"2026-01-22T09:33:33.991733Z","roleId":null,"role":null,"alarmEvents":[],"sentPartRequests":[],"receivedPartRequests":[],"sentShiftTransfers":[],"receivedShiftTransfers":[]}]
=======================================================

=======================================================
Timestamp: 2026-01-22T09:48:15.2045381Z
Method: GET
URL: /api/roles
Status: 200
Duration: 1 ms
UserId: 
Client IP: ::1
User-Agent: 
Controller: Roles, Action: GetAll
Response Body: []
=======================================================

=======================================================
Timestamp: 2026-01-22T09:48:18.6836190Z
Method: GET
URL: /api/users
Status: 200
Duration: 1 ms
UserId: 
Client IP: ::1
User-Agent: 
Controller: Users, Action: GetAll
Response Body: [{"id":2,"login":"adam","encryptedPassword":"$2a$11$UX/zZKj6vvjnWGRoiHUBMeRaZz92V7z/P.7nGEzkguCDrXpvixcZ6","name":"adam","surname":"first","email":"g@g.com","phone":"","createdAt":"2026-01-22T09:41:42.056633Z","roleId":null,"role":null,"alarmEvents":[],"sentPartRequests":[],"receivedPartRequests":[],"sentShiftTransfers":[],"receivedShiftTransfers":[]},{"id":1,"login":"admin","encryptedPassword":"$2a$11$ZGjds28uWmV3nMtOXjG/2.DEfM6eTVKbFAY7.eis/4GA3POEjxX/i","name":"Админ","surname":"Системный","email":"admin@example.com","phone":"+71234567890","createdAt":"2026-01-22T09:33:33.991733Z","roleId":null,"role":null,"alarmEvents":[],"sentPartRequests":[],"receivedPartRequests":[],"sentShiftTransfers":[],"receivedShiftTransfers":[]}]
=======================================================

=======================================================
Timestamp: 2026-01-22T09:48:18.6850752Z
Method: GET
URL: /api/users
Status: 200
Duration: 1 ms
UserId: 
Client IP: ::1
User-Agent: 
Controller: Users, Action: GetAll
Response Body: [{"id":2,"login":"adam","encryptedPassword":"$2a$11$UX/zZKj6vvjnWGRoiHUBMeRaZz92V7z/P.7nGEzkguCDrXpvixcZ6","name":"adam","surname":"first","email":"g@g.com","phone":"","createdAt":"2026-01-22T09:41:42.056633Z","roleId":null,"role":null,"alarmEvents":[],"sentPartRequests":[],"receivedPartRequests":[],"sentShiftTransfers":[],"receivedShiftTransfers":[]},{"id":1,"login":"admin","encryptedPassword":"$2a$11$ZGjds28uWmV3nMtOXjG/2.DEfM6eTVKbFAY7.eis/4GA3POEjxX/i","name":"Админ","surname":"Системный","email":"admin@example.com","phone":"+71234567890","createdAt":"2026-01-22T09:33:33.991733Z","roleId":null,"role":null,"alarmEvents":[],"sentPartRequests":[],"receivedPartRequests":[],"sentShiftTransfers":[],"receivedShiftTransfers":[]}]
=======================================================

=======================================================
Timestamp: 2026-01-22T09:48:18.6935186Z
Method: GET
URL: /api/users
Status: 200
Duration: 2 ms
UserId: 
Client IP: ::1
User-Agent: 
Controller: Users, Action: GetAll
Response Body: [{"id":2,"login":"adam","encryptedPassword":"$2a$11$UX/zZKj6vvjnWGRoiHUBMeRaZz92V7z/P.7nGEzkguCDrXpvixcZ6","name":"adam","surname":"first","email":"g@g.com","phone":"","createdAt":"2026-01-22T09:41:42.056633Z","roleId":null,"role":null,"alarmEvents":[],"sentPartRequests":[],"receivedPartRequests":[],"sentShiftTransfers":[],"receivedShiftTransfers":[]},{"id":1,"login":"admin","encryptedPassword":"$2a$11$ZGjds28uWmV3nMtOXjG/2.DEfM6eTVKbFAY7.eis/4GA3POEjxX/i","name":"Админ","surname":"Системный","email":"admin@example.com","phone":"+71234567890","createdAt":"2026-01-22T09:33:33.991733Z","roleId":null,"role":null,"alarmEvents":[],"sentPartRequests":[],"receivedPartRequests":[],"sentShiftTransfers":[],"receivedShiftTransfers":[]}]
=======================================================

=======================================================
Timestamp: 2026-01-22T09:48:18.8059722Z
Method: GET
URL: /api/users
Status: 200
Duration: 6 ms
UserId: 
Client IP: ::1
User-Agent: 
Controller: Users, Action: GetAll
Response Body: [{"id":2,"login":"adam","encryptedPassword":"$2a$11$UX/zZKj6vvjnWGRoiHUBMeRaZz92V7z/P.7nGEzkguCDrXpvixcZ6","name":"adam","surname":"first","email":"g@g.com","phone":"","createdAt":"2026-01-22T09:41:42.056633Z","roleId":null,"role":null,"alarmEvents":[],"sentPartRequests":[],"receivedPartRequests":[],"sentShiftTransfers":[],"receivedShiftTransfers":[]},{"id":1,"login":"admin","encryptedPassword":"$2a$11$ZGjds28uWmV3nMtOXjG/2.DEfM6eTVKbFAY7.eis/4GA3POEjxX/i","name":"Админ","surname":"Системный","email":"admin@example.com","phone":"+71234567890","createdAt":"2026-01-22T09:33:33.991733Z","roleId":null,"role":null,"alarmEvents":[],"sentPartRequests":[],"receivedPartRequests":[],"sentShiftTransfers":[],"receivedShiftTransfers":[]}]
=======================================================

=======================================================
Timestamp: 2026-01-22T09:48:18.8324978Z
Method: GET
URL: /api/users
Status: 200
Duration: 7 ms
UserId: 
Client IP: ::1
User-Agent: 
Controller: Users, Action: GetAll
Response Body: [{"id":2,"login":"adam","encryptedPassword":"$2a$11$UX/zZKj6vvjnWGRoiHUBMeRaZz92V7z/P.7nGEzkguCDrXpvixcZ6","name":"adam","surname":"first","email":"g@g.com","phone":"","createdAt":"2026-01-22T09:41:42.056633Z","roleId":null,"role":null,"alarmEvents":[],"sentPartRequests":[],"receivedPartRequests":[],"sentShiftTransfers":[],"receivedShiftTransfers":[]},{"id":1,"login":"admin","encryptedPassword":"$2a$11$ZGjds28uWmV3nMtOXjG/2.DEfM6eTVKbFAY7.eis/4GA3POEjxX/i","name":"Админ","surname":"Системный","email":"admin@example.com","phone":"+71234567890","createdAt":"2026-01-22T09:33:33.991733Z","roleId":null,"role":null,"alarmEvents":[],"sentPartRequests":[],"receivedPartRequests":[],"sentShiftTransfers":[],"receivedShiftTransfers":[]}]
=======================================================

=======================================================
Timestamp: 2026-01-22T09:48:18.8502633Z
Method: GET
URL: /api/users
Status: 200
Duration: 1 ms
UserId: 
Client IP: ::1
User-Agent: 
Controller: Users, Action: GetAll
Response Body: [{"id":2,"login":"adam","encryptedPassword":"$2a$11$UX/zZKj6vvjnWGRoiHUBMeRaZz92V7z/P.7nGEzkguCDrXpvixcZ6","name":"adam","surname":"first","email":"g@g.com","phone":"","createdAt":"2026-01-22T09:41:42.056633Z","roleId":null,"role":null,"alarmEvents":[],"sentPartRequests":[],"receivedPartRequests":[],"sentShiftTransfers":[],"receivedShiftTransfers":[]},{"id":1,"login":"admin","encryptedPassword":"$2a$11$ZGjds28uWmV3nMtOXjG/2.DEfM6eTVKbFAY7.eis/4GA3POEjxX/i","name":"Админ","surname":"Системный","email":"admin@example.com","phone":"+71234567890","createdAt":"2026-01-22T09:33:33.991733Z","roleId":null,"role":null,"alarmEvents":[],"sentPartRequests":[],"receivedPartRequests":[],"sentShiftTransfers":[],"receivedShiftTransfers":[]}]
=======================================================

=======================================================
Timestamp: 2026-01-22T09:48:18.8512835Z
Method: GET
URL: /api/users
Status: 200
Duration: 4 ms
UserId: 
Client IP: ::1
User-Agent: 
Controller: Users, Action: GetAll
Response Body: [{"id":2,"login":"adam","encryptedPassword":"$2a$11$UX/zZKj6vvjnWGRoiHUBMeRaZz92V7z/P.7nGEzkguCDrXpvixcZ6","name":"adam","surname":"first","email":"g@g.com","phone":"","createdAt":"2026-01-22T09:41:42.056633Z","roleId":null,"role":null,"alarmEvents":[],"sentPartRequests":[],"receivedPartRequests":[],"sentShiftTransfers":[],"receivedShiftTransfers":[]},{"id":1,"login":"admin","encryptedPassword":"$2a$11$ZGjds28uWmV3nMtOXjG/2.DEfM6eTVKbFAY7.eis/4GA3POEjxX/i","name":"Админ","surname":"Системный","email":"admin@example.com","phone":"+71234567890","createdAt":"2026-01-22T09:33:33.991733Z","roleId":null,"role":null,"alarmEvents":[],"sentPartRequests":[],"receivedPartRequests":[],"sentShiftTransfers":[],"receivedShiftTransfers":[]}]
=======================================================

=======================================================
Timestamp: 2026-01-22T09:48:18.8742270Z
Method: GET
URL: /api/roles
Status: 200
Duration: 5 ms
UserId: 
Client IP: ::1
User-Agent: 
Controller: Roles, Action: GetAll
Response Body: []
=======================================================

=======================================================
Timestamp: 2026-01-22T09:48:23.9357855Z
Method: GET
URL: /api/users
Status: 200
Duration: 1 ms
UserId: 
Client IP: ::1
User-Agent: 
Controller: Users, Action: GetAll
Response Body: [{"id":2,"login":"adam","encryptedPassword":"$2a$11$UX/zZKj6vvjnWGRoiHUBMeRaZz92V7z/P.7nGEzkguCDrXpvixcZ6","name":"adam","surname":"first","email":"g@g.com","phone":"","createdAt":"2026-01-22T09:41:42.056633Z","roleId":null,"role":null,"alarmEvents":[],"sentPartRequests":[],"receivedPartRequests":[],"sentShiftTransfers":[],"receivedShiftTransfers":[]},{"id":1,"login":"admin","encryptedPassword":"$2a$11$ZGjds28uWmV3nMtOXjG/2.DEfM6eTVKbFAY7.eis/4GA3POEjxX/i","name":"Админ","surname":"Системный","email":"admin@example.com","phone":"+71234567890","createdAt":"2026-01-22T09:33:33.991733Z","roleId":null,"role":null,"alarmEvents":[],"sentPartRequests":[],"receivedPartRequests":[],"sentShiftTransfers":[],"receivedShiftTransfers":[]}]
=======================================================

=======================================================
Timestamp: 2026-01-22T09:48:23.9399561Z
Method: GET
URL: /api/users
Status: 200
Duration: 3 ms
UserId: 
Client IP: ::1
User-Agent: 
Controller: Users, Action: GetAll
Response Body: [{"id":2,"login":"adam","encryptedPassword":"$2a$11$UX/zZKj6vvjnWGRoiHUBMeRaZz92V7z/P.7nGEzkguCDrXpvixcZ6","name":"adam","surname":"first","email":"g@g.com","phone":"","createdAt":"2026-01-22T09:41:42.056633Z","roleId":null,"role":null,"alarmEvents":[],"sentPartRequests":[],"receivedPartRequests":[],"sentShiftTransfers":[],"receivedShiftTransfers":[]},{"id":1,"login":"admin","encryptedPassword":"$2a$11$ZGjds28uWmV3nMtOXjG/2.DEfM6eTVKbFAY7.eis/4GA3POEjxX/i","name":"Админ","surname":"Системный","email":"admin@example.com","phone":"+71234567890","createdAt":"2026-01-22T09:33:33.991733Z","roleId":null,"role":null,"alarmEvents":[],"sentPartRequests":[],"receivedPartRequests":[],"sentShiftTransfers":[],"receivedShiftTransfers":[]}]
=======================================================

=======================================================
Timestamp: 2026-01-22T09:48:23.9429986Z
Method: GET
URL: /api/users
Status: 200
Duration: 3 ms
UserId: 
Client IP: ::1
User-Agent: 
Controller: Users, Action: GetAll
Response Body: [{"id":2,"login":"adam","encryptedPassword":"$2a$11$UX/zZKj6vvjnWGRoiHUBMeRaZz92V7z/P.7nGEzkguCDrXpvixcZ6","name":"adam","surname":"first","email":"g@g.com","phone":"","createdAt":"2026-01-22T09:41:42.056633Z","roleId":null,"role":null,"alarmEvents":[],"sentPartRequests":[],"receivedPartRequests":[],"sentShiftTransfers":[],"receivedShiftTransfers":[]},{"id":1,"login":"admin","encryptedPassword":"$2a$11$ZGjds28uWmV3nMtOXjG/2.DEfM6eTVKbFAY7.eis/4GA3POEjxX/i","name":"Админ","surname":"Системный","email":"admin@example.com","phone":"+71234567890","createdAt":"2026-01-22T09:33:33.991733Z","roleId":null,"role":null,"alarmEvents":[],"sentPartRequests":[],"receivedPartRequests":[],"sentShiftTransfers":[],"receivedShiftTransfers":[]}]
=======================================================

=======================================================
Timestamp: 2026-01-22T09:48:24.0618041Z
Method: GET
URL: /api/users
Status: 200
Duration: 7 ms
UserId: 
Client IP: ::1
User-Agent: 
Controller: Users, Action: GetAll
Response Body: [{"id":2,"login":"adam","encryptedPassword":"$2a$11$UX/zZKj6vvjnWGRoiHUBMeRaZz92V7z/P.7nGEzkguCDrXpvixcZ6","name":"adam","surname":"first","email":"g@g.com","phone":"","createdAt":"2026-01-22T09:41:42.056633Z","roleId":null,"role":null,"alarmEvents":[],"sentPartRequests":[],"receivedPartRequests":[],"sentShiftTransfers":[],"receivedShiftTransfers":[]},{"id":1,"login":"admin","encryptedPassword":"$2a$11$ZGjds28uWmV3nMtOXjG/2.DEfM6eTVKbFAY7.eis/4GA3POEjxX/i","name":"Админ","surname":"Системный","email":"admin@example.com","phone":"+71234567890","createdAt":"2026-01-22T09:33:33.991733Z","roleId":null,"role":null,"alarmEvents":[],"sentPartRequests":[],"receivedPartRequests":[],"sentShiftTransfers":[],"receivedShiftTransfers":[]}]
=======================================================

=======================================================
Timestamp: 2026-01-22T09:48:24.0635199Z
Method: GET
URL: /api/users
Status: 200
Duration: 2 ms
UserId: 
Client IP: ::1
User-Agent: 
Controller: Users, Action: GetAll
Response Body: [{"id":2,"login":"adam","encryptedPassword":"$2a$11$UX/zZKj6vvjnWGRoiHUBMeRaZz92V7z/P.7nGEzkguCDrXpvixcZ6","name":"adam","surname":"first","email":"g@g.com","phone":"","createdAt":"2026-01-22T09:41:42.056633Z","roleId":null,"role":null,"alarmEvents":[],"sentPartRequests":[],"receivedPartRequests":[],"sentShiftTransfers":[],"receivedShiftTransfers":[]},{"id":1,"login":"admin","encryptedPassword":"$2a$11$ZGjds28uWmV3nMtOXjG/2.DEfM6eTVKbFAY7.eis/4GA3POEjxX/i","name":"Админ","surname":"Системный","email":"admin@example.com","phone":"+71234567890","createdAt":"2026-01-22T09:33:33.991733Z","roleId":null,"role":null,"alarmEvents":[],"sentPartRequests":[],"receivedPartRequests":[],"sentShiftTransfers":[],"receivedShiftTransfers":[]}]
=======================================================

=======================================================
Timestamp: 2026-01-22T09:48:24.0667151Z
Method: GET
URL: /api/users
Status: 200
Duration: 1 ms
UserId: 
Client IP: ::1
User-Agent: 
Controller: Users, Action: GetAll
Response Body: [{"id":2,"login":"adam","encryptedPassword":"$2a$11$UX/zZKj6vvjnWGRoiHUBMeRaZz92V7z/P.7nGEzkguCDrXpvixcZ6","name":"adam","surname":"first","email":"g@g.com","phone":"","createdAt":"2026-01-22T09:41:42.056633Z","roleId":null,"role":null,"alarmEvents":[],"sentPartRequests":[],"receivedPartRequests":[],"sentShiftTransfers":[],"receivedShiftTransfers":[]},{"id":1,"login":"admin","encryptedPassword":"$2a$11$ZGjds28uWmV3nMtOXjG/2.DEfM6eTVKbFAY7.eis/4GA3POEjxX/i","name":"Админ","surname":"Системный","email":"admin@example.com","phone":"+71234567890","createdAt":"2026-01-22T09:33:33.991733Z","roleId":null,"role":null,"alarmEvents":[],"sentPartRequests":[],"receivedPartRequests":[],"sentShiftTransfers":[],"receivedShiftTransfers":[]}]
=======================================================

=======================================================
Timestamp: 2026-01-22T09:48:24.0704641Z
Method: GET
URL: /api/users
Status: 200
Duration: 2 ms
UserId: 
Client IP: ::1
User-Agent: 
Controller: Users, Action: GetAll
Response Body: [{"id":2,"login":"adam","encryptedPassword":"$2a$11$UX/zZKj6vvjnWGRoiHUBMeRaZz92V7z/P.7nGEzkguCDrXpvixcZ6","name":"adam","surname":"first","email":"g@g.com","phone":"","createdAt":"2026-01-22T09:41:42.056633Z","roleId":null,"role":null,"alarmEvents":[],"sentPartRequests":[],"receivedPartRequests":[],"sentShiftTransfers":[],"receivedShiftTransfers":[]},{"id":1,"login":"admin","encryptedPassword":"$2a$11$ZGjds28uWmV3nMtOXjG/2.DEfM6eTVKbFAY7.eis/4GA3POEjxX/i","name":"Админ","surname":"Системный","email":"admin@example.com","phone":"+71234567890","createdAt":"2026-01-22T09:33:33.991733Z","roleId":null,"role":null,"alarmEvents":[],"sentPartRequests":[],"receivedPartRequests":[],"sentShiftTransfers":[],"receivedShiftTransfers":[]}]
=======================================================

=======================================================
Timestamp: 2026-01-22T09:48:24.0752155Z
Method: GET
URL: /api/users
Status: 200
Duration: 1 ms
UserId: 
Client IP: ::1
User-Agent: 
Controller: Users, Action: GetAll
Response Body: [{"id":2,"login":"adam","encryptedPassword":"$2a$11$UX/zZKj6vvjnWGRoiHUBMeRaZz92V7z/P.7nGEzkguCDrXpvixcZ6","name":"adam","surname":"first","email":"g@g.com","phone":"","createdAt":"2026-01-22T09:41:42.056633Z","roleId":null,"role":null,"alarmEvents":[],"sentPartRequests":[],"receivedPartRequests":[],"sentShiftTransfers":[],"receivedShiftTransfers":[]},{"id":1,"login":"admin","encryptedPassword":"$2a$11$ZGjds28uWmV3nMtOXjG/2.DEfM6eTVKbFAY7.eis/4GA3POEjxX/i","name":"Админ","surname":"Системный","email":"admin@example.com","phone":"+71234567890","createdAt":"2026-01-22T09:33:33.991733Z","roleId":null,"role":null,"alarmEvents":[],"sentPartRequests":[],"receivedPartRequests":[],"sentShiftTransfers":[],"receivedShiftTransfers":[]}]
=======================================================

=======================================================
Timestamp: 2026-01-22T09:48:24.0782337Z
Method: GET
URL: /api/users
Status: 200
Duration: 1 ms
UserId: 
Client IP: ::1
User-Agent: 
Controller: Users, Action: GetAll
Response Body: [{"id":2,"login":"adam","encryptedPassword":"$2a$11$UX/zZKj6vvjnWGRoiHUBMeRaZz92V7z/P.7nGEzkguCDrXpvixcZ6","name":"adam","surname":"first","email":"g@g.com","phone":"","createdAt":"2026-01-22T09:41:42.056633Z","roleId":null,"role":null,"alarmEvents":[],"sentPartRequests":[],"receivedPartRequests":[],"sentShiftTransfers":[],"receivedShiftTransfers":[]},{"id":1,"login":"admin","encryptedPassword":"$2a$11$ZGjds28uWmV3nMtOXjG/2.DEfM6eTVKbFAY7.eis/4GA3POEjxX/i","name":"Админ","surname":"Системный","email":"admin@example.com","phone":"+71234567890","createdAt":"2026-01-22T09:33:33.991733Z","roleId":null,"role":null,"alarmEvents":[],"sentPartRequests":[],"receivedPartRequests":[],"sentShiftTransfers":[],"receivedShiftTransfers":[]}]
=======================================================

=======================================================
Timestamp: 2026-01-22T09:48:24.0858329Z
Method: GET
URL: /api/roles
Status: 200
Duration: 1 ms
UserId: 
Client IP: ::1
User-Agent: 
Controller: Roles, Action: GetAll
Response Body: []
=======================================================

=======================================================
Timestamp: 2026-01-22T09:48:30.5647516Z
Method: GET
URL: /api/users
Status: 200
Duration: 1 ms
UserId: 
Client IP: ::1
User-Agent: 
Controller: Users, Action: GetAll
Response Body: [{"id":2,"login":"adam","encryptedPassword":"$2a$11$UX/zZKj6vvjnWGRoiHUBMeRaZz92V7z/P.7nGEzkguCDrXpvixcZ6","name":"adam","surname":"first","email":"g@g.com","phone":"","createdAt":"2026-01-22T09:41:42.056633Z","roleId":null,"role":null,"alarmEvents":[],"sentPartRequests":[],"receivedPartRequests":[],"sentShiftTransfers":[],"receivedShiftTransfers":[]},{"id":1,"login":"admin","encryptedPassword":"$2a$11$ZGjds28uWmV3nMtOXjG/2.DEfM6eTVKbFAY7.eis/4GA3POEjxX/i","name":"Админ","surname":"Системный","email":"admin@example.com","phone":"+71234567890","createdAt":"2026-01-22T09:33:33.991733Z","roleId":null,"role":null,"alarmEvents":[],"sentPartRequests":[],"receivedPartRequests":[],"sentShiftTransfers":[],"receivedShiftTransfers":[]}]
=======================================================

=======================================================
Timestamp: 2026-01-22T09:48:30.5673575Z
Method: GET
URL: /api/users
Status: 200
Duration: 3 ms
UserId: 
Client IP: ::1
User-Agent: 
Controller: Users, Action: GetAll
Response Body: [{"id":2,"login":"adam","encryptedPassword":"$2a$11$UX/zZKj6vvjnWGRoiHUBMeRaZz92V7z/P.7nGEzkguCDrXpvixcZ6","name":"adam","surname":"first","email":"g@g.com","phone":"","createdAt":"2026-01-22T09:41:42.056633Z","roleId":null,"role":null,"alarmEvents":[],"sentPartRequests":[],"receivedPartRequests":[],"sentShiftTransfers":[],"receivedShiftTransfers":[]},{"id":1,"login":"admin","encryptedPassword":"$2a$11$ZGjds28uWmV3nMtOXjG/2.DEfM6eTVKbFAY7.eis/4GA3POEjxX/i","name":"Админ","surname":"Системный","email":"admin@example.com","phone":"+71234567890","createdAt":"2026-01-22T09:33:33.991733Z","roleId":null,"role":null,"alarmEvents":[],"sentPartRequests":[],"receivedPartRequests":[],"sentShiftTransfers":[],"receivedShiftTransfers":[]}]
=======================================================

=======================================================
Timestamp: 2026-01-22T09:48:30.5743910Z
Method: GET
URL: /api/users
Status: 200
Duration: 4 ms
UserId: 
Client IP: ::1
User-Agent: 
Controller: Users, Action: GetAll
Response Body: [{"id":2,"login":"adam","encryptedPassword":"$2a$11$UX/zZKj6vvjnWGRoiHUBMeRaZz92V7z/P.7nGEzkguCDrXpvixcZ6","name":"adam","surname":"first","email":"g@g.com","phone":"","createdAt":"2026-01-22T09:41:42.056633Z","roleId":null,"role":null,"alarmEvents":[],"sentPartRequests":[],"receivedPartRequests":[],"sentShiftTransfers":[],"receivedShiftTransfers":[]},{"id":1,"login":"admin","encryptedPassword":"$2a$11$ZGjds28uWmV3nMtOXjG/2.DEfM6eTVKbFAY7.eis/4GA3POEjxX/i","name":"Админ","surname":"Системный","email":"admin@example.com","phone":"+71234567890","createdAt":"2026-01-22T09:33:33.991733Z","roleId":null,"role":null,"alarmEvents":[],"sentPartRequests":[],"receivedPartRequests":[],"sentShiftTransfers":[],"receivedShiftTransfers":[]}]
=======================================================

=======================================================
Timestamp: 2026-01-22T09:48:30.5767864Z
Method: GET
URL: /api/users
Status: 200
Duration: 2 ms
UserId: 
Client IP: ::1
User-Agent: 
Controller: Users, Action: GetAll
Response Body: [{"id":2,"login":"adam","encryptedPassword":"$2a$11$UX/zZKj6vvjnWGRoiHUBMeRaZz92V7z/P.7nGEzkguCDrXpvixcZ6","name":"adam","surname":"first","email":"g@g.com","phone":"","createdAt":"2026-01-22T09:41:42.056633Z","roleId":null,"role":null,"alarmEvents":[],"sentPartRequests":[],"receivedPartRequests":[],"sentShiftTransfers":[],"receivedShiftTransfers":[]},{"id":1,"login":"admin","encryptedPassword":"$2a$11$ZGjds28uWmV3nMtOXjG/2.DEfM6eTVKbFAY7.eis/4GA3POEjxX/i","name":"Админ","surname":"Системный","email":"admin@example.com","phone":"+71234567890","createdAt":"2026-01-22T09:33:33.991733Z","roleId":null,"role":null,"alarmEvents":[],"sentPartRequests":[],"receivedPartRequests":[],"sentShiftTransfers":[],"receivedShiftTransfers":[]}]
=======================================================

=======================================================
Timestamp: 2026-01-22T09:48:30.6461104Z
Method: GET
URL: /api/products
Status: 200
Duration: 11 ms
UserId: 
Client IP: ::1
User-Agent: 
Controller: Products, Action: GetAll
Response Body: []
=======================================================

=======================================================
Timestamp: 2026-01-22T09:48:30.6595069Z
Method: GET
URL: /api/products
Status: 200
Duration: 102 ms
UserId: 
Client IP: ::1
User-Agent: 
Controller: Products, Action: GetAll
Response Body: []
=======================================================

=======================================================
Timestamp: 2026-01-22T09:48:36.0418790Z
Method: GET
URL: /api/products
Status: 200
Duration: 4 ms
UserId: 
Client IP: ::1
User-Agent: 
Controller: Products, Action: GetAll
Response Body: []
=======================================================

=======================================================
Timestamp: 2026-01-22T09:48:36.0446508Z
Method: GET
URL: /api/users
Status: 200
Duration: 2 ms
UserId: 
Client IP: ::1
User-Agent: 
Controller: Users, Action: GetAll
Response Body: [{"id":2,"login":"adam","encryptedPassword":"$2a$11$UX/zZKj6vvjnWGRoiHUBMeRaZz92V7z/P.7nGEzkguCDrXpvixcZ6","name":"adam","surname":"first","email":"g@g.com","phone":"","createdAt":"2026-01-22T09:41:42.056633Z","roleId":null,"role":null,"alarmEvents":[],"sentPartRequests":[],"receivedPartRequests":[],"sentShiftTransfers":[],"receivedShiftTransfers":[]},{"id":1,"login":"admin","encryptedPassword":"$2a$11$ZGjds28uWmV3nMtOXjG/2.DEfM6eTVKbFAY7.eis/4GA3POEjxX/i","name":"Админ","surname":"Системный","email":"admin@example.com","phone":"+71234567890","createdAt":"2026-01-22T09:33:33.991733Z","roleId":null,"role":null,"alarmEvents":[],"sentPartRequests":[],"receivedPartRequests":[],"sentShiftTransfers":[],"receivedShiftTransfers":[]}]
=======================================================

=======================================================
Timestamp: 2026-01-22T09:48:36.0494826Z
Method: GET
URL: /api/users
Status: 200
Duration: 1 ms
UserId: 
Client IP: ::1
User-Agent: 
Controller: Users, Action: GetAll
Response Body: [{"id":2,"login":"adam","encryptedPassword":"$2a$11$UX/zZKj6vvjnWGRoiHUBMeRaZz92V7z/P.7nGEzkguCDrXpvixcZ6","name":"adam","surname":"first","email":"g@g.com","phone":"","createdAt":"2026-01-22T09:41:42.056633Z","roleId":null,"role":null,"alarmEvents":[],"sentPartRequests":[],"receivedPartRequests":[],"sentShiftTransfers":[],"receivedShiftTransfers":[]},{"id":1,"login":"admin","encryptedPassword":"$2a$11$ZGjds28uWmV3nMtOXjG/2.DEfM6eTVKbFAY7.eis/4GA3POEjxX/i","name":"Админ","surname":"Системный","email":"admin@example.com","phone":"+71234567890","createdAt":"2026-01-22T09:33:33.991733Z","roleId":null,"role":null,"alarmEvents":[],"sentPartRequests":[],"receivedPartRequests":[],"sentShiftTransfers":[],"receivedShiftTransfers":[]}]
=======================================================

=======================================================
Timestamp: 2026-01-22T09:48:36.0503372Z
Method: GET
URL: /api/users
Status: 200
Duration: 1 ms
UserId: 
Client IP: ::1
User-Agent: 
Controller: Users, Action: GetAll
Response Body: [{"id":2,"login":"adam","encryptedPassword":"$2a$11$UX/zZKj6vvjnWGRoiHUBMeRaZz92V7z/P.7nGEzkguCDrXpvixcZ6","name":"adam","surname":"first","email":"g@g.com","phone":"","createdAt":"2026-01-22T09:41:42.056633Z","roleId":null,"role":null,"alarmEvents":[],"sentPartRequests":[],"receivedPartRequests":[],"sentShiftTransfers":[],"receivedShiftTransfers":[]},{"id":1,"login":"admin","encryptedPassword":"$2a$11$ZGjds28uWmV3nMtOXjG/2.DEfM6eTVKbFAY7.eis/4GA3POEjxX/i","name":"Админ","surname":"Системный","email":"admin@example.com","phone":"+71234567890","createdAt":"2026-01-22T09:33:33.991733Z","roleId":null,"role":null,"alarmEvents":[],"sentPartRequests":[],"receivedPartRequests":[],"sentShiftTransfers":[],"receivedShiftTransfers":[]}]
=======================================================

=======================================================
Timestamp: 2026-01-22T09:48:36.0524698Z
Method: GET
URL: /api/users
Status: 200
Duration: 1 ms
UserId: 
Client IP: ::1
User-Agent: 
Controller: Users, Action: GetAll
Response Body: [{"id":2,"login":"adam","encryptedPassword":"$2a$11$UX/zZKj6vvjnWGRoiHUBMeRaZz92V7z/P.7nGEzkguCDrXpvixcZ6","name":"adam","surname":"first","email":"g@g.com","phone":"","createdAt":"2026-01-22T09:41:42.056633Z","roleId":null,"role":null,"alarmEvents":[],"sentPartRequests":[],"receivedPartRequests":[],"sentShiftTransfers":[],"receivedShiftTransfers":[]},{"id":1,"login":"admin","encryptedPassword":"$2a$11$ZGjds28uWmV3nMtOXjG/2.DEfM6eTVKbFAY7.eis/4GA3POEjxX/i","name":"Админ","surname":"Системный","email":"admin@example.com","phone":"+71234567890","createdAt":"2026-01-22T09:33:33.991733Z","roleId":null,"role":null,"alarmEvents":[],"sentPartRequests":[],"receivedPartRequests":[],"sentShiftTransfers":[],"receivedShiftTransfers":[]}]
=======================================================

=======================================================
Timestamp: 2026-01-22T09:48:36.0541459Z
Method: GET
URL: /api/materials
Status: 200
Duration: 21 ms
UserId: 
Client IP: ::1
User-Agent: 
Controller: Materials, Action: GetAll
Response Body: []
=======================================================

=======================================================
Timestamp: 2026-01-22T09:48:36.0570953Z
Method: GET
URL: /api/materials
Status: 200
Duration: 1 ms
UserId: 
Client IP: ::1
User-Agent: 
Controller: Materials, Action: GetAll
Response Body: []
=======================================================

=======================================================
Timestamp: 2026-01-22T09:48:37.2023151Z
Method: GET
URL: /api/products
Status: 200
Duration: 1 ms
UserId: 
Client IP: ::1
User-Agent: 
Controller: Products, Action: GetAll
Response Body: []
=======================================================

=======================================================
Timestamp: 2026-01-22T09:48:37.2027561Z
Method: GET
URL: /api/materials
Status: 200
Duration: 2 ms
UserId: 
Client IP: ::1
User-Agent: 
Controller: Materials, Action: GetAll
Response Body: []
=======================================================

=======================================================
Timestamp: 2026-01-22T09:48:37.2039064Z
Method: GET
URL: /api/users
Status: 200
Duration: 1 ms
UserId: 
Client IP: ::1
User-Agent: 
Controller: Users, Action: GetAll
Response Body: [{"id":2,"login":"adam","encryptedPassword":"$2a$11$UX/zZKj6vvjnWGRoiHUBMeRaZz92V7z/P.7nGEzkguCDrXpvixcZ6","name":"adam","surname":"first","email":"g@g.com","phone":"","createdAt":"2026-01-22T09:41:42.056633Z","roleId":null,"role":null,"alarmEvents":[],"sentPartRequests":[],"receivedPartRequests":[],"sentShiftTransfers":[],"receivedShiftTransfers":[]},{"id":1,"login":"admin","encryptedPassword":"$2a$11$ZGjds28uWmV3nMtOXjG/2.DEfM6eTVKbFAY7.eis/4GA3POEjxX/i","name":"Админ","surname":"Системный","email":"admin@example.com","phone":"+71234567890","createdAt":"2026-01-22T09:33:33.991733Z","roleId":null,"role":null,"alarmEvents":[],"sentPartRequests":[],"receivedPartRequests":[],"sentShiftTransfers":[],"receivedShiftTransfers":[]}]
=======================================================

=======================================================
Timestamp: 2026-01-22T09:48:37.2117030Z
Method: GET
URL: /api/users
Status: 200
Duration: 2 ms
UserId: 
Client IP: ::1
User-Agent: 
Controller: Users, Action: GetAll
Response Body: [{"id":2,"login":"adam","encryptedPassword":"$2a$11$UX/zZKj6vvjnWGRoiHUBMeRaZz92V7z/P.7nGEzkguCDrXpvixcZ6","name":"adam","surname":"first","email":"g@g.com","phone":"","createdAt":"2026-01-22T09:41:42.056633Z","roleId":null,"role":null,"alarmEvents":[],"sentPartRequests":[],"receivedPartRequests":[],"sentShiftTransfers":[],"receivedShiftTransfers":[]},{"id":1,"login":"admin","encryptedPassword":"$2a$11$ZGjds28uWmV3nMtOXjG/2.DEfM6eTVKbFAY7.eis/4GA3POEjxX/i","name":"Админ","surname":"Системный","email":"admin@example.com","phone":"+71234567890","createdAt":"2026-01-22T09:33:33.991733Z","roleId":null,"role":null,"alarmEvents":[],"sentPartRequests":[],"receivedPartRequests":[],"sentShiftTransfers":[],"receivedShiftTransfers":[]}]
=======================================================

=======================================================
Timestamp: 2026-01-22T09:48:37.2116975Z
Method: GET
URL: /api/users
Status: 200
Duration: 1 ms
UserId: 
Client IP: ::1
User-Agent: 
Controller: Users, Action: GetAll
Response Body: [{"id":2,"login":"adam","encryptedPassword":"$2a$11$UX/zZKj6vvjnWGRoiHUBMeRaZz92V7z/P.7nGEzkguCDrXpvixcZ6","name":"adam","surname":"first","email":"g@g.com","phone":"","createdAt":"2026-01-22T09:41:42.056633Z","roleId":null,"role":null,"alarmEvents":[],"sentPartRequests":[],"receivedPartRequests":[],"sentShiftTransfers":[],"receivedShiftTransfers":[]},{"id":1,"login":"admin","encryptedPassword":"$2a$11$ZGjds28uWmV3nMtOXjG/2.DEfM6eTVKbFAY7.eis/4GA3POEjxX/i","name":"Админ","surname":"Системный","email":"admin@example.com","phone":"+71234567890","createdAt":"2026-01-22T09:33:33.991733Z","roleId":null,"role":null,"alarmEvents":[],"sentPartRequests":[],"receivedPartRequests":[],"sentShiftTransfers":[],"receivedShiftTransfers":[]}]
=======================================================

=======================================================
Timestamp: 2026-01-22T09:48:37.3164981Z
Method: GET
URL: /api/users
Status: 200
Duration: 2 ms
UserId: 
Client IP: ::1
User-Agent: 
Controller: Users, Action: GetAll
Response Body: [{"id":2,"login":"adam","encryptedPassword":"$2a$11$UX/zZKj6vvjnWGRoiHUBMeRaZz92V7z/P.7nGEzkguCDrXpvixcZ6","name":"adam","surname":"first","email":"g@g.com","phone":"","createdAt":"2026-01-22T09:41:42.056633Z","roleId":null,"role":null,"alarmEvents":[],"sentPartRequests":[],"receivedPartRequests":[],"sentShiftTransfers":[],"receivedShiftTransfers":[]},{"id":1,"login":"admin","encryptedPassword":"$2a$11$ZGjds28uWmV3nMtOXjG/2.DEfM6eTVKbFAY7.eis/4GA3POEjxX/i","name":"Админ","surname":"Системный","email":"admin@example.com","phone":"+71234567890","createdAt":"2026-01-22T09:33:33.991733Z","roleId":null,"role":null,"alarmEvents":[],"sentPartRequests":[],"receivedPartRequests":[],"sentShiftTransfers":[],"receivedShiftTransfers":[]}]
=======================================================

=======================================================
Timestamp: 2026-01-22T09:48:37.3174286Z
Method: GET
URL: /api/materials
Status: 200
Duration: 2 ms
UserId: 
Client IP: ::1
User-Agent: 
Controller: Materials, Action: GetAll
Response Body: []
=======================================================

=======================================================
Timestamp: 2026-01-22T09:50:45.9241535Z
Method: GET
URL: /api/users
Status: 200
Duration: 3 ms
UserId: 
Client IP: ::1
User-Agent: 
Controller: Users, Action: GetAll
Response Body: [{"id":2,"login":"adam","encryptedPassword":"$2a$11$UX/zZKj6vvjnWGRoiHUBMeRaZz92V7z/P.7nGEzkguCDrXpvixcZ6","name":"adam","surname":"first","email":"g@g.com","phone":"","createdAt":"2026-01-22T09:41:42.056633Z","roleId":null,"role":null,"alarmEvents":[],"sentPartRequests":[],"receivedPartRequests":[],"sentShiftTransfers":[],"receivedShiftTransfers":[]},{"id":1,"login":"admin","encryptedPassword":"$2a$11$ZGjds28uWmV3nMtOXjG/2.DEfM6eTVKbFAY7.eis/4GA3POEjxX/i","name":"Админ","surname":"Системный","email":"admin@example.com","phone":"+71234567890","createdAt":"2026-01-22T09:33:33.991733Z","roleId":null,"role":null,"alarmEvents":[],"sentPartRequests":[],"receivedPartRequests":[],"sentShiftTransfers":[],"receivedShiftTransfers":[]}]
=======================================================

=======================================================
Timestamp: 2026-01-22T09:50:47.4410567Z
Method: GET
URL: /api/products
Status: 200
Duration: 1 ms
UserId: 
Client IP: ::1
User-Agent: 
Controller: Products, Action: GetAll
Response Body: []
=======================================================

=======================================================
Timestamp: 2026-01-22T09:50:47.4471224Z
Method: GET
URL: /api/products
Status: 200
Duration: 1 ms
UserId: 
Client IP: ::1
User-Agent: 
Controller: Products, Action: GetAll
Response Body: []
=======================================================

=======================================================
Timestamp: 2026-01-22T09:50:50.4399355Z
Method: GET
URL: /api/work-reports/user/1
Status: 404
Duration: 0 ms
UserId: 
Client IP: ::1
User-Agent: 
=======================================================

=======================================================
Timestamp: 2026-01-22T09:50:50.4805861Z
Method: GET
URL: /api/work-reports/user/1
Status: 404
Duration: 0 ms
UserId: 
Client IP: ::1
User-Agent: 
=======================================================

=======================================================
Timestamp: 2026-01-22T09:50:52.6388125Z
Method: GET
URL: /api/work-reports/user/1
Status: 404
Duration: 0 ms
UserId: 
Client IP: ::1
User-Agent: 
=======================================================

=======================================================
Timestamp: 2026-01-22T09:50:52.6393206Z
Method: POST
URL: /api/work-reports/start
Status: 404
Duration: 0 ms
UserId: 
Client IP: ::1
User-Agent: 
=======================================================

=======================================================
Timestamp: 2026-01-22T09:50:55.3221326Z
Method: GET
URL: /api/work-reports/user/1
Status: 404
Duration: 0 ms
UserId: 
Client IP: ::1
User-Agent: 
=======================================================

=======================================================
Timestamp: 2026-01-22T09:50:55.3233101Z
Method: GET
URL: /api/work-reports/user/1
Status: 404
Duration: 0 ms
UserId: 
Client IP: ::1
User-Agent: 
=======================================================

=======================================================
Timestamp: 2026-01-22T09:50:56.2397161Z
Method: GET
URL: /api/work-reports/user/1
Status: 404
Duration: 0 ms
UserId: 
Client IP: ::1
User-Agent: 
=======================================================

=======================================================
Timestamp: 2026-01-22T09:50:56.2404204Z
Method: POST
URL: /api/work-reports/start
Status: 404
Duration: 0 ms
UserId: 
Client IP: ::1
User-Agent: 
=======================================================

=======================================================
Timestamp: 2026-01-22T09:51:04.6837581Z
Method: GET
URL: /api/work-reports/user/1
Status: 404
Duration: 0 ms
UserId: 
Client IP: ::1
User-Agent: 
=======================================================

=======================================================
Timestamp: 2026-01-22T09:51:09.8191350Z
Method: POST
URL: /api/work-reports/start
Status: 404
Duration: 0 ms
UserId: 
Client IP: ::1
User-Agent: 
=======================================================

=======================================================
Timestamp: 2026-01-22T09:51:26.8770078Z
Method: GET
URL: /api/work-reports/user/1
Status: 404
Duration: 0 ms
UserId: 
Client IP: ::1
User-Agent: 
=======================================================

=======================================================
Timestamp: 2026-01-22T09:51:28.2451242Z
Method: POST
URL: /api/work-reports/start
Status: 404
Duration: 0 ms
UserId: 
Client IP: ::1
User-Agent: 
=======================================================

=======================================================
Timestamp: 2026-01-22T09:51:39.5325650Z
Method: GET
URL: /api/work-reports/user/1
Status: 404
Duration: 0 ms
UserId: 
Client IP: ::1
User-Agent: 
=======================================================

=======================================================
Timestamp: 2026-01-22T09:51:40.6224038Z
Method: POST
URL: /api/work-reports/start
Status: 404
Duration: 0 ms
UserId: 
Client IP: ::1
User-Agent: 
=======================================================

=======================================================
Timestamp: 2026-01-22T09:52:14.9772273Z
Method: GET
URL: /api/users
Status: 200
Duration: 2 ms
UserId: 
Client IP: ::1
User-Agent: 
Controller: Users, Action: GetAll
Response Body: [{"id":2,"login":"adam","encryptedPassword":"$2a$11$UX/zZKj6vvjnWGRoiHUBMeRaZz92V7z/P.7nGEzkguCDrXpvixcZ6","name":"adam","surname":"first","email":"g@g.com","phone":"","createdAt":"2026-01-22T09:41:42.056633Z","roleId":null,"role":null,"alarmEvents":[],"sentPartRequests":[],"receivedPartRequests":[],"sentShiftTransfers":[],"receivedShiftTransfers":[]},{"id":1,"login":"admin","encryptedPassword":"$2a$11$ZGjds28uWmV3nMtOXjG/2.DEfM6eTVKbFAY7.eis/4GA3POEjxX/i","name":"Админ","surname":"Системный","email":"admin@example.com","phone":"+71234567890","createdAt":"2026-01-22T09:33:33.991733Z","roleId":null,"role":null,"alarmEvents":[],"sentPartRequests":[],"receivedPartRequests":[],"sentShiftTransfers":[],"receivedShiftTransfers":[]}]
=======================================================

=======================================================
Timestamp: 2026-01-22T09:52:15.0002357Z
Method: GET
URL: /api/user-permissions/check?userId=2&permissionCode=Admin
Status: 404
Duration: 0 ms
UserId: 
Client IP: ::1
User-Agent: 
=======================================================

=======================================================
Timestamp: 2026-01-22T09:52:15.0551045Z
Method: GET
URL: /api/user-permissions/user/2
Status: 404
Duration: 0 ms
UserId: 
Client IP: ::1
User-Agent: 
=======================================================

=======================================================
Timestamp: 2026-01-22T09:52:15.2506923Z
Method: POST
URL: /hubs/notifications/negotiate?negotiateVersion=1
Status: 200
Duration: 9 ms
UserId: 
Client IP: ::1
User-Agent: Microsoft SignalR/8.0 (8.0.0+3f1acb59718cadf111a0a796681e3d3509bb3381; Windows NT; .NET; .NET 8.0.22)
Response Body: {"negotiateVersion":1,"connectionId":"K4sK-zECY6UEZjRb6cwB9w","connectionToken":"GLNI_RmWsxEQhZ9qxn6lcQ","availableTransports":[{"transport":"WebSockets","transferFormats":["Text","Binary"]},{"transport":"ServerSentEvents","transferFormats":["Text"]},{"transport":"LongPolling","transferFormats":["Text","Binary"]}]}
=======================================================

=======================================================
Timestamp: 2026-01-22T09:53:19.8996380Z
Method: POST
URL: /api/alarm-events
Status: 404
Duration: 0 ms
UserId: 
Client IP: ::1
User-Agent: 
=======================================================

=======================================================
Timestamp: 2026-01-22T09:53:27.2670586Z
Method: GET
URL: /api/users
Status: 200
Duration: 1 ms
UserId: 
Client IP: ::1
User-Agent: 
Controller: Users, Action: GetAll
Response Body: [{"id":2,"login":"adam","encryptedPassword":"$2a$11$UX/zZKj6vvjnWGRoiHUBMeRaZz92V7z/P.7nGEzkguCDrXpvixcZ6","name":"adam","surname":"first","email":"g@g.com","phone":"","createdAt":"2026-01-22T09:41:42.056633Z","roleId":null,"role":null,"alarmEvents":[],"sentPartRequests":[],"receivedPartRequests":[],"sentShiftTransfers":[],"receivedShiftTransfers":[]},{"id":1,"login":"admin","encryptedPassword":"$2a$11$ZGjds28uWmV3nMtOXjG/2.DEfM6eTVKbFAY7.eis/4GA3POEjxX/i","name":"Админ","surname":"Системный","email":"admin@example.com","phone":"+71234567890","createdAt":"2026-01-22T09:33:33.991733Z","roleId":null,"role":null,"alarmEvents":[],"sentPartRequests":[],"receivedPartRequests":[],"sentShiftTransfers":[],"receivedShiftTransfers":[]}]
=======================================================

=======================================================
Timestamp: 2026-01-22T09:53:27.3793772Z
Method: GET
URL: /api/warehouses
Status: 200
Duration: 20 ms
UserId: 
Client IP: ::1
User-Agent: 
Controller: Warehouses, Action: GetAll
Response Body: []
=======================================================

=======================================================
Timestamp: 2026-01-22T09:53:27.6340874Z
Method: GET
URL: /api/materials
Status: 200
Duration: 271 ms
UserId: 
Client IP: ::1
User-Agent: 
Controller: Materials, Action: GetAll
Response Body: []
=======================================================

=======================================================
Timestamp: 2026-01-22T09:53:27.6424826Z
Method: GET
URL: /api/part-requests
Status: 404
Duration: 0 ms
UserId: 
Client IP: ::1
User-Agent: 
=======================================================

=======================================================
Timestamp: 2026-01-22T09:53:27.6624318Z
Method: GET
URL: /api/part-requests
Status: 404
Duration: 0 ms
UserId: 
Client IP: ::1
User-Agent: 
=======================================================

=======================================================
Timestamp: 2026-01-22T09:53:28.3971148Z
Method: GET
URL: /api/users
Status: 200
Duration: 2 ms
UserId: 
Client IP: ::1
User-Agent: 
Controller: Users, Action: GetAll
Response Body: [{"id":2,"login":"adam","encryptedPassword":"$2a$11$UX/zZKj6vvjnWGRoiHUBMeRaZz92V7z/P.7nGEzkguCDrXpvixcZ6","name":"adam","surname":"first","email":"g@g.com","phone":"","createdAt":"2026-01-22T09:41:42.056633Z","roleId":null,"role":null,"alarmEvents":[],"sentPartRequests":[],"receivedPartRequests":[],"sentShiftTransfers":[],"receivedShiftTransfers":[]},{"id":1,"login":"admin","encryptedPassword":"$2a$11$ZGjds28uWmV3nMtOXjG/2.DEfM6eTVKbFAY7.eis/4GA3POEjxX/i","name":"Админ","surname":"Системный","email":"admin@example.com","phone":"+71234567890","createdAt":"2026-01-22T09:33:33.991733Z","roleId":null,"role":null,"alarmEvents":[],"sentPartRequests":[],"receivedPartRequests":[],"sentShiftTransfers":[],"receivedShiftTransfers":[]}]
=======================================================

=======================================================
Timestamp: 2026-01-22T09:53:28.4056977Z
Method: GET
URL: /api/warehouses
Status: 200
Duration: 2 ms
UserId: 
Client IP: ::1
User-Agent: 
Controller: Warehouses, Action: GetAll
Response Body: []
=======================================================

=======================================================
Timestamp: 2026-01-22T09:53:28.4103972Z
Method: GET
URL: /api/materials
Status: 200
Duration: 2 ms
UserId: 
Client IP: ::1
User-Agent: 
Controller: Materials, Action: GetAll
Response Body: []
=======================================================

=======================================================
Timestamp: 2026-01-22T09:53:31.4863845Z
Method: GET
URL: /api/part-requests
Status: 404
Duration: 0 ms
UserId: 
Client IP: ::1
User-Agent: 
=======================================================

=======================================================
Timestamp: 2026-01-22T09:53:31.4880053Z
Method: GET
URL: /api/part-requests
Status: 404
Duration: 0 ms
UserId: 
Client IP: ::1
User-Agent: 
=======================================================

=======================================================
Timestamp: 2026-01-22T09:53:34.1593744Z
Method: GET
URL: /api/warehouses
Status: 200
Duration: 2 ms
UserId: 
Client IP: ::1
User-Agent: 
Controller: Warehouses, Action: GetAll
Response Body: []
=======================================================

=======================================================
Timestamp: 2026-01-22T09:53:34.1633668Z
Method: GET
URL: /api/warehouses
Status: 200
Duration: 2 ms
UserId: 
Client IP: ::1
User-Agent: 
Controller: Warehouses, Action: GetAll
Response Body: []
=======================================================

=======================================================
Timestamp: 2026-01-22T09:54:07.8324064Z
Method: GET
URL: /hubs/notifications?id=GLNI_RmWsxEQhZ9qxn6lcQ
Status: 101
Duration: 112511 ms
UserId: 
Client IP: ::1
User-Agent: Microsoft SignalR/8.0 (8.0.0+3f1acb59718cadf111a0a796681e3d3509bb3381; Windows NT; .NET; .NET 8.0.22)
=======================================================

=======================================================
Timestamp: 2026-01-22T09:54:18.1938007Z
Method: GET
URL: /api/users
Status: 200
Duration: 2 ms
UserId: 
Client IP: ::1
User-Agent: 
Controller: Users, Action: GetAll
Response Body: [{"id":2,"login":"adam","encryptedPassword":"$2a$11$UX/zZKj6vvjnWGRoiHUBMeRaZz92V7z/P.7nGEzkguCDrXpvixcZ6","name":"adam","surname":"first","email":"g@g.com","phone":"","createdAt":"2026-01-22T09:41:42.056633Z","roleId":null,"role":null,"alarmEvents":[],"sentPartRequests":[],"receivedPartRequests":[],"sentShiftTransfers":[],"receivedShiftTransfers":[]},{"id":1,"login":"admin","encryptedPassword":"$2a$11$ZGjds28uWmV3nMtOXjG/2.DEfM6eTVKbFAY7.eis/4GA3POEjxX/i","name":"Админ","surname":"Системный","email":"admin@example.com","phone":"+71234567890","createdAt":"2026-01-22T09:33:33.991733Z","roleId":null,"role":null,"alarmEvents":[],"sentPartRequests":[],"receivedPartRequests":[],"sentShiftTransfers":[],"receivedShiftTransfers":[]}]
=======================================================

=======================================================
Timestamp: 2026-01-22T09:54:18.1979658Z
Method: GET
URL: /api/user-permissions/check?userId=2&permissionCode=Admin
Status: 404
Duration: 0 ms
UserId: 
Client IP: ::1
User-Agent: 
=======================================================

=======================================================
Timestamp: 2026-01-22T09:54:18.3368241Z
Method: GET
URL: /api/user-permissions/user/2
Status: 404
Duration: 0 ms
UserId: 
Client IP: ::1
User-Agent: 
=======================================================

=======================================================
Timestamp: 2026-01-22T09:54:21.4214075Z
Method: GET
URL: /api/work-reports/user/2
Status: 404
Duration: 0 ms
UserId: 
Client IP: ::1
User-Agent: 
=======================================================

=======================================================
Timestamp: 2026-01-22T09:54:21.4220391Z
Method: GET
URL: /api/work-reports/user/2
Status: 404
Duration: 0 ms
UserId: 
Client IP: ::1
User-Agent: 
=======================================================

=======================================================
Timestamp: 2026-01-22T09:54:22.5236205Z
Method: GET
URL: /api/work-reports/user/2
Status: 404
Duration: 0 ms
UserId: 
Client IP: ::1
User-Agent: 
=======================================================

=======================================================
Timestamp: 2026-01-22T09:54:24.9801793Z
Method: POST
URL: /api/work-reports/start
Status: 404
Duration: 0 ms
UserId: 
Client IP: ::1
User-Agent: 
=======================================================

=======================================================
Timestamp: 2026-01-22T09:54:32.8411558Z
Method: GET
URL: /api/work-reports/user/2
Status: 404
Duration: 0 ms
UserId: 
Client IP: ::1
User-Agent: 
=======================================================

=======================================================
Timestamp: 2026-01-22T09:54:33.9852587Z
Method: POST
URL: /api/work-reports/start
Status: 404
Duration: 0 ms
UserId: 
Client IP: ::1
User-Agent: 
=======================================================

=======================================================
Timestamp: 2026-01-22T10:10:47.3482243Z
Method: GET
URL: /hubs/notifications?id=xYJtjniv2Mg-aR7-p8lWfA
Status: 101
Duration: 988887 ms
UserId: 
Client IP: ::1
User-Agent: Microsoft SignalR/8.0 (8.0.0+3f1acb59718cadf111a0a796681e3d3509bb3381; Windows NT; .NET; .NET 8.0.22)
=======================================================

=======================================================
Timestamp: 2026-01-22T10:11:43.5492734Z
Method: GET
URL: /api/users
Status: 200
Duration: 6 ms
UserId: 
Client IP: ::1
User-Agent: 
Controller: Users, Action: GetAll
Response Body: [{"id":2,"login":"adam","encryptedPassword":"$2a$11$UX/zZKj6vvjnWGRoiHUBMeRaZz92V7z/P.7nGEzkguCDrXpvixcZ6","name":"adam","surname":"first","email":"g@g.com","phone":"","createdAt":"2026-01-22T09:41:42.056633Z","roleId":null,"role":null,"alarmEvents":[],"sentPartRequests":[],"receivedPartRequests":[],"sentShiftTransfers":[],"receivedShiftTransfers":[]},{"id":1,"login":"admin","encryptedPassword":"$2a$11$ZGjds28uWmV3nMtOXjG/2.DEfM6eTVKbFAY7.eis/4GA3POEjxX/i","name":"Админ","surname":"Системный","email":"admin@example.com","phone":"+71234567890","createdAt":"2026-01-22T09:33:33.991733Z","roleId":null,"role":null,"alarmEvents":[],"sentPartRequests":[],"receivedPartRequests":[],"sentShiftTransfers":[],"receivedShiftTransfers":[]}]
=======================================================

=======================================================
Timestamp: 2026-01-22T10:11:45.4194450Z
Method: GET
URL: /api/WorkReports/user/1
Status: 200
Duration: 105 ms
UserId: 
Client IP: ::1
User-Agent: 
Controller: WorkReports, Action: GetByUser
Response Body: []
=======================================================

=======================================================
Timestamp: 2026-01-22T10:11:45.5536204Z
Method: GET
URL: /api/WorkReports/user/1
Status: 200
Duration: 204 ms
UserId: 
Client IP: ::1
User-Agent: 
Controller: WorkReports, Action: GetByUser
Response Body: []
=======================================================

=======================================================
Timestamp: 2026-01-22T10:11:46.5417627Z
Method: GET
URL: /api/WorkReports/user/1
Status: 200
Duration: 2 ms
UserId: 
Client IP: ::1
User-Agent: 
Controller: WorkReports, Action: GetByUser
Response Body: []
=======================================================

=======================================================
Timestamp: 2026-01-22T10:11:46.6633235Z
Method: POST
URL: /api/WorkReports/start
Status: 500
Duration: 111 ms
UserId: 
Client IP: ::1
User-Agent: 
Controller: WorkReports, Action: StartWork
Response Body: {"message":"An unexpected error occurred while starting work"}
=======================================================

=======================================================
Timestamp: 2026-01-22T10:12:03.6868440Z
Method: GET
URL: /api/users
Status: 200
Duration: 2 ms
UserId: 
Client IP: ::1
User-Agent: 
Controller: Users, Action: GetAll
Response Body: [{"id":2,"login":"adam","encryptedPassword":"$2a$11$UX/zZKj6vvjnWGRoiHUBMeRaZz92V7z/P.7nGEzkguCDrXpvixcZ6","name":"adam","surname":"first","email":"g@g.com","phone":"","createdAt":"2026-01-22T09:41:42.056633Z","roleId":null,"role":null,"alarmEvents":[],"sentPartRequests":[],"receivedPartRequests":[],"sentShiftTransfers":[],"receivedShiftTransfers":[]},{"id":1,"login":"admin","encryptedPassword":"$2a$11$ZGjds28uWmV3nMtOXjG/2.DEfM6eTVKbFAY7.eis/4GA3POEjxX/i","name":"Админ","surname":"Системный","email":"admin@example.com","phone":"+71234567890","createdAt":"2026-01-22T09:33:33.991733Z","roleId":null,"role":null,"alarmEvents":[],"sentPartRequests":[],"receivedPartRequests":[],"sentShiftTransfers":[],"receivedShiftTransfers":[]}]
=======================================================

=======================================================
Timestamp: 2026-01-22T10:12:03.7135704Z
Method: GET
URL: /api/user-permissions/check?userId=2&permissionCode=Admin
Status: 404
Duration: 0 ms
UserId: 
Client IP: ::1
User-Agent: 
=======================================================

=======================================================
Timestamp: 2026-01-22T10:12:03.7463834Z
Method: GET
URL: /api/user-permissions/user/2
Status: 404
Duration: 0 ms
UserId: 
Client IP: ::1
User-Agent: 
=======================================================

=======================================================
Timestamp: 2026-01-22T10:12:03.9384333Z
Method: POST
URL: /hubs/notifications/negotiate?negotiateVersion=1
Status: 200
Duration: 0 ms
UserId: 
Client IP: ::1
User-Agent: Microsoft SignalR/8.0 (8.0.0+3f1acb59718cadf111a0a796681e3d3509bb3381; Windows NT; .NET; .NET 8.0.22)
Response Body: {"negotiateVersion":1,"connectionId":"xlSpJW8vrjyWSOGoPeahng","connectionToken":"7qCHoFX0DF81cTztIg2fKQ","availableTransports":[{"transport":"WebSockets","transferFormats":["Text","Binary"]},{"transport":"ServerSentEvents","transferFormats":["Text"]},{"transport":"LongPolling","transferFormats":["Text","Binary"]}]}
=======================================================

=======================================================
Timestamp: 2026-01-22T10:12:13.3010047Z
Method: POST
URL: /api/AlarmEvents
Status: 400
Duration: 31 ms
UserId: 
Client IP: ::1
User-Agent: 
Controller: AlarmEvents, Action: CreateAlarmEvent
Response Body: {"type":"https://tools.ietf.org/html/rfc9110#section-15.5.1","title":"One or more validation errors occurred.","status":400,"errors":{"User":["The User field is required."]},"traceId":"00-76bc705bda35796ec6fe8f56c26a922b-48879d18cdd23689-00"}
=======================================================

=======================================================
Timestamp: 2026-01-22T10:12:36.3172079Z
Method: POST
URL: /api/AlarmEvents
Status: 400
Duration: 1 ms
UserId: 
Client IP: ::1
User-Agent: 
Controller: AlarmEvents, Action: CreateAlarmEvent
Response Body: {"type":"https://tools.ietf.org/html/rfc9110#section-15.5.1","title":"One or more validation errors occurred.","status":400,"errors":{"User":["The User field is required."]},"traceId":"00-f716867d8f8bd9ff2342ff09a2321bcd-0b6d86e9c07e6a39-00"}
=======================================================

=======================================================
Timestamp: 2026-01-22T10:12:46.0026171Z
Method: GET
URL: /api/users
Status: 200
Duration: 7 ms
UserId: 
Client IP: ::1
User-Agent: 
Controller: Users, Action: GetAll
Response Body: [{"id":2,"login":"adam","encryptedPassword":"$2a$11$UX/zZKj6vvjnWGRoiHUBMeRaZz92V7z/P.7nGEzkguCDrXpvixcZ6","name":"adam","surname":"first","email":"g@g.com","phone":"","createdAt":"2026-01-22T09:41:42.056633Z","roleId":null,"role":null,"alarmEvents":[],"sentPartRequests":[],"receivedPartRequests":[],"sentShiftTransfers":[],"receivedShiftTransfers":[]},{"id":1,"login":"admin","encryptedPassword":"$2a$11$ZGjds28uWmV3nMtOXjG/2.DEfM6eTVKbFAY7.eis/4GA3POEjxX/i","name":"Админ","surname":"Системный","email":"admin@example.com","phone":"+71234567890","createdAt":"2026-01-22T09:33:33.991733Z","roleId":null,"role":null,"alarmEvents":[],"sentPartRequests":[],"receivedPartRequests":[],"sentShiftTransfers":[],"receivedShiftTransfers":[]}]
=======================================================

=======================================================
Timestamp: 2026-01-22T10:12:46.1072069Z
Method: GET
URL: /api/users
Status: 200
Duration: 2 ms
UserId: 
Client IP: ::1
User-Agent: 
Controller: Users, Action: GetAll
Response Body: [{"id":2,"login":"adam","encryptedPassword":"$2a$11$UX/zZKj6vvjnWGRoiHUBMeRaZz92V7z/P.7nGEzkguCDrXpvixcZ6","name":"adam","surname":"first","email":"g@g.com","phone":"","createdAt":"2026-01-22T09:41:42.056633Z","roleId":null,"role":null,"alarmEvents":[],"sentPartRequests":[],"receivedPartRequests":[],"sentShiftTransfers":[],"receivedShiftTransfers":[]},{"id":1,"login":"admin","encryptedPassword":"$2a$11$ZGjds28uWmV3nMtOXjG/2.DEfM6eTVKbFAY7.eis/4GA3POEjxX/i","name":"Админ","surname":"Системный","email":"admin@example.com","phone":"+71234567890","createdAt":"2026-01-22T09:33:33.991733Z","roleId":null,"role":null,"alarmEvents":[],"sentPartRequests":[],"receivedPartRequests":[],"sentShiftTransfers":[],"receivedShiftTransfers":[]}]
=======================================================

=======================================================
Timestamp: 2026-01-22T10:12:46.1074935Z
Method: GET
URL: /api/roles
Status: 200
Duration: 1 ms
UserId: 
Client IP: ::1
User-Agent: 
Controller: Roles, Action: GetAll
Response Body: []
=======================================================

=======================================================
Timestamp: 2026-01-22T10:12:46.1177952Z
Method: GET
URL: /api/users
Status: 200
Duration: 1 ms
UserId: 
Client IP: ::1
User-Agent: 
Controller: Users, Action: GetAll
Response Body: [{"id":2,"login":"adam","encryptedPassword":"$2a$11$UX/zZKj6vvjnWGRoiHUBMeRaZz92V7z/P.7nGEzkguCDrXpvixcZ6","name":"adam","surname":"first","email":"g@g.com","phone":"","createdAt":"2026-01-22T09:41:42.056633Z","roleId":null,"role":null,"alarmEvents":[],"sentPartRequests":[],"receivedPartRequests":[],"sentShiftTransfers":[],"receivedShiftTransfers":[]},{"id":1,"login":"admin","encryptedPassword":"$2a$11$ZGjds28uWmV3nMtOXjG/2.DEfM6eTVKbFAY7.eis/4GA3POEjxX/i","name":"Админ","surname":"Системный","email":"admin@example.com","phone":"+71234567890","createdAt":"2026-01-22T09:33:33.991733Z","roleId":null,"role":null,"alarmEvents":[],"sentPartRequests":[],"receivedPartRequests":[],"sentShiftTransfers":[],"receivedShiftTransfers":[]}]
=======================================================

=======================================================
Timestamp: 2026-01-22T10:12:48.3773691Z
Method: GET
URL: /api/users
Status: 200
Duration: 1 ms
UserId: 
Client IP: ::1
User-Agent: 
Controller: Users, Action: GetAll
Response Body: [{"id":2,"login":"adam","encryptedPassword":"$2a$11$UX/zZKj6vvjnWGRoiHUBMeRaZz92V7z/P.7nGEzkguCDrXpvixcZ6","name":"adam","surname":"first","email":"g@g.com","phone":"","createdAt":"2026-01-22T09:41:42.056633Z","roleId":null,"role":null,"alarmEvents":[],"sentPartRequests":[],"receivedPartRequests":[],"sentShiftTransfers":[],"receivedShiftTransfers":[]},{"id":1,"login":"admin","encryptedPassword":"$2a$11$ZGjds28uWmV3nMtOXjG/2.DEfM6eTVKbFAY7.eis/4GA3POEjxX/i","name":"Админ","surname":"Системный","email":"admin@example.com","phone":"+71234567890","createdAt":"2026-01-22T09:33:33.991733Z","roleId":null,"role":null,"alarmEvents":[],"sentPartRequests":[],"receivedPartRequests":[],"sentShiftTransfers":[],"receivedShiftTransfers":[]}]
=======================================================

=======================================================
Timestamp: 2026-01-22T10:12:48.3787378Z
Method: GET
URL: /api/roles
Status: 200
Duration: 1 ms
UserId: 
Client IP: ::1
User-Agent: 
Controller: Roles, Action: GetAll
Response Body: []
=======================================================

=======================================================
Timestamp: 2026-01-22T10:12:53.2451208Z
Method: GET
URL: /api/roles
Status: 200
Duration: 2 ms
UserId: 
Client IP: ::1
User-Agent: 
Controller: Roles, Action: GetAll
Response Body: []
=======================================================

=======================================================
Timestamp: 2026-01-22T10:12:53.2464294Z
Method: GET
URL: /api/users
Status: 200
Duration: 1 ms
UserId: 
Client IP: ::1
User-Agent: 
Controller: Users, Action: GetAll
Response Body: [{"id":2,"login":"adam","encryptedPassword":"$2a$11$UX/zZKj6vvjnWGRoiHUBMeRaZz92V7z/P.7nGEzkguCDrXpvixcZ6","name":"adam","surname":"first","email":"g@g.com","phone":"","createdAt":"2026-01-22T09:41:42.056633Z","roleId":null,"role":null,"alarmEvents":[],"sentPartRequests":[],"receivedPartRequests":[],"sentShiftTransfers":[],"receivedShiftTransfers":[]},{"id":1,"login":"admin","encryptedPassword":"$2a$11$ZGjds28uWmV3nMtOXjG/2.DEfM6eTVKbFAY7.eis/4GA3POEjxX/i","name":"Админ","surname":"Системный","email":"admin@example.com","phone":"+71234567890","createdAt":"2026-01-22T09:33:33.991733Z","roleId":null,"role":null,"alarmEvents":[],"sentPartRequests":[],"receivedPartRequests":[],"sentShiftTransfers":[],"receivedShiftTransfers":[]}]
=======================================================

=======================================================
Timestamp: 2026-01-22T10:13:04.2136186Z
Method: GET
URL: /api/roles
Status: 200
Duration: 1 ms
UserId: 
Client IP: ::1
User-Agent: 
Controller: Roles, Action: GetAll
Response Body: []
=======================================================

=======================================================
Timestamp: 2026-01-22T10:13:04.2137230Z
Method: GET
URL: /api/users
Status: 200
Duration: 4 ms
UserId: 
Client IP: ::1
User-Agent: 
Controller: Users, Action: GetAll
Response Body: [{"id":2,"login":"adam","encryptedPassword":"$2a$11$UX/zZKj6vvjnWGRoiHUBMeRaZz92V7z/P.7nGEzkguCDrXpvixcZ6","name":"adam","surname":"first","email":"g@g.com","phone":"","createdAt":"2026-01-22T09:41:42.056633Z","roleId":null,"role":null,"alarmEvents":[],"sentPartRequests":[],"receivedPartRequests":[],"sentShiftTransfers":[],"receivedShiftTransfers":[]},{"id":1,"login":"admin","encryptedPassword":"$2a$11$ZGjds28uWmV3nMtOXjG/2.DEfM6eTVKbFAY7.eis/4GA3POEjxX/i","name":"Админ","surname":"Системный","email":"admin@example.com","phone":"+71234567890","createdAt":"2026-01-22T09:33:33.991733Z","roleId":null,"role":null,"alarmEvents":[],"sentPartRequests":[],"receivedPartRequests":[],"sentShiftTransfers":[],"receivedShiftTransfers":[]}]
=======================================================

=======================================================
Timestamp: 2026-01-22T10:13:10.8718104Z
Method: GET
URL: /hubs/notifications?id=7qCHoFX0DF81cTztIg2fKQ
Status: 101
Duration: 66854 ms
UserId: 
Client IP: ::1
User-Agent: Microsoft SignalR/8.0 (8.0.0+3f1acb59718cadf111a0a796681e3d3509bb3381; Windows NT; .NET; .NET 8.0.22)
=======================================================

=======================================================
Timestamp: 2026-01-22T10:13:20.3849387Z
Method: GET
URL: /api/users
Status: 200
Duration: 1 ms
UserId: 
Client IP: ::1
User-Agent: 
Controller: Users, Action: GetAll
Response Body: [{"id":2,"login":"adam","encryptedPassword":"$2a$11$UX/zZKj6vvjnWGRoiHUBMeRaZz92V7z/P.7nGEzkguCDrXpvixcZ6","name":"adam","surname":"first","email":"g@g.com","phone":"","createdAt":"2026-01-22T09:41:42.056633Z","roleId":null,"role":null,"alarmEvents":[],"sentPartRequests":[],"receivedPartRequests":[],"sentShiftTransfers":[],"receivedShiftTransfers":[]},{"id":1,"login":"admin","encryptedPassword":"$2a$11$ZGjds28uWmV3nMtOXjG/2.DEfM6eTVKbFAY7.eis/4GA3POEjxX/i","name":"Админ","surname":"Системный","email":"admin@example.com","phone":"+71234567890","createdAt":"2026-01-22T09:33:33.991733Z","roleId":null,"role":null,"alarmEvents":[],"sentPartRequests":[],"receivedPartRequests":[],"sentShiftTransfers":[],"receivedShiftTransfers":[]}]
=======================================================

=======================================================
Timestamp: 2026-01-22T10:13:21.8184995Z
Method: GET
URL: /api/users
Status: 200
Duration: 1 ms
UserId: 
Client IP: ::1
User-Agent: 
Controller: Users, Action: GetAll
Response Body: [{"id":2,"login":"adam","encryptedPassword":"$2a$11$UX/zZKj6vvjnWGRoiHUBMeRaZz92V7z/P.7nGEzkguCDrXpvixcZ6","name":"adam","surname":"first","email":"g@g.com","phone":"","createdAt":"2026-01-22T09:41:42.056633Z","roleId":null,"role":null,"alarmEvents":[],"sentPartRequests":[],"receivedPartRequests":[],"sentShiftTransfers":[],"receivedShiftTransfers":[]},{"id":1,"login":"admin","encryptedPassword":"$2a$11$ZGjds28uWmV3nMtOXjG/2.DEfM6eTVKbFAY7.eis/4GA3POEjxX/i","name":"Админ","surname":"Системный","email":"admin@example.com","phone":"+71234567890","createdAt":"2026-01-22T09:33:33.991733Z","roleId":null,"role":null,"alarmEvents":[],"sentPartRequests":[],"receivedPartRequests":[],"sentShiftTransfers":[],"receivedShiftTransfers":[]}]
=======================================================

=======================================================
Timestamp: 2026-01-22T10:13:21.8202916Z
Method: GET
URL: /api/users
Status: 200
Duration: 1 ms
UserId: 
Client IP: ::1
User-Agent: 
Controller: Users, Action: GetAll
Response Body: [{"id":2,"login":"adam","encryptedPassword":"$2a$11$UX/zZKj6vvjnWGRoiHUBMeRaZz92V7z/P.7nGEzkguCDrXpvixcZ6","name":"adam","surname":"first","email":"g@g.com","phone":"","createdAt":"2026-01-22T09:41:42.056633Z","roleId":null,"role":null,"alarmEvents":[],"sentPartRequests":[],"receivedPartRequests":[],"sentShiftTransfers":[],"receivedShiftTransfers":[]},{"id":1,"login":"admin","encryptedPassword":"$2a$11$ZGjds28uWmV3nMtOXjG/2.DEfM6eTVKbFAY7.eis/4GA3POEjxX/i","name":"Админ","surname":"Системный","email":"admin@example.com","phone":"+71234567890","createdAt":"2026-01-22T09:33:33.991733Z","roleId":null,"role":null,"alarmEvents":[],"sentPartRequests":[],"receivedPartRequests":[],"sentShiftTransfers":[],"receivedShiftTransfers":[]}]
=======================================================

=======================================================
Timestamp: 2026-01-22T10:13:21.8558970Z
Method: GET
URL: /api/users
Status: 200
Duration: 2 ms
UserId: 
Client IP: ::1
User-Agent: 
Controller: Users, Action: GetAll
Response Body: [{"id":2,"login":"adam","encryptedPassword":"$2a$11$UX/zZKj6vvjnWGRoiHUBMeRaZz92V7z/P.7nGEzkguCDrXpvixcZ6","name":"adam","surname":"first","email":"g@g.com","phone":"","createdAt":"2026-01-22T09:41:42.056633Z","roleId":null,"role":null,"alarmEvents":[],"sentPartRequests":[],"receivedPartRequests":[],"sentShiftTransfers":[],"receivedShiftTransfers":[]},{"id":1,"login":"admin","encryptedPassword":"$2a$11$ZGjds28uWmV3nMtOXjG/2.DEfM6eTVKbFAY7.eis/4GA3POEjxX/i","name":"Админ","surname":"Системный","email":"admin@example.com","phone":"+71234567890","createdAt":"2026-01-22T09:33:33.991733Z","roleId":null,"role":null,"alarmEvents":[],"sentPartRequests":[],"receivedPartRequests":[],"sentShiftTransfers":[],"receivedShiftTransfers":[]}]
=======================================================

=======================================================
Timestamp: 2026-01-22T10:13:21.8596026Z
Method: GET
URL: /api/roles
Status: 200
Duration: 4 ms
UserId: 
Client IP: ::1
User-Agent: 
Controller: Roles, Action: GetAll
Response Body: []
=======================================================

=======================================================
Timestamp: 2026-01-22T10:13:23.7258135Z
Method: GET
URL: /api/users
Status: 200
Duration: 1 ms
UserId: 
Client IP: ::1
User-Agent: 
Controller: Users, Action: GetAll
Response Body: [{"id":2,"login":"adam","encryptedPassword":"$2a$11$UX/zZKj6vvjnWGRoiHUBMeRaZz92V7z/P.7nGEzkguCDrXpvixcZ6","name":"adam","surname":"first","email":"g@g.com","phone":"","createdAt":"2026-01-22T09:41:42.056633Z","roleId":null,"role":null,"alarmEvents":[],"sentPartRequests":[],"receivedPartRequests":[],"sentShiftTransfers":[],"receivedShiftTransfers":[]},{"id":1,"login":"admin","encryptedPassword":"$2a$11$ZGjds28uWmV3nMtOXjG/2.DEfM6eTVKbFAY7.eis/4GA3POEjxX/i","name":"Админ","surname":"Системный","email":"admin@example.com","phone":"+71234567890","createdAt":"2026-01-22T09:33:33.991733Z","roleId":null,"role":null,"alarmEvents":[],"sentPartRequests":[],"receivedPartRequests":[],"sentShiftTransfers":[],"receivedShiftTransfers":[]}]
=======================================================

=======================================================
Timestamp: 2026-01-22T10:13:23.7308730Z
Method: GET
URL: /api/roles
Status: 200
Duration: 0 ms
UserId: 
Client IP: ::1
User-Agent: 
Controller: Roles, Action: GetAll
Response Body: []
=======================================================

=======================================================
Timestamp: 2026-01-22T10:13:25.6012121Z
Method: GET
URL: /api/users
Status: 200
Duration: 2 ms
UserId: 
Client IP: ::1
User-Agent: 
Controller: Users, Action: GetAll
Response Body: [{"id":2,"login":"adam","encryptedPassword":"$2a$11$UX/zZKj6vvjnWGRoiHUBMeRaZz92V7z/P.7nGEzkguCDrXpvixcZ6","name":"adam","surname":"first","email":"g@g.com","phone":"","createdAt":"2026-01-22T09:41:42.056633Z","roleId":null,"role":null,"alarmEvents":[],"sentPartRequests":[],"receivedPartRequests":[],"sentShiftTransfers":[],"receivedShiftTransfers":[]},{"id":1,"login":"admin","encryptedPassword":"$2a$11$ZGjds28uWmV3nMtOXjG/2.DEfM6eTVKbFAY7.eis/4GA3POEjxX/i","name":"Админ","surname":"Системный","email":"admin@example.com","phone":"+71234567890","createdAt":"2026-01-22T09:33:33.991733Z","roleId":null,"role":null,"alarmEvents":[],"sentPartRequests":[],"receivedPartRequests":[],"sentShiftTransfers":[],"receivedShiftTransfers":[]}]
=======================================================

=======================================================
Timestamp: 2026-01-22T10:13:25.6019865Z
Method: GET
URL: /api/roles
Status: 200
Duration: 1 ms
UserId: 
Client IP: ::1
User-Agent: 
Controller: Roles, Action: GetAll
Response Body: []
=======================================================

=======================================================
Timestamp: 2026-01-22T10:21:46.2473299Z
Method: GET
URL: /api/users
Status: 200
Duration: 73 ms
UserId: 
Client IP: ::1
User-Agent: 
Controller: Users, Action: GetAll
Response Body: [{"id":2,"login":"adam","encryptedPassword":"$2a$11$UX/zZKj6vvjnWGRoiHUBMeRaZz92V7z/P.7nGEzkguCDrXpvixcZ6","name":"adam","surname":"first","email":"g@g.com","phone":"","createdAt":"2026-01-22T09:41:42.056633Z","roleId":null,"role":null,"alarmEvents":[],"sentPartRequests":[],"receivedPartRequests":[],"sentShiftTransfers":[],"receivedShiftTransfers":[]},{"id":1,"login":"admin","encryptedPassword":"$2a$11$ZGjds28uWmV3nMtOXjG/2.DEfM6eTVKbFAY7.eis/4GA3POEjxX/i","name":"Админ","surname":"Системный","email":"admin@example.com","phone":"+71234567890","createdAt":"2026-01-22T09:33:33.991733Z","roleId":null,"role":null,"alarmEvents":[],"sentPartRequests":[],"receivedPartRequests":[],"sentShiftTransfers":[],"receivedShiftTransfers":[]}]
=======================================================

=======================================================
Timestamp: 2026-01-22T10:22:02.2219407Z
Method: GET
URL: /api/WorkReports/user/1
Status: 200
Duration: 2 ms
UserId: 
Client IP: ::1
User-Agent: 
Controller: WorkReports, Action: GetByUser
Response Body: []
=======================================================

=======================================================
Timestamp: 2026-01-22T10:22:02.3340835Z
Method: GET
URL: /api/WorkReports/user/1
Status: 200
Duration: 5 ms
UserId: 
Client IP: ::1
User-Agent: 
Controller: WorkReports, Action: GetByUser
Response Body: []
=======================================================

=======================================================
Timestamp: 2026-01-22T10:22:03.2866391Z
Method: GET
URL: /api/WorkReports/user/1
Status: 200
Duration: 1 ms
UserId: 
Client IP: ::1
User-Agent: 
Controller: WorkReports, Action: GetByUser
Response Body: []
=======================================================

=======================================================
Timestamp: 2026-01-22T10:22:03.3896123Z
Method: POST
URL: /api/WorkReports/start
Status: 500
Duration: 14 ms
UserId: 
Client IP: ::1
User-Agent: 
Controller: WorkReports, Action: StartWork
Response Body: {"message":"An unexpected error occurred while starting work"}
=======================================================

=======================================================
Timestamp: 2026-01-22T10:22:12.6648660Z
Method: GET
URL: /api/users
Status: 200
Duration: 1 ms
UserId: 
Client IP: ::1
User-Agent: 
Controller: Users, Action: GetAll
Response Body: [{"id":2,"login":"adam","encryptedPassword":"$2a$11$UX/zZKj6vvjnWGRoiHUBMeRaZz92V7z/P.7nGEzkguCDrXpvixcZ6","name":"adam","surname":"first","email":"g@g.com","phone":"","createdAt":"2026-01-22T09:41:42.056633Z","roleId":null,"role":null,"alarmEvents":[],"sentPartRequests":[],"receivedPartRequests":[],"sentShiftTransfers":[],"receivedShiftTransfers":[]},{"id":1,"login":"admin","encryptedPassword":"$2a$11$ZGjds28uWmV3nMtOXjG/2.DEfM6eTVKbFAY7.eis/4GA3POEjxX/i","name":"Админ","surname":"Системный","email":"admin@example.com","phone":"+71234567890","createdAt":"2026-01-22T09:33:33.991733Z","roleId":null,"role":null,"alarmEvents":[],"sentPartRequests":[],"receivedPartRequests":[],"sentShiftTransfers":[],"receivedShiftTransfers":[]}]
=======================================================

=======================================================
Timestamp: 2026-01-22T10:22:12.7796698Z
Method: GET
URL: /api/users
Status: 200
Duration: 76 ms
UserId: 
Client IP: ::1
User-Agent: 
Controller: Users, Action: GetAll
Response Body: [{"id":2,"login":"adam","encryptedPassword":"$2a$11$UX/zZKj6vvjnWGRoiHUBMeRaZz92V7z/P.7nGEzkguCDrXpvixcZ6","name":"adam","surname":"first","email":"g@g.com","phone":"","createdAt":"2026-01-22T09:41:42.056633Z","roleId":null,"role":null,"alarmEvents":[],"sentPartRequests":[],"receivedPartRequests":[],"sentShiftTransfers":[],"receivedShiftTransfers":[]},{"id":1,"login":"admin","encryptedPassword":"$2a$11$ZGjds28uWmV3nMtOXjG/2.DEfM6eTVKbFAY7.eis/4GA3POEjxX/i","name":"Админ","surname":"Системный","email":"admin@example.com","phone":"+71234567890","createdAt":"2026-01-22T09:33:33.991733Z","roleId":null,"role":null,"alarmEvents":[],"sentPartRequests":[],"receivedPartRequests":[],"sentShiftTransfers":[],"receivedShiftTransfers":[]}]
=======================================================

=======================================================
Timestamp: 2026-01-22T10:22:12.8174412Z
Method: GET
URL: /api/users
Status: 200
Duration: 1 ms
UserId: 
Client IP: ::1
User-Agent: 
Controller: Users, Action: GetAll
Response Body: [{"id":2,"login":"adam","encryptedPassword":"$2a$11$UX/zZKj6vvjnWGRoiHUBMeRaZz92V7z/P.7nGEzkguCDrXpvixcZ6","name":"adam","surname":"first","email":"g@g.com","phone":"","createdAt":"2026-01-22T09:41:42.056633Z","roleId":null,"role":null,"alarmEvents":[],"sentPartRequests":[],"receivedPartRequests":[],"sentShiftTransfers":[],"receivedShiftTransfers":[]},{"id":1,"login":"admin","encryptedPassword":"$2a$11$ZGjds28uWmV3nMtOXjG/2.DEfM6eTVKbFAY7.eis/4GA3POEjxX/i","name":"Админ","surname":"Системный","email":"admin@example.com","phone":"+71234567890","createdAt":"2026-01-22T09:33:33.991733Z","roleId":null,"role":null,"alarmEvents":[],"sentPartRequests":[],"receivedPartRequests":[],"sentShiftTransfers":[],"receivedShiftTransfers":[]}]
=======================================================

=======================================================
Timestamp: 2026-01-22T10:22:12.8226870Z
Method: GET
URL: /api/Roles
Status: 200
Duration: 1 ms
UserId: 
Client IP: ::1
User-Agent: 
Controller: Roles, Action: GetAll
Response Body: []
=======================================================

=======================================================
Timestamp: 2026-01-22T10:22:14.6314026Z
Method: GET
URL: /api/users
Status: 200
Duration: 1 ms
UserId: 
Client IP: ::1
User-Agent: 
Controller: Users, Action: GetAll
Response Body: [{"id":2,"login":"adam","encryptedPassword":"$2a$11$UX/zZKj6vvjnWGRoiHUBMeRaZz92V7z/P.7nGEzkguCDrXpvixcZ6","name":"adam","surname":"first","email":"g@g.com","phone":"","createdAt":"2026-01-22T09:41:42.056633Z","roleId":null,"role":null,"alarmEvents":[],"sentPartRequests":[],"receivedPartRequests":[],"sentShiftTransfers":[],"receivedShiftTransfers":[]},{"id":1,"login":"admin","encryptedPassword":"$2a$11$ZGjds28uWmV3nMtOXjG/2.DEfM6eTVKbFAY7.eis/4GA3POEjxX/i","name":"Админ","surname":"Системный","email":"admin@example.com","phone":"+71234567890","createdAt":"2026-01-22T09:33:33.991733Z","roleId":null,"role":null,"alarmEvents":[],"sentPartRequests":[],"receivedPartRequests":[],"sentShiftTransfers":[],"receivedShiftTransfers":[]}]
=======================================================

=======================================================
Timestamp: 2026-01-22T10:22:14.6325273Z
Method: GET
URL: /api/Roles
Status: 200
Duration: 1 ms
UserId: 
Client IP: ::1
User-Agent: 
Controller: Roles, Action: GetAll
Response Body: []
=======================================================

=======================================================
Timestamp: 2026-01-22T10:22:18.7255946Z
Method: GET
URL: /api/users
Status: 200
Duration: 1 ms
UserId: 
Client IP: ::1
User-Agent: 
Controller: Users, Action: GetAll
Response Body: [{"id":2,"login":"adam","encryptedPassword":"$2a$11$UX/zZKj6vvjnWGRoiHUBMeRaZz92V7z/P.7nGEzkguCDrXpvixcZ6","name":"adam","surname":"first","email":"g@g.com","phone":"","createdAt":"2026-01-22T09:41:42.056633Z","roleId":null,"role":null,"alarmEvents":[],"sentPartRequests":[],"receivedPartRequests":[],"sentShiftTransfers":[],"receivedShiftTransfers":[]},{"id":1,"login":"admin","encryptedPassword":"$2a$11$ZGjds28uWmV3nMtOXjG/2.DEfM6eTVKbFAY7.eis/4GA3POEjxX/i","name":"Админ","surname":"Системный","email":"admin@example.com","phone":"+71234567890","createdAt":"2026-01-22T09:33:33.991733Z","roleId":null,"role":null,"alarmEvents":[],"sentPartRequests":[],"receivedPartRequests":[],"sentShiftTransfers":[],"receivedShiftTransfers":[]}]
=======================================================

=======================================================
Timestamp: 2026-01-22T10:22:18.7278751Z
Method: GET
URL: /api/Roles
Status: 200
Duration: 1 ms
UserId: 
Client IP: ::1
User-Agent: 
Controller: Roles, Action: GetAll
Response Body: []
=======================================================

=======================================================
Timestamp: 2026-01-22T10:22:21.0193706Z
Method: GET
URL: /api/Roles
Status: 200
Duration: 0 ms
UserId: 
Client IP: ::1
User-Agent: 
Controller: Roles, Action: GetAll
Response Body: []
=======================================================

=======================================================
Timestamp: 2026-01-22T10:22:21.0198526Z
Method: GET
URL: /api/users
Status: 200
Duration: 2 ms
UserId: 
Client IP: ::1
User-Agent: 
Controller: Users, Action: GetAll
Response Body: [{"id":2,"login":"adam","encryptedPassword":"$2a$11$UX/zZKj6vvjnWGRoiHUBMeRaZz92V7z/P.7nGEzkguCDrXpvixcZ6","name":"adam","surname":"first","email":"g@g.com","phone":"","createdAt":"2026-01-22T09:41:42.056633Z","roleId":null,"role":null,"alarmEvents":[],"sentPartRequests":[],"receivedPartRequests":[],"sentShiftTransfers":[],"receivedShiftTransfers":[]},{"id":1,"login":"admin","encryptedPassword":"$2a$11$ZGjds28uWmV3nMtOXjG/2.DEfM6eTVKbFAY7.eis/4GA3POEjxX/i","name":"Админ","surname":"Системный","email":"admin@example.com","phone":"+71234567890","createdAt":"2026-01-22T09:33:33.991733Z","roleId":null,"role":null,"alarmEvents":[],"sentPartRequests":[],"receivedPartRequests":[],"sentShiftTransfers":[],"receivedShiftTransfers":[]}]
=======================================================

=======================================================
Timestamp: 2026-01-22T10:22:37.4295921Z
Method: GET
URL: /api/users
Status: 200
Duration: 1 ms
UserId: 
Client IP: ::1
User-Agent: 
Controller: Users, Action: GetAll
Response Body: [{"id":2,"login":"adam","encryptedPassword":"$2a$11$UX/zZKj6vvjnWGRoiHUBMeRaZz92V7z/P.7nGEzkguCDrXpvixcZ6","name":"adam","surname":"first","email":"g@g.com","phone":"","createdAt":"2026-01-22T09:41:42.056633Z","roleId":null,"role":null,"alarmEvents":[],"sentPartRequests":[],"receivedPartRequests":[],"sentShiftTransfers":[],"receivedShiftTransfers":[]},{"id":1,"login":"admin","encryptedPassword":"$2a$11$ZGjds28uWmV3nMtOXjG/2.DEfM6eTVKbFAY7.eis/4GA3POEjxX/i","name":"Админ","surname":"Системный","email":"admin@example.com","phone":"+71234567890","createdAt":"2026-01-22T09:33:33.991733Z","roleId":null,"role":null,"alarmEvents":[],"sentPartRequests":[],"receivedPartRequests":[],"sentShiftTransfers":[],"receivedShiftTransfers":[]}]
=======================================================

=======================================================
Timestamp: 2026-01-22T10:22:37.5407321Z
Method: GET
URL: /api/user-permissions/check?userId=2&permissionCode=Admin
Status: 404
Duration: 0 ms
UserId: 
Client IP: ::1
User-Agent: 
=======================================================

=======================================================
Timestamp: 2026-01-22T10:22:37.6748617Z
Method: POST
URL: /hubs/notifications/negotiate?negotiateVersion=1
Status: 200
Duration: 0 ms
UserId: 
Client IP: ::1
User-Agent: Microsoft SignalR/8.0 (8.0.0+3f1acb59718cadf111a0a796681e3d3509bb3381; Windows NT; .NET; .NET 8.0.22)
Response Body: {"negotiateVersion":1,"connectionId":"XQH2mLQGWgAZcr-4yuQ2Zw","connectionToken":"02FmwO4GIiE6xl0Pq2cCSA","availableTransports":[{"transport":"WebSockets","transferFormats":["Text","Binary"]},{"transport":"ServerSentEvents","transferFormats":["Text"]},{"transport":"LongPolling","transferFormats":["Text","Binary"]}]}
=======================================================

=======================================================
Timestamp: 2026-01-22T10:22:46.4278291Z
Method: POST
URL: /api/AlarmEvents
Status: 400
Duration: 1 ms
UserId: 
Client IP: ::1
User-Agent: 
Controller: AlarmEvents, Action: CreateAlarmEvent
Response Body: {"type":"https://tools.ietf.org/html/rfc9110#section-15.5.1","title":"One or more validation errors occurred.","status":400,"errors":{"User":["The User field is required."]},"traceId":"00-93a57a6e117d7856a8ff9a1f6d741e52-fa378434109a3c89-00"}
=======================================================

=======================================================
Timestamp: 2026-01-22T10:30:50.7348042Z
Method: GET
URL: /
Status: 404
Duration: 4 ms
UserId: 
Client IP: ::1
User-Agent: Mozilla/5.0 (Windows NT 10.0; Win64; x64) AppleWebKit/537.36 (KHTML, like Gecko) Chrome/144.0.0.0 Safari/537.36
=======================================================

=======================================================
Timestamp: 2026-01-22T10:31:28.0851559Z
Method: GET
URL: /api/users
Status: 200
Duration: 620 ms
UserId: 
Client IP: ::1
User-Agent: 
Controller: Users, Action: GetAll
Response Body: [{"id":2,"login":"adam","encryptedPassword":"$2a$11$UX/zZKj6vvjnWGRoiHUBMeRaZz92V7z/P.7nGEzkguCDrXpvixcZ6","name":"adam","surname":"first","email":"g@g.com","phone":"","createdAt":"2026-01-22T09:41:42.056633Z","roleId":null,"role":null,"alarmEvents":[],"sentPartRequests":[],"receivedPartRequests":[],"sentShiftTransfers":[],"receivedShiftTransfers":[]},{"id":1,"login":"admin","encryptedPassword":"$2a$11$ZGjds28uWmV3nMtOXjG/2.DEfM6eTVKbFAY7.eis/4GA3POEjxX/i","name":"Админ","surname":"Системный","email":"admin@example.com","phone":"+71234567890","createdAt":"2026-01-22T09:33:33.991733Z","roleId":null,"role":null,"alarmEvents":[],"sentPartRequests":[],"receivedPartRequests":[],"sentShiftTransfers":[],"receivedShiftTransfers":[]}]
=======================================================

=======================================================
Timestamp: 2026-01-22T10:31:31.7011272Z
Method: GET
URL: /api/users
Status: 200
Duration: 141 ms
UserId: 
Client IP: ::1
User-Agent: 
Controller: Users, Action: GetAll
Response Body: [{"id":2,"login":"adam","encryptedPassword":"$2a$11$UX/zZKj6vvjnWGRoiHUBMeRaZz92V7z/P.7nGEzkguCDrXpvixcZ6","name":"adam","surname":"first","email":"g@g.com","phone":"","createdAt":"2026-01-22T09:41:42.056633Z","roleId":null,"role":null,"alarmEvents":[],"sentPartRequests":[],"receivedPartRequests":[],"sentShiftTransfers":[],"receivedShiftTransfers":[]},{"id":1,"login":"admin","encryptedPassword":"$2a$11$ZGjds28uWmV3nMtOXjG/2.DEfM6eTVKbFAY7.eis/4GA3POEjxX/i","name":"Админ","surname":"Системный","email":"admin@example.com","phone":"+71234567890","createdAt":"2026-01-22T09:33:33.991733Z","roleId":null,"role":null,"alarmEvents":[],"sentPartRequests":[],"receivedPartRequests":[],"sentShiftTransfers":[],"receivedShiftTransfers":[]}]
=======================================================

=======================================================
Timestamp: 2026-01-22T10:31:32.5210548Z
Method: GET
URL: /api/users
Status: 200
Duration: 1431 ms
UserId: 
Client IP: ::1
User-Agent: 
Controller: Users, Action: GetAll
Response Body: [{"id":2,"login":"adam","encryptedPassword":"$2a$11$UX/zZKj6vvjnWGRoiHUBMeRaZz92V7z/P.7nGEzkguCDrXpvixcZ6","name":"adam","surname":"first","email":"g@g.com","phone":"","createdAt":"2026-01-22T09:41:42.056633Z","roleId":null,"role":null,"alarmEvents":[],"sentPartRequests":[],"receivedPartRequests":[],"sentShiftTransfers":[],"receivedShiftTransfers":[]},{"id":1,"login":"admin","encryptedPassword":"$2a$11$ZGjds28uWmV3nMtOXjG/2.DEfM6eTVKbFAY7.eis/4GA3POEjxX/i","name":"Админ","surname":"Системный","email":"admin@example.com","phone":"+71234567890","createdAt":"2026-01-22T09:33:33.991733Z","roleId":null,"role":null,"alarmEvents":[],"sentPartRequests":[],"receivedPartRequests":[],"sentShiftTransfers":[],"receivedShiftTransfers":[]}]
=======================================================

=======================================================
Timestamp: 2026-01-22T10:31:32.5581726Z
Method: GET
URL: /api/users
Status: 200
Duration: 15 ms
UserId: 
Client IP: ::1
User-Agent: 
Controller: Users, Action: GetAll
Response Body: [{"id":2,"login":"adam","encryptedPassword":"$2a$11$UX/zZKj6vvjnWGRoiHUBMeRaZz92V7z/P.7nGEzkguCDrXpvixcZ6","name":"adam","surname":"first","email":"g@g.com","phone":"","createdAt":"2026-01-22T09:41:42.056633Z","roleId":null,"role":null,"alarmEvents":[],"sentPartRequests":[],"receivedPartRequests":[],"sentShiftTransfers":[],"receivedShiftTransfers":[]},{"id":1,"login":"admin","encryptedPassword":"$2a$11$ZGjds28uWmV3nMtOXjG/2.DEfM6eTVKbFAY7.eis/4GA3POEjxX/i","name":"Админ","surname":"Системный","email":"admin@example.com","phone":"+71234567890","createdAt":"2026-01-22T09:33:33.991733Z","roleId":null,"role":null,"alarmEvents":[],"sentPartRequests":[],"receivedPartRequests":[],"sentShiftTransfers":[],"receivedShiftTransfers":[]}]
=======================================================

=======================================================
Timestamp: 2026-01-22T10:31:32.6217392Z
Method: GET
URL: /api/Roles
Status: 200
Duration: 61 ms
UserId: 
Client IP: ::1
User-Agent: 
Controller: Roles, Action: GetAll
Response Body: []
=======================================================

=======================================================
Timestamp: 2026-01-22T10:31:34.0325959Z
Method: GET
URL: /api/users
Status: 200
Duration: 13 ms
UserId: 
Client IP: ::1
User-Agent: 
Controller: Users, Action: GetAll
Response Body: [{"id":2,"login":"adam","encryptedPassword":"$2a$11$UX/zZKj6vvjnWGRoiHUBMeRaZz92V7z/P.7nGEzkguCDrXpvixcZ6","name":"adam","surname":"first","email":"g@g.com","phone":"","createdAt":"2026-01-22T09:41:42.056633Z","roleId":null,"role":null,"alarmEvents":[],"sentPartRequests":[],"receivedPartRequests":[],"sentShiftTransfers":[],"receivedShiftTransfers":[]},{"id":1,"login":"admin","encryptedPassword":"$2a$11$ZGjds28uWmV3nMtOXjG/2.DEfM6eTVKbFAY7.eis/4GA3POEjxX/i","name":"Админ","surname":"Системный","email":"admin@example.com","phone":"+71234567890","createdAt":"2026-01-22T09:33:33.991733Z","roleId":null,"role":null,"alarmEvents":[],"sentPartRequests":[],"receivedPartRequests":[],"sentShiftTransfers":[],"receivedShiftTransfers":[]}]
=======================================================

=======================================================
Timestamp: 2026-01-22T10:31:34.0366345Z
Method: GET
URL: /api/Roles
Status: 200
Duration: 15 ms
UserId: 
Client IP: ::1
User-Agent: 
Controller: Roles, Action: GetAll
Response Body: []
=======================================================

=======================================================
Timestamp: 2026-01-22T10:31:37.9237080Z
Method: GET
URL: /api/WorkReports/user/1
Status: 200
Duration: 100 ms
UserId: 
Client IP: ::1
User-Agent: 
Controller: WorkReports, Action: GetByUser
Response Body: []
=======================================================

=======================================================
Timestamp: 2026-01-22T10:31:37.9353277Z
Method: GET
URL: /api/WorkReports/user/1
Status: 200
Duration: 85 ms
UserId: 
Client IP: ::1
User-Agent: 
Controller: WorkReports, Action: GetByUser
Response Body: []
=======================================================

=======================================================
Timestamp: 2026-01-22T10:31:39.9679515Z
Method: GET
URL: /api/WorkReports/user/1
Status: 200
Duration: 10 ms
UserId: 
Client IP: ::1
User-Agent: 
Controller: WorkReports, Action: GetByUser
Response Body: []
=======================================================

=======================================================
Timestamp: 2026-01-22T10:31:40.2338645Z
Method: POST
URL: /api/WorkReports/start
Status: 200
Duration: 256 ms
UserId: 
Client IP: ::1
User-Agent: 
Controller: WorkReports, Action: StartWork
Response Body: {"message":"Work started successfully","report":{"id":1,"userId":1,"date":"2026-01-22T00:00:00","startWork":"2026-01-22T10:31:39Z","finishWork":null,"note":null,"user":null}}
=======================================================

=======================================================
Timestamp: 2026-01-22T10:31:40.3246891Z
Method: GET
URL: /api/WorkReports/user/1
Status: 200
Duration: 20 ms
UserId: 
Client IP: ::1
User-Agent: 
Controller: WorkReports, Action: GetByUser
Response Body: [{"id":1,"userId":1,"date":"2026-01-22T00:00:00","startWork":"2026-01-22T10:31:39Z","finishWork":null,"note":null,"user":null}]
=======================================================

=======================================================
Timestamp: 2026-01-22T10:31:51.5631615Z
Method: GET
URL: /api/WorkReports/user/1
Status: 200
Duration: 7 ms
UserId: 
Client IP: ::1
User-Agent: 
Controller: WorkReports, Action: GetByUser
Response Body: [{"id":1,"userId":1,"date":"2026-01-22T00:00:00","startWork":"2026-01-22T10:31:39Z","finishWork":null,"note":null,"user":null}]
=======================================================

=======================================================
Timestamp: 2026-01-22T10:31:51.7234414Z
Method: POST
URL: /api/WorkReports/1/finish
Status: 200
Duration: 168 ms
UserId: 
Client IP: ::1
User-Agent: 
Controller: WorkReports, Action: FinishWork
Response Body: {"message":"Work finished successfully","report":{"id":1,"userId":1,"date":"2026-01-22T00:00:00","startWork":"2026-01-22T10:31:39Z","finishWork":"2026-01-22T14:31:51Z","note":null,"user":null}}
=======================================================

=======================================================
Timestamp: 2026-01-22T10:31:51.7500266Z
Method: GET
URL: /api/WorkReports/user/1
Status: 200
Duration: 13 ms
UserId: 
Client IP: ::1
User-Agent: 
Controller: WorkReports, Action: GetByUser
Response Body: [{"id":1,"userId":1,"date":"2026-01-22T00:00:00","startWork":"2026-01-22T10:31:39Z","finishWork":"2026-01-22T14:31:51Z","note":null,"user":null}]
=======================================================

=======================================================
Timestamp: 2026-01-22T10:31:51.7525325Z
Method: GET
URL: /api/WorkReports/user/1
Status: 200
Duration: 13 ms
UserId: 
Client IP: ::1
User-Agent: 
Controller: WorkReports, Action: GetByUser
Response Body: [{"id":1,"userId":1,"date":"2026-01-22T00:00:00","startWork":"2026-01-22T10:31:39Z","finishWork":"2026-01-22T14:31:51Z","note":null,"user":null}]
=======================================================

=======================================================
Timestamp: 2026-01-22T10:32:23.8033930Z
Method: GET
URL: /api/WorkReports/user/1
Status: 200
Duration: 35 ms
UserId: 
Client IP: ::1
User-Agent: 
Controller: WorkReports, Action: GetByUser
Response Body: [{"id":1,"userId":1,"date":"2026-01-22T00:00:00","startWork":"2026-01-22T10:31:39Z","finishWork":"2026-01-22T14:31:51Z","note":null,"user":null}]
=======================================================

=======================================================
Timestamp: 2026-01-22T10:32:23.9629130Z
Method: POST
URL: /api/WorkReports/start
Status: 200
Duration: 151 ms
UserId: 
Client IP: ::1
User-Agent: 
Controller: WorkReports, Action: StartWork
Response Body: {"message":"Work started successfully","report":{"id":2,"userId":1,"date":"2026-01-22T00:00:00","startWork":"2026-01-22T10:32:23Z","finishWork":null,"note":null,"user":null}}
=======================================================

=======================================================
Timestamp: 2026-01-22T10:32:24.5618631Z
Method: GET
URL: /api/WorkReports/user/1
Status: 200
Duration: 617 ms
UserId: 
Client IP: ::1
User-Agent: 
Controller: WorkReports, Action: GetByUser
Response Body: [{"id":1,"userId":1,"date":"2026-01-22T00:00:00","startWork":"2026-01-22T10:31:39Z","finishWork":"2026-01-22T14:31:51Z","note":null,"user":null},{"id":2,"userId":1,"date":"2026-01-22T00:00:00","startWork":"2026-01-22T10:32:23Z","finishWork":null,"note":null,"user":null}]
=======================================================

=======================================================
Timestamp: 2026-01-22T10:32:25.8204037Z
Method: GET
URL: /api/WorkReports/user/1
Status: 200
Duration: 23 ms
UserId: 
Client IP: ::1
User-Agent: 
Controller: WorkReports, Action: GetByUser
Response Body: [{"id":1,"userId":1,"date":"2026-01-22T00:00:00","startWork":"2026-01-22T10:31:39Z","finishWork":"2026-01-22T14:31:51Z","note":null,"user":null},{"id":2,"userId":1,"date":"2026-01-22T00:00:00","startWork":"2026-01-22T10:32:23Z","finishWork":null,"note":null,"user":null}]
=======================================================

=======================================================
Timestamp: 2026-01-22T10:32:25.8695921Z
Method: POST
URL: /api/WorkReports/2/finish
Status: 200
Duration: 57 ms
UserId: 
Client IP: ::1
User-Agent: 
Controller: WorkReports, Action: FinishWork
Response Body: {"message":"Work finished successfully","report":{"id":2,"userId":1,"date":"2026-01-22T00:00:00","startWork":"2026-01-22T10:32:23Z","finishWork":"2026-01-22T14:32:25Z","note":null,"user":null}}
=======================================================

=======================================================
Timestamp: 2026-01-22T10:32:25.9204366Z
Method: GET
URL: /api/WorkReports/user/1
Status: 200
Duration: 25 ms
UserId: 
Client IP: ::1
User-Agent: 
Controller: WorkReports, Action: GetByUser
Response Body: [{"id":1,"userId":1,"date":"2026-01-22T00:00:00","startWork":"2026-01-22T10:31:39Z","finishWork":"2026-01-22T14:31:51Z","note":null,"user":null},{"id":2,"userId":1,"date":"2026-01-22T00:00:00","startWork":"2026-01-22T10:32:23Z","finishWork":"2026-01-22T14:32:25Z","note":null,"user":null}]
=======================================================

=======================================================
Timestamp: 2026-01-22T10:32:32.1864952Z
Method: GET
URL: /api/database/check
Status: 200
Duration: 931 ms
UserId: 
Client IP: ::1
User-Agent: 
Controller: Database, Action: CheckDatabase
Response Body: {"success":true,"message":"Подключение к базе данных успешно","usersCount":2,"users":[{"id":1,"login":"admin","email":"admin@example.com","name":"Админ Системный","isPasswordEncrypted":false,"passwordLength":60},{"id":2,"login":"adam","email":"g@g.com","name":"adam first","isPasswordEncrypted":false,"passwordLength":60}]}
=======================================================

=======================================================
Timestamp: 2026-01-22T10:32:32.4806589Z
Method: GET
URL: /api/database/check
Status: 200
Duration: 179 ms
UserId: 
Client IP: ::1
User-Agent: 
Controller: Database, Action: CheckDatabase
Response Body: {"success":true,"message":"Подключение к базе данных успешно","usersCount":2,"users":[{"id":1,"login":"admin","email":"admin@example.com","name":"Админ Системный","isPasswordEncrypted":false,"passwordLength":60},{"id":2,"login":"adam","email":"g@g.com","name":"adam first","isPasswordEncrypted":false,"passwordLength":60}]}
=======================================================

=======================================================
Timestamp: 2026-01-22T10:32:51.7586488Z
Method: GET
URL: /api/users
Status: 200
Duration: 7 ms
UserId: 
Client IP: ::1
User-Agent: 
Controller: Users, Action: GetAll
Response Body: [{"id":2,"login":"adam","encryptedPassword":"$2a$11$UX/zZKj6vvjnWGRoiHUBMeRaZz92V7z/P.7nGEzkguCDrXpvixcZ6","name":"adam","surname":"first","email":"g@g.com","phone":"","createdAt":"2026-01-22T09:41:42.056633Z","roleId":null,"role":null,"alarmEvents":[],"sentPartRequests":[],"receivedPartRequests":[],"sentShiftTransfers":[],"receivedShiftTransfers":[]},{"id":1,"login":"admin","encryptedPassword":"$2a$11$ZGjds28uWmV3nMtOXjG/2.DEfM6eTVKbFAY7.eis/4GA3POEjxX/i","name":"Админ","surname":"Системный","email":"admin@example.com","phone":"+71234567890","createdAt":"2026-01-22T09:33:33.991733Z","roleId":null,"role":null,"alarmEvents":[],"sentPartRequests":[],"receivedPartRequests":[],"sentShiftTransfers":[],"receivedShiftTransfers":[]}]
=======================================================

=======================================================
Timestamp: 2026-01-22T10:32:51.8660147Z
Method: GET
URL: /api/user-permissions/check?userId=2&permissionCode=Admin
Status: 404
Duration: 1 ms
UserId: 
Client IP: ::1
User-Agent: 
=======================================================

=======================================================
Timestamp: 2026-01-22T10:32:51.9176920Z
Method: GET
URL: /api/user-permissions/user/2
Status: 404
Duration: 0 ms
UserId: 
Client IP: ::1
User-Agent: 
=======================================================

=======================================================
Timestamp: 2026-01-22T10:32:52.1125017Z
Method: POST
URL: /hubs/notifications/negotiate?negotiateVersion=1
Status: 200
Duration: 11 ms
UserId: 
Client IP: ::1
User-Agent: Microsoft SignalR/8.0 (8.0.0+3f1acb59718cadf111a0a796681e3d3509bb3381; Windows NT; .NET; .NET 8.0.22)
Response Body: {"negotiateVersion":1,"connectionId":"RhXCkkE0XyptCw0y5K_OKQ","connectionToken":"KsePQljXM7pm1DAchJOPbA","availableTransports":[{"transport":"WebSockets","transferFormats":["Text","Binary"]},{"transport":"ServerSentEvents","transferFormats":["Text"]},{"transport":"LongPolling","transferFormats":["Text","Binary"]}]}
=======================================================

=======================================================
Timestamp: 2026-01-22T10:32:55.3569327Z
Method: GET
URL: /api/WorkReports/user/2
Status: 200
Duration: 34 ms
UserId: 
Client IP: ::1
User-Agent: 
Controller: WorkReports, Action: GetByUser
Response Body: []
=======================================================

=======================================================
Timestamp: 2026-01-22T10:32:55.4601979Z
Method: GET
URL: /api/WorkReports/user/2
Status: 200
Duration: 44 ms
UserId: 
Client IP: ::1
User-Agent: 
Controller: WorkReports, Action: GetByUser
Response Body: []
=======================================================

=======================================================
Timestamp: 2026-01-22T10:32:56.5259601Z
Method: GET
URL: /api/WorkReports/user/2
Status: 200
Duration: 11 ms
UserId: 
Client IP: ::1
User-Agent: 
Controller: WorkReports, Action: GetByUser
Response Body: []
=======================================================

=======================================================
Timestamp: 2026-01-22T10:32:56.6566829Z
Method: POST
URL: /api/WorkReports/start
Status: 200
Duration: 30 ms
UserId: 
Client IP: ::1
User-Agent: 
Controller: WorkReports, Action: StartWork
Response Body: {"message":"Work started successfully","report":{"id":3,"userId":2,"date":"2026-01-22T00:00:00","startWork":"2026-01-22T10:32:56Z","finishWork":null,"note":null,"user":null}}
=======================================================

=======================================================
Timestamp: 2026-01-22T10:32:56.8967088Z
Method: GET
URL: /api/WorkReports/user/2
Status: 200
Duration: 11 ms
UserId: 
Client IP: ::1
User-Agent: 
Controller: WorkReports, Action: GetByUser
Response Body: [{"id":3,"userId":2,"date":"2026-01-22T00:00:00","startWork":"2026-01-22T10:32:56Z","finishWork":null,"note":null,"user":null}]
=======================================================

=======================================================
Timestamp: 2026-01-22T10:33:00.5918431Z
Method: GET
URL: /api/WorkReports/user/2
Status: 200
Duration: 16 ms
UserId: 
Client IP: ::1
User-Agent: 
Controller: WorkReports, Action: GetByUser
Response Body: [{"id":3,"userId":2,"date":"2026-01-22T00:00:00","startWork":"2026-01-22T10:32:56Z","finishWork":null,"note":null,"user":null}]
=======================================================

=======================================================
Timestamp: 2026-01-22T10:33:00.6961991Z
Method: GET
URL: /api/WorkReports/user/2
Status: 200
Duration: 23 ms
UserId: 
Client IP: ::1
User-Agent: 
Controller: WorkReports, Action: GetByUser
Response Body: [{"id":3,"userId":2,"date":"2026-01-22T00:00:00","startWork":"2026-01-22T10:32:56Z","finishWork":"2026-01-22T14:33:00Z","note":null,"user":null}]
=======================================================

=======================================================
Timestamp: 2026-01-22T10:33:00.7009821Z
Method: GET
URL: /api/WorkReports/user/2
Status: 200
Duration: 14 ms
UserId: 
Client IP: ::1
User-Agent: 
Controller: WorkReports, Action: GetByUser
Response Body: [{"id":3,"userId":2,"date":"2026-01-22T00:00:00","startWork":"2026-01-22T10:32:56Z","finishWork":"2026-01-22T14:33:00Z","note":null,"user":null}]
=======================================================

=======================================================
Timestamp: 2026-01-22T10:33:11.7822273Z
Method: POST
URL: /api/AlarmEvents
Status: 201
Duration: 267 ms
UserId: 
Client IP: ::1
User-Agent: 
Controller: AlarmEvents, Action: CreateAlarmEvent
Response Body: {"message":"AlarmEvent created successfully","alarmEvent":{"id":1,"userId":2,"createdAt":"2026-01-22T10:33:11.5504103Z","message":"бомба","location":"Рай"}}
=======================================================

=======================================================
Timestamp: 2026-01-22T10:34:28.2075067Z
Method: GET
URL: /api/users
Status: 200
Duration: 49 ms
UserId: 
Client IP: ::1
User-Agent: 
Controller: Users, Action: GetAll
Response Body: [{"id":2,"login":"adam","encryptedPassword":"5252","name":"adam","surname":"first","email":"g@g.com","phone":"","createdAt":"2026-01-22T09:41:42.056633Z","roleId":null,"role":null,"alarmEvents":[],"sentPartRequests":[],"receivedPartRequests":[],"sentShiftTransfers":[],"receivedShiftTransfers":[]},{"id":1,"login":"admin","encryptedPassword":"$2a$11$ZGjds28uWmV3nMtOXjG/2.DEfM6eTVKbFAY7.eis/4GA3POEjxX/i","name":"Админ","surname":"Системный","email":"admin@example.com","phone":"+71234567890","createdAt":"2026-01-22T09:33:33.991733Z","roleId":null,"role":null,"alarmEvents":[],"sentPartRequests":[],"receivedPartRequests":[],"sentShiftTransfers":[],"receivedShiftTransfers":[]}]
=======================================================

=======================================================
Timestamp: 2026-01-22T10:34:28.2853377Z
Method: GET
URL: /api/users
Status: 200
Duration: 53 ms
UserId: 
Client IP: ::1
User-Agent: 
Controller: Users, Action: GetAll
Response Body: [{"id":2,"login":"adam","encryptedPassword":"5252","name":"adam","surname":"first","email":"g@g.com","phone":"","createdAt":"2026-01-22T09:41:42.056633Z","roleId":null,"role":null,"alarmEvents":[],"sentPartRequests":[],"receivedPartRequests":[],"sentShiftTransfers":[],"receivedShiftTransfers":[]},{"id":1,"login":"admin","encryptedPassword":"$2a$11$ZGjds28uWmV3nMtOXjG/2.DEfM6eTVKbFAY7.eis/4GA3POEjxX/i","name":"Админ","surname":"Системный","email":"admin@example.com","phone":"+71234567890","createdAt":"2026-01-22T09:33:33.991733Z","roleId":null,"role":null,"alarmEvents":[],"sentPartRequests":[],"receivedPartRequests":[],"sentShiftTransfers":[],"receivedShiftTransfers":[]}]
=======================================================

=======================================================
Timestamp: 2026-01-22T10:34:28.5216304Z
Method: GET
URL: /api/Roles
Status: 200
Duration: 530 ms
UserId: 
Client IP: ::1
User-Agent: 
Controller: Roles, Action: GetAll
Response Body: []
=======================================================

=======================================================
Timestamp: 2026-01-22T10:34:43.7481140Z
Method: GET
URL: /api/users
Status: 200
Duration: 48 ms
UserId: 
Client IP: ::1
User-Agent: 
Controller: Users, Action: GetAll
Response Body: [{"id":2,"login":"adam","encryptedPassword":"5252","name":"adam","surname":"first","email":"g@g.com","phone":"","createdAt":"2026-01-22T09:41:42.056633Z","roleId":null,"role":null,"alarmEvents":[],"sentPartRequests":[],"receivedPartRequests":[],"sentShiftTransfers":[],"receivedShiftTransfers":[]},{"id":1,"login":"admin","encryptedPassword":"$2a$11$ZGjds28uWmV3nMtOXjG/2.DEfM6eTVKbFAY7.eis/4GA3POEjxX/i","name":"Админ","surname":"Системный","email":"admin@example.com","phone":"+71234567890","createdAt":"2026-01-22T09:33:33.991733Z","roleId":null,"role":null,"alarmEvents":[],"sentPartRequests":[],"receivedPartRequests":[],"sentShiftTransfers":[],"receivedShiftTransfers":[]}]
=======================================================

=======================================================
Timestamp: 2026-01-22T10:34:43.8616777Z
Method: GET
URL: /api/Roles
Status: 200
Duration: 62 ms
UserId: 
Client IP: ::1
User-Agent: 
Controller: Roles, Action: GetAll
Response Body: []
=======================================================

=======================================================
Timestamp: 2026-01-22T10:34:43.8742371Z
Method: GET
URL: /api/users
Status: 200
Duration: 5 ms
UserId: 
Client IP: ::1
User-Agent: 
Controller: Users, Action: GetAll
Response Body: [{"id":2,"login":"adam","encryptedPassword":"5252","name":"adam","surname":"first","email":"g@g.com","phone":"","createdAt":"2026-01-22T09:41:42.056633Z","roleId":null,"role":null,"alarmEvents":[],"sentPartRequests":[],"receivedPartRequests":[],"sentShiftTransfers":[],"receivedShiftTransfers":[]},{"id":1,"login":"admin","encryptedPassword":"$2a$11$ZGjds28uWmV3nMtOXjG/2.DEfM6eTVKbFAY7.eis/4GA3POEjxX/i","name":"Админ","surname":"Системный","email":"admin@example.com","phone":"+71234567890","createdAt":"2026-01-22T09:33:33.991733Z","roleId":null,"role":null,"alarmEvents":[],"sentPartRequests":[],"receivedPartRequests":[],"sentShiftTransfers":[],"receivedShiftTransfers":[]}]
=======================================================

=======================================================
Timestamp: 2026-01-22T10:34:44.9240885Z
Method: POST
URL: /api/users
Status: 500
Duration: 642 ms
UserId: 
Client IP: ::1
User-Agent: 
Response Body: Error: No authenticationScheme was specified, and there was no DefaultForbidScheme found. The default schemes can be set using either AddAuthentication(string defaultScheme) or AddAuthentication(Action<AuthenticationOptions> configureOptions).
=======================================================

=======================================================
Timestamp: 2026-01-22T10:34:53.7910941Z
Method: GET
URL: /hubs/notifications?id=KsePQljXM7pm1DAchJOPbA
Status: 101
Duration: 121625 ms
UserId: 
Client IP: ::1
User-Agent: Microsoft SignalR/8.0 (8.0.0+3f1acb59718cadf111a0a796681e3d3509bb3381; Windows NT; .NET; .NET 8.0.22)
=======================================================

=======================================================
Timestamp: 2026-01-22T10:35:01.7595932Z
Method: GET
URL: /api/users
Status: 200
Duration: 34 ms
UserId: 
Client IP: ::1
User-Agent: 
Controller: Users, Action: GetAll
Response Body: [{"id":2,"login":"adam","encryptedPassword":"5252","name":"adam","surname":"first","email":"g@g.com","phone":"","createdAt":"2026-01-22T09:41:42.056633Z","roleId":null,"role":null,"alarmEvents":[],"sentPartRequests":[],"receivedPartRequests":[],"sentShiftTransfers":[],"receivedShiftTransfers":[]},{"id":1,"login":"admin","encryptedPassword":"$2a$11$ZGjds28uWmV3nMtOXjG/2.DEfM6eTVKbFAY7.eis/4GA3POEjxX/i","name":"Админ","surname":"Системный","email":"admin@example.com","phone":"+71234567890","createdAt":"2026-01-22T09:33:33.991733Z","roleId":null,"role":null,"alarmEvents":[],"sentPartRequests":[],"receivedPartRequests":[],"sentShiftTransfers":[],"receivedShiftTransfers":[]}]
=======================================================

=======================================================
Timestamp: 2026-01-22T10:35:05.4122025Z
Method: GET
URL: /api/users
Status: 200
Duration: 6 ms
UserId: 
Client IP: ::1
User-Agent: 
Controller: Users, Action: GetAll
Response Body: [{"id":2,"login":"adam","encryptedPassword":"5252","name":"adam","surname":"first","email":"g@g.com","phone":"","createdAt":"2026-01-22T09:41:42.056633Z","roleId":null,"role":null,"alarmEvents":[],"sentPartRequests":[],"receivedPartRequests":[],"sentShiftTransfers":[],"receivedShiftTransfers":[]},{"id":1,"login":"admin","encryptedPassword":"$2a$11$ZGjds28uWmV3nMtOXjG/2.DEfM6eTVKbFAY7.eis/4GA3POEjxX/i","name":"Админ","surname":"Системный","email":"admin@example.com","phone":"+71234567890","createdAt":"2026-01-22T09:33:33.991733Z","roleId":null,"role":null,"alarmEvents":[],"sentPartRequests":[],"receivedPartRequests":[],"sentShiftTransfers":[],"receivedShiftTransfers":[]}]
=======================================================

=======================================================
Timestamp: 2026-01-22T10:35:05.4260367Z
Method: GET
URL: /api/users
Status: 200
Duration: 12 ms
UserId: 
Client IP: ::1
User-Agent: 
Controller: Users, Action: GetAll
Response Body: [{"id":2,"login":"adam","encryptedPassword":"5252","name":"adam","surname":"first","email":"g@g.com","phone":"","createdAt":"2026-01-22T09:41:42.056633Z","roleId":null,"role":null,"alarmEvents":[],"sentPartRequests":[],"receivedPartRequests":[],"sentShiftTransfers":[],"receivedShiftTransfers":[]},{"id":1,"login":"admin","encryptedPassword":"$2a$11$ZGjds28uWmV3nMtOXjG/2.DEfM6eTVKbFAY7.eis/4GA3POEjxX/i","name":"Админ","surname":"Системный","email":"admin@example.com","phone":"+71234567890","createdAt":"2026-01-22T09:33:33.991733Z","roleId":null,"role":null,"alarmEvents":[],"sentPartRequests":[],"receivedPartRequests":[],"sentShiftTransfers":[],"receivedShiftTransfers":[]}]
=======================================================

=======================================================
Timestamp: 2026-01-22T10:35:05.7423400Z
Method: GET
URL: /api/users
Status: 200
Duration: 117 ms
UserId: 
Client IP: ::1
User-Agent: 
Controller: Users, Action: GetAll
Response Body: [{"id":2,"login":"adam","encryptedPassword":"5252","name":"adam","surname":"first","email":"g@g.com","phone":"","createdAt":"2026-01-22T09:41:42.056633Z","roleId":null,"role":null,"alarmEvents":[],"sentPartRequests":[],"receivedPartRequests":[],"sentShiftTransfers":[],"receivedShiftTransfers":[]},{"id":1,"login":"admin","encryptedPassword":"$2a$11$ZGjds28uWmV3nMtOXjG/2.DEfM6eTVKbFAY7.eis/4GA3POEjxX/i","name":"Админ","surname":"Системный","email":"admin@example.com","phone":"+71234567890","createdAt":"2026-01-22T09:33:33.991733Z","roleId":null,"role":null,"alarmEvents":[],"sentPartRequests":[],"receivedPartRequests":[],"sentShiftTransfers":[],"receivedShiftTransfers":[]}]
=======================================================

=======================================================
Timestamp: 2026-01-22T10:35:05.7442657Z
Method: GET
URL: /api/Roles
Status: 200
Duration: 278 ms
UserId: 
Client IP: ::1
User-Agent: 
Controller: Roles, Action: GetAll
Response Body: []
=======================================================

=======================================================
Timestamp: 2026-01-22T10:35:25.2573879Z
Method: GET
URL: /api/Roles
Status: 200
Duration: 16 ms
UserId: 
Client IP: ::1
User-Agent: 
Controller: Roles, Action: GetAll
Response Body: []
=======================================================

=======================================================
Timestamp: 2026-01-22T10:35:25.2735011Z
Method: GET
URL: /api/users
Status: 200
Duration: 18 ms
UserId: 
Client IP: ::1
User-Agent: 
Controller: Users, Action: GetAll
Response Body: [{"id":2,"login":"adam","encryptedPassword":"5252","name":"adam","surname":"first","email":"g@g.com","phone":"","createdAt":"2026-01-22T09:41:42.056633Z","roleId":null,"role":null,"alarmEvents":[],"sentPartRequests":[],"receivedPartRequests":[],"sentShiftTransfers":[],"receivedShiftTransfers":[]},{"id":1,"login":"admin","encryptedPassword":"$2a$11$ZGjds28uWmV3nMtOXjG/2.DEfM6eTVKbFAY7.eis/4GA3POEjxX/i","name":"Админ","surname":"Системный","email":"admin@example.com","phone":"+71234567890","createdAt":"2026-01-22T09:33:33.991733Z","roleId":null,"role":null,"alarmEvents":[],"sentPartRequests":[],"receivedPartRequests":[],"sentShiftTransfers":[],"receivedShiftTransfers":[]}]
=======================================================

=======================================================
Timestamp: 2026-01-22T10:35:25.3758739Z
Method: GET
URL: /api/users
Status: 200
Duration: 19 ms
UserId: 
Client IP: ::1
User-Agent: 
Controller: Users, Action: GetAll
Response Body: [{"id":2,"login":"adam","encryptedPassword":"5252","name":"adam","surname":"first","email":"g@g.com","phone":"","createdAt":"2026-01-22T09:41:42.056633Z","roleId":null,"role":null,"alarmEvents":[],"sentPartRequests":[],"receivedPartRequests":[],"sentShiftTransfers":[],"receivedShiftTransfers":[]},{"id":1,"login":"admin","encryptedPassword":"$2a$11$ZGjds28uWmV3nMtOXjG/2.DEfM6eTVKbFAY7.eis/4GA3POEjxX/i","name":"Админ","surname":"Системный","email":"admin@example.com","phone":"+71234567890","createdAt":"2026-01-22T09:33:33.991733Z","roleId":null,"role":null,"alarmEvents":[],"sentPartRequests":[],"receivedPartRequests":[],"sentShiftTransfers":[],"receivedShiftTransfers":[]}]
=======================================================

=======================================================
Timestamp: 2026-01-22T10:35:25.9335388Z
Method: POST
URL: /api/users
Status: 201
Duration: 662 ms
UserId: 
Client IP: ::1
User-Agent: 
Controller: Users, Action: CreateUser
Response Body: {"message":"User created successfully","user":{"id":3,"login":"eva","encryptedPassword":"$2a$11$T.eQ0YVgg8mboQnAyxJ9oe0jV9ExQksk6C4SauFo4mH3P.YcSP8hC","name":"Eva","surname":"EvaEva","email":"eva@eva.com","phone":"","createdAt":"2026-01-22T10:35:25.8940863Z","roleId":null,"role":null,"alarmEvents":[],"sentPartRequests":[],"receivedPartRequests":[],"sentShiftTransfers":[],"receivedShiftTransfers":[]}}
=======================================================

=======================================================
Timestamp: 2026-01-22T10:35:25.9425804Z
Method: GET
URL: /api/users
Status: 200
Duration: 13 ms
UserId: 
Client IP: ::1
User-Agent: 
Controller: Users, Action: GetAll
Response Body: [{"id":3,"login":"eva","encryptedPassword":"$2a$11$T.eQ0YVgg8mboQnAyxJ9oe0jV9ExQksk6C4SauFo4mH3P.YcSP8hC","name":"Eva","surname":"EvaEva","email":"eva@eva.com","phone":"","createdAt":"2026-01-22T10:35:25.894086Z","roleId":null,"role":null,"alarmEvents":[],"sentPartRequests":[],"receivedPartRequests":[],"sentShiftTransfers":[],"receivedShiftTransfers":[]},{"id":2,"login":"adam","encryptedPassword":"5252","name":"adam","surname":"first","email":"g@g.com","phone":"","createdAt":"2026-01-22T09:41:42.056633Z","roleId":null,"role":null,"alarmEvents":[],"sentPartRequests":[],"receivedPartRequests":[],"sentShiftTransfers":[],"receivedShiftTransfers":[]},{"id":1,"login":"admin","encryptedPassword":"$2a$11$ZGjds28uWmV3nMtOXjG/2.DEfM6eTVKbFAY7.eis/4GA3POEjxX/i","name":"Админ","surname":"Системный","email":"admin@example.com","phone":"+71234567890","createdAt":"2026-01-22T09:33:33.991733Z","roleId":null,"role":null,"alarmEvents":[],"sentPartRequests":[],"receivedPartRequests":[],"sentShiftTransfers":[],"receivedShiftTransfers":[]}]
=======================================================

=======================================================
Timestamp: 2026-01-22T10:51:02.9493577Z
Method: GET
URL: /api/users
Status: 200
Duration: 194 ms
UserId: 
Client IP: ::ffff:192.168.1.118
User-Agent: Dalvik/2.1.0 (Linux; U; Android 12; CTR-L91 Build/HUAWEICTR-L91)
Controller: Users, Action: GetAll
Response Body: [{"id":3,"login":"eva","encryptedPassword":"67","name":"Eva","surname":"EvaEva","email":"eva@eva.com","phone":"","createdAt":"2026-01-22T10:35:25.894086Z","roleId":null,"role":null,"alarmEvents":[],"sentPartRequests":[],"receivedPartRequests":[],"sentShiftTransfers":[],"receivedShiftTransfers":[]},{"id":2,"login":"adam","encryptedPassword":"5252","name":"adam","surname":"first","email":"g@g.com","phone":"","createdAt":"2026-01-22T09:41:42.056633Z","roleId":null,"role":null,"alarmEvents":[],"sentPartRequests":[],"receivedPartRequests":[],"sentShiftTransfers":[],"receivedShiftTransfers":[]},{"id":1,"login":"admin","encryptedPassword":"$2a$11$ZGjds28uWmV3nMtOXjG/2.DEfM6eTVKbFAY7.eis/4GA3POEjxX/i","name":"Админ","surname":"Системный","email":"admin@example.com","phone":"+71234567890","createdAt":"2026-01-22T09:33:33.991733Z","roleId":null,"role":null,"alarmEvents":[],"sentPartRequests":[],"receivedPartRequests":[],"sentShiftTransfers":[],"receivedShiftTransfers":[]}]
=======================================================

=======================================================
Timestamp: 2026-01-22T10:51:03.4799763Z
Method: GET
URL: /api/user-permissions/check?userId=3&permissionCode=Admin
Status: 404
Duration: 0 ms
UserId: 
Client IP: ::ffff:192.168.1.118
User-Agent: Dalvik/2.1.0 (Linux; U; Android 12; CTR-L91 Build/HUAWEICTR-L91)
=======================================================

=======================================================
Timestamp: 2026-01-22T10:51:03.6116459Z
Method: GET
URL: /api/user-permissions/user/3
Status: 404
Duration: 0 ms
UserId: 
Client IP: ::ffff:192.168.1.118
User-Agent: Dalvik/2.1.0 (Linux; U; Android 12; CTR-L91 Build/HUAWEICTR-L91)
=======================================================

=======================================================
Timestamp: 2026-01-22T10:51:03.9533809Z
Method: POST
URL: /hubs/notifications/negotiate?negotiateVersion=1
Status: 200
Duration: 0 ms
UserId: 
Client IP: ::ffff:192.168.1.118
User-Agent: Microsoft SignalR/8.0 (8.0.0+3f1acb59718cadf111a0a796681e3d3509bb3381; Unknown OS; .NET; .NET 8.0.22)
Response Body: {"negotiateVersion":1,"connectionId":"SlFXyXn_g0nl2K1ulB5bMg","connectionToken":"KZtJ2B9Ao9qn3AaZo2Y7Gg","availableTransports":[{"transport":"WebSockets","transferFormats":["Text","Binary"]},{"transport":"ServerSentEvents","transferFormats":["Text"]},{"transport":"LongPolling","transferFormats":["Text","Binary"]}]}
=======================================================

=======================================================
Timestamp: 2026-01-22T10:53:02.5685057Z
Method: GET
URL: /api/users
Status: 200
Duration: 38 ms
UserId: 
Client IP: ::1
User-Agent: 
Controller: Users, Action: GetAll
Response Body: [{"id":3,"login":"eva","encryptedPassword":"67","name":"Eva","surname":"EvaEva","email":"eva@eva.com","phone":"","createdAt":"2026-01-22T10:35:25.894086Z","roleId":null,"role":null,"alarmEvents":[],"sentPartRequests":[],"receivedPartRequests":[],"sentShiftTransfers":[],"receivedShiftTransfers":[]},{"id":2,"login":"adam","encryptedPassword":"5252","name":"adam","surname":"first","email":"g@g.com","phone":"","createdAt":"2026-01-22T09:41:42.056633Z","roleId":null,"role":null,"alarmEvents":[],"sentPartRequests":[],"receivedPartRequests":[],"sentShiftTransfers":[],"receivedShiftTransfers":[]},{"id":1,"login":"admin","encryptedPassword":"$2a$11$ZGjds28uWmV3nMtOXjG/2.DEfM6eTVKbFAY7.eis/4GA3POEjxX/i","name":"Админ","surname":"Системный","email":"admin@example.com","phone":"+71234567890","createdAt":"2026-01-22T09:33:33.991733Z","roleId":null,"role":null,"alarmEvents":[],"sentPartRequests":[],"receivedPartRequests":[],"sentShiftTransfers":[],"receivedShiftTransfers":[]}]
=======================================================

=======================================================
Timestamp: 2026-01-22T10:53:02.9372123Z
Method: GET
URL: /api/user-permissions/check?userId=2&permissionCode=Admin
Status: 404
Duration: 0 ms
UserId: 
Client IP: ::1
User-Agent: 
=======================================================

=======================================================
Timestamp: 2026-01-22T10:53:03.2966407Z
Method: GET
URL: /api/user-permissions/user/2
Status: 404
Duration: 0 ms
UserId: 
Client IP: ::1
User-Agent: 
=======================================================

=======================================================
Timestamp: 2026-01-22T10:53:03.6851220Z
Method: POST
URL: /hubs/notifications/negotiate?negotiateVersion=1
Status: 200
Duration: 0 ms
UserId: 
Client IP: ::1
User-Agent: Microsoft SignalR/8.0 (8.0.0+3f1acb59718cadf111a0a796681e3d3509bb3381; Windows NT; .NET; .NET 8.0.22)
Response Body: {"negotiateVersion":1,"connectionId":"45E43QoNAkUZtF9v5owxbQ","connectionToken":"TRYIisQFNKRvVEjBuw92UQ","availableTransports":[{"transport":"WebSockets","transferFormats":["Text","Binary"]},{"transport":"ServerSentEvents","transferFormats":["Text"]},{"transport":"LongPolling","transferFormats":["Text","Binary"]}]}
=======================================================

=======================================================
Timestamp: 2026-01-22T10:53:11.9372706Z
Method: POST
URL: /api/AlarmEvents
Status: 201
Duration: 215 ms
UserId: 
Client IP: ::1
User-Agent: 
Controller: AlarmEvents, Action: CreateAlarmEvent
Response Body: {"message":"AlarmEvent created successfully","alarmEvent":{"id":2,"userId":2,"createdAt":"2026-01-22T10:53:11.72531Z","message":"буц","location":"бам"}}
=======================================================

=======================================================
Timestamp: 2026-01-22T10:53:27.7988049Z
Method: POST
URL: /api/AlarmEvents
Status: 201
Duration: 51 ms
UserId: 
Client IP: ::1
User-Agent: 
Controller: AlarmEvents, Action: CreateAlarmEvent
Response Body: {"message":"AlarmEvent created successfully","alarmEvent":{"id":3,"userId":2,"createdAt":"2026-01-22T10:53:27.7469674Z","message":"буц","location":"бам"}}
=======================================================

=======================================================
Timestamp: 2026-01-22T10:53:43.7619306Z
Method: POST
URL: /api/AlarmEvents
Status: 201
Duration: 59 ms
UserId: 
Client IP: ::ffff:192.168.1.118
User-Agent: Dalvik/2.1.0 (Linux; U; Android 12; CTR-L91 Build/HUAWEICTR-L91)
Controller: AlarmEvents, Action: CreateAlarmEvent
Response Body: {"message":"AlarmEvent created successfully","alarmEvent":{"id":4,"userId":3,"createdAt":"2026-01-22T10:53:43.6560392Z","message":"буц","location":"бам"}}
=======================================================

=======================================================
Timestamp: 2026-01-22T11:02:31.7527658Z
Method: POST
URL: /hubs/notifications/negotiate?negotiateVersion=1
Status: 200
Duration: 13 ms
UserId: 
Client IP: ::ffff:192.168.1.118
User-Agent: Microsoft SignalR/8.0 (8.0.0+3f1acb59718cadf111a0a796681e3d3509bb3381; Unknown OS; .NET; .NET 8.0.22)
Response Body: {"negotiateVersion":1,"connectionId":"mdJhU6szGHjtRlyBIkFY4Q","connectionToken":"pJ_GDcKDc9FOKLlrACzmOg","availableTransports":[{"transport":"WebSockets","transferFormats":["Text","Binary"]},{"transport":"ServerSentEvents","transferFormats":["Text"]},{"transport":"LongPolling","transferFormats":["Text","Binary"]}]}
=======================================================

=======================================================
Timestamp: 2026-01-22T11:02:51.4566596Z
Method: GET
URL: /api/users
Status: 200
Duration: 587 ms
UserId: 
Client IP: ::1
User-Agent: 
Controller: Users, Action: GetAll
Response Body: [{"id":3,"login":"eva","encryptedPassword":"67","name":"Eva","surname":"EvaEva","email":"eva@eva.com","phone":"","createdAt":"2026-01-22T10:35:25.894086Z","roleId":null,"role":null,"alarmEvents":[],"sentPartRequests":[],"receivedPartRequests":[],"sentShiftTransfers":[],"receivedShiftTransfers":[]},{"id":2,"login":"adam","encryptedPassword":"5252","name":"adam","surname":"first","email":"g@g.com","phone":"","createdAt":"2026-01-22T09:41:42.056633Z","roleId":null,"role":null,"alarmEvents":[],"sentPartRequests":[],"receivedPartRequests":[],"sentShiftTransfers":[],"receivedShiftTransfers":[]},{"id":1,"login":"admin","encryptedPassword":"$2a$11$ZGjds28uWmV3nMtOXjG/2.DEfM6eTVKbFAY7.eis/4GA3POEjxX/i","name":"Админ","surname":"Системный","email":"admin@example.com","phone":"+71234567890","createdAt":"2026-01-22T09:33:33.991733Z","roleId":null,"role":null,"alarmEvents":[],"sentPartRequests":[],"receivedPartRequests":[],"sentShiftTransfers":[],"receivedShiftTransfers":[]}]
=======================================================

=======================================================
Timestamp: 2026-01-22T11:02:59.3525354Z
Method: GET
URL: /api/users
Status: 200
Duration: 8 ms
UserId: 
Client IP: ::1
User-Agent: 
Controller: Users, Action: GetAll
Response Body: [{"id":3,"login":"eva","encryptedPassword":"67","name":"Eva","surname":"EvaEva","email":"eva@eva.com","phone":"","createdAt":"2026-01-22T10:35:25.894086Z","roleId":null,"role":null,"alarmEvents":[],"sentPartRequests":[],"receivedPartRequests":[],"sentShiftTransfers":[],"receivedShiftTransfers":[]},{"id":2,"login":"adam","encryptedPassword":"5252","name":"adam","surname":"first","email":"g@g.com","phone":"","createdAt":"2026-01-22T09:41:42.056633Z","roleId":null,"role":null,"alarmEvents":[],"sentPartRequests":[],"receivedPartRequests":[],"sentShiftTransfers":[],"receivedShiftTransfers":[]},{"id":1,"login":"admin","encryptedPassword":"$2a$11$ZGjds28uWmV3nMtOXjG/2.DEfM6eTVKbFAY7.eis/4GA3POEjxX/i","name":"Админ","surname":"Системный","email":"admin@example.com","phone":"+71234567890","createdAt":"2026-01-22T09:33:33.991733Z","roleId":null,"role":null,"alarmEvents":[],"sentPartRequests":[],"receivedPartRequests":[],"sentShiftTransfers":[],"receivedShiftTransfers":[]}]
=======================================================

=======================================================
Timestamp: 2026-01-22T11:03:23.0641496Z
Method: GET
URL: /api/users
Status: 200
Duration: 4 ms
UserId: 
Client IP: ::1
User-Agent: 
Controller: Users, Action: GetAll
Response Body: [{"id":3,"login":"eva","encryptedPassword":"67","name":"Eva","surname":"EvaEva","email":"eva@eva.com","phone":"","createdAt":"2026-01-22T10:35:25.894086Z","roleId":null,"role":null,"alarmEvents":[],"sentPartRequests":[],"receivedPartRequests":[],"sentShiftTransfers":[],"receivedShiftTransfers":[]},{"id":2,"login":"adam","encryptedPassword":"5252","name":"adam","surname":"first","email":"g@g.com","phone":"","createdAt":"2026-01-22T09:41:42.056633Z","roleId":null,"role":null,"alarmEvents":[],"sentPartRequests":[],"receivedPartRequests":[],"sentShiftTransfers":[],"receivedShiftTransfers":[]},{"id":1,"login":"admin","encryptedPassword":"$2a$11$ZGjds28uWmV3nMtOXjG/2.DEfM6eTVKbFAY7.eis/4GA3POEjxX/i","name":"Админ","surname":"Системный","email":"admin@example.com","phone":"+71234567890","createdAt":"2026-01-22T09:33:33.991733Z","roleId":null,"role":null,"alarmEvents":[],"sentPartRequests":[],"receivedPartRequests":[],"sentShiftTransfers":[],"receivedShiftTransfers":[]}]
=======================================================

=======================================================
Timestamp: 2026-01-22T11:03:23.2031423Z
Method: GET
URL: /api/users
Status: 200
Duration: 9 ms
UserId: 
Client IP: ::1
User-Agent: 
Controller: Users, Action: GetAll
Response Body: [{"id":3,"login":"eva","encryptedPassword":"67","name":"Eva","surname":"EvaEva","email":"eva@eva.com","phone":"","createdAt":"2026-01-22T10:35:25.894086Z","roleId":null,"role":null,"alarmEvents":[],"sentPartRequests":[],"receivedPartRequests":[],"sentShiftTransfers":[],"receivedShiftTransfers":[]},{"id":2,"login":"adam","encryptedPassword":"5252","name":"adam","surname":"first","email":"g@g.com","phone":"","createdAt":"2026-01-22T09:41:42.056633Z","roleId":null,"role":null,"alarmEvents":[],"sentPartRequests":[],"receivedPartRequests":[],"sentShiftTransfers":[],"receivedShiftTransfers":[]},{"id":1,"login":"admin","encryptedPassword":"$2a$11$ZGjds28uWmV3nMtOXjG/2.DEfM6eTVKbFAY7.eis/4GA3POEjxX/i","name":"Админ","surname":"Системный","email":"admin@example.com","phone":"+71234567890","createdAt":"2026-01-22T09:33:33.991733Z","roleId":null,"role":null,"alarmEvents":[],"sentPartRequests":[],"receivedPartRequests":[],"sentShiftTransfers":[],"receivedShiftTransfers":[]}]
=======================================================

=======================================================
Timestamp: 2026-01-22T11:03:23.2966610Z
Method: GET
URL: /api/users
Status: 200
Duration: 2 ms
UserId: 
Client IP: ::1
User-Agent: 
Controller: Users, Action: GetAll
Response Body: [{"id":3,"login":"eva","encryptedPassword":"67","name":"Eva","surname":"EvaEva","email":"eva@eva.com","phone":"","createdAt":"2026-01-22T10:35:25.894086Z","roleId":null,"role":null,"alarmEvents":[],"sentPartRequests":[],"receivedPartRequests":[],"sentShiftTransfers":[],"receivedShiftTransfers":[]},{"id":2,"login":"adam","encryptedPassword":"5252","name":"adam","surname":"first","email":"g@g.com","phone":"","createdAt":"2026-01-22T09:41:42.056633Z","roleId":null,"role":null,"alarmEvents":[],"sentPartRequests":[],"receivedPartRequests":[],"sentShiftTransfers":[],"receivedShiftTransfers":[]},{"id":1,"login":"admin","encryptedPassword":"$2a$11$ZGjds28uWmV3nMtOXjG/2.DEfM6eTVKbFAY7.eis/4GA3POEjxX/i","name":"Админ","surname":"Системный","email":"admin@example.com","phone":"+71234567890","createdAt":"2026-01-22T09:33:33.991733Z","roleId":null,"role":null,"alarmEvents":[],"sentPartRequests":[],"receivedPartRequests":[],"sentShiftTransfers":[],"receivedShiftTransfers":[]}]
=======================================================

=======================================================
Timestamp: 2026-01-22T11:03:23.3772026Z
Method: GET
URL: /api/Roles
Status: 200
Duration: 42 ms
UserId: 
Client IP: ::1
User-Agent: 
Controller: Roles, Action: GetAll
Response Body: []
=======================================================

=======================================================
Timestamp: 2026-01-22T11:03:58.5341643Z
Method: GET
URL: /api/users
Status: 200
Duration: 3 ms
UserId: 
Client IP: ::1
User-Agent: 
Controller: Users, Action: GetAll
Response Body: [{"id":3,"login":"eva","encryptedPassword":"67","name":"Eva","surname":"EvaEva","email":"eva@eva.com","phone":"","createdAt":"2026-01-22T10:35:25.894086Z","roleId":null,"role":null,"alarmEvents":[],"sentPartRequests":[],"receivedPartRequests":[],"sentShiftTransfers":[],"receivedShiftTransfers":[]},{"id":2,"login":"adam","encryptedPassword":"5252","name":"adam","surname":"first","email":"g@g.com","phone":"","createdAt":"2026-01-22T09:41:42.056633Z","roleId":null,"role":null,"alarmEvents":[],"sentPartRequests":[],"receivedPartRequests":[],"sentShiftTransfers":[],"receivedShiftTransfers":[]},{"id":1,"login":"admin","encryptedPassword":"$2a$11$ZGjds28uWmV3nMtOXjG/2.DEfM6eTVKbFAY7.eis/4GA3POEjxX/i","name":"Админ","surname":"Системный","email":"admin@example.com","phone":"+71234567890","createdAt":"2026-01-22T09:33:33.991733Z","roleId":null,"role":null,"alarmEvents":[],"sentPartRequests":[],"receivedPartRequests":[],"sentShiftTransfers":[],"receivedShiftTransfers":[]}]
=======================================================

=======================================================
Timestamp: 2026-01-22T11:03:58.5420728Z
Method: GET
URL: /api/Roles
Status: 200
Duration: 12 ms
UserId: 
Client IP: ::1
User-Agent: 
Controller: Roles, Action: GetAll
Response Body: []
=======================================================

=======================================================
Timestamp: 2026-01-22T11:03:58.6227498Z
Method: GET
URL: /api/users
Status: 200
Duration: 2 ms
UserId: 
Client IP: ::1
User-Agent: 
Controller: Users, Action: GetAll
Response Body: [{"id":3,"login":"eva","encryptedPassword":"67","name":"Eva","surname":"EvaEva","email":"eva@eva.com","phone":"","createdAt":"2026-01-22T10:35:25.894086Z","roleId":null,"role":null,"alarmEvents":[],"sentPartRequests":[],"receivedPartRequests":[],"sentShiftTransfers":[],"receivedShiftTransfers":[]},{"id":2,"login":"adam","encryptedPassword":"5252","name":"adam","surname":"first","email":"g@g.com","phone":"","createdAt":"2026-01-22T09:41:42.056633Z","roleId":null,"role":null,"alarmEvents":[],"sentPartRequests":[],"receivedPartRequests":[],"sentShiftTransfers":[],"receivedShiftTransfers":[]},{"id":1,"login":"admin","encryptedPassword":"$2a$11$ZGjds28uWmV3nMtOXjG/2.DEfM6eTVKbFAY7.eis/4GA3POEjxX/i","name":"Админ","surname":"Системный","email":"admin@example.com","phone":"+71234567890","createdAt":"2026-01-22T09:33:33.991733Z","roleId":null,"role":null,"alarmEvents":[],"sentPartRequests":[],"receivedPartRequests":[],"sentShiftTransfers":[],"receivedShiftTransfers":[]}]
=======================================================

=======================================================
Timestamp: 2026-01-22T11:03:59.7911770Z
Method: POST
URL: /api/users
Status: 201
Duration: 1156 ms
UserId: 
Client IP: ::1
User-Agent: 
Controller: Users, Action: CreateUser
Response Body: {"message":"User created successfully","user":{"id":4,"login":"thegod","encryptedPassword":"$2a$11$jYtH5BYhNSe4TMLxEu74teptn8J1rASxqHbQrtuVSq08KMlcXNXJy","name":"Бог","surname":"Один","email":"d@d.com","phone":"","createdAt":"2026-01-22T11:03:59.5516348Z","roleId":null,"role":null,"alarmEvents":[],"sentPartRequests":[],"receivedPartRequests":[],"sentShiftTransfers":[],"receivedShiftTransfers":[]}}
=======================================================

=======================================================
Timestamp: 2026-01-22T11:03:59.8809998Z
Method: GET
URL: /api/users
Status: 200
Duration: 1 ms
UserId: 
Client IP: ::1
User-Agent: 
Controller: Users, Action: GetAll
Response Body: [{"id":4,"login":"thegod","encryptedPassword":"$2a$11$jYtH5BYhNSe4TMLxEu74teptn8J1rASxqHbQrtuVSq08KMlcXNXJy","name":"Бог","surname":"Один","email":"d@d.com","phone":"","createdAt":"2026-01-22T11:03:59.551634Z","roleId":null,"role":null,"alarmEvents":[],"sentPartRequests":[],"receivedPartRequests":[],"sentShiftTransfers":[],"receivedShiftTransfers":[]},{"id":3,"login":"eva","encryptedPassword":"67","name":"Eva","surname":"EvaEva","email":"eva@eva.com","phone":"","createdAt":"2026-01-22T10:35:25.894086Z","roleId":null,"role":null,"alarmEvents":[],"sentPartRequests":[],"receivedPartRequests":[],"sentShiftTransfers":[],"receivedShiftTransfers":[]},{"id":2,"login":"adam","encryptedPassword":"5252","name":"adam","surname":"first","email":"g@g.com","phone":"","createdAt":"2026-01-22T09:41:42.056633Z","roleId":null,"role":null,"alarmEvents":[],"sentPartRequests":[],"receivedPartRequests":[],"sentShiftTransfers":[],"receivedShiftTransfers":[]},{"id":1,"login":"admin","encryptedPassword":"$2a$11$ZGjds28uWmV3nMtOXjG/2.DEfM6eTVKbFAY7.eis/4GA3POEjxX/i","name":"Админ","surname":"Системный","email":"admin@example.com","phone":"+71234567890","createdAt":"2026-01-22T09:33:33.991733Z","roleId":null,"role":null,"alarmEvents":[],"sentPartRequests":[],"receivedPartRequests":[],"sentShiftTransfers":[],"receivedShiftTransfers":[]}]
=======================================================

=======================================================
Timestamp: 2026-01-22T11:04:00.0897700Z
Method: GET
URL: /api/users
Status: 200
Duration: 3 ms
UserId: 
Client IP: ::1
User-Agent: 
Controller: Users, Action: GetAll
Response Body: [{"id":4,"login":"thegod","encryptedPassword":"$2a$11$jYtH5BYhNSe4TMLxEu74teptn8J1rASxqHbQrtuVSq08KMlcXNXJy","name":"Бог","surname":"Один","email":"d@d.com","phone":"","createdAt":"2026-01-22T11:03:59.551634Z","roleId":null,"role":null,"alarmEvents":[],"sentPartRequests":[],"receivedPartRequests":[],"sentShiftTransfers":[],"receivedShiftTransfers":[]},{"id":3,"login":"eva","encryptedPassword":"67","name":"Eva","surname":"EvaEva","email":"eva@eva.com","phone":"","createdAt":"2026-01-22T10:35:25.894086Z","roleId":null,"role":null,"alarmEvents":[],"sentPartRequests":[],"receivedPartRequests":[],"sentShiftTransfers":[],"receivedShiftTransfers":[]},{"id":2,"login":"adam","encryptedPassword":"5252","name":"adam","surname":"first","email":"g@g.com","phone":"","createdAt":"2026-01-22T09:41:42.056633Z","roleId":null,"role":null,"alarmEvents":[],"sentPartRequests":[],"receivedPartRequests":[],"sentShiftTransfers":[],"receivedShiftTransfers":[]},{"id":1,"login":"admin","encryptedPassword":"$2a$11$ZGjds28uWmV3nMtOXjG/2.DEfM6eTVKbFAY7.eis/4GA3POEjxX/i","name":"Админ","surname":"Системный","email":"admin@example.com","phone":"+71234567890","createdAt":"2026-01-22T09:33:33.991733Z","roleId":null,"role":null,"alarmEvents":[],"sentPartRequests":[],"receivedPartRequests":[],"sentShiftTransfers":[],"receivedShiftTransfers":[]}]
=======================================================

=======================================================
Timestamp: 2026-01-22T11:04:43.2534239Z
Method: GET
URL: /api/users
Status: 200
Duration: 9 ms
UserId: 
Client IP: ::1
User-Agent: 
Controller: Users, Action: GetAll
Response Body: [{"id":4,"login":"thegod","encryptedPassword":"$2a$11$jYtH5BYhNSe4TMLxEu74teptn8J1rASxqHbQrtuVSq08KMlcXNXJy","name":"Бог","surname":"Один","email":"d@d.com","phone":"","createdAt":"2026-01-22T11:03:59.551634Z","roleId":null,"role":null,"alarmEvents":[],"sentPartRequests":[],"receivedPartRequests":[],"sentShiftTransfers":[],"receivedShiftTransfers":[]},{"id":3,"login":"eva","encryptedPassword":"67","name":"Eva","surname":"EvaEva","email":"eva@eva.com","phone":"","createdAt":"2026-01-22T10:35:25.894086Z","roleId":null,"role":null,"alarmEvents":[],"sentPartRequests":[],"receivedPartRequests":[],"sentShiftTransfers":[],"receivedShiftTransfers":[]},{"id":2,"login":"adam","encryptedPassword":"5252","name":"adam","surname":"first","email":"g@g.com","phone":"","createdAt":"2026-01-22T09:41:42.056633Z","roleId":null,"role":null,"alarmEvents":[],"sentPartRequests":[],"receivedPartRequests":[],"sentShiftTransfers":[],"receivedShiftTransfers":[]},{"id":1,"login":"admin","encryptedPassword":"$2a$11$ZGjds28uWmV3nMtOXjG/2.DEfM6eTVKbFAY7.eis/4GA3POEjxX/i","name":"Админ","surname":"Системный","email":"admin@example.com","phone":"+71234567890","createdAt":"2026-01-22T09:33:33.991733Z","roleId":null,"role":null,"alarmEvents":[],"sentPartRequests":[],"receivedPartRequests":[],"sentShiftTransfers":[],"receivedShiftTransfers":[]}]
=======================================================

=======================================================
Timestamp: 2026-01-22T11:05:17.5451275Z
Method: GET
URL: /api/users
Status: 200
Duration: 2 ms
UserId: 
Client IP: ::1
User-Agent: 
Controller: Users, Action: GetAll
Response Body: [{"id":4,"login":"thegod","encryptedPassword":"$2a$11$jYtH5BYhNSe4TMLxEu74teptn8J1rASxqHbQrtuVSq08KMlcXNXJy","name":"Бог","surname":"Один","email":"d@d.com","phone":"","createdAt":"2026-01-22T11:03:59.551634Z","roleId":null,"role":null,"alarmEvents":[],"sentPartRequests":[],"receivedPartRequests":[],"sentShiftTransfers":[],"receivedShiftTransfers":[]},{"id":3,"login":"eva","encryptedPassword":"67","name":"Eva","surname":"EvaEva","email":"eva@eva.com","phone":"","createdAt":"2026-01-22T10:35:25.894086Z","roleId":null,"role":null,"alarmEvents":[],"sentPartRequests":[],"receivedPartRequests":[],"sentShiftTransfers":[],"receivedShiftTransfers":[]},{"id":2,"login":"adam","encryptedPassword":"5252","name":"adam","surname":"first","email":"g@g.com","phone":"","createdAt":"2026-01-22T09:41:42.056633Z","roleId":null,"role":null,"alarmEvents":[],"sentPartRequests":[],"receivedPartRequests":[],"sentShiftTransfers":[],"receivedShiftTransfers":[]},{"id":1,"login":"admin","encryptedPassword":"$2a$11$ZGjds28uWmV3nMtOXjG/2.DEfM6eTVKbFAY7.eis/4GA3POEjxX/i","name":"Админ","surname":"Системный","email":"admin@example.com","phone":"+71234567890","createdAt":"2026-01-22T09:33:33.991733Z","roleId":null,"role":null,"alarmEvents":[],"sentPartRequests":[],"receivedPartRequests":[],"sentShiftTransfers":[],"receivedShiftTransfers":[]}]
=======================================================

=======================================================
Timestamp: 2026-01-22T11:05:18.8291285Z
Method: GET
URL: /api/users
Status: 200
Duration: 2 ms
UserId: 
Client IP: ::1
User-Agent: 
Controller: Users, Action: GetAll
Response Body: [{"id":4,"login":"thegod","encryptedPassword":"$2a$11$jYtH5BYhNSe4TMLxEu74teptn8J1rASxqHbQrtuVSq08KMlcXNXJy","name":"Бог","surname":"Один","email":"d@d.com","phone":"","createdAt":"2026-01-22T11:03:59.551634Z","roleId":null,"role":null,"alarmEvents":[],"sentPartRequests":[],"receivedPartRequests":[],"sentShiftTransfers":[],"receivedShiftTransfers":[]},{"id":3,"login":"eva","encryptedPassword":"67","name":"Eva","surname":"EvaEva","email":"eva@eva.com","phone":"","createdAt":"2026-01-22T10:35:25.894086Z","roleId":null,"role":null,"alarmEvents":[],"sentPartRequests":[],"receivedPartRequests":[],"sentShiftTransfers":[],"receivedShiftTransfers":[]},{"id":2,"login":"adam","encryptedPassword":"5252","name":"adam","surname":"first","email":"g@g.com","phone":"","createdAt":"2026-01-22T09:41:42.056633Z","roleId":null,"role":null,"alarmEvents":[],"sentPartRequests":[],"receivedPartRequests":[],"sentShiftTransfers":[],"receivedShiftTransfers":[]},{"id":1,"login":"admin","encryptedPassword":"$2a$11$ZGjds28uWmV3nMtOXjG/2.DEfM6eTVKbFAY7.eis/4GA3POEjxX/i","name":"Админ","surname":"Системный","email":"admin@example.com","phone":"+71234567890","createdAt":"2026-01-22T09:33:33.991733Z","roleId":null,"role":null,"alarmEvents":[],"sentPartRequests":[],"receivedPartRequests":[],"sentShiftTransfers":[],"receivedShiftTransfers":[]}]
=======================================================

=======================================================
Timestamp: 2026-01-22T11:05:18.8442846Z
Method: GET
URL: /api/users
Status: 200
Duration: 8 ms
UserId: 
Client IP: ::1
User-Agent: 
Controller: Users, Action: GetAll
Response Body: [{"id":4,"login":"thegod","encryptedPassword":"$2a$11$jYtH5BYhNSe4TMLxEu74teptn8J1rASxqHbQrtuVSq08KMlcXNXJy","name":"Бог","surname":"Один","email":"d@d.com","phone":"","createdAt":"2026-01-22T11:03:59.551634Z","roleId":null,"role":null,"alarmEvents":[],"sentPartRequests":[],"receivedPartRequests":[],"sentShiftTransfers":[],"receivedShiftTransfers":[]},{"id":3,"login":"eva","encryptedPassword":"67","name":"Eva","surname":"EvaEva","email":"eva@eva.com","phone":"","createdAt":"2026-01-22T10:35:25.894086Z","roleId":null,"role":null,"alarmEvents":[],"sentPartRequests":[],"receivedPartRequests":[],"sentShiftTransfers":[],"receivedShiftTransfers":[]},{"id":2,"login":"adam","encryptedPassword":"5252","name":"adam","surname":"first","email":"g@g.com","phone":"","createdAt":"2026-01-22T09:41:42.056633Z","roleId":null,"role":null,"alarmEvents":[],"sentPartRequests":[],"receivedPartRequests":[],"sentShiftTransfers":[],"receivedShiftTransfers":[]},{"id":1,"login":"admin","encryptedPassword":"$2a$11$ZGjds28uWmV3nMtOXjG/2.DEfM6eTVKbFAY7.eis/4GA3POEjxX/i","name":"Админ","surname":"Системный","email":"admin@example.com","phone":"+71234567890","createdAt":"2026-01-22T09:33:33.991733Z","roleId":null,"role":null,"alarmEvents":[],"sentPartRequests":[],"receivedPartRequests":[],"sentShiftTransfers":[],"receivedShiftTransfers":[]}]
=======================================================

=======================================================
Timestamp: 2026-01-22T11:05:18.9304862Z
Method: GET
URL: /api/users
Status: 200
Duration: 1 ms
UserId: 
Client IP: ::1
User-Agent: 
Controller: Users, Action: GetAll
Response Body: [{"id":4,"login":"thegod","encryptedPassword":"$2a$11$jYtH5BYhNSe4TMLxEu74teptn8J1rASxqHbQrtuVSq08KMlcXNXJy","name":"Бог","surname":"Один","email":"d@d.com","phone":"","createdAt":"2026-01-22T11:03:59.551634Z","roleId":null,"role":null,"alarmEvents":[],"sentPartRequests":[],"receivedPartRequests":[],"sentShiftTransfers":[],"receivedShiftTransfers":[]},{"id":3,"login":"eva","encryptedPassword":"67","name":"Eva","surname":"EvaEva","email":"eva@eva.com","phone":"","createdAt":"2026-01-22T10:35:25.894086Z","roleId":null,"role":null,"alarmEvents":[],"sentPartRequests":[],"receivedPartRequests":[],"sentShiftTransfers":[],"receivedShiftTransfers":[]},{"id":2,"login":"adam","encryptedPassword":"5252","name":"adam","surname":"first","email":"g@g.com","phone":"","createdAt":"2026-01-22T09:41:42.056633Z","roleId":null,"role":null,"alarmEvents":[],"sentPartRequests":[],"receivedPartRequests":[],"sentShiftTransfers":[],"receivedShiftTransfers":[]},{"id":1,"login":"admin","encryptedPassword":"$2a$11$ZGjds28uWmV3nMtOXjG/2.DEfM6eTVKbFAY7.eis/4GA3POEjxX/i","name":"Админ","surname":"Системный","email":"admin@example.com","phone":"+71234567890","createdAt":"2026-01-22T09:33:33.991733Z","roleId":null,"role":null,"alarmEvents":[],"sentPartRequests":[],"receivedPartRequests":[],"sentShiftTransfers":[],"receivedShiftTransfers":[]}]
=======================================================

=======================================================
Timestamp: 2026-01-22T11:05:18.9391457Z
Method: GET
URL: /api/Roles
Status: 200
Duration: 1 ms
UserId: 
Client IP: ::1
User-Agent: 
Controller: Roles, Action: GetAll
Response Body: []
=======================================================

=======================================================
Timestamp: 2026-01-22T11:05:20.4265973Z
Method: GET
URL: /api/users
Status: 200
Duration: 2 ms
UserId: 
Client IP: ::1
User-Agent: 
Controller: Users, Action: GetAll
Response Body: [{"id":4,"login":"thegod","encryptedPassword":"$2a$11$jYtH5BYhNSe4TMLxEu74teptn8J1rASxqHbQrtuVSq08KMlcXNXJy","name":"Бог","surname":"Один","email":"d@d.com","phone":"","createdAt":"2026-01-22T11:03:59.551634Z","roleId":null,"role":null,"alarmEvents":[],"sentPartRequests":[],"receivedPartRequests":[],"sentShiftTransfers":[],"receivedShiftTransfers":[]},{"id":3,"login":"eva","encryptedPassword":"67","name":"Eva","surname":"EvaEva","email":"eva@eva.com","phone":"","createdAt":"2026-01-22T10:35:25.894086Z","roleId":null,"role":null,"alarmEvents":[],"sentPartRequests":[],"receivedPartRequests":[],"sentShiftTransfers":[],"receivedShiftTransfers":[]},{"id":2,"login":"adam","encryptedPassword":"5252","name":"adam","surname":"first","email":"g@g.com","phone":"","createdAt":"2026-01-22T09:41:42.056633Z","roleId":null,"role":null,"alarmEvents":[],"sentPartRequests":[],"receivedPartRequests":[],"sentShiftTransfers":[],"receivedShiftTransfers":[]},{"id":1,"login":"admin","encryptedPassword":"$2a$11$ZGjds28uWmV3nMtOXjG/2.DEfM6eTVKbFAY7.eis/4GA3POEjxX/i","name":"Админ","surname":"Системный","email":"admin@example.com","phone":"+71234567890","createdAt":"2026-01-22T09:33:33.991733Z","roleId":null,"role":null,"alarmEvents":[],"sentPartRequests":[],"receivedPartRequests":[],"sentShiftTransfers":[],"receivedShiftTransfers":[]}]
=======================================================

=======================================================
Timestamp: 2026-01-22T11:05:20.4353832Z
Method: GET
URL: /api/Roles
Status: 200
Duration: 2 ms
UserId: 
Client IP: ::1
User-Agent: 
Controller: Roles, Action: GetAll
Response Body: []
=======================================================

=======================================================
Timestamp: 2026-01-22T11:05:23.1173099Z
Method: GET
URL: /api/users
Status: 200
Duration: 3 ms
UserId: 
Client IP: ::1
User-Agent: 
Controller: Users, Action: GetAll
Response Body: [{"id":4,"login":"thegod","encryptedPassword":"$2a$11$jYtH5BYhNSe4TMLxEu74teptn8J1rASxqHbQrtuVSq08KMlcXNXJy","name":"Бог","surname":"Один","email":"d@d.com","phone":"","createdAt":"2026-01-22T11:03:59.551634Z","roleId":null,"role":null,"alarmEvents":[],"sentPartRequests":[],"receivedPartRequests":[],"sentShiftTransfers":[],"receivedShiftTransfers":[]},{"id":3,"login":"eva","encryptedPassword":"67","name":"Eva","surname":"EvaEva","email":"eva@eva.com","phone":"","createdAt":"2026-01-22T10:35:25.894086Z","roleId":null,"role":null,"alarmEvents":[],"sentPartRequests":[],"receivedPartRequests":[],"sentShiftTransfers":[],"receivedShiftTransfers":[]},{"id":2,"login":"adam","encryptedPassword":"5252","name":"adam","surname":"first","email":"g@g.com","phone":"","createdAt":"2026-01-22T09:41:42.056633Z","roleId":null,"role":null,"alarmEvents":[],"sentPartRequests":[],"receivedPartRequests":[],"sentShiftTransfers":[],"receivedShiftTransfers":[]},{"id":1,"login":"admin","encryptedPassword":"$2a$11$ZGjds28uWmV3nMtOXjG/2.DEfM6eTVKbFAY7.eis/4GA3POEjxX/i","name":"Админ","surname":"Системный","email":"admin@example.com","phone":"+71234567890","createdAt":"2026-01-22T09:33:33.991733Z","roleId":null,"role":null,"alarmEvents":[],"sentPartRequests":[],"receivedPartRequests":[],"sentShiftTransfers":[],"receivedShiftTransfers":[]}]
=======================================================

=======================================================
Timestamp: 2026-01-22T11:05:23.1182377Z
Method: GET
URL: /api/Roles
Status: 200
Duration: 2 ms
UserId: 
Client IP: ::1
User-Agent: 
Controller: Roles, Action: GetAll
Response Body: []
=======================================================

=======================================================
Timestamp: 2026-01-22T11:05:25.4075106Z
Method: GET
URL: /api/Roles
Status: 200
Duration: 5 ms
UserId: 
Client IP: ::1
User-Agent: 
Controller: Roles, Action: GetAll
Response Body: []
=======================================================

=======================================================
Timestamp: 2026-01-22T12:17:17.3531671Z
Method: POST
URL: /api/Users/authenticate
Status: 200
Duration: 221 ms
UserId: 
Client IP: ::1
User-Agent: 
Controller: Users, Action: Authenticate
Response Body: {"message":"Login successful","user":{"id":1,"login":"admin","name":"Админ","surname":"Системный","email":"admin@example.com","phone":"+71234567890","createdAt":"2026-01-22T09:33:33.991733Z","roleId":null,"role":null}}
=======================================================

=======================================================
Timestamp: 2026-01-22T12:17:23.1924314Z
Method: GET
URL: /api/users
Status: 200
Duration: 59 ms
UserId: 
Client IP: ::1
User-Agent: 
Controller: Users, Action: GetAll
Response Body: [{"id":4,"login":"thegod","encryptedPassword":"human","name":"Бог","surname":"Один","email":"d@d.com","phone":"","createdAt":"2026-01-22T11:03:59.551634Z","roleId":null,"role":null,"alarmEvents":[],"sentPartRequests":[],"receivedPartRequests":[],"sentShiftTransfers":[],"receivedShiftTransfers":[]},{"id":1,"login":"admin","encryptedPassword":"admin","name":"Админ","surname":"Системный","email":"admin@example.com","phone":"+71234567890","createdAt":"2026-01-22T09:33:33.991733Z","roleId":null,"role":null,"alarmEvents":[],"sentPartRequests":[],"receivedPartRequests":[],"sentShiftTransfers":[],"receivedShiftTransfers":[]},{"id":3,"login":"eva","encryptedPassword":"67","name":"Eva","surname":"EvaEva","email":"eva@eva.com","phone":"","createdAt":"2026-01-22T10:35:25.894086Z","roleId":null,"role":null,"alarmEvents":[],"sentPartRequests":[],"receivedPartRequests":[],"sentShiftTransfers":[],"receivedShiftTransfers":[]},{"id":2,"login":"adam","encryptedPassword":"5252","name":"adam","surname":"first","email":"g@g.com","phone":"","createdAt":"2026-01-22T09:41:42.056633Z","roleId":null,"role":null,"alarmEvents":[],"sentPartRequests":[],"receivedPartRequests":[],"sentShiftTransfers":[],"receivedShiftTransfers":[]}]
=======================================================

=======================================================
Timestamp: 2026-01-22T12:17:23.2980990Z
Method: GET
URL: /api/users
Status: 200
Duration: 8 ms
UserId: 
Client IP: ::1
User-Agent: 
Controller: Users, Action: GetAll
Response Body: [{"id":4,"login":"thegod","encryptedPassword":"human","name":"Бог","surname":"Один","email":"d@d.com","phone":"","createdAt":"2026-01-22T11:03:59.551634Z","roleId":null,"role":null,"alarmEvents":[],"sentPartRequests":[],"receivedPartRequests":[],"sentShiftTransfers":[],"receivedShiftTransfers":[]},{"id":1,"login":"admin","encryptedPassword":"admin","name":"Админ","surname":"Системный","email":"admin@example.com","phone":"+71234567890","createdAt":"2026-01-22T09:33:33.991733Z","roleId":null,"role":null,"alarmEvents":[],"sentPartRequests":[],"receivedPartRequests":[],"sentShiftTransfers":[],"receivedShiftTransfers":[]},{"id":3,"login":"eva","encryptedPassword":"67","name":"Eva","surname":"EvaEva","email":"eva@eva.com","phone":"","createdAt":"2026-01-22T10:35:25.894086Z","roleId":null,"role":null,"alarmEvents":[],"sentPartRequests":[],"receivedPartRequests":[],"sentShiftTransfers":[],"receivedShiftTransfers":[]},{"id":2,"login":"adam","encryptedPassword":"5252","name":"adam","surname":"first","email":"g@g.com","phone":"","createdAt":"2026-01-22T09:41:42.056633Z","roleId":null,"role":null,"alarmEvents":[],"sentPartRequests":[],"receivedPartRequests":[],"sentShiftTransfers":[],"receivedShiftTransfers":[]}]
=======================================================

=======================================================
Timestamp: 2026-01-22T12:17:23.3189317Z
Method: GET
URL: /api/Roles
Status: 200
Duration: 92 ms
UserId: 
Client IP: ::1
User-Agent: 
Controller: Roles, Action: GetAll
Response Body: [{"id":1,"name":"Владелец","code":"Owner","description":"Полный доступ","rank":1,"users":[],"rolePermissions":[]},{"id":2,"name":"Администратор","code":"Admin","description":"Руководитель предприятия","rank":2,"users":[],"rolePermissions":[]},{"id":3,"name":"Старший экструзионщик","code":"SeniorExtruder","description":"Замещение администратора","rank":3,"users":[],"rolePermissions":[]},{"id":4,"name":"Старший кладовщик","code":"SeniorWarehouseman","description":"Склады и цеха","rank":3,"users":[],"rolePermissions":[]},{"id":5,"name":"Кладовщик готовой продукции","code":"FinishedGoodsWarehouseman","description":"Склад готовой продукции","rank":3,"users":[],"rolePermissions":[]},{"id":6,"name":"Экструзионщик","code":"Extruder","description":"Производство","rank":4,"users":[],"rolePermissions":[]},{"id":7,"name":"Кладовщик","code":"Warehouseman","description":"Склад","rank":4,"users":[],"rolePermissions":[]},{"id":8,"name":"Покрасочник","code":"Painter","description":"Цех покраски","rank":4,"users":[],"rolePermissions":[]},{"id":9,"name":"Старшая упаковщица","code":"SeniorPacker","description":"Упаковка","rank":4,"users":[],"rolePermissions":[]},{"id":10,"name":"ТПА","code":"TPA","description":"ТПА","rank":4,"users":[],"rolePermissions":[]},{"id":11,"name":"Утиль","code":"Utilization","description":"Цех утилизации","rank":4,"users":[],"rolePermissions":[]}]
=======================================================

=======================================================
Timestamp: 2026-01-22T12:17:26.0259526Z
Method: GET
URL: /api/users
Status: 200
Duration: 3 ms
UserId: 
Client IP: ::1
User-Agent: 
Controller: Users, Action: GetAll
Response Body: [{"id":4,"login":"thegod","encryptedPassword":"human","name":"Бог","surname":"Один","email":"d@d.com","phone":"","createdAt":"2026-01-22T11:03:59.551634Z","roleId":null,"role":null,"alarmEvents":[],"sentPartRequests":[],"receivedPartRequests":[],"sentShiftTransfers":[],"receivedShiftTransfers":[]},{"id":1,"login":"admin","encryptedPassword":"admin","name":"Админ","surname":"Системный","email":"admin@example.com","phone":"+71234567890","createdAt":"2026-01-22T09:33:33.991733Z","roleId":null,"role":null,"alarmEvents":[],"sentPartRequests":[],"receivedPartRequests":[],"sentShiftTransfers":[],"receivedShiftTransfers":[]},{"id":3,"login":"eva","encryptedPassword":"67","name":"Eva","surname":"EvaEva","email":"eva@eva.com","phone":"","createdAt":"2026-01-22T10:35:25.894086Z","roleId":null,"role":null,"alarmEvents":[],"sentPartRequests":[],"receivedPartRequests":[],"sentShiftTransfers":[],"receivedShiftTransfers":[]},{"id":2,"login":"adam","encryptedPassword":"5252","name":"adam","surname":"first","email":"g@g.com","phone":"","createdAt":"2026-01-22T09:41:42.056633Z","roleId":null,"role":null,"alarmEvents":[],"sentPartRequests":[],"receivedPartRequests":[],"sentShiftTransfers":[],"receivedShiftTransfers":[]}]
=======================================================

=======================================================
Timestamp: 2026-01-22T12:17:26.0271000Z
Method: GET
URL: /api/Roles
Status: 200
Duration: 2 ms
UserId: 
Client IP: ::1
User-Agent: 
Controller: Roles, Action: GetAll
Response Body: [{"id":1,"name":"Владелец","code":"Owner","description":"Полный доступ","rank":1,"users":[],"rolePermissions":[]},{"id":2,"name":"Администратор","code":"Admin","description":"Руководитель предприятия","rank":2,"users":[],"rolePermissions":[]},{"id":3,"name":"Старший экструзионщик","code":"SeniorExtruder","description":"Замещение администратора","rank":3,"users":[],"rolePermissions":[]},{"id":4,"name":"Старший кладовщик","code":"SeniorWarehouseman","description":"Склады и цеха","rank":3,"users":[],"rolePermissions":[]},{"id":5,"name":"Кладовщик готовой продукции","code":"FinishedGoodsWarehouseman","description":"Склад готовой продукции","rank":3,"users":[],"rolePermissions":[]},{"id":6,"name":"Экструзионщик","code":"Extruder","description":"Производство","rank":4,"users":[],"rolePermissions":[]},{"id":7,"name":"Кладовщик","code":"Warehouseman","description":"Склад","rank":4,"users":[],"rolePermissions":[]},{"id":8,"name":"Покрасочник","code":"Painter","description":"Цех покраски","rank":4,"users":[],"rolePermissions":[]},{"id":9,"name":"Старшая упаковщица","code":"SeniorPacker","description":"Упаковка","rank":4,"users":[],"rolePermissions":[]},{"id":10,"name":"ТПА","code":"TPA","description":"ТПА","rank":4,"users":[],"rolePermissions":[]},{"id":11,"name":"Утиль","code":"Utilization","description":"Цех утилизации","rank":4,"users":[],"rolePermissions":[]}]
=======================================================

=======================================================
Timestamp: 2026-01-22T12:17:33.6283589Z
Method: GET
URL: /api/users
Status: 200
Duration: 4 ms
UserId: 
Client IP: ::1
User-Agent: 
Controller: Users, Action: GetAll
Response Body: [{"id":4,"login":"thegod","encryptedPassword":"human","name":"Бог","surname":"Один","email":"d@d.com","phone":"","createdAt":"2026-01-22T11:03:59.551634Z","roleId":null,"role":null,"alarmEvents":[],"sentPartRequests":[],"receivedPartRequests":[],"sentShiftTransfers":[],"receivedShiftTransfers":[]},{"id":1,"login":"admin","encryptedPassword":"admin","name":"Админ","surname":"Системный","email":"admin@example.com","phone":"+71234567890","createdAt":"2026-01-22T09:33:33.991733Z","roleId":null,"role":null,"alarmEvents":[],"sentPartRequests":[],"receivedPartRequests":[],"sentShiftTransfers":[],"receivedShiftTransfers":[]},{"id":3,"login":"eva","encryptedPassword":"67","name":"Eva","surname":"EvaEva","email":"eva@eva.com","phone":"","createdAt":"2026-01-22T10:35:25.894086Z","roleId":null,"role":null,"alarmEvents":[],"sentPartRequests":[],"receivedPartRequests":[],"sentShiftTransfers":[],"receivedShiftTransfers":[]},{"id":2,"login":"adam","encryptedPassword":"5252","name":"adam","surname":"first","email":"g@g.com","phone":"","createdAt":"2026-01-22T09:41:42.056633Z","roleId":null,"role":null,"alarmEvents":[],"sentPartRequests":[],"receivedPartRequests":[],"sentShiftTransfers":[],"receivedShiftTransfers":[]}]
=======================================================

=======================================================
Timestamp: 2026-01-22T12:17:34.4375784Z
Method: PUT
URL: /api/users/4
Status: 200
Duration: 800 ms
UserId: 
Client IP: ::1
User-Agent: 
Controller: Users, Action: UpdateUser
Response Body: {"message":"User updated successfully","user":{"id":4,"login":"thegod","encryptedPassword":"$2a$11$JncHAzVv43Z0ocmpIBBA1OFjX/Afp7pVPcGG7sNHfNaCnyrFQSX72","name":"Бог","surname":"Один","email":"d@d.com","phone":"","createdAt":"2026-01-22T11:03:59.551634Z","roleId":null,"role":null,"alarmEvents":[],"sentPartRequests":[],"receivedPartRequests":[],"sentShiftTransfers":[],"receivedShiftTransfers":[]}}
=======================================================

=======================================================
Timestamp: 2026-01-22T12:17:34.5451565Z
Method: GET
URL: /api/users
Status: 200
Duration: 11 ms
UserId: 
Client IP: ::1
User-Agent: 
Controller: Users, Action: GetAll
Response Body: [{"id":4,"login":"thegod","encryptedPassword":"$2a$11$JncHAzVv43Z0ocmpIBBA1OFjX/Afp7pVPcGG7sNHfNaCnyrFQSX72","name":"Бог","surname":"Один","email":"d@d.com","phone":"","createdAt":"2026-01-22T11:03:59.551634Z","roleId":null,"role":null,"alarmEvents":[],"sentPartRequests":[],"receivedPartRequests":[],"sentShiftTransfers":[],"receivedShiftTransfers":[]},{"id":1,"login":"admin","encryptedPassword":"admin","name":"Админ","surname":"Системный","email":"admin@example.com","phone":"+71234567890","createdAt":"2026-01-22T09:33:33.991733Z","roleId":null,"role":null,"alarmEvents":[],"sentPartRequests":[],"receivedPartRequests":[],"sentShiftTransfers":[],"receivedShiftTransfers":[]},{"id":3,"login":"eva","encryptedPassword":"67","name":"Eva","surname":"EvaEva","email":"eva@eva.com","phone":"","createdAt":"2026-01-22T10:35:25.894086Z","roleId":null,"role":null,"alarmEvents":[],"sentPartRequests":[],"receivedPartRequests":[],"sentShiftTransfers":[],"receivedShiftTransfers":[]},{"id":2,"login":"adam","encryptedPassword":"5252","name":"adam","surname":"first","email":"g@g.com","phone":"","createdAt":"2026-01-22T09:41:42.056633Z","roleId":null,"role":null,"alarmEvents":[],"sentPartRequests":[],"receivedPartRequests":[],"sentShiftTransfers":[],"receivedShiftTransfers":[]}]
=======================================================

=======================================================
Timestamp: 2026-01-22T12:17:34.5453951Z
Method: GET
URL: /api/users
Status: 200
Duration: 4 ms
UserId: 
Client IP: ::1
User-Agent: 
Controller: Users, Action: GetAll
Response Body: [{"id":4,"login":"thegod","encryptedPassword":"$2a$11$JncHAzVv43Z0ocmpIBBA1OFjX/Afp7pVPcGG7sNHfNaCnyrFQSX72","name":"Бог","surname":"Один","email":"d@d.com","phone":"","createdAt":"2026-01-22T11:03:59.551634Z","roleId":null,"role":null,"alarmEvents":[],"sentPartRequests":[],"receivedPartRequests":[],"sentShiftTransfers":[],"receivedShiftTransfers":[]},{"id":1,"login":"admin","encryptedPassword":"admin","name":"Админ","surname":"Системный","email":"admin@example.com","phone":"+71234567890","createdAt":"2026-01-22T09:33:33.991733Z","roleId":null,"role":null,"alarmEvents":[],"sentPartRequests":[],"receivedPartRequests":[],"sentShiftTransfers":[],"receivedShiftTransfers":[]},{"id":3,"login":"eva","encryptedPassword":"67","name":"Eva","surname":"EvaEva","email":"eva@eva.com","phone":"","createdAt":"2026-01-22T10:35:25.894086Z","roleId":null,"role":null,"alarmEvents":[],"sentPartRequests":[],"receivedPartRequests":[],"sentShiftTransfers":[],"receivedShiftTransfers":[]},{"id":2,"login":"adam","encryptedPassword":"5252","name":"adam","surname":"first","email":"g@g.com","phone":"","createdAt":"2026-01-22T09:41:42.056633Z","roleId":null,"role":null,"alarmEvents":[],"sentPartRequests":[],"receivedPartRequests":[],"sentShiftTransfers":[],"receivedShiftTransfers":[]}]
=======================================================

=======================================================
Timestamp: 2026-01-22T12:17:43.5143027Z
Method: GET
URL: /api/users
Status: 200
Duration: 2 ms
UserId: 
Client IP: ::1
User-Agent: 
Controller: Users, Action: GetAll
Response Body: [{"id":4,"login":"thegod","encryptedPassword":"$2a$11$JncHAzVv43Z0ocmpIBBA1OFjX/Afp7pVPcGG7sNHfNaCnyrFQSX72","name":"Бог","surname":"Один","email":"d@d.com","phone":"","createdAt":"2026-01-22T11:03:59.551634Z","roleId":null,"role":null,"alarmEvents":[],"sentPartRequests":[],"receivedPartRequests":[],"sentShiftTransfers":[],"receivedShiftTransfers":[]},{"id":1,"login":"admin","encryptedPassword":"admin","name":"Админ","surname":"Системный","email":"admin@example.com","phone":"+71234567890","createdAt":"2026-01-22T09:33:33.991733Z","roleId":null,"role":null,"alarmEvents":[],"sentPartRequests":[],"receivedPartRequests":[],"sentShiftTransfers":[],"receivedShiftTransfers":[]},{"id":3,"login":"eva","encryptedPassword":"67","name":"Eva","surname":"EvaEva","email":"eva@eva.com","phone":"","createdAt":"2026-01-22T10:35:25.894086Z","roleId":null,"role":null,"alarmEvents":[],"sentPartRequests":[],"receivedPartRequests":[],"sentShiftTransfers":[],"receivedShiftTransfers":[]},{"id":2,"login":"adam","encryptedPassword":"5252","name":"adam","surname":"first","email":"g@g.com","phone":"","createdAt":"2026-01-22T09:41:42.056633Z","roleId":null,"role":null,"alarmEvents":[],"sentPartRequests":[],"receivedPartRequests":[],"sentShiftTransfers":[],"receivedShiftTransfers":[]}]
=======================================================

=======================================================
Timestamp: 2026-01-22T12:17:43.5151108Z
Method: GET
URL: /api/users
Status: 200
Duration: 1 ms
UserId: 
Client IP: ::1
User-Agent: 
Controller: Users, Action: GetAll
Response Body: [{"id":4,"login":"thegod","encryptedPassword":"$2a$11$JncHAzVv43Z0ocmpIBBA1OFjX/Afp7pVPcGG7sNHfNaCnyrFQSX72","name":"Бог","surname":"Один","email":"d@d.com","phone":"","createdAt":"2026-01-22T11:03:59.551634Z","roleId":null,"role":null,"alarmEvents":[],"sentPartRequests":[],"receivedPartRequests":[],"sentShiftTransfers":[],"receivedShiftTransfers":[]},{"id":1,"login":"admin","encryptedPassword":"admin","name":"Админ","surname":"Системный","email":"admin@example.com","phone":"+71234567890","createdAt":"2026-01-22T09:33:33.991733Z","roleId":null,"role":null,"alarmEvents":[],"sentPartRequests":[],"receivedPartRequests":[],"sentShiftTransfers":[],"receivedShiftTransfers":[]},{"id":3,"login":"eva","encryptedPassword":"67","name":"Eva","surname":"EvaEva","email":"eva@eva.com","phone":"","createdAt":"2026-01-22T10:35:25.894086Z","roleId":null,"role":null,"alarmEvents":[],"sentPartRequests":[],"receivedPartRequests":[],"sentShiftTransfers":[],"receivedShiftTransfers":[]},{"id":2,"login":"adam","encryptedPassword":"5252","name":"adam","surname":"first","email":"g@g.com","phone":"","createdAt":"2026-01-22T09:41:42.056633Z","roleId":null,"role":null,"alarmEvents":[],"sentPartRequests":[],"receivedPartRequests":[],"sentShiftTransfers":[],"receivedShiftTransfers":[]}]
=======================================================

=======================================================
Timestamp: 2026-01-22T12:17:44.4651448Z
Method: GET
URL: /api/users
Status: 200
Duration: 3 ms
UserId: 
Client IP: ::1
User-Agent: 
Controller: Users, Action: GetAll
Response Body: [{"id":4,"login":"thegod","encryptedPassword":"$2a$11$JncHAzVv43Z0ocmpIBBA1OFjX/Afp7pVPcGG7sNHfNaCnyrFQSX72","name":"Бог","surname":"Один","email":"d@d.com","phone":"","createdAt":"2026-01-22T11:03:59.551634Z","roleId":null,"role":null,"alarmEvents":[],"sentPartRequests":[],"receivedPartRequests":[],"sentShiftTransfers":[],"receivedShiftTransfers":[]},{"id":1,"login":"admin","encryptedPassword":"admin","name":"Админ","surname":"Системный","email":"admin@example.com","phone":"+71234567890","createdAt":"2026-01-22T09:33:33.991733Z","roleId":null,"role":null,"alarmEvents":[],"sentPartRequests":[],"receivedPartRequests":[],"sentShiftTransfers":[],"receivedShiftTransfers":[]},{"id":3,"login":"eva","encryptedPassword":"67","name":"Eva","surname":"EvaEva","email":"eva@eva.com","phone":"","createdAt":"2026-01-22T10:35:25.894086Z","roleId":null,"role":null,"alarmEvents":[],"sentPartRequests":[],"receivedPartRequests":[],"sentShiftTransfers":[],"receivedShiftTransfers":[]},{"id":2,"login":"adam","encryptedPassword":"5252","name":"adam","surname":"first","email":"g@g.com","phone":"","createdAt":"2026-01-22T09:41:42.056633Z","roleId":null,"role":null,"alarmEvents":[],"sentPartRequests":[],"receivedPartRequests":[],"sentShiftTransfers":[],"receivedShiftTransfers":[]}]
=======================================================

=======================================================
Timestamp: 2026-01-22T12:17:44.4664876Z
Method: GET
URL: /api/users
Status: 200
Duration: 2 ms
UserId: 
Client IP: ::1
User-Agent: 
Controller: Users, Action: GetAll
Response Body: [{"id":4,"login":"thegod","encryptedPassword":"$2a$11$JncHAzVv43Z0ocmpIBBA1OFjX/Afp7pVPcGG7sNHfNaCnyrFQSX72","name":"Бог","surname":"Один","email":"d@d.com","phone":"","createdAt":"2026-01-22T11:03:59.551634Z","roleId":null,"role":null,"alarmEvents":[],"sentPartRequests":[],"receivedPartRequests":[],"sentShiftTransfers":[],"receivedShiftTransfers":[]},{"id":1,"login":"admin","encryptedPassword":"admin","name":"Админ","surname":"Системный","email":"admin@example.com","phone":"+71234567890","createdAt":"2026-01-22T09:33:33.991733Z","roleId":null,"role":null,"alarmEvents":[],"sentPartRequests":[],"receivedPartRequests":[],"sentShiftTransfers":[],"receivedShiftTransfers":[]},{"id":3,"login":"eva","encryptedPassword":"67","name":"Eva","surname":"EvaEva","email":"eva@eva.com","phone":"","createdAt":"2026-01-22T10:35:25.894086Z","roleId":null,"role":null,"alarmEvents":[],"sentPartRequests":[],"receivedPartRequests":[],"sentShiftTransfers":[],"receivedShiftTransfers":[]},{"id":2,"login":"adam","encryptedPassword":"5252","name":"adam","surname":"first","email":"g@g.com","phone":"","createdAt":"2026-01-22T09:41:42.056633Z","roleId":null,"role":null,"alarmEvents":[],"sentPartRequests":[],"receivedPartRequests":[],"sentShiftTransfers":[],"receivedShiftTransfers":[]}]
=======================================================

=======================================================
Timestamp: 2026-01-22T12:17:45.4230472Z
Method: GET
URL: /api/users
Status: 200
Duration: 2 ms
UserId: 
Client IP: ::1
User-Agent: 
Controller: Users, Action: GetAll
Response Body: [{"id":4,"login":"thegod","encryptedPassword":"$2a$11$JncHAzVv43Z0ocmpIBBA1OFjX/Afp7pVPcGG7sNHfNaCnyrFQSX72","name":"Бог","surname":"Один","email":"d@d.com","phone":"","createdAt":"2026-01-22T11:03:59.551634Z","roleId":null,"role":null,"alarmEvents":[],"sentPartRequests":[],"receivedPartRequests":[],"sentShiftTransfers":[],"receivedShiftTransfers":[]},{"id":1,"login":"admin","encryptedPassword":"admin","name":"Админ","surname":"Системный","email":"admin@example.com","phone":"+71234567890","createdAt":"2026-01-22T09:33:33.991733Z","roleId":null,"role":null,"alarmEvents":[],"sentPartRequests":[],"receivedPartRequests":[],"sentShiftTransfers":[],"receivedShiftTransfers":[]},{"id":3,"login":"eva","encryptedPassword":"67","name":"Eva","surname":"EvaEva","email":"eva@eva.com","phone":"","createdAt":"2026-01-22T10:35:25.894086Z","roleId":null,"role":null,"alarmEvents":[],"sentPartRequests":[],"receivedPartRequests":[],"sentShiftTransfers":[],"receivedShiftTransfers":[]},{"id":2,"login":"adam","encryptedPassword":"5252","name":"adam","surname":"first","email":"g@g.com","phone":"","createdAt":"2026-01-22T09:41:42.056633Z","roleId":null,"role":null,"alarmEvents":[],"sentPartRequests":[],"receivedPartRequests":[],"sentShiftTransfers":[],"receivedShiftTransfers":[]}]
=======================================================

=======================================================
Timestamp: 2026-01-22T12:17:45.4249775Z
Method: GET
URL: /api/users
Status: 200
Duration: 1 ms
UserId: 
Client IP: ::1
User-Agent: 
Controller: Users, Action: GetAll
Response Body: [{"id":4,"login":"thegod","encryptedPassword":"$2a$11$JncHAzVv43Z0ocmpIBBA1OFjX/Afp7pVPcGG7sNHfNaCnyrFQSX72","name":"Бог","surname":"Один","email":"d@d.com","phone":"","createdAt":"2026-01-22T11:03:59.551634Z","roleId":null,"role":null,"alarmEvents":[],"sentPartRequests":[],"receivedPartRequests":[],"sentShiftTransfers":[],"receivedShiftTransfers":[]},{"id":1,"login":"admin","encryptedPassword":"admin","name":"Админ","surname":"Системный","email":"admin@example.com","phone":"+71234567890","createdAt":"2026-01-22T09:33:33.991733Z","roleId":null,"role":null,"alarmEvents":[],"sentPartRequests":[],"receivedPartRequests":[],"sentShiftTransfers":[],"receivedShiftTransfers":[]},{"id":3,"login":"eva","encryptedPassword":"67","name":"Eva","surname":"EvaEva","email":"eva@eva.com","phone":"","createdAt":"2026-01-22T10:35:25.894086Z","roleId":null,"role":null,"alarmEvents":[],"sentPartRequests":[],"receivedPartRequests":[],"sentShiftTransfers":[],"receivedShiftTransfers":[]},{"id":2,"login":"adam","encryptedPassword":"5252","name":"adam","surname":"first","email":"g@g.com","phone":"","createdAt":"2026-01-22T09:41:42.056633Z","roleId":null,"role":null,"alarmEvents":[],"sentPartRequests":[],"receivedPartRequests":[],"sentShiftTransfers":[],"receivedShiftTransfers":[]}]
=======================================================

=======================================================
Timestamp: 2026-01-22T12:17:46.0055416Z
Method: GET
URL: /api/users
Status: 200
Duration: 3 ms
UserId: 
Client IP: ::1
User-Agent: 
Controller: Users, Action: GetAll
Response Body: [{"id":4,"login":"thegod","encryptedPassword":"$2a$11$JncHAzVv43Z0ocmpIBBA1OFjX/Afp7pVPcGG7sNHfNaCnyrFQSX72","name":"Бог","surname":"Один","email":"d@d.com","phone":"","createdAt":"2026-01-22T11:03:59.551634Z","roleId":null,"role":null,"alarmEvents":[],"sentPartRequests":[],"receivedPartRequests":[],"sentShiftTransfers":[],"receivedShiftTransfers":[]},{"id":1,"login":"admin","encryptedPassword":"admin","name":"Админ","surname":"Системный","email":"admin@example.com","phone":"+71234567890","createdAt":"2026-01-22T09:33:33.991733Z","roleId":null,"role":null,"alarmEvents":[],"sentPartRequests":[],"receivedPartRequests":[],"sentShiftTransfers":[],"receivedShiftTransfers":[]},{"id":3,"login":"eva","encryptedPassword":"67","name":"Eva","surname":"EvaEva","email":"eva@eva.com","phone":"","createdAt":"2026-01-22T10:35:25.894086Z","roleId":null,"role":null,"alarmEvents":[],"sentPartRequests":[],"receivedPartRequests":[],"sentShiftTransfers":[],"receivedShiftTransfers":[]},{"id":2,"login":"adam","encryptedPassword":"5252","name":"adam","surname":"first","email":"g@g.com","phone":"","createdAt":"2026-01-22T09:41:42.056633Z","roleId":null,"role":null,"alarmEvents":[],"sentPartRequests":[],"receivedPartRequests":[],"sentShiftTransfers":[],"receivedShiftTransfers":[]}]
=======================================================

=======================================================
Timestamp: 2026-01-22T12:17:46.0060237Z
Method: GET
URL: /api/users
Status: 200
Duration: 2 ms
UserId: 
Client IP: ::1
User-Agent: 
Controller: Users, Action: GetAll
Response Body: [{"id":4,"login":"thegod","encryptedPassword":"$2a$11$JncHAzVv43Z0ocmpIBBA1OFjX/Afp7pVPcGG7sNHfNaCnyrFQSX72","name":"Бог","surname":"Один","email":"d@d.com","phone":"","createdAt":"2026-01-22T11:03:59.551634Z","roleId":null,"role":null,"alarmEvents":[],"sentPartRequests":[],"receivedPartRequests":[],"sentShiftTransfers":[],"receivedShiftTransfers":[]},{"id":1,"login":"admin","encryptedPassword":"admin","name":"Админ","surname":"Системный","email":"admin@example.com","phone":"+71234567890","createdAt":"2026-01-22T09:33:33.991733Z","roleId":null,"role":null,"alarmEvents":[],"sentPartRequests":[],"receivedPartRequests":[],"sentShiftTransfers":[],"receivedShiftTransfers":[]},{"id":3,"login":"eva","encryptedPassword":"67","name":"Eva","surname":"EvaEva","email":"eva@eva.com","phone":"","createdAt":"2026-01-22T10:35:25.894086Z","roleId":null,"role":null,"alarmEvents":[],"sentPartRequests":[],"receivedPartRequests":[],"sentShiftTransfers":[],"receivedShiftTransfers":[]},{"id":2,"login":"adam","encryptedPassword":"5252","name":"adam","surname":"first","email":"g@g.com","phone":"","createdAt":"2026-01-22T09:41:42.056633Z","roleId":null,"role":null,"alarmEvents":[],"sentPartRequests":[],"receivedPartRequests":[],"sentShiftTransfers":[],"receivedShiftTransfers":[]}]
=======================================================

=======================================================
Timestamp: 2026-01-22T12:17:48.9262343Z
Method: GET
URL: /api/users
Status: 200
Duration: 4 ms
UserId: 
Client IP: ::1
User-Agent: 
Controller: Users, Action: GetAll
Response Body: [{"id":4,"login":"thegod","encryptedPassword":"$2a$11$JncHAzVv43Z0ocmpIBBA1OFjX/Afp7pVPcGG7sNHfNaCnyrFQSX72","name":"Бог","surname":"Один","email":"d@d.com","phone":"","createdAt":"2026-01-22T11:03:59.551634Z","roleId":null,"role":null,"alarmEvents":[],"sentPartRequests":[],"receivedPartRequests":[],"sentShiftTransfers":[],"receivedShiftTransfers":[]},{"id":1,"login":"admin","encryptedPassword":"admin","name":"Админ","surname":"Системный","email":"admin@example.com","phone":"+71234567890","createdAt":"2026-01-22T09:33:33.991733Z","roleId":null,"role":null,"alarmEvents":[],"sentPartRequests":[],"receivedPartRequests":[],"sentShiftTransfers":[],"receivedShiftTransfers":[]},{"id":3,"login":"eva","encryptedPassword":"67","name":"Eva","surname":"EvaEva","email":"eva@eva.com","phone":"","createdAt":"2026-01-22T10:35:25.894086Z","roleId":null,"role":null,"alarmEvents":[],"sentPartRequests":[],"receivedPartRequests":[],"sentShiftTransfers":[],"receivedShiftTransfers":[]},{"id":2,"login":"adam","encryptedPassword":"5252","name":"adam","surname":"first","email":"g@g.com","phone":"","createdAt":"2026-01-22T09:41:42.056633Z","roleId":null,"role":null,"alarmEvents":[],"sentPartRequests":[],"receivedPartRequests":[],"sentShiftTransfers":[],"receivedShiftTransfers":[]}]
=======================================================

=======================================================
Timestamp: 2026-01-22T12:17:51.0262258Z
Method: GET
URL: /api/users
Status: 200
Duration: 1 ms
UserId: 
Client IP: ::1
User-Agent: 
Controller: Users, Action: GetAll
Response Body: [{"id":4,"login":"thegod","encryptedPassword":"$2a$11$JncHAzVv43Z0ocmpIBBA1OFjX/Afp7pVPcGG7sNHfNaCnyrFQSX72","name":"Бог","surname":"Один","email":"d@d.com","phone":"","createdAt":"2026-01-22T11:03:59.551634Z","roleId":null,"role":null,"alarmEvents":[],"sentPartRequests":[],"receivedPartRequests":[],"sentShiftTransfers":[],"receivedShiftTransfers":[]},{"id":1,"login":"admin","encryptedPassword":"admin","name":"Админ","surname":"Системный","email":"admin@example.com","phone":"+71234567890","createdAt":"2026-01-22T09:33:33.991733Z","roleId":null,"role":null,"alarmEvents":[],"sentPartRequests":[],"receivedPartRequests":[],"sentShiftTransfers":[],"receivedShiftTransfers":[]},{"id":3,"login":"eva","encryptedPassword":"67","name":"Eva","surname":"EvaEva","email":"eva@eva.com","phone":"","createdAt":"2026-01-22T10:35:25.894086Z","roleId":null,"role":null,"alarmEvents":[],"sentPartRequests":[],"receivedPartRequests":[],"sentShiftTransfers":[],"receivedShiftTransfers":[]},{"id":2,"login":"adam","encryptedPassword":"5252","name":"adam","surname":"first","email":"g@g.com","phone":"","createdAt":"2026-01-22T09:41:42.056633Z","roleId":null,"role":null,"alarmEvents":[],"sentPartRequests":[],"receivedPartRequests":[],"sentShiftTransfers":[],"receivedShiftTransfers":[]}]
=======================================================

=======================================================
Timestamp: 2026-01-22T12:17:51.1459545Z
Method: PUT
URL: /api/users/4
Status: 200
Duration: 114 ms
UserId: 
Client IP: ::1
User-Agent: 
Controller: Users, Action: UpdateUser
Response Body: {"message":"User updated successfully","user":{"id":4,"login":"thegod","encryptedPassword":"$2a$11$JncHAzVv43Z0ocmpIBBA1OFjX/Afp7pVPcGG7sNHfNaCnyrFQSX72","name":"Бог","surname":"Один","email":"d@d.com","phone":"","createdAt":"2026-01-22T11:03:59.551634Z","roleId":3,"role":null,"alarmEvents":[],"sentPartRequests":[],"receivedPartRequests":[],"sentShiftTransfers":[],"receivedShiftTransfers":[]}}
=======================================================

=======================================================
Timestamp: 2026-01-22T12:17:51.1751116Z
Method: GET
URL: /api/users
Status: 500
Duration: 23 ms
UserId: 
Client IP: ::1
User-Agent: 
Response Body: Error: A possible object cycle was detected. This can either be due to a cycle or if the object depth is larger than the maximum allowed depth of 32. Consider using ReferenceHandler.Preserve on JsonSerializerOptions to support cycles. Path: $.Role.Users.Role.Users.Role.Users.Role.Users.Role.Users.Role.Users.Role.Users.Role.Users.Role.Users.Role.Users.Id.
=======================================================

=======================================================
Timestamp: 2026-01-22T12:17:51.1754425Z
Method: GET
URL: /api/users
Status: 500
Duration: 22 ms
UserId: 
Client IP: ::1
User-Agent: 
Response Body: Error: A possible object cycle was detected. This can either be due to a cycle or if the object depth is larger than the maximum allowed depth of 32. Consider using ReferenceHandler.Preserve on JsonSerializerOptions to support cycles. Path: $.Role.Users.Role.Users.Role.Users.Role.Users.Role.Users.Role.Users.Role.Users.Role.Users.Role.Users.Role.Users.Id.
=======================================================

=======================================================
Timestamp: 2026-01-22T12:17:54.5530034Z
Method: GET
URL: /api/users
Status: 500
Duration: 3 ms
UserId: 
Client IP: ::1
User-Agent: 
Response Body: Error: A possible object cycle was detected. This can either be due to a cycle or if the object depth is larger than the maximum allowed depth of 32. Consider using ReferenceHandler.Preserve on JsonSerializerOptions to support cycles. Path: $.Role.Users.Role.Users.Role.Users.Role.Users.Role.Users.Role.Users.Role.Users.Role.Users.Role.Users.Role.Users.Id.
=======================================================

=======================================================
Timestamp: 2026-01-22T12:17:54.5537038Z
Method: GET
URL: /api/users
Status: 500
Duration: 5 ms
UserId: 
Client IP: ::1
User-Agent: 
Response Body: Error: A possible object cycle was detected. This can either be due to a cycle or if the object depth is larger than the maximum allowed depth of 32. Consider using ReferenceHandler.Preserve on JsonSerializerOptions to support cycles. Path: $.Role.Users.Role.Users.Role.Users.Role.Users.Role.Users.Role.Users.Role.Users.Role.Users.Role.Users.Role.Users.Id.
=======================================================

=======================================================
Timestamp: 2026-01-22T12:17:55.3120516Z
Method: GET
URL: /api/users
Status: 500
Duration: 5 ms
UserId: 
Client IP: ::1
User-Agent: 
Response Body: Error: A possible object cycle was detected. This can either be due to a cycle or if the object depth is larger than the maximum allowed depth of 32. Consider using ReferenceHandler.Preserve on JsonSerializerOptions to support cycles. Path: $.Role.Users.Role.Users.Role.Users.Role.Users.Role.Users.Role.Users.Role.Users.Role.Users.Role.Users.Role.Users.Id.
=======================================================

=======================================================
Timestamp: 2026-01-22T12:17:55.3121870Z
Method: GET
URL: /api/users
Status: 500
Duration: 7 ms
UserId: 
Client IP: ::1
User-Agent: 
Response Body: Error: A possible object cycle was detected. This can either be due to a cycle or if the object depth is larger than the maximum allowed depth of 32. Consider using ReferenceHandler.Preserve on JsonSerializerOptions to support cycles. Path: $.Role.Users.Role.Users.Role.Users.Role.Users.Role.Users.Role.Users.Role.Users.Role.Users.Role.Users.Role.Users.Id.
=======================================================

=======================================================
Timestamp: 2026-01-22T12:17:55.6990880Z
Method: GET
URL: /api/users
Status: 500
Duration: 3 ms
UserId: 
Client IP: ::1
User-Agent: 
Response Body: Error: A possible object cycle was detected. This can either be due to a cycle or if the object depth is larger than the maximum allowed depth of 32. Consider using ReferenceHandler.Preserve on JsonSerializerOptions to support cycles. Path: $.Role.Users.Role.Users.Role.Users.Role.Users.Role.Users.Role.Users.Role.Users.Role.Users.Role.Users.Role.Users.Id.
=======================================================

=======================================================
Timestamp: 2026-01-22T12:17:55.6991916Z
Method: GET
URL: /api/users
Status: 500
Duration: 4 ms
UserId: 
Client IP: ::1
User-Agent: 
Response Body: Error: A possible object cycle was detected. This can either be due to a cycle or if the object depth is larger than the maximum allowed depth of 32. Consider using ReferenceHandler.Preserve on JsonSerializerOptions to support cycles. Path: $.Role.Users.Role.Users.Role.Users.Role.Users.Role.Users.Role.Users.Role.Users.Role.Users.Role.Users.Role.Users.Id.
=======================================================

=======================================================
Timestamp: 2026-01-22T12:17:56.1238967Z
Method: GET
URL: /api/users
Status: 500
Duration: 3 ms
UserId: 
Client IP: ::1
User-Agent: 
Response Body: Error: A possible object cycle was detected. This can either be due to a cycle or if the object depth is larger than the maximum allowed depth of 32. Consider using ReferenceHandler.Preserve on JsonSerializerOptions to support cycles. Path: $.Role.Users.Role.Users.Role.Users.Role.Users.Role.Users.Role.Users.Role.Users.Role.Users.Role.Users.Role.Users.Id.
=======================================================

=======================================================
Timestamp: 2026-01-22T12:17:56.1255838Z
Method: GET
URL: /api/users
Status: 500
Duration: 6 ms
UserId: 
Client IP: ::1
User-Agent: 
Response Body: Error: A possible object cycle was detected. This can either be due to a cycle or if the object depth is larger than the maximum allowed depth of 32. Consider using ReferenceHandler.Preserve on JsonSerializerOptions to support cycles. Path: $.Role.Users.Role.Users.Role.Users.Role.Users.Role.Users.Role.Users.Role.Users.Role.Users.Role.Users.Role.Users.Id.
=======================================================

=======================================================
Timestamp: 2026-01-22T12:17:59.5245737Z
Method: GET
URL: /api/users
Status: 500
Duration: 3 ms
UserId: 
Client IP: ::1
User-Agent: 
Response Body: Error: A possible object cycle was detected. This can either be due to a cycle or if the object depth is larger than the maximum allowed depth of 32. Consider using ReferenceHandler.Preserve on JsonSerializerOptions to support cycles. Path: $.Role.Users.Role.Users.Role.Users.Role.Users.Role.Users.Role.Users.Role.Users.Role.Users.Role.Users.Role.Users.Id.
=======================================================

=======================================================
Timestamp: 2026-01-22T12:17:59.5251436Z
Method: GET
URL: /api/users
Status: 500
Duration: 4 ms
UserId: 
Client IP: ::1
User-Agent: 
Response Body: Error: A possible object cycle was detected. This can either be due to a cycle or if the object depth is larger than the maximum allowed depth of 32. Consider using ReferenceHandler.Preserve on JsonSerializerOptions to support cycles. Path: $.Role.Users.Role.Users.Role.Users.Role.Users.Role.Users.Role.Users.Role.Users.Role.Users.Role.Users.Role.Users.Id.
=======================================================

=======================================================
Timestamp: 2026-01-22T12:17:59.5323436Z
Method: GET
URL: /api/users
Status: 500
Duration: 4 ms
UserId: 
Client IP: ::1
User-Agent: 
Response Body: Error: A possible object cycle was detected. This can either be due to a cycle or if the object depth is larger than the maximum allowed depth of 32. Consider using ReferenceHandler.Preserve on JsonSerializerOptions to support cycles. Path: $.Role.Users.Role.Users.Role.Users.Role.Users.Role.Users.Role.Users.Role.Users.Role.Users.Role.Users.Role.Users.Id.
=======================================================

=======================================================
Timestamp: 2026-01-22T12:17:59.6564117Z
Method: GET
URL: /api/users
Status: 500
Duration: 2 ms
UserId: 
Client IP: ::1
User-Agent: 
Response Body: Error: A possible object cycle was detected. This can either be due to a cycle or if the object depth is larger than the maximum allowed depth of 32. Consider using ReferenceHandler.Preserve on JsonSerializerOptions to support cycles. Path: $.Role.Users.Role.Users.Role.Users.Role.Users.Role.Users.Role.Users.Role.Users.Role.Users.Role.Users.Role.Users.Id.
=======================================================

=======================================================
Timestamp: 2026-01-22T12:17:59.6584679Z
Method: GET
URL: /api/users
Status: 500
Duration: 4 ms
UserId: 
Client IP: ::1
User-Agent: 
Response Body: Error: A possible object cycle was detected. This can either be due to a cycle or if the object depth is larger than the maximum allowed depth of 32. Consider using ReferenceHandler.Preserve on JsonSerializerOptions to support cycles. Path: $.Role.Users.Role.Users.Role.Users.Role.Users.Role.Users.Role.Users.Role.Users.Role.Users.Role.Users.Role.Users.Id.
=======================================================

=======================================================
Timestamp: 2026-01-22T12:18:28.9033592Z
Method: POST
URL: /api/Users/authenticate
Status: 200
Duration: 4 ms
UserId: 
Client IP: ::1
User-Agent: 
Controller: Users, Action: Authenticate
Response Body: {"message":"Login successful","user":{"id":1,"login":"admin","name":"Админ","surname":"Системный","email":"admin@example.com","phone":"+71234567890","createdAt":"2026-01-22T09:33:33.991733Z","roleId":null,"role":null}}
=======================================================

=======================================================
Timestamp: 2026-01-22T12:18:31.9228094Z
Method: GET
URL: /api/products
Status: 200
Duration: 110 ms
UserId: 
Client IP: ::1
User-Agent: 
Controller: Products, Action: GetAll
Response Body: []
=======================================================

=======================================================
Timestamp: 2026-01-22T12:18:31.9234592Z
Method: GET
URL: /api/products
Status: 200
Duration: 125 ms
UserId: 
Client IP: ::1
User-Agent: 
Controller: Products, Action: GetAll
Response Body: []
=======================================================

=======================================================
Timestamp: 2026-01-22T12:18:36.0847561Z
Method: GET
URL: /api/products
Status: 200
Duration: 2 ms
UserId: 
Client IP: ::1
User-Agent: 
Controller: Products, Action: GetAll
Response Body: []
=======================================================

=======================================================
Timestamp: 2026-01-22T12:18:36.0911299Z
Method: GET
URL: /api/materials
Status: 200
Duration: 18 ms
UserId: 
Client IP: ::1
User-Agent: 
Controller: Materials, Action: GetAll
Response Body: []
=======================================================

=======================================================
Timestamp: 2026-01-22T12:18:36.0919843Z
Method: GET
URL: /api/materials
Status: 200
Duration: 6 ms
UserId: 
Client IP: ::1
User-Agent: 
Controller: Materials, Action: GetAll
Response Body: []
=======================================================

=======================================================
Timestamp: 2026-01-22T12:18:42.4513764Z
Method: GET
URL: /api/users
Status: 500
Duration: 3 ms
UserId: 
Client IP: ::1
User-Agent: 
Response Body: Error: A possible object cycle was detected. This can either be due to a cycle or if the object depth is larger than the maximum allowed depth of 32. Consider using ReferenceHandler.Preserve on JsonSerializerOptions to support cycles. Path: $.Role.Users.Role.Users.Role.Users.Role.Users.Role.Users.Role.Users.Role.Users.Role.Users.Role.Users.Role.Users.Id.
=======================================================

=======================================================
Timestamp: 2026-01-22T12:18:42.5562638Z
Method: GET
URL: /api/users
Status: 500
Duration: 7 ms
UserId: 
Client IP: ::1
User-Agent: 
Response Body: Error: A possible object cycle was detected. This can either be due to a cycle or if the object depth is larger than the maximum allowed depth of 32. Consider using ReferenceHandler.Preserve on JsonSerializerOptions to support cycles. Path: $.Role.Users.Role.Users.Role.Users.Role.Users.Role.Users.Role.Users.Role.Users.Role.Users.Role.Users.Role.Users.Id.
=======================================================

=======================================================
Timestamp: 2026-01-22T12:18:42.6006247Z
Method: GET
URL: /api/users
Status: 500
Duration: 3 ms
UserId: 
Client IP: ::1
User-Agent: 
Response Body: Error: A possible object cycle was detected. This can either be due to a cycle or if the object depth is larger than the maximum allowed depth of 32. Consider using ReferenceHandler.Preserve on JsonSerializerOptions to support cycles. Path: $.Role.Users.Role.Users.Role.Users.Role.Users.Role.Users.Role.Users.Role.Users.Role.Users.Role.Users.Role.Users.Id.
=======================================================

=======================================================
Timestamp: 2026-01-22T12:18:42.6038133Z
Method: GET
URL: /api/materials
Status: 200
Duration: 3 ms
UserId: 
Client IP: ::1
User-Agent: 
Controller: Materials, Action: GetAll
Response Body: []
=======================================================

=======================================================
Timestamp: 2026-01-22T12:18:42.6067159Z
Method: GET
URL: /api/products
Status: 200
Duration: 1 ms
UserId: 
Client IP: ::1
User-Agent: 
Controller: Products, Action: GetAll
Response Body: []
=======================================================

=======================================================
Timestamp: 2026-01-22T12:18:42.6249645Z
Method: GET
URL: /api/Roles
Status: 200
Duration: 2 ms
UserId: 
Client IP: ::1
User-Agent: 
Controller: Roles, Action: GetAll
Response Body: [{"id":1,"name":"Владелец","code":"Owner","description":"Полный доступ","rank":1,"users":[],"rolePermissions":[]},{"id":2,"name":"Администратор","code":"Admin","description":"Руководитель предприятия","rank":2,"users":[],"rolePermissions":[]},{"id":3,"name":"Старший экструзионщик","code":"SeniorExtruder","description":"Замещение администратора","rank":3,"users":[],"rolePermissions":[]},{"id":4,"name":"Старший кладовщик","code":"SeniorWarehouseman","description":"Склады и цеха","rank":3,"users":[],"rolePermissions":[]},{"id":5,"name":"Кладовщик готовой продукции","code":"FinishedGoodsWarehouseman","description":"Склад готовой продукции","rank":3,"users":[],"rolePermissions":[]},{"id":6,"name":"Экструзионщик","code":"Extruder","description":"Производство","rank":4,"users":[],"rolePermissions":[]},{"id":7,"name":"Кладовщик","code":"Warehouseman","description":"Склад","rank":4,"users":[],"rolePermissions":[]},{"id":8,"name":"Покрасочник","code":"Painter","description":"Цех покраски","rank":4,"users":[],"rolePermissions":[]},{"id":9,"name":"Старшая упаковщица","code":"SeniorPacker","description":"Упаковка","rank":4,"users":[],"rolePermissions":[]},{"id":10,"name":"ТПА","code":"TPA","description":"ТПА","rank":4,"users":[],"rolePermissions":[]},{"id":11,"name":"Утиль","code":"Utilization","description":"Цех утилизации","rank":4,"users":[],"rolePermissions":[]}]
=======================================================

=======================================================
Timestamp: 2026-01-22T12:19:19.3909216Z
Method: GET
URL: /api/materials
Status: 200
Duration: 2 ms
UserId: 
Client IP: ::1
User-Agent: 
Controller: Materials, Action: GetAll
Response Body: []
=======================================================

=======================================================
Timestamp: 2026-01-22T12:19:19.3913995Z
Method: GET
URL: /api/users
Status: 500
Duration: 3 ms
UserId: 
Client IP: ::1
User-Agent: 
Response Body: Error: A possible object cycle was detected. This can either be due to a cycle or if the object depth is larger than the maximum allowed depth of 32. Consider using ReferenceHandler.Preserve on JsonSerializerOptions to support cycles. Path: $.Role.Users.Role.Users.Role.Users.Role.Users.Role.Users.Role.Users.Role.Users.Role.Users.Role.Users.Role.Users.Id.
=======================================================

=======================================================
Timestamp: 2026-01-22T12:19:19.5343464Z
Method: GET
URL: /api/users/search?name=a
Status: 200
Duration: 139 ms
UserId: 
Client IP: ::1
User-Agent: 
Controller: Users, Action: GetByNameOrSurname
Response Body: [{"id":3,"login":"eva","encryptedPassword":"67","name":"Eva","surname":"EvaEva","email":"eva@eva.com","phone":"","createdAt":"2026-01-22T10:35:25.894086Z","roleId":null,"role":null,"alarmEvents":[],"sentPartRequests":[],"receivedPartRequests":[],"sentShiftTransfers":[],"receivedShiftTransfers":[]},{"id":2,"login":"adam","encryptedPassword":"5252","name":"adam","surname":"first","email":"g@g.com","phone":"","createdAt":"2026-01-22T09:41:42.056633Z","roleId":null,"role":null,"alarmEvents":[],"sentPartRequests":[],"receivedPartRequests":[],"sentShiftTransfers":[],"receivedShiftTransfers":[]}]
=======================================================

=======================================================
Timestamp: 2026-01-22T12:19:20.3872516Z
Method: GET
URL: /api/users
Status: 500
Duration: 44 ms
UserId: 
Client IP: ::1
User-Agent: 
Response Body: Error: A possible object cycle was detected. This can either be due to a cycle or if the object depth is larger than the maximum allowed depth of 32. Consider using ReferenceHandler.Preserve on JsonSerializerOptions to support cycles. Path: $.Role.Users.Role.Users.Role.Users.Role.Users.Role.Users.Role.Users.Role.Users.Role.Users.Role.Users.Role.Users.Id.
=======================================================

=======================================================
Timestamp: 2026-01-22T12:19:20.4990943Z
Method: GET
URL: /api/users/search?name=ad
Status: 200
Duration: 6 ms
UserId: 
Client IP: ::1
User-Agent: 
Controller: Users, Action: GetByNameOrSurname
Response Body: [{"id":2,"login":"adam","encryptedPassword":"5252","name":"adam","surname":"first","email":"g@g.com","phone":"","createdAt":"2026-01-22T09:41:42.056633Z","roleId":null,"role":null,"alarmEvents":[],"sentPartRequests":[],"receivedPartRequests":[],"sentShiftTransfers":[],"receivedShiftTransfers":[]}]
=======================================================

=======================================================
Timestamp: 2026-01-22T12:19:20.5446542Z
Method: GET
URL: /api/users
Status: 500
Duration: 4 ms
UserId: 
Client IP: ::1
User-Agent: 
Response Body: Error: A possible object cycle was detected. This can either be due to a cycle or if the object depth is larger than the maximum allowed depth of 32. Consider using ReferenceHandler.Preserve on JsonSerializerOptions to support cycles. Path: $.Role.Users.Role.Users.Role.Users.Role.Users.Role.Users.Role.Users.Role.Users.Role.Users.Role.Users.Role.Users.Id.
=======================================================

=======================================================
Timestamp: 2026-01-22T12:19:20.5536536Z
Method: GET
URL: /api/users/search?name=ada
Status: 200
Duration: 2 ms
UserId: 
Client IP: ::1
User-Agent: 
Controller: Users, Action: GetByNameOrSurname
Response Body: [{"id":2,"login":"adam","encryptedPassword":"5252","name":"adam","surname":"first","email":"g@g.com","phone":"","createdAt":"2026-01-22T09:41:42.056633Z","roleId":null,"role":null,"alarmEvents":[],"sentPartRequests":[],"receivedPartRequests":[],"sentShiftTransfers":[],"receivedShiftTransfers":[]}]
=======================================================

=======================================================
Timestamp: 2026-01-22T12:19:21.2216861Z
Method: GET
URL: /api/materials
Status: 200
Duration: 0 ms
UserId: 
Client IP: ::1
User-Agent: 
Controller: Materials, Action: GetAll
Response Body: []
=======================================================

=======================================================
Timestamp: 2026-01-22T12:19:21.2248637Z
Method: GET
URL: /api/users
Status: 500
Duration: 4 ms
UserId: 
Client IP: ::1
User-Agent: 
Response Body: Error: A possible object cycle was detected. This can either be due to a cycle or if the object depth is larger than the maximum allowed depth of 32. Consider using ReferenceHandler.Preserve on JsonSerializerOptions to support cycles. Path: $.Role.Users.Role.Users.Role.Users.Role.Users.Role.Users.Role.Users.Role.Users.Role.Users.Role.Users.Role.Users.Id.
=======================================================

=======================================================
Timestamp: 2026-01-22T12:19:21.2281670Z
Method: GET
URL: /api/users/search?name=ad
Status: 200
Duration: 3 ms
UserId: 
Client IP: ::1
User-Agent: 
Controller: Users, Action: GetByNameOrSurname
Response Body: [{"id":2,"login":"adam","encryptedPassword":"5252","name":"adam","surname":"first","email":"g@g.com","phone":"","createdAt":"2026-01-22T09:41:42.056633Z","roleId":null,"role":null,"alarmEvents":[],"sentPartRequests":[],"receivedPartRequests":[],"sentShiftTransfers":[],"receivedShiftTransfers":[]}]
=======================================================

=======================================================
Timestamp: 2026-01-22T12:19:21.3982971Z
Method: GET
URL: /api/materials
Status: 200
Duration: 1 ms
UserId: 
Client IP: ::1
User-Agent: 
Controller: Materials, Action: GetAll
Response Body: []
=======================================================

=======================================================
Timestamp: 2026-01-22T12:19:21.3989886Z
Method: GET
URL: /api/users/search?name=a
Status: 200
Duration: 3 ms
UserId: 
Client IP: ::1
User-Agent: 
Controller: Users, Action: GetByNameOrSurname
Response Body: [{"id":3,"login":"eva","encryptedPassword":"67","name":"Eva","surname":"EvaEva","email":"eva@eva.com","phone":"","createdAt":"2026-01-22T10:35:25.894086Z","roleId":null,"role":null,"alarmEvents":[],"sentPartRequests":[],"receivedPartRequests":[],"sentShiftTransfers":[],"receivedShiftTransfers":[]},{"id":2,"login":"adam","encryptedPassword":"5252","name":"adam","surname":"first","email":"g@g.com","phone":"","createdAt":"2026-01-22T09:41:42.056633Z","roleId":null,"role":null,"alarmEvents":[],"sentPartRequests":[],"receivedPartRequests":[],"sentShiftTransfers":[],"receivedShiftTransfers":[]}]
=======================================================

=======================================================
Timestamp: 2026-01-22T12:19:21.4013761Z
Method: GET
URL: /api/users
Status: 500
Duration: 4 ms
UserId: 
Client IP: ::1
User-Agent: 
Response Body: Error: A possible object cycle was detected. This can either be due to a cycle or if the object depth is larger than the maximum allowed depth of 32. Consider using ReferenceHandler.Preserve on JsonSerializerOptions to support cycles. Path: $.Role.Users.Role.Users.Role.Users.Role.Users.Role.Users.Role.Users.Role.Users.Role.Users.Role.Users.Role.Users.Id.
=======================================================

=======================================================
Timestamp: 2026-01-22T12:19:21.5643373Z
Method: GET
URL: /api/materials
Status: 200
Duration: 0 ms
UserId: 
Client IP: ::1
User-Agent: 
Controller: Materials, Action: GetAll
Response Body: []
=======================================================

=======================================================
Timestamp: 2026-01-22T12:19:21.5678250Z
Method: GET
URL: /api/users
Status: 500
Duration: 6 ms
UserId: 
Client IP: ::1
User-Agent: 
Response Body: Error: A possible object cycle was detected. This can either be due to a cycle or if the object depth is larger than the maximum allowed depth of 32. Consider using ReferenceHandler.Preserve on JsonSerializerOptions to support cycles. Path: $.Role.Users.Role.Users.Role.Users.Role.Users.Role.Users.Role.Users.Role.Users.Role.Users.Role.Users.Role.Users.Id.
=======================================================

=======================================================
Timestamp: 2026-01-22T12:19:21.5707651Z
Method: GET
URL: /api/users
Status: 500
Duration: 7 ms
UserId: 
Client IP: ::1
User-Agent: 
Response Body: Error: A possible object cycle was detected. This can either be due to a cycle or if the object depth is larger than the maximum allowed depth of 32. Consider using ReferenceHandler.Preserve on JsonSerializerOptions to support cycles. Path: $.Role.Users.Role.Users.Role.Users.Role.Users.Role.Users.Role.Users.Role.Users.Role.Users.Role.Users.Role.Users.Id.
=======================================================

=======================================================
Timestamp: 2026-01-22T12:19:23.1541325Z
Method: GET
URL: /api/materials
Status: 200
Duration: 3 ms
UserId: 
Client IP: ::1
User-Agent: 
Controller: Materials, Action: GetAll
Response Body: []
=======================================================

=======================================================
Timestamp: 2026-01-22T12:19:23.1584427Z
Method: GET
URL: /api/users
Status: 500
Duration: 10 ms
UserId: 
Client IP: ::1
User-Agent: 
Response Body: Error: A possible object cycle was detected. This can either be due to a cycle or if the object depth is larger than the maximum allowed depth of 32. Consider using ReferenceHandler.Preserve on JsonSerializerOptions to support cycles. Path: $.Role.Users.Role.Users.Role.Users.Role.Users.Role.Users.Role.Users.Role.Users.Role.Users.Role.Users.Role.Users.Id.
=======================================================

=======================================================
Timestamp: 2026-01-22T12:19:23.2783636Z
Method: GET
URL: /api/materials
Status: 200
Duration: 1 ms
UserId: 
Client IP: ::1
User-Agent: 
Controller: Materials, Action: GetAll
Response Body: []
=======================================================

=======================================================
Timestamp: 2026-01-22T12:19:23.2825534Z
Method: GET
URL: /api/users
Status: 500
Duration: 4 ms
UserId: 
Client IP: ::1
User-Agent: 
Response Body: Error: A possible object cycle was detected. This can either be due to a cycle or if the object depth is larger than the maximum allowed depth of 32. Consider using ReferenceHandler.Preserve on JsonSerializerOptions to support cycles. Path: $.Role.Users.Role.Users.Role.Users.Role.Users.Role.Users.Role.Users.Role.Users.Role.Users.Role.Users.Role.Users.Id.
=======================================================

=======================================================
Timestamp: 2026-01-22T12:19:23.2838313Z
Method: GET
URL: /api/users/search?name=ad
Status: 200
Duration: 5 ms
UserId: 
Client IP: ::1
User-Agent: 
Controller: Users, Action: GetByNameOrSurname
Response Body: [{"id":2,"login":"adam","encryptedPassword":"5252","name":"adam","surname":"first","email":"g@g.com","phone":"","createdAt":"2026-01-22T09:41:42.056633Z","roleId":null,"role":null,"alarmEvents":[],"sentPartRequests":[],"receivedPartRequests":[],"sentShiftTransfers":[],"receivedShiftTransfers":[]}]
=======================================================

=======================================================
Timestamp: 2026-01-22T12:19:23.3806259Z
Method: GET
URL: /api/users
Status: 500
Duration: 3 ms
UserId: 
Client IP: ::1
User-Agent: 
Response Body: Error: A possible object cycle was detected. This can either be due to a cycle or if the object depth is larger than the maximum allowed depth of 32. Consider using ReferenceHandler.Preserve on JsonSerializerOptions to support cycles. Path: $.Role.Users.Role.Users.Role.Users.Role.Users.Role.Users.Role.Users.Role.Users.Role.Users.Role.Users.Role.Users.Id.
=======================================================

=======================================================
Timestamp: 2026-01-22T12:19:23.3809323Z
Method: GET
URL: /api/materials
Status: 200
Duration: 1 ms
UserId: 
Client IP: ::1
User-Agent: 
Controller: Materials, Action: GetAll
Response Body: []
=======================================================

=======================================================
Timestamp: 2026-01-22T12:19:23.3831961Z
Method: GET
URL: /api/users/search?name=ada
Status: 200
Duration: 3 ms
UserId: 
Client IP: ::1
User-Agent: 
Controller: Users, Action: GetByNameOrSurname
Response Body: [{"id":2,"login":"adam","encryptedPassword":"5252","name":"adam","surname":"first","email":"g@g.com","phone":"","createdAt":"2026-01-22T09:41:42.056633Z","roleId":null,"role":null,"alarmEvents":[],"sentPartRequests":[],"receivedPartRequests":[],"sentShiftTransfers":[],"receivedShiftTransfers":[]}]
=======================================================

=======================================================
Timestamp: 2026-01-22T12:19:24.4080608Z
Method: GET
URL: /api/users
Status: 500
Duration: 2 ms
UserId: 
Client IP: ::1
User-Agent: 
Response Body: Error: A possible object cycle was detected. This can either be due to a cycle or if the object depth is larger than the maximum allowed depth of 32. Consider using ReferenceHandler.Preserve on JsonSerializerOptions to support cycles. Path: $.Role.Users.Role.Users.Role.Users.Role.Users.Role.Users.Role.Users.Role.Users.Role.Users.Role.Users.Role.Users.Id.
=======================================================

=======================================================
Timestamp: 2026-01-22T12:19:24.4109843Z
Method: GET
URL: /api/users/search?name=ad
Status: 200
Duration: 2 ms
UserId: 
Client IP: ::1
User-Agent: 
Controller: Users, Action: GetByNameOrSurname
Response Body: [{"id":2,"login":"adam","encryptedPassword":"5252","name":"adam","surname":"first","email":"g@g.com","phone":"","createdAt":"2026-01-22T09:41:42.056633Z","roleId":null,"role":null,"alarmEvents":[],"sentPartRequests":[],"receivedPartRequests":[],"sentShiftTransfers":[],"receivedShiftTransfers":[]}]
=======================================================

=======================================================
Timestamp: 2026-01-22T12:19:24.5721196Z
Method: GET
URL: /api/materials
Status: 200
Duration: 2 ms
UserId: 
Client IP: ::1
User-Agent: 
Controller: Materials, Action: GetAll
Response Body: []
=======================================================

=======================================================
Timestamp: 2026-01-22T12:19:24.5764099Z
Method: GET
URL: /api/users
Status: 500
Duration: 6 ms
UserId: 
Client IP: ::1
User-Agent: 
Response Body: Error: A possible object cycle was detected. This can either be due to a cycle or if the object depth is larger than the maximum allowed depth of 32. Consider using ReferenceHandler.Preserve on JsonSerializerOptions to support cycles. Path: $.Role.Users.Role.Users.Role.Users.Role.Users.Role.Users.Role.Users.Role.Users.Role.Users.Role.Users.Role.Users.Id.
=======================================================

=======================================================
Timestamp: 2026-01-22T12:19:24.5771404Z
Method: GET
URL: /api/users/search?name=a
Status: 200
Duration: 2 ms
UserId: 
Client IP: ::1
User-Agent: 
Controller: Users, Action: GetByNameOrSurname
Response Body: [{"id":3,"login":"eva","encryptedPassword":"67","name":"Eva","surname":"EvaEva","email":"eva@eva.com","phone":"","createdAt":"2026-01-22T10:35:25.894086Z","roleId":null,"role":null,"alarmEvents":[],"sentPartRequests":[],"receivedPartRequests":[],"sentShiftTransfers":[],"receivedShiftTransfers":[]},{"id":2,"login":"adam","encryptedPassword":"5252","name":"adam","surname":"first","email":"g@g.com","phone":"","createdAt":"2026-01-22T09:41:42.056633Z","roleId":null,"role":null,"alarmEvents":[],"sentPartRequests":[],"receivedPartRequests":[],"sentShiftTransfers":[],"receivedShiftTransfers":[]}]
=======================================================

=======================================================
Timestamp: 2026-01-22T12:19:24.7244192Z
Method: GET
URL: /api/materials
Status: 200
Duration: 1 ms
UserId: 
Client IP: ::1
User-Agent: 
Controller: Materials, Action: GetAll
Response Body: []
=======================================================

=======================================================
Timestamp: 2026-01-22T12:19:24.7317483Z
Method: GET
URL: /api/users
Status: 500
Duration: 5 ms
UserId: 
Client IP: ::1
User-Agent: 
Response Body: Error: A possible object cycle was detected. This can either be due to a cycle or if the object depth is larger than the maximum allowed depth of 32. Consider using ReferenceHandler.Preserve on JsonSerializerOptions to support cycles. Path: $.Role.Users.Role.Users.Role.Users.Role.Users.Role.Users.Role.Users.Role.Users.Role.Users.Role.Users.Role.Users.Id.
=======================================================

=======================================================
Timestamp: 2026-01-22T12:19:24.7481807Z
Method: GET
URL: /api/users
Status: 500
Duration: 20 ms
UserId: 
Client IP: ::1
User-Agent: 
Response Body: Error: A possible object cycle was detected. This can either be due to a cycle or if the object depth is larger than the maximum allowed depth of 32. Consider using ReferenceHandler.Preserve on JsonSerializerOptions to support cycles. Path: $.Role.Users.Role.Users.Role.Users.Role.Users.Role.Users.Role.Users.Role.Users.Role.Users.Role.Users.Role.Users.Id.
=======================================================

=======================================================
Timestamp: 2026-01-22T12:19:28.5303890Z
Method: GET
URL: /api/users
Status: 500
Duration: 3 ms
UserId: 
Client IP: ::1
User-Agent: 
Response Body: Error: A possible object cycle was detected. This can either be due to a cycle or if the object depth is larger than the maximum allowed depth of 32. Consider using ReferenceHandler.Preserve on JsonSerializerOptions to support cycles. Path: $.Role.Users.Role.Users.Role.Users.Role.Users.Role.Users.Role.Users.Role.Users.Role.Users.Role.Users.Role.Users.Id.
=======================================================

=======================================================
Timestamp: 2026-01-22T12:19:28.5314284Z
Method: GET
URL: /api/materials
Status: 200
Duration: 0 ms
UserId: 
Client IP: ::1
User-Agent: 
Controller: Materials, Action: GetAll
Response Body: []
=======================================================

=======================================================
Timestamp: 2026-01-22T12:19:28.5397586Z
Method: GET
URL: /api/users
Status: 500
Duration: 7 ms
UserId: 
Client IP: ::1
User-Agent: 
Response Body: Error: A possible object cycle was detected. This can either be due to a cycle or if the object depth is larger than the maximum allowed depth of 32. Consider using ReferenceHandler.Preserve on JsonSerializerOptions to support cycles. Path: $.Role.Users.Role.Users.Role.Users.Role.Users.Role.Users.Role.Users.Role.Users.Role.Users.Role.Users.Role.Users.Id.
=======================================================

=======================================================
Timestamp: 2026-01-22T12:19:28.5410724Z
Method: GET
URL: /api/users
Status: 500
Duration: 5 ms
UserId: 
Client IP: ::1
User-Agent: 
Response Body: Error: A possible object cycle was detected. This can either be due to a cycle or if the object depth is larger than the maximum allowed depth of 32. Consider using ReferenceHandler.Preserve on JsonSerializerOptions to support cycles. Path: $.Role.Users.Role.Users.Role.Users.Role.Users.Role.Users.Role.Users.Role.Users.Role.Users.Role.Users.Role.Users.Id.
=======================================================

=======================================================
Timestamp: 2026-01-22T12:19:28.7150788Z
Method: GET
URL: /api/materials
Status: 200
Duration: 7 ms
UserId: 
Client IP: ::1
User-Agent: 
Controller: Materials, Action: GetAll
Response Body: []
=======================================================

=======================================================
Timestamp: 2026-01-22T12:19:28.8172334Z
Method: GET
URL: /api/users
Status: 500
Duration: 12 ms
UserId: 
Client IP: ::1
User-Agent: 
Response Body: Error: A possible object cycle was detected. This can either be due to a cycle or if the object depth is larger than the maximum allowed depth of 32. Consider using ReferenceHandler.Preserve on JsonSerializerOptions to support cycles. Path: $.Role.Users.Role.Users.Role.Users.Role.Users.Role.Users.Role.Users.Role.Users.Role.Users.Role.Users.Role.Users.Id.
=======================================================

=======================================================
Timestamp: 2026-01-22T12:19:34.0953590Z
Method: GET
URL: /api/materials
Status: 200
Duration: 1 ms
UserId: 
Client IP: ::1
User-Agent: 
Controller: Materials, Action: GetAll
Response Body: []
=======================================================

=======================================================
Timestamp: 2026-01-22T12:19:34.0989964Z
Method: GET
URL: /api/users
Status: 500
Duration: 4 ms
UserId: 
Client IP: ::1
User-Agent: 
Response Body: Error: A possible object cycle was detected. This can either be due to a cycle or if the object depth is larger than the maximum allowed depth of 32. Consider using ReferenceHandler.Preserve on JsonSerializerOptions to support cycles. Path: $.Role.Users.Role.Users.Role.Users.Role.Users.Role.Users.Role.Users.Role.Users.Role.Users.Role.Users.Role.Users.Id.
=======================================================

=======================================================
Timestamp: 2026-01-22T12:19:34.1185576Z
Method: GET
URL: /api/materials
Status: 200
Duration: 1 ms
UserId: 
Client IP: ::1
User-Agent: 
Controller: Materials, Action: GetAll
Response Body: []
=======================================================

=======================================================
Timestamp: 2026-01-22T12:19:34.2176290Z
Method: GET
URL: /api/users
Status: 500
Duration: 5 ms
UserId: 
Client IP: ::1
User-Agent: 
Response Body: Error: A possible object cycle was detected. This can either be due to a cycle or if the object depth is larger than the maximum allowed depth of 32. Consider using ReferenceHandler.Preserve on JsonSerializerOptions to support cycles. Path: $.Role.Users.Role.Users.Role.Users.Role.Users.Role.Users.Role.Users.Role.Users.Role.Users.Role.Users.Role.Users.Id.
=======================================================

=======================================================
Timestamp: 2026-01-22T12:19:34.2180436Z
Method: GET
URL: /api/materials
Status: 200
Duration: 5 ms
UserId: 
Client IP: ::1
User-Agent: 
Controller: Materials, Action: GetAll
Response Body: []
=======================================================

=======================================================
Timestamp: 2026-01-22T12:19:37.4840039Z
Method: GET
URL: /api/materials
Status: 200
Duration: 1 ms
UserId: 
Client IP: ::1
User-Agent: 
Controller: Materials, Action: GetAll
Response Body: []
=======================================================

=======================================================
Timestamp: 2026-01-22T12:19:37.4856261Z
Method: GET
URL: /api/users
Status: 500
Duration: 2 ms
UserId: 
Client IP: ::1
User-Agent: 
Response Body: Error: A possible object cycle was detected. This can either be due to a cycle or if the object depth is larger than the maximum allowed depth of 32. Consider using ReferenceHandler.Preserve on JsonSerializerOptions to support cycles. Path: $.Role.Users.Role.Users.Role.Users.Role.Users.Role.Users.Role.Users.Role.Users.Role.Users.Role.Users.Role.Users.Id.
=======================================================

=======================================================
Timestamp: 2026-01-22T12:19:37.4867157Z
Method: GET
URL: /api/users
Status: 500
Duration: 2 ms
UserId: 
Client IP: ::1
User-Agent: 
Response Body: Error: A possible object cycle was detected. This can either be due to a cycle or if the object depth is larger than the maximum allowed depth of 32. Consider using ReferenceHandler.Preserve on JsonSerializerOptions to support cycles. Path: $.Role.Users.Role.Users.Role.Users.Role.Users.Role.Users.Role.Users.Role.Users.Role.Users.Role.Users.Role.Users.Id.
=======================================================

=======================================================
Timestamp: 2026-01-22T12:19:37.4991668Z
Method: GET
URL: /api/materials
Status: 200
Duration: 1 ms
UserId: 
Client IP: ::1
User-Agent: 
Controller: Materials, Action: GetAll
Response Body: []
=======================================================

=======================================================
Timestamp: 2026-01-22T12:19:37.6080038Z
Method: GET
URL: /api/users
Status: 500
Duration: 15 ms
UserId: 
Client IP: ::1
User-Agent: 
Response Body: Error: A possible object cycle was detected. This can either be due to a cycle or if the object depth is larger than the maximum allowed depth of 32. Consider using ReferenceHandler.Preserve on JsonSerializerOptions to support cycles. Path: $.Role.Users.Role.Users.Role.Users.Role.Users.Role.Users.Role.Users.Role.Users.Role.Users.Role.Users.Role.Users.Id.
=======================================================

=======================================================
Timestamp: 2026-01-22T12:19:37.6082836Z
Method: GET
URL: /api/users
Status: 500
Duration: 11 ms
UserId: 
Client IP: ::1
User-Agent: 
Response Body: Error: A possible object cycle was detected. This can either be due to a cycle or if the object depth is larger than the maximum allowed depth of 32. Consider using ReferenceHandler.Preserve on JsonSerializerOptions to support cycles. Path: $.Role.Users.Role.Users.Role.Users.Role.Users.Role.Users.Role.Users.Role.Users.Role.Users.Role.Users.Role.Users.Id.
=======================================================

=======================================================
Timestamp: 2026-01-22T12:19:37.6471854Z
Method: GET
URL: /api/materials
Status: 200
Duration: 1 ms
UserId: 
Client IP: ::1
User-Agent: 
Controller: Materials, Action: GetAll
Response Body: []
=======================================================

=======================================================
Timestamp: 2026-01-22T12:19:37.6497157Z
Method: GET
URL: /api/users
Status: 500
Duration: 5 ms
UserId: 
Client IP: ::1
User-Agent: 
Response Body: Error: A possible object cycle was detected. This can either be due to a cycle or if the object depth is larger than the maximum allowed depth of 32. Consider using ReferenceHandler.Preserve on JsonSerializerOptions to support cycles. Path: $.Role.Users.Role.Users.Role.Users.Role.Users.Role.Users.Role.Users.Role.Users.Role.Users.Role.Users.Role.Users.Id.
=======================================================

=======================================================
Timestamp: 2026-01-22T12:19:37.6526337Z
Method: GET
URL: /api/users
Status: 500
Duration: 4 ms
UserId: 
Client IP: ::1
User-Agent: 
Response Body: Error: A possible object cycle was detected. This can either be due to a cycle or if the object depth is larger than the maximum allowed depth of 32. Consider using ReferenceHandler.Preserve on JsonSerializerOptions to support cycles. Path: $.Role.Users.Role.Users.Role.Users.Role.Users.Role.Users.Role.Users.Role.Users.Role.Users.Role.Users.Role.Users.Id.
=======================================================

=======================================================
Timestamp: 2026-01-22T12:19:37.6554714Z
Method: GET
URL: /api/users
Status: 500
Duration: 5 ms
UserId: 
Client IP: ::1
User-Agent: 
Response Body: Error: A possible object cycle was detected. This can either be due to a cycle or if the object depth is larger than the maximum allowed depth of 32. Consider using ReferenceHandler.Preserve on JsonSerializerOptions to support cycles. Path: $.Role.Users.Role.Users.Role.Users.Role.Users.Role.Users.Role.Users.Role.Users.Role.Users.Role.Users.Role.Users.Id.
=======================================================

=======================================================
Timestamp: 2026-01-22T12:19:37.6607231Z
Method: GET
URL: /api/Roles
Status: 200
Duration: 1 ms
UserId: 
Client IP: ::1
User-Agent: 
Controller: Roles, Action: GetAll
Response Body: [{"id":1,"name":"Владелец","code":"Owner","description":"Полный доступ","rank":1,"users":[],"rolePermissions":[]},{"id":2,"name":"Администратор","code":"Admin","description":"Руководитель предприятия","rank":2,"users":[],"rolePermissions":[]},{"id":3,"name":"Старший экструзионщик","code":"SeniorExtruder","description":"Замещение администратора","rank":3,"users":[],"rolePermissions":[]},{"id":4,"name":"Старший кладовщик","code":"SeniorWarehouseman","description":"Склады и цеха","rank":3,"users":[],"rolePermissions":[]},{"id":5,"name":"Кладовщик готовой продукции","code":"FinishedGoodsWarehouseman","description":"Склад готовой продукции","rank":3,"users":[],"rolePermissions":[]},{"id":6,"name":"Экструзионщик","code":"Extruder","description":"Производство","rank":4,"users":[],"rolePermissions":[]},{"id":7,"name":"Кладовщик","code":"Warehouseman","description":"Склад","rank":4,"users":[],"rolePermissions":[]},{"id":8,"name":"Покрасочник","code":"Painter","description":"Цех покраски","rank":4,"users":[],"rolePermissions":[]},{"id":9,"name":"Старшая упаковщица","code":"SeniorPacker","description":"Упаковка","rank":4,"users":[],"rolePermissions":[]},{"id":10,"name":"ТПА","code":"TPA","description":"ТПА","rank":4,"users":[],"rolePermissions":[]},{"id":11,"name":"Утиль","code":"Utilization","description":"Цех утилизации","rank":4,"users":[],"rolePermissions":[]}]
=======================================================

=======================================================
Timestamp: 2026-01-22T12:20:05.8571383Z
Method: GET
URL: /api/materials
Status: 200
Duration: 1 ms
UserId: 
Client IP: ::1
User-Agent: 
Controller: Materials, Action: GetAll
Response Body: []
=======================================================

=======================================================
Timestamp: 2026-01-22T12:20:05.8585659Z
Method: GET
URL: /api/users
Status: 500
Duration: 3 ms
UserId: 
Client IP: ::1
User-Agent: 
Response Body: Error: A possible object cycle was detected. This can either be due to a cycle or if the object depth is larger than the maximum allowed depth of 32. Consider using ReferenceHandler.Preserve on JsonSerializerOptions to support cycles. Path: $.Role.Users.Role.Users.Role.Users.Role.Users.Role.Users.Role.Users.Role.Users.Role.Users.Role.Users.Role.Users.Id.
=======================================================

=======================================================
Timestamp: 2026-01-22T12:20:05.8652792Z
Method: GET
URL: /api/materials
Status: 200
Duration: 2 ms
UserId: 
Client IP: ::1
User-Agent: 
Controller: Materials, Action: GetAll
Response Body: []
=======================================================

=======================================================
Timestamp: 2026-01-22T12:20:05.8716965Z
Method: GET
URL: /api/Roles
Status: 200
Duration: 1 ms
UserId: 
Client IP: ::1
User-Agent: 
Controller: Roles, Action: GetAll
Response Body: [{"id":1,"name":"Владелец","code":"Owner","description":"Полный доступ","rank":1,"users":[],"rolePermissions":[]},{"id":2,"name":"Администратор","code":"Admin","description":"Руководитель предприятия","rank":2,"users":[],"rolePermissions":[]},{"id":3,"name":"Старший экструзионщик","code":"SeniorExtruder","description":"Замещение администратора","rank":3,"users":[],"rolePermissions":[]},{"id":4,"name":"Старший кладовщик","code":"SeniorWarehouseman","description":"Склады и цеха","rank":3,"users":[],"rolePermissions":[]},{"id":5,"name":"Кладовщик готовой продукции","code":"FinishedGoodsWarehouseman","description":"Склад готовой продукции","rank":3,"users":[],"rolePermissions":[]},{"id":6,"name":"Экструзионщик","code":"Extruder","description":"Производство","rank":4,"users":[],"rolePermissions":[]},{"id":7,"name":"Кладовщик","code":"Warehouseman","description":"Склад","rank":4,"users":[],"rolePermissions":[]},{"id":8,"name":"Покрасочник","code":"Painter","description":"Цех покраски","rank":4,"users":[],"rolePermissions":[]},{"id":9,"name":"Старшая упаковщица","code":"SeniorPacker","description":"Упаковка","rank":4,"users":[],"rolePermissions":[]},{"id":10,"name":"ТПА","code":"TPA","description":"ТПА","rank":4,"users":[],"rolePermissions":[]},{"id":11,"name":"Утиль","code":"Utilization","description":"Цех утилизации","rank":4,"users":[],"rolePermissions":[]}]
=======================================================

=======================================================
Timestamp: 2026-01-22T12:20:05.8761663Z
Method: GET
URL: /api/users
Status: 500
Duration: 7 ms
UserId: 
Client IP: ::1
User-Agent: 
Response Body: Error: A possible object cycle was detected. This can either be due to a cycle or if the object depth is larger than the maximum allowed depth of 32. Consider using ReferenceHandler.Preserve on JsonSerializerOptions to support cycles. Path: $.Role.Users.Role.Users.Role.Users.Role.Users.Role.Users.Role.Users.Role.Users.Role.Users.Role.Users.Role.Users.Id.
=======================================================

=======================================================
Timestamp: 2026-01-22T12:20:08.5643389Z
Method: GET
URL: /api/materials
Status: 200
Duration: 1 ms
UserId: 
Client IP: ::1
User-Agent: 
Controller: Materials, Action: GetAll
Response Body: []
=======================================================

=======================================================
Timestamp: 2026-01-22T12:20:08.5648772Z
Method: GET
URL: /api/users
Status: 500
Duration: 2 ms
UserId: 
Client IP: ::1
User-Agent: 
Response Body: Error: A possible object cycle was detected. This can either be due to a cycle or if the object depth is larger than the maximum allowed depth of 32. Consider using ReferenceHandler.Preserve on JsonSerializerOptions to support cycles. Path: $.Role.Users.Role.Users.Role.Users.Role.Users.Role.Users.Role.Users.Role.Users.Role.Users.Role.Users.Role.Users.Id.
=======================================================

=======================================================
Timestamp: 2026-01-22T12:20:08.5674840Z
Method: GET
URL: /api/users
Status: 500
Duration: 2 ms
UserId: 
Client IP: ::1
User-Agent: 
Response Body: Error: A possible object cycle was detected. This can either be due to a cycle or if the object depth is larger than the maximum allowed depth of 32. Consider using ReferenceHandler.Preserve on JsonSerializerOptions to support cycles. Path: $.Role.Users.Role.Users.Role.Users.Role.Users.Role.Users.Role.Users.Role.Users.Role.Users.Role.Users.Role.Users.Id.
=======================================================

=======================================================
Timestamp: 2026-01-22T12:20:08.5716699Z
Method: GET
URL: /api/users
Status: 500
Duration: 2 ms
UserId: 
Client IP: ::1
User-Agent: 
Response Body: Error: A possible object cycle was detected. This can either be due to a cycle or if the object depth is larger than the maximum allowed depth of 32. Consider using ReferenceHandler.Preserve on JsonSerializerOptions to support cycles. Path: $.Role.Users.Role.Users.Role.Users.Role.Users.Role.Users.Role.Users.Role.Users.Role.Users.Role.Users.Role.Users.Id.
=======================================================

=======================================================
Timestamp: 2026-01-22T12:20:08.5727743Z
Method: GET
URL: /api/materials
Status: 200
Duration: 1 ms
UserId: 
Client IP: ::1
User-Agent: 
Controller: Materials, Action: GetAll
Response Body: []
=======================================================

=======================================================
Timestamp: 2026-01-22T12:20:09.0586382Z
Method: POST
URL: /api/users
Status: 201
Duration: 472 ms
UserId: 
Client IP: ::1
User-Agent: 
Controller: Users, Action: CreateUser
Response Body: {"message":"User created successfully","user":{"id":5,"login":"user","encryptedPassword":"$2a$11$mHnvmUYeNwuqwyvUnZLFOOzIKWPYdIavEsmeRU.l4W6mI5EkHxLdq","name":"польз","surname":"да","email":"i@user.co","phone":"","createdAt":"2026-01-22T12:20:09.0230478Z","roleId":null,"role":null,"alarmEvents":[],"sentPartRequests":[],"receivedPartRequests":[],"sentShiftTransfers":[],"receivedShiftTransfers":[]}}
=======================================================

=======================================================
Timestamp: 2026-01-22T12:20:09.0671758Z
Method: GET
URL: /api/materials
Status: 200
Duration: 1 ms
UserId: 
Client IP: ::1
User-Agent: 
Controller: Materials, Action: GetAll
Response Body: []
=======================================================

=======================================================
Timestamp: 2026-01-22T12:20:09.0711397Z
Method: GET
URL: /api/users
Status: 500
Duration: 3 ms
UserId: 
Client IP: ::1
User-Agent: 
Response Body: Error: A possible object cycle was detected. This can either be due to a cycle or if the object depth is larger than the maximum allowed depth of 32. Consider using ReferenceHandler.Preserve on JsonSerializerOptions to support cycles. Path: $.Role.Users.Role.Users.Role.Users.Role.Users.Role.Users.Role.Users.Role.Users.Role.Users.Role.Users.Role.Users.Id.
=======================================================

=======================================================
Timestamp: 2026-01-22T12:20:09.0806665Z
Method: GET
URL: /api/materials
Status: 200
Duration: 1 ms
UserId: 
Client IP: ::1
User-Agent: 
Controller: Materials, Action: GetAll
Response Body: []
=======================================================

=======================================================
Timestamp: 2026-01-22T12:20:09.0838459Z
Method: GET
URL: /api/users
Status: 500
Duration: 14 ms
UserId: 
Client IP: ::1
User-Agent: 
Response Body: Error: A possible object cycle was detected. This can either be due to a cycle or if the object depth is larger than the maximum allowed depth of 32. Consider using ReferenceHandler.Preserve on JsonSerializerOptions to support cycles. Path: $.Role.Users.Role.Users.Role.Users.Role.Users.Role.Users.Role.Users.Role.Users.Role.Users.Role.Users.Role.Users.Id.
=======================================================

=======================================================
Timestamp: 2026-01-22T12:20:09.0839205Z
Method: GET
URL: /api/users
Status: 500
Duration: 9 ms
UserId: 
Client IP: ::1
User-Agent: 
Response Body: Error: A possible object cycle was detected. This can either be due to a cycle or if the object depth is larger than the maximum allowed depth of 32. Consider using ReferenceHandler.Preserve on JsonSerializerOptions to support cycles. Path: $.Role.Users.Role.Users.Role.Users.Role.Users.Role.Users.Role.Users.Role.Users.Role.Users.Role.Users.Role.Users.Id.
=======================================================

=======================================================
Timestamp: 2026-01-22T12:20:09.0841356Z
Method: GET
URL: /api/users
Status: 500
Duration: 2 ms
UserId: 
Client IP: ::1
User-Agent: 
Response Body: Error: A possible object cycle was detected. This can either be due to a cycle or if the object depth is larger than the maximum allowed depth of 32. Consider using ReferenceHandler.Preserve on JsonSerializerOptions to support cycles. Path: $.Role.Users.Role.Users.Role.Users.Role.Users.Role.Users.Role.Users.Role.Users.Role.Users.Role.Users.Role.Users.Id.
=======================================================

=======================================================
Timestamp: 2026-01-22T12:20:27.8458228Z
Method: POST
URL: /api/Users/authenticate
Status: 200
Duration: 2 ms
UserId: 
Client IP: ::1
User-Agent: 
Controller: Users, Action: Authenticate
Response Body: {"message":"Login successful","user":{"id":1,"login":"admin","name":"Админ","surname":"Системный","email":"admin@example.com","phone":"+71234567890","createdAt":"2026-01-22T09:33:33.991733Z","roleId":null,"role":null}}
=======================================================

=======================================================
Timestamp: 2026-01-22T12:20:29.9181343Z
Method: GET
URL: /api/users
Status: 500
Duration: 3 ms
UserId: 
Client IP: ::1
User-Agent: 
Response Body: Error: A possible object cycle was detected. This can either be due to a cycle or if the object depth is larger than the maximum allowed depth of 32. Consider using ReferenceHandler.Preserve on JsonSerializerOptions to support cycles. Path: $.Role.Users.Role.Users.Role.Users.Role.Users.Role.Users.Role.Users.Role.Users.Role.Users.Role.Users.Role.Users.Id.
=======================================================

=======================================================
Timestamp: 2026-01-22T12:20:29.9219800Z
Method: GET
URL: /api/users
Status: 500
Duration: 2 ms
UserId: 
Client IP: ::1
User-Agent: 
Response Body: Error: A possible object cycle was detected. This can either be due to a cycle or if the object depth is larger than the maximum allowed depth of 32. Consider using ReferenceHandler.Preserve on JsonSerializerOptions to support cycles. Path: $.Role.Users.Role.Users.Role.Users.Role.Users.Role.Users.Role.Users.Role.Users.Role.Users.Role.Users.Role.Users.Id.
=======================================================

=======================================================
Timestamp: 2026-01-22T12:20:30.0543301Z
Method: GET
URL: /api/users
Status: 500
Duration: 2 ms
UserId: 
Client IP: ::1
User-Agent: 
Response Body: Error: A possible object cycle was detected. This can either be due to a cycle or if the object depth is larger than the maximum allowed depth of 32. Consider using ReferenceHandler.Preserve on JsonSerializerOptions to support cycles. Path: $.Role.Users.Role.Users.Role.Users.Role.Users.Role.Users.Role.Users.Role.Users.Role.Users.Role.Users.Role.Users.Id.
=======================================================

=======================================================
Timestamp: 2026-01-22T12:20:30.0565457Z
Method: GET
URL: /api/Roles
Status: 200
Duration: 1 ms
UserId: 
Client IP: ::1
User-Agent: 
Controller: Roles, Action: GetAll
Response Body: [{"id":1,"name":"Владелец","code":"Owner","description":"Полный доступ","rank":1,"users":[],"rolePermissions":[]},{"id":2,"name":"Администратор","code":"Admin","description":"Руководитель предприятия","rank":2,"users":[],"rolePermissions":[]},{"id":3,"name":"Старший экструзионщик","code":"SeniorExtruder","description":"Замещение администратора","rank":3,"users":[],"rolePermissions":[]},{"id":4,"name":"Старший кладовщик","code":"SeniorWarehouseman","description":"Склады и цеха","rank":3,"users":[],"rolePermissions":[]},{"id":5,"name":"Кладовщик готовой продукции","code":"FinishedGoodsWarehouseman","description":"Склад готовой продукции","rank":3,"users":[],"rolePermissions":[]},{"id":6,"name":"Экструзионщик","code":"Extruder","description":"Производство","rank":4,"users":[],"rolePermissions":[]},{"id":7,"name":"Кладовщик","code":"Warehouseman","description":"Склад","rank":4,"users":[],"rolePermissions":[]},{"id":8,"name":"Покрасочник","code":"Painter","description":"Цех покраски","rank":4,"users":[],"rolePermissions":[]},{"id":9,"name":"Старшая упаковщица","code":"SeniorPacker","description":"Упаковка","rank":4,"users":[],"rolePermissions":[]},{"id":10,"name":"ТПА","code":"TPA","description":"ТПА","rank":4,"users":[],"rolePermissions":[]},{"id":11,"name":"Утиль","code":"Utilization","description":"Цех утилизации","rank":4,"users":[],"rolePermissions":[]}]
=======================================================

=======================================================
Timestamp: 2026-01-22T12:20:30.0591924Z
Method: GET
URL: /api/users
Status: 500
Duration: 7 ms
UserId: 
Client IP: ::1
User-Agent: 
Response Body: Error: A possible object cycle was detected. This can either be due to a cycle or if the object depth is larger than the maximum allowed depth of 32. Consider using ReferenceHandler.Preserve on JsonSerializerOptions to support cycles. Path: $.Role.Users.Role.Users.Role.Users.Role.Users.Role.Users.Role.Users.Role.Users.Role.Users.Role.Users.Role.Users.Id.
=======================================================

=======================================================
Timestamp: 2026-01-22T12:20:59.3849999Z
Method: POST
URL: /api/Users/authenticate
Status: 200
Duration: 4 ms
UserId: 
Client IP: ::1
User-Agent: 
Controller: Users, Action: Authenticate
Response Body: {"message":"Login successful","user":{"id":1,"login":"admin","name":"Админ","surname":"Системный","email":"admin@example.com","phone":"+71234567890","createdAt":"2026-01-22T09:33:33.991733Z","roleId":null,"role":null}}
=======================================================

=======================================================
Timestamp: 2026-01-22T12:21:26.8785131Z
Method: POST
URL: /api/Users/authenticate
Status: 200
Duration: 4 ms
UserId: 
Client IP: ::1
User-Agent: 
Controller: Users, Action: Authenticate
Response Body: {"message":"Login successful","user":{"id":1,"login":"admin","name":"Админ","surname":"Системный","email":"admin@example.com","phone":"+71234567890","createdAt":"2026-01-22T09:33:33.991733Z","roleId":null,"role":null}}
=======================================================

=======================================================
Timestamp: 2026-01-22T12:21:42.8687866Z
Method: GET
URL: /api/products
Status: 200
Duration: 1 ms
UserId: 
Client IP: ::1
User-Agent: 
Controller: Products, Action: GetAll
Response Body: []
=======================================================

=======================================================
Timestamp: 2026-01-22T12:21:42.9820768Z
Method: GET
URL: /api/products
Status: 200
Duration: 1 ms
UserId: 
Client IP: ::1
User-Agent: 
Controller: Products, Action: GetAll
Response Body: []
=======================================================

=======================================================
Timestamp: 2026-01-22T12:21:43.0137313Z
Method: GET
URL: /api/users
Status: 500
Duration: 145 ms
UserId: 
Client IP: ::1
User-Agent: 
Response Body: Error: A possible object cycle was detected. This can either be due to a cycle or if the object depth is larger than the maximum allowed depth of 32. Consider using ReferenceHandler.Preserve on JsonSerializerOptions to support cycles. Path: $.Role.Users.Role.Users.Role.Users.Role.Users.Role.Users.Role.Users.Role.Users.Role.Users.Role.Users.Role.Users.Id.
=======================================================

=======================================================
Timestamp: 2026-01-22T12:21:43.0148173Z
Method: GET
URL: /api/users
Status: 500
Duration: 144 ms
UserId: 
Client IP: ::1
User-Agent: 
Response Body: Error: A possible object cycle was detected. This can either be due to a cycle or if the object depth is larger than the maximum allowed depth of 32. Consider using ReferenceHandler.Preserve on JsonSerializerOptions to support cycles. Path: $.Role.Users.Role.Users.Role.Users.Role.Users.Role.Users.Role.Users.Role.Users.Role.Users.Role.Users.Role.Users.Id.
=======================================================

=======================================================
Timestamp: 2026-01-22T12:22:39.5056024Z
Method: GET
URL: /api/products
Status: 200
Duration: 2 ms
UserId: 
Client IP: ::1
User-Agent: 
Controller: Products, Action: GetAll
Response Body: []
=======================================================

=======================================================
Timestamp: 2026-01-22T12:22:39.5059501Z
Method: GET
URL: /api/users
Status: 500
Duration: 6 ms
UserId: 
Client IP: ::1
User-Agent: 
Response Body: Error: A possible object cycle was detected. This can either be due to a cycle or if the object depth is larger than the maximum allowed depth of 32. Consider using ReferenceHandler.Preserve on JsonSerializerOptions to support cycles. Path: $.Role.Users.Role.Users.Role.Users.Role.Users.Role.Users.Role.Users.Role.Users.Role.Users.Role.Users.Role.Users.Id.
=======================================================

=======================================================
Timestamp: 2026-01-22T12:22:39.5192130Z
Method: POST
URL: /api/products
Status: 201
Duration: 289 ms
UserId: 
Client IP: ::1
User-Agent: 
Controller: Products, Action: CreateProduct
Response Body: {"message":"Product created successfully","product":{"id":1,"name":"яблоко","description":"","code":"1547852","measuringUnit":"шт"}}
=======================================================

=======================================================
Timestamp: 2026-01-22T12:22:39.5898022Z
Method: GET
URL: /api/products
Status: 200
Duration: 3 ms
UserId: 
Client IP: ::1
User-Agent: 
Controller: Products, Action: GetAll
Response Body: [{"id":1,"name":"яблоко","description":"","code":"1547852","measuringUnit":"шт"}]
=======================================================

=======================================================
Timestamp: 2026-01-22T12:22:39.5907531Z
Method: GET
URL: /api/users
Status: 500
Duration: 7 ms
UserId: 
Client IP: ::1
User-Agent: 
Response Body: Error: A possible object cycle was detected. This can either be due to a cycle or if the object depth is larger than the maximum allowed depth of 32. Consider using ReferenceHandler.Preserve on JsonSerializerOptions to support cycles. Path: $.Role.Users.Role.Users.Role.Users.Role.Users.Role.Users.Role.Users.Role.Users.Role.Users.Role.Users.Role.Users.Id.
=======================================================

=======================================================
Timestamp: 2026-01-22T12:23:09.6533370Z
Method: GET
URL: /api/products
Status: 200
Duration: 1 ms
UserId: 
Client IP: ::1
User-Agent: 
Controller: Products, Action: GetAll
Response Body: [{"id":1,"name":"яблоко","description":"","code":"1547852","measuringUnit":"шт"}]
=======================================================

=======================================================
Timestamp: 2026-01-22T12:23:09.6573431Z
Method: GET
URL: /api/users
Status: 500
Duration: 4 ms
UserId: 
Client IP: ::1
User-Agent: 
Response Body: Error: A possible object cycle was detected. This can either be due to a cycle or if the object depth is larger than the maximum allowed depth of 32. Consider using ReferenceHandler.Preserve on JsonSerializerOptions to support cycles. Path: $.Role.Users.Role.Users.Role.Users.Role.Users.Role.Users.Role.Users.Role.Users.Role.Users.Role.Users.Role.Users.Id.
=======================================================

=======================================================
Timestamp: 2026-01-22T12:23:09.6589948Z
Method: GET
URL: /api/users
Status: 500
Duration: 3 ms
UserId: 
Client IP: ::1
User-Agent: 
Response Body: Error: A possible object cycle was detected. This can either be due to a cycle or if the object depth is larger than the maximum allowed depth of 32. Consider using ReferenceHandler.Preserve on JsonSerializerOptions to support cycles. Path: $.Role.Users.Role.Users.Role.Users.Role.Users.Role.Users.Role.Users.Role.Users.Role.Users.Role.Users.Role.Users.Id.
=======================================================

=======================================================
Timestamp: 2026-01-22T12:23:09.7677330Z
Method: GET
URL: /api/products
Status: 200
Duration: 1 ms
UserId: 
Client IP: ::1
User-Agent: 
Controller: Products, Action: GetAll
Response Body: [{"id":1,"name":"яблоко","description":"","code":"1547852","measuringUnit":"шт"},{"id":2,"name":"яблоко2","description":"","code":"1547852","measuringUnit":"шт"}]
=======================================================

=======================================================
Timestamp: 2026-01-22T12:23:09.7688443Z
Method: GET
URL: /api/users
Status: 500
Duration: 5 ms
UserId: 
Client IP: ::1
User-Agent: 
Response Body: Error: A possible object cycle was detected. This can either be due to a cycle or if the object depth is larger than the maximum allowed depth of 32. Consider using ReferenceHandler.Preserve on JsonSerializerOptions to support cycles. Path: $.Role.Users.Role.Users.Role.Users.Role.Users.Role.Users.Role.Users.Role.Users.Role.Users.Role.Users.Role.Users.Id.
=======================================================

=======================================================
Timestamp: 2026-01-22T12:23:09.7684258Z
Method: GET
URL: /api/users
Status: 500
Duration: 3 ms
UserId: 
Client IP: ::1
User-Agent: 
Response Body: Error: A possible object cycle was detected. This can either be due to a cycle or if the object depth is larger than the maximum allowed depth of 32. Consider using ReferenceHandler.Preserve on JsonSerializerOptions to support cycles. Path: $.Role.Users.Role.Users.Role.Users.Role.Users.Role.Users.Role.Users.Role.Users.Role.Users.Role.Users.Role.Users.Id.
=======================================================

=======================================================
Timestamp: 2026-01-22T12:23:59.9505653Z
Method: GET
URL: /api/materials
Status: 200
Duration: 1 ms
UserId: 
Client IP: ::1
User-Agent: 
Controller: Materials, Action: GetAll
Response Body: []
=======================================================

=======================================================
Timestamp: 2026-01-22T12:23:59.9535363Z
Method: GET
URL: /api/users
Status: 500
Duration: 3 ms
UserId: 
Client IP: ::1
User-Agent: 
Response Body: Error: A possible object cycle was detected. This can either be due to a cycle or if the object depth is larger than the maximum allowed depth of 32. Consider using ReferenceHandler.Preserve on JsonSerializerOptions to support cycles. Path: $.Role.Users.Role.Users.Role.Users.Role.Users.Role.Users.Role.Users.Role.Users.Role.Users.Role.Users.Role.Users.Id.
=======================================================

=======================================================
Timestamp: 2026-01-22T12:23:59.9538762Z
Method: GET
URL: /api/users
Status: 500
Duration: 10 ms
UserId: 
Client IP: ::1
User-Agent: 
Response Body: Error: A possible object cycle was detected. This can either be due to a cycle or if the object depth is larger than the maximum allowed depth of 32. Consider using ReferenceHandler.Preserve on JsonSerializerOptions to support cycles. Path: $.Role.Users.Role.Users.Role.Users.Role.Users.Role.Users.Role.Users.Role.Users.Role.Users.Role.Users.Role.Users.Id.
=======================================================

=======================================================
Timestamp: 2026-01-22T12:24:22.7468190Z
Method: GET
URL: /api/materials
Status: 200
Duration: 2 ms
UserId: 
Client IP: ::1
User-Agent: 
Controller: Materials, Action: GetAll
Response Body: []
=======================================================

=======================================================
Timestamp: 2026-01-22T12:24:22.7477430Z
Method: GET
URL: /api/products
Status: 200
Duration: 1 ms
UserId: 
Client IP: ::1
User-Agent: 
Controller: Products, Action: GetAll
Response Body: [{"id":1,"name":"яблоко","description":"","code":"1547852","measuringUnit":"шт"},{"id":2,"name":"яблоко2","description":"","code":"1547852","measuringUnit":"шт"}]
=======================================================

=======================================================
Timestamp: 2026-01-22T12:24:22.8803226Z
Method: GET
URL: /api/users
Status: 500
Duration: 9 ms
UserId: 
Client IP: ::1
User-Agent: 
Response Body: Error: A possible object cycle was detected. This can either be due to a cycle or if the object depth is larger than the maximum allowed depth of 32. Consider using ReferenceHandler.Preserve on JsonSerializerOptions to support cycles. Path: $.Role.Users.Role.Users.Role.Users.Role.Users.Role.Users.Role.Users.Role.Users.Role.Users.Role.Users.Role.Users.Id.
=======================================================

=======================================================
Timestamp: 2026-01-22T12:24:22.9126206Z
Method: POST
URL: /api/materials
Status: 201
Duration: 115 ms
UserId: 
Client IP: ::1
User-Agent: 
Controller: Materials, Action: CreateMaterial
Response Body: {"message":"Material created successfully","material":{"id":1,"name":"гранула","description":"","code":"1542365","measuringUnit":"т"}}
=======================================================

=======================================================
Timestamp: 2026-01-22T12:24:23.0089633Z
Method: GET
URL: /api/materials
Status: 200
Duration: 86 ms
UserId: 
Client IP: ::1
User-Agent: 
Controller: Materials, Action: GetAll
Response Body: [{"id":1,"name":"гранула","description":"","code":"1542365","measuringUnit":"т"}]
=======================================================

=======================================================
Timestamp: 2026-01-22T12:24:48.7195132Z
Method: GET
URL: /api/materials
Status: 200
Duration: 7 ms
UserId: 
Client IP: ::1
User-Agent: 
Controller: Materials, Action: GetAll
Response Body: [{"id":1,"name":"гранула","description":"","code":"1542365","measuringUnit":"т"}]
=======================================================

=======================================================
Timestamp: 2026-01-22T12:24:48.7280096Z
Method: GET
URL: /api/users
Status: 500
Duration: 4 ms
UserId: 
Client IP: ::1
User-Agent: 
Response Body: Error: A possible object cycle was detected. This can either be due to a cycle or if the object depth is larger than the maximum allowed depth of 32. Consider using ReferenceHandler.Preserve on JsonSerializerOptions to support cycles. Path: $.Role.Users.Role.Users.Role.Users.Role.Users.Role.Users.Role.Users.Role.Users.Role.Users.Role.Users.Role.Users.Id.
=======================================================

=======================================================
Timestamp: 2026-01-22T12:24:48.7401392Z
Method: GET
URL: /api/users
Status: 500
Duration: 2 ms
UserId: 
Client IP: ::1
User-Agent: 
Response Body: Error: A possible object cycle was detected. This can either be due to a cycle or if the object depth is larger than the maximum allowed depth of 32. Consider using ReferenceHandler.Preserve on JsonSerializerOptions to support cycles. Path: $.Role.Users.Role.Users.Role.Users.Role.Users.Role.Users.Role.Users.Role.Users.Role.Users.Role.Users.Role.Users.Id.
=======================================================

=======================================================
Timestamp: 2026-01-22T12:24:48.8529288Z
Method: GET
URL: /api/warehouses
Status: 200
Duration: 154 ms
UserId: 
Client IP: ::1
User-Agent: 
Controller: Warehouses, Action: GetAll
Response Body: []
=======================================================

=======================================================
Timestamp: 2026-01-22T12:24:48.8546029Z
Method: GET
URL: /api/warehouses
Status: 200
Duration: 112 ms
UserId: 
Client IP: ::1
User-Agent: 
Controller: Warehouses, Action: GetAll
Response Body: []
=======================================================

=======================================================
Timestamp: 2026-01-22T12:25:02.7100392Z
Method: GET
URL: /api/warehouses
Status: 200
Duration: 3 ms
UserId: 
Client IP: ::1
User-Agent: 
Controller: Warehouses, Action: GetAll
Response Body: []
=======================================================

=======================================================
Timestamp: 2026-01-22T12:25:02.7102061Z
Method: GET
URL: /api/materials
Status: 200
Duration: 1 ms
UserId: 
Client IP: ::1
User-Agent: 
Controller: Materials, Action: GetAll
Response Body: [{"id":1,"name":"гранула","description":"","code":"1542365","measuringUnit":"т"}]
=======================================================

=======================================================
Timestamp: 2026-01-22T12:25:02.8203889Z
Method: GET
URL: /api/products
Status: 200
Duration: 3 ms
UserId: 
Client IP: ::1
User-Agent: 
Controller: Products, Action: GetAll
Response Body: [{"id":1,"name":"яблоко","description":"","code":"1547852","measuringUnit":"шт"},{"id":2,"name":"яблоко2","description":"","code":"1547852","measuringUnit":"шт"}]
=======================================================

=======================================================
Timestamp: 2026-01-22T12:25:02.8213320Z
Method: GET
URL: /api/users
Status: 500
Duration: 10 ms
UserId: 
Client IP: ::1
User-Agent: 
Response Body: Error: A possible object cycle was detected. This can either be due to a cycle or if the object depth is larger than the maximum allowed depth of 32. Consider using ReferenceHandler.Preserve on JsonSerializerOptions to support cycles. Path: $.Role.Users.Role.Users.Role.Users.Role.Users.Role.Users.Role.Users.Role.Users.Role.Users.Role.Users.Role.Users.Id.
=======================================================

=======================================================
Timestamp: 2026-01-22T12:25:02.8207813Z
Method: GET
URL: /api/users
Status: 500
Duration: 11 ms
UserId: 
Client IP: ::1
User-Agent: 
Response Body: Error: A possible object cycle was detected. This can either be due to a cycle or if the object depth is larger than the maximum allowed depth of 32. Consider using ReferenceHandler.Preserve on JsonSerializerOptions to support cycles. Path: $.Role.Users.Role.Users.Role.Users.Role.Users.Role.Users.Role.Users.Role.Users.Role.Users.Role.Users.Role.Users.Id.
=======================================================

=======================================================
Timestamp: 2026-01-22T12:25:02.8554979Z
Method: POST
URL: /api/warehouses
Status: 201
Duration: 123 ms
UserId: 
Client IP: ::1
User-Agent: 
Controller: Warehouses, Action: CreateWarehouse
Response Body: {"message":"Warehouse created successfully","warehouse":{"id":1,"name":"Склад1","type":"Склад","isActive":true,"fromMovements":[],"toMovements":[],"fromRequests":[],"toRequests":[]}}
=======================================================

=======================================================
Timestamp: 2026-01-22T12:25:02.8643342Z
Method: GET
URL: /api/warehouses
Status: 200
Duration: 1 ms
UserId: 
Client IP: ::1
User-Agent: 
Controller: Warehouses, Action: GetAll
Response Body: [{"id":1,"name":"Склад1","type":"Склад","isActive":true,"fromMovements":[],"toMovements":[],"fromRequests":[],"toRequests":[]}]
=======================================================

=======================================================
Timestamp: 2026-01-22T12:25:02.8657373Z
Method: GET
URL: /api/products
Status: 200
Duration: 1 ms
UserId: 
Client IP: ::1
User-Agent: 
Controller: Products, Action: GetAll
Response Body: [{"id":1,"name":"яблоко","description":"","code":"1547852","measuringUnit":"шт"},{"id":2,"name":"яблоко2","description":"","code":"1547852","measuringUnit":"шт"}]
=======================================================

=======================================================
Timestamp: 2026-01-22T12:25:02.8661013Z
Method: GET
URL: /api/materials
Status: 200
Duration: 2 ms
UserId: 
Client IP: ::1
User-Agent: 
Controller: Materials, Action: GetAll
Response Body: [{"id":1,"name":"гранула","description":"","code":"1542365","measuringUnit":"т"}]
=======================================================

=======================================================
Timestamp: 2026-01-22T12:25:02.8767849Z
Method: GET
URL: /api/users
Status: 500
Duration: 3 ms
UserId: 
Client IP: ::1
User-Agent: 
Response Body: Error: A possible object cycle was detected. This can either be due to a cycle or if the object depth is larger than the maximum allowed depth of 32. Consider using ReferenceHandler.Preserve on JsonSerializerOptions to support cycles. Path: $.Role.Users.Role.Users.Role.Users.Role.Users.Role.Users.Role.Users.Role.Users.Role.Users.Role.Users.Role.Users.Id.
=======================================================

=======================================================
Timestamp: 2026-01-22T12:25:02.8802673Z
Method: GET
URL: /api/warehouses
Status: 200
Duration: 1 ms
UserId: 
Client IP: ::1
User-Agent: 
Controller: Warehouses, Action: GetAll
Response Body: [{"id":1,"name":"Склад1","type":"Склад","isActive":true,"fromMovements":[],"toMovements":[],"fromRequests":[],"toRequests":[]}]
=======================================================

=======================================================
Timestamp: 2026-01-22T12:25:20.5994063Z
Method: GET
URL: /api/warehouses
Status: 200
Duration: 2 ms
UserId: 
Client IP: ::1
User-Agent: 
Controller: Warehouses, Action: GetAll
Response Body: [{"id":1,"name":"Склад1","type":"Склад","isActive":true,"fromMovements":[],"toMovements":[],"fromRequests":[],"toRequests":[]}]
=======================================================

=======================================================
Timestamp: 2026-01-22T12:25:20.5995614Z
Method: GET
URL: /api/warehouses
Status: 200
Duration: 1 ms
UserId: 
Client IP: ::1
User-Agent: 
Controller: Warehouses, Action: GetAll
Response Body: [{"id":1,"name":"Склад1","type":"Склад","isActive":true,"fromMovements":[],"toMovements":[],"fromRequests":[],"toRequests":[]}]
=======================================================

=======================================================
Timestamp: 2026-01-22T12:25:20.6017372Z
Method: GET
URL: /api/materials
Status: 200
Duration: 1 ms
UserId: 
Client IP: ::1
User-Agent: 
Controller: Materials, Action: GetAll
Response Body: [{"id":1,"name":"гранула","description":"","code":"1542365","measuringUnit":"т"}]
=======================================================

=======================================================
Timestamp: 2026-01-22T12:25:20.7191507Z
Method: GET
URL: /api/products
Status: 200
Duration: 4 ms
UserId: 
Client IP: ::1
User-Agent: 
Controller: Products, Action: GetAll
Response Body: [{"id":1,"name":"яблоко","description":"","code":"1547852","measuringUnit":"шт"},{"id":2,"name":"яблоко2","description":"","code":"1547852","measuringUnit":"шт"}]
=======================================================

=======================================================
Timestamp: 2026-01-22T12:25:20.7285546Z
Method: GET
URL: /api/users
Status: 500
Duration: 3 ms
UserId: 
Client IP: ::1
User-Agent: 
Response Body: Error: A possible object cycle was detected. This can either be due to a cycle or if the object depth is larger than the maximum allowed depth of 32. Consider using ReferenceHandler.Preserve on JsonSerializerOptions to support cycles. Path: $.Role.Users.Role.Users.Role.Users.Role.Users.Role.Users.Role.Users.Role.Users.Role.Users.Role.Users.Role.Users.Id.
=======================================================

=======================================================
Timestamp: 2026-01-22T12:25:20.7285583Z
Method: GET
URL: /api/warehouses
Status: 200
Duration: 4 ms
UserId: 
Client IP: ::1
User-Agent: 
Controller: Warehouses, Action: GetAll
Response Body: [{"id":1,"name":"Склад1","type":"Склад","isActive":true,"fromMovements":[],"toMovements":[],"fromRequests":[],"toRequests":[]}]
=======================================================

=======================================================
Timestamp: 2026-01-22T12:25:20.7194980Z
Method: GET
URL: /api/users
Status: 500
Duration: 19 ms
UserId: 
Client IP: ::1
User-Agent: 
Response Body: Error: A possible object cycle was detected. This can either be due to a cycle or if the object depth is larger than the maximum allowed depth of 32. Consider using ReferenceHandler.Preserve on JsonSerializerOptions to support cycles. Path: $.Role.Users.Role.Users.Role.Users.Role.Users.Role.Users.Role.Users.Role.Users.Role.Users.Role.Users.Role.Users.Id.
=======================================================

=======================================================
Timestamp: 2026-01-22T12:25:26.3113715Z
Method: GET
URL: /api/warehouses
Status: 200
Duration: 1 ms
UserId: 
Client IP: ::1
User-Agent: 
Controller: Warehouses, Action: GetAll
Response Body: [{"id":1,"name":"Склад1","type":"Склад","isActive":true,"fromMovements":[],"toMovements":[],"fromRequests":[],"toRequests":[]}]
=======================================================

=======================================================
Timestamp: 2026-01-22T12:25:26.3121997Z
Method: GET
URL: /api/warehouses
Status: 200
Duration: 1 ms
UserId: 
Client IP: ::1
User-Agent: 
Controller: Warehouses, Action: GetAll
Response Body: [{"id":1,"name":"Склад1","type":"Склад","isActive":true,"fromMovements":[],"toMovements":[],"fromRequests":[],"toRequests":[]}]
=======================================================

=======================================================
Timestamp: 2026-01-22T12:25:26.3137650Z
Method: GET
URL: /api/materials
Status: 200
Duration: 1 ms
UserId: 
Client IP: ::1
User-Agent: 
Controller: Materials, Action: GetAll
Response Body: [{"id":1,"name":"гранула","description":"","code":"1542365","measuringUnit":"т"}]
=======================================================

=======================================================
Timestamp: 2026-01-22T12:25:26.3154601Z
Method: GET
URL: /api/products
Status: 200
Duration: 1 ms
UserId: 
Client IP: ::1
User-Agent: 
Controller: Products, Action: GetAll
Response Body: [{"id":1,"name":"яблоко","description":"","code":"1547852","measuringUnit":"шт"},{"id":2,"name":"яблоко2","description":"","code":"1547852","measuringUnit":"шт"}]
=======================================================

=======================================================
Timestamp: 2026-01-22T12:25:26.3198804Z
Method: GET
URL: /api/users
Status: 500
Duration: 2 ms
UserId: 
Client IP: ::1
User-Agent: 
Response Body: Error: A possible object cycle was detected. This can either be due to a cycle or if the object depth is larger than the maximum allowed depth of 32. Consider using ReferenceHandler.Preserve on JsonSerializerOptions to support cycles. Path: $.Role.Users.Role.Users.Role.Users.Role.Users.Role.Users.Role.Users.Role.Users.Role.Users.Role.Users.Role.Users.Id.
=======================================================

=======================================================
Timestamp: 2026-01-22T12:25:26.4321953Z
Method: POST
URL: /api/warehouses/1/stop
Status: 200
Duration: 112 ms
UserId: 
Client IP: ::1
User-Agent: 
Controller: Warehouses, Action: StopWarehouse
Response Body: {"message":"Warehouse stopped successfully","warehouse":{"id":1,"name":"Склад1","type":"Склад","isActive":false,"fromMovements":[],"toMovements":[],"fromRequests":[],"toRequests":[]}}
=======================================================

=======================================================
Timestamp: 2026-01-22T12:25:26.4524579Z
Method: GET
URL: /api/warehouses
Status: 200
Duration: 1 ms
UserId: 
Client IP: ::1
User-Agent: 
Controller: Warehouses, Action: GetAll
Response Body: [{"id":1,"name":"Склад1","type":"Склад","isActive":false,"fromMovements":[],"toMovements":[],"fromRequests":[],"toRequests":[]}]
=======================================================

=======================================================
Timestamp: 2026-01-22T12:25:26.4571841Z
Method: GET
URL: /api/users
Status: 500
Duration: 3 ms
UserId: 
Client IP: ::1
User-Agent: 
Response Body: Error: A possible object cycle was detected. This can either be due to a cycle or if the object depth is larger than the maximum allowed depth of 32. Consider using ReferenceHandler.Preserve on JsonSerializerOptions to support cycles. Path: $.Role.Users.Role.Users.Role.Users.Role.Users.Role.Users.Role.Users.Role.Users.Role.Users.Role.Users.Role.Users.Id.
=======================================================

=======================================================
Timestamp: 2026-01-22T12:25:26.5340067Z
Method: GET
URL: /api/users
Status: 500
Duration: 5 ms
UserId: 
Client IP: ::1
User-Agent: 
Response Body: Error: A possible object cycle was detected. This can either be due to a cycle or if the object depth is larger than the maximum allowed depth of 32. Consider using ReferenceHandler.Preserve on JsonSerializerOptions to support cycles. Path: $.Role.Users.Role.Users.Role.Users.Role.Users.Role.Users.Role.Users.Role.Users.Role.Users.Role.Users.Role.Users.Id.
=======================================================

=======================================================
Timestamp: 2026-01-22T12:25:31.2386893Z
Method: GET
URL: /api/warehouses
Status: 200
Duration: 1 ms
UserId: 
Client IP: ::1
User-Agent: 
Controller: Warehouses, Action: GetAll
Response Body: [{"id":1,"name":"Склад1","type":"Склад","isActive":false,"fromMovements":[],"toMovements":[],"fromRequests":[],"toRequests":[]}]
=======================================================

=======================================================
Timestamp: 2026-01-22T12:25:31.2402666Z
Method: GET
URL: /api/warehouses
Status: 200
Duration: 1 ms
UserId: 
Client IP: ::1
User-Agent: 
Controller: Warehouses, Action: GetAll
Response Body: [{"id":1,"name":"Склад1","type":"Склад","isActive":false,"fromMovements":[],"toMovements":[],"fromRequests":[],"toRequests":[]}]
=======================================================

=======================================================
Timestamp: 2026-01-22T12:25:31.2440322Z
Method: GET
URL: /api/materials
Status: 200
Duration: 1 ms
UserId: 
Client IP: ::1
User-Agent: 
Controller: Materials, Action: GetAll
Response Body: [{"id":1,"name":"гранула","description":"","code":"1542365","measuringUnit":"т"}]
=======================================================

=======================================================
Timestamp: 2026-01-22T12:25:31.2460765Z
Method: GET
URL: /api/products
Status: 200
Duration: 2 ms
UserId: 
Client IP: ::1
User-Agent: 
Controller: Products, Action: GetAll
Response Body: [{"id":1,"name":"яблоко","description":"","code":"1547852","measuringUnit":"шт"},{"id":2,"name":"яблоко2","description":"","code":"1547852","measuringUnit":"шт"}]
=======================================================

=======================================================
Timestamp: 2026-01-22T12:25:31.2482637Z
Method: GET
URL: /api/users
Status: 500
Duration: 3 ms
UserId: 
Client IP: ::1
User-Agent: 
Response Body: Error: A possible object cycle was detected. This can either be due to a cycle or if the object depth is larger than the maximum allowed depth of 32. Consider using ReferenceHandler.Preserve on JsonSerializerOptions to support cycles. Path: $.Role.Users.Role.Users.Role.Users.Role.Users.Role.Users.Role.Users.Role.Users.Role.Users.Role.Users.Role.Users.Id.
=======================================================

=======================================================
Timestamp: 2026-01-22T12:25:31.2496131Z
Method: GET
URL: /api/users
Status: 500
Duration: 2 ms
UserId: 
Client IP: ::1
User-Agent: 
Response Body: Error: A possible object cycle was detected. This can either be due to a cycle or if the object depth is larger than the maximum allowed depth of 32. Consider using ReferenceHandler.Preserve on JsonSerializerOptions to support cycles. Path: $.Role.Users.Role.Users.Role.Users.Role.Users.Role.Users.Role.Users.Role.Users.Role.Users.Role.Users.Role.Users.Id.
=======================================================

=======================================================
Timestamp: 2026-01-22T12:25:31.4147707Z
Method: GET
URL: /api/users
Status: 500
Duration: 6 ms
UserId: 
Client IP: ::1
User-Agent: 
Response Body: Error: A possible object cycle was detected. This can either be due to a cycle or if the object depth is larger than the maximum allowed depth of 32. Consider using ReferenceHandler.Preserve on JsonSerializerOptions to support cycles. Path: $.Role.Users.Role.Users.Role.Users.Role.Users.Role.Users.Role.Users.Role.Users.Role.Users.Role.Users.Role.Users.Id.
=======================================================

=======================================================
Timestamp: 2026-01-22T12:25:31.4216610Z
Method: GET
URL: /api/warehouses
Status: 200
Duration: 1 ms
UserId: 
Client IP: ::1
User-Agent: 
Controller: Warehouses, Action: GetAll
Response Body: [{"id":1,"name":"Склад1","type":"Склад","isActive":true,"fromMovements":[],"toMovements":[],"fromRequests":[],"toRequests":[]}]
=======================================================

=======================================================
Timestamp: 2026-01-22T12:25:31.4959639Z
Method: GET
URL: /api/users
Status: 500
Duration: 11 ms
UserId: 
Client IP: ::1
User-Agent: 
Response Body: Error: A possible object cycle was detected. This can either be due to a cycle or if the object depth is larger than the maximum allowed depth of 32. Consider using ReferenceHandler.Preserve on JsonSerializerOptions to support cycles. Path: $.Role.Users.Role.Users.Role.Users.Role.Users.Role.Users.Role.Users.Role.Users.Role.Users.Role.Users.Role.Users.Id.
=======================================================

=======================================================
Timestamp: 2026-01-22T12:25:45.3529676Z
Method: GET
URL: /api/database/check
Status: 200
Duration: 95 ms
UserId: 
Client IP: ::1
User-Agent: 
Controller: Database, Action: CheckDatabase
Response Body: {"success":true,"message":"Подключение к базе данных успешно","usersCount":5,"users":[{"id":2,"login":"adam","email":"g@g.com","name":"adam first","isPasswordEncrypted":true,"passwordLength":4},{"id":3,"login":"eva","email":"eva@eva.com","name":"Eva EvaEva","isPasswordEncrypted":false,"passwordLength":2},{"id":1,"login":"admin","email":"admin@example.com","name":"Админ Системный","isPasswordEncrypted":false,"passwordLength":5},{"id":4,"login":"thegod","email":"d@d.com","name":"Бог Один","isPasswordEncrypted":false,"passwordLength":60},{"id":5,"login":"user","email":"i@user.co","name":"польз да","isPasswordEncrypted":false,"passwordLength":60}]}
=======================================================

=======================================================
Timestamp: 2026-01-22T12:25:47.9104628Z
Method: GET
URL: /api/database/check
Status: 200
Duration: 74 ms
UserId: 
Client IP: ::1
User-Agent: 
Controller: Database, Action: CheckDatabase
Response Body: {"success":true,"message":"Подключение к базе данных успешно","usersCount":5,"users":[{"id":2,"login":"adam","email":"g@g.com","name":"adam first","isPasswordEncrypted":true,"passwordLength":4},{"id":3,"login":"eva","email":"eva@eva.com","name":"Eva EvaEva","isPasswordEncrypted":false,"passwordLength":2},{"id":1,"login":"admin","email":"admin@example.com","name":"Админ Системный","isPasswordEncrypted":false,"passwordLength":5},{"id":4,"login":"thegod","email":"d@d.com","name":"Бог Один","isPasswordEncrypted":false,"passwordLength":60},{"id":5,"login":"user","email":"i@user.co","name":"польз да","isPasswordEncrypted":false,"passwordLength":60}]}
=======================================================

=======================================================
Timestamp: 2026-01-22T12:26:00.1846116Z
Method: GET
URL: /api/database/check
Status: 200
Duration: 75 ms
UserId: 
Client IP: ::1
User-Agent: 
Controller: Database, Action: CheckDatabase
Response Body: {"success":true,"message":"Подключение к базе данных успешно","usersCount":5,"users":[{"id":2,"login":"adam","email":"g@g.com","name":"adam first","isPasswordEncrypted":true,"passwordLength":4},{"id":3,"login":"eva","email":"eva@eva.com","name":"Eva EvaEva","isPasswordEncrypted":false,"passwordLength":2},{"id":1,"login":"admin","email":"admin@example.com","name":"Админ Системный","isPasswordEncrypted":false,"passwordLength":5},{"id":4,"login":"thegod","email":"d@d.com","name":"Бог Один","isPasswordEncrypted":false,"passwordLength":60},{"id":5,"login":"user","email":"i@user.co","name":"польз да","isPasswordEncrypted":false,"passwordLength":60}]}
=======================================================

=======================================================
Timestamp: 2026-01-22T12:26:02.6117940Z
Method: GET
URL: /api/database/check
Status: 200
Duration: 215 ms
UserId: 
Client IP: ::1
User-Agent: 
Controller: Database, Action: CheckDatabase
Response Body: {"success":true,"message":"Подключение к базе данных успешно","usersCount":5,"users":[{"id":2,"login":"adam","email":"g@g.com","name":"adam first","isPasswordEncrypted":true,"passwordLength":4},{"id":3,"login":"eva","email":"eva@eva.com","name":"Eva EvaEva","isPasswordEncrypted":false,"passwordLength":2},{"id":1,"login":"admin","email":"admin@example.com","name":"Админ Системный","isPasswordEncrypted":false,"passwordLength":5},{"id":4,"login":"thegod","email":"d@d.com","name":"Бог Один","isPasswordEncrypted":false,"passwordLength":60},{"id":5,"login":"user","email":"i@user.co","name":"польз да","isPasswordEncrypted":false,"passwordLength":60}]}
=======================================================

=======================================================
Timestamp: 2026-01-22T12:27:02.8119851Z
Method: POST
URL: /api/Users/authenticate
Status: 200
Duration: 3 ms
UserId: 
Client IP: ::1
User-Agent: 
Controller: Users, Action: Authenticate
Response Body: {"message":"Login successful","user":{"id":3,"login":"eva","name":"Eva","surname":"EvaEva","email":"eva@eva.com","phone":"","createdAt":"2026-01-22T10:35:25.894086Z","roleId":null,"role":null}}
=======================================================

=======================================================
Timestamp: 2026-01-22T12:27:02.9170372Z
Method: GET
URL: /api/user-permissions/check?userId=3&permissionCode=Admin
Status: 404
Duration: 0 ms
UserId: 
Client IP: ::1
User-Agent: 
=======================================================

=======================================================
Timestamp: 2026-01-22T12:27:02.9172657Z
Method: GET
URL: /api/user-permissions/user/3
Status: 404
Duration: 0 ms
UserId: 
Client IP: ::1
User-Agent: 
=======================================================

=======================================================
Timestamp: 2026-01-22T12:27:02.9966487Z
Method: POST
URL: /hubs/notifications/negotiate?negotiateVersion=1
Status: 200
Duration: 3 ms
UserId: 
Client IP: ::1
User-Agent: Microsoft SignalR/8.0 (8.0.0+3f1acb59718cadf111a0a796681e3d3509bb3381; Windows NT; .NET; .NET 8.0.22)
Response Body: {"negotiateVersion":1,"connectionId":"k8CQqNGC-ZC-oTn-vX6W3Q","connectionToken":"a_Tls4OK6ZPZpVHPjV8dqg","availableTransports":[{"transport":"WebSockets","transferFormats":["Text","Binary"]},{"transport":"ServerSentEvents","transferFormats":["Text"]},{"transport":"LongPolling","transferFormats":["Text","Binary"]}]}
=======================================================

=======================================================
Timestamp: 2026-01-22T12:27:28.9996818Z
Method: GET
URL: /api/users
Status: 500
Duration: 5 ms
UserId: 
Client IP: ::1
User-Agent: 
Response Body: Error: A possible object cycle was detected. This can either be due to a cycle or if the object depth is larger than the maximum allowed depth of 32. Consider using ReferenceHandler.Preserve on JsonSerializerOptions to support cycles. Path: $.Role.Users.Role.Users.Role.Users.Role.Users.Role.Users.Role.Users.Role.Users.Role.Users.Role.Users.Role.Users.Id.
=======================================================

=======================================================
Timestamp: 2026-01-22T12:27:29.0027089Z
Method: GET
URL: /api/warehouses
Status: 200
Duration: 2 ms
UserId: 
Client IP: ::1
User-Agent: 
Controller: Warehouses, Action: GetAll
Response Body: [{"id":1,"name":"Склад1","type":"Склад","isActive":true,"fromMovements":[],"toMovements":[],"fromRequests":[],"toRequests":[]}]
=======================================================

=======================================================
Timestamp: 2026-01-22T12:27:31.0996711Z
Method: GET
URL: /api/users
Status: 500
Duration: 2 ms
UserId: 
Client IP: ::1
User-Agent: 
Response Body: Error: A possible object cycle was detected. This can either be due to a cycle or if the object depth is larger than the maximum allowed depth of 32. Consider using ReferenceHandler.Preserve on JsonSerializerOptions to support cycles. Path: $.Role.Users.Role.Users.Role.Users.Role.Users.Role.Users.Role.Users.Role.Users.Role.Users.Role.Users.Role.Users.Id.
=======================================================

=======================================================
Timestamp: 2026-01-22T12:27:31.2191473Z
Method: GET
URL: /api/warehouses
Status: 200
Duration: 2 ms
UserId: 
Client IP: ::1
User-Agent: 
Controller: Warehouses, Action: GetAll
Response Body: [{"id":1,"name":"Склад1","type":"Склад","isActive":true,"fromMovements":[],"toMovements":[],"fromRequests":[],"toRequests":[]}]
=======================================================

=======================================================
Timestamp: 2026-01-22T12:27:31.2192736Z
Method: GET
URL: /api/materials
Status: 200
Duration: 2 ms
UserId: 
Client IP: ::1
User-Agent: 
Controller: Materials, Action: GetAll
Response Body: [{"id":1,"name":"гранула","description":"","code":"1542365","measuringUnit":"т"}]
=======================================================

=======================================================
Timestamp: 2026-01-22T12:28:09.6530262Z
Method: POST
URL: /api/AlarmEvents
Status: 201
Duration: 353 ms
UserId: 
Client IP: ::1
User-Agent: 
Controller: AlarmEvents, Action: CreateAlarmEvent
Response Body: {"message":"AlarmEvent created successfully","alarmEvent":{"id":5,"userId":3,"createdAt":"2026-01-22T12:28:09.2639112Z","message":"","location":"ори"}}
=======================================================

=======================================================
Timestamp: 2026-01-22T12:28:19.2359477Z
Method: GET
URL: /api/materials
Status: 200
Duration: 2 ms
UserId: 
Client IP: ::1
User-Agent: 
Controller: Materials, Action: GetAll
Response Body: [{"id":1,"name":"гранула","description":"","code":"1542365","measuringUnit":"т"}]
=======================================================

=======================================================
Timestamp: 2026-01-22T12:28:19.2383441Z
Method: GET
URL: /api/warehouses
Status: 200
Duration: 1 ms
UserId: 
Client IP: ::1
User-Agent: 
Controller: Warehouses, Action: GetAll
Response Body: [{"id":1,"name":"Склад1","type":"Склад","isActive":true,"fromMovements":[],"toMovements":[],"fromRequests":[],"toRequests":[]}]
=======================================================

=======================================================
Timestamp: 2026-01-22T12:28:19.2415169Z
Method: GET
URL: /api/materials
Status: 200
Duration: 2 ms
UserId: 
Client IP: ::1
User-Agent: 
Controller: Materials, Action: GetAll
Response Body: [{"id":1,"name":"гранула","description":"","code":"1542365","measuringUnit":"т"}]
=======================================================

=======================================================
Timestamp: 2026-01-22T12:28:19.2499519Z
Method: GET
URL: /api/products
Status: 200
Duration: 4 ms
UserId: 
Client IP: ::1
User-Agent: 
Controller: Products, Action: GetAll
Response Body: [{"id":1,"name":"яблоко","description":"","code":"1547852","measuringUnit":"шт"},{"id":2,"name":"яблоко2","description":"","code":"1547852","measuringUnit":"шт"}]
=======================================================

=======================================================
Timestamp: 2026-01-22T12:28:19.3593827Z
Method: GET
URL: /api/materials
Status: 200
Duration: 2 ms
UserId: 
Client IP: ::1
User-Agent: 
Controller: Materials, Action: GetAll
Response Body: [{"id":1,"name":"гранула","description":"","code":"1542365","measuringUnit":"т"}]
=======================================================

=======================================================
Timestamp: 2026-01-22T12:28:19.3595627Z
Method: GET
URL: /api/users
Status: 500
Duration: 3 ms
UserId: 
Client IP: ::1
User-Agent: 
Response Body: Error: A possible object cycle was detected. This can either be due to a cycle or if the object depth is larger than the maximum allowed depth of 32. Consider using ReferenceHandler.Preserve on JsonSerializerOptions to support cycles. Path: $.Role.Users.Role.Users.Role.Users.Role.Users.Role.Users.Role.Users.Role.Users.Role.Users.Role.Users.Role.Users.Id.
=======================================================

=======================================================
Timestamp: 2026-01-22T12:28:36.5462000Z
Method: GET
URL: /api/WorkReports/user/3
Status: 200
Duration: 20 ms
UserId: 
Client IP: ::1
User-Agent: 
Controller: WorkReports, Action: GetByUser
Response Body: []
=======================================================

=======================================================
Timestamp: 2026-01-22T12:28:36.5465936Z
Method: GET
URL: /api/WorkReports/user/3
Status: 200
Duration: 14 ms
UserId: 
Client IP: ::1
User-Agent: 
Controller: WorkReports, Action: GetByUser
Response Body: []
=======================================================

=======================================================
Timestamp: 2026-01-22T12:28:38.4254600Z
Method: GET
URL: /api/WorkReports/user/3
Status: 200
Duration: 2 ms
UserId: 
Client IP: ::1
User-Agent: 
Controller: WorkReports, Action: GetByUser
Response Body: []
=======================================================

=======================================================
Timestamp: 2026-01-22T12:28:38.5568165Z
Method: POST
URL: /api/WorkReports/start
Status: 200
Duration: 122 ms
UserId: 
Client IP: ::1
User-Agent: 
Controller: WorkReports, Action: StartWork
Response Body: {"message":"Work started successfully","report":{"id":4,"userId":3,"date":"2026-01-22T00:00:00","startWork":"2026-01-22T12:28:38Z","finishWork":null,"note":null,"user":null}}
=======================================================

=======================================================
Timestamp: 2026-01-22T12:28:38.5651398Z
Method: GET
URL: /api/WorkReports/user/3
Status: 200
Duration: 2 ms
UserId: 
Client IP: ::1
User-Agent: 
Controller: WorkReports, Action: GetByUser
Response Body: [{"id":4,"userId":3,"date":"2026-01-22T00:00:00","startWork":"2026-01-22T12:28:38Z","finishWork":null,"note":null,"user":null}]
=======================================================

=======================================================
Timestamp: 2026-01-22T12:29:08.0663013Z
Method: GET
URL: /api/materials
Status: 200
Duration: 1 ms
UserId: 
Client IP: ::1
User-Agent: 
Controller: Materials, Action: GetAll
Response Body: [{"id":1,"name":"гранула","description":"","code":"1542365","measuringUnit":"т"}]
=======================================================

=======================================================
Timestamp: 2026-01-22T12:29:15.2201675Z
Method: GET
URL: /api/users
Status: 500
Duration: 3 ms
UserId: 
Client IP: ::1
User-Agent: 
Response Body: Error: A possible object cycle was detected. This can either be due to a cycle or if the object depth is larger than the maximum allowed depth of 32. Consider using ReferenceHandler.Preserve on JsonSerializerOptions to support cycles. Path: $.Role.Users.Role.Users.Role.Users.Role.Users.Role.Users.Role.Users.Role.Users.Role.Users.Role.Users.Role.Users.Id.
=======================================================

=======================================================
Timestamp: 2026-01-22T12:29:15.3282800Z
Method: GET
URL: /api/warehouses
Status: 200
Duration: 2 ms
UserId: 
Client IP: ::1
User-Agent: 
Controller: Warehouses, Action: GetAll
Response Body: [{"id":1,"name":"Склад1","type":"Склад","isActive":true,"fromMovements":[],"toMovements":[],"fromRequests":[],"toRequests":[]}]
=======================================================

=======================================================
Timestamp: 2026-01-22T12:29:15.3288058Z
Method: GET
URL: /api/materials
Status: 200
Duration: 1 ms
UserId: 
Client IP: ::1
User-Agent: 
Controller: Materials, Action: GetAll
Response Body: [{"id":1,"name":"гранула","description":"","code":"1542365","measuringUnit":"т"}]
=======================================================

=======================================================
Timestamp: 2026-01-22T12:29:15.3697779Z
Method: GET
URL: /api/part-requests
Status: 404
Duration: 0 ms
UserId: 
Client IP: ::1
User-Agent: 
=======================================================

=======================================================
Timestamp: 2026-01-22T12:29:15.3705857Z
Method: GET
URL: /api/part-requests
Status: 404
Duration: 0 ms
UserId: 
Client IP: ::1
User-Agent: 
=======================================================

=======================================================
Timestamp: 2026-01-22T12:29:17.6727464Z
Method: GET
URL: /api/users
Status: 500
Duration: 2 ms
UserId: 
Client IP: ::1
User-Agent: 
Response Body: Error: A possible object cycle was detected. This can either be due to a cycle or if the object depth is larger than the maximum allowed depth of 32. Consider using ReferenceHandler.Preserve on JsonSerializerOptions to support cycles. Path: $.Role.Users.Role.Users.Role.Users.Role.Users.Role.Users.Role.Users.Role.Users.Role.Users.Role.Users.Role.Users.Id.
=======================================================

=======================================================
Timestamp: 2026-01-22T12:29:17.7892922Z
Method: GET
URL: /api/warehouses
Status: 200
Duration: 1 ms
UserId: 
Client IP: ::1
User-Agent: 
Controller: Warehouses, Action: GetAll
Response Body: [{"id":1,"name":"Склад1","type":"Склад","isActive":true,"fromMovements":[],"toMovements":[],"fromRequests":[],"toRequests":[]}]
=======================================================

=======================================================
Timestamp: 2026-01-22T12:29:17.7896472Z
Method: GET
URL: /api/materials
Status: 200
Duration: 1 ms
UserId: 
Client IP: ::1
User-Agent: 
Controller: Materials, Action: GetAll
Response Body: [{"id":1,"name":"гранула","description":"","code":"1542365","measuringUnit":"т"}]
=======================================================

=======================================================
Timestamp: 2026-01-22T12:29:28.9451924Z
Method: GET
URL: /api/materials
Status: 200
Duration: 1 ms
UserId: 
Client IP: ::1
User-Agent: 
Controller: Materials, Action: GetAll
Response Body: [{"id":1,"name":"гранула","description":"","code":"1542365","measuringUnit":"т"}]
=======================================================

=======================================================
Timestamp: 2026-01-22T12:29:28.9460380Z
Method: GET
URL: /api/products
Status: 200
Duration: 1 ms
UserId: 
Client IP: ::1
User-Agent: 
Controller: Products, Action: GetAll
Response Body: [{"id":1,"name":"яблоко","description":"","code":"1547852","measuringUnit":"шт"},{"id":2,"name":"яблоко2","description":"","code":"1547852","measuringUnit":"шт"}]
=======================================================

=======================================================
Timestamp: 2026-01-22T12:29:28.9468702Z
Method: GET
URL: /api/users
Status: 500
Duration: 4 ms
UserId: 
Client IP: ::1
User-Agent: 
Response Body: Error: A possible object cycle was detected. This can either be due to a cycle or if the object depth is larger than the maximum allowed depth of 32. Consider using ReferenceHandler.Preserve on JsonSerializerOptions to support cycles. Path: $.Role.Users.Role.Users.Role.Users.Role.Users.Role.Users.Role.Users.Role.Users.Role.Users.Role.Users.Role.Users.Id.
=======================================================

=======================================================
Timestamp: 2026-01-22T12:29:28.9496461Z
Method: GET
URL: /api/warehouses
Status: 200
Duration: 1 ms
UserId: 
Client IP: ::1
User-Agent: 
Controller: Warehouses, Action: GetAll
Response Body: [{"id":1,"name":"Склад1","type":"Склад","isActive":true,"fromMovements":[],"toMovements":[],"fromRequests":[],"toRequests":[]}]
=======================================================

=======================================================
Timestamp: 2026-01-22T12:29:28.9549921Z
Method: GET
URL: /api/materials
Status: 200
Duration: 2 ms
UserId: 
Client IP: ::1
User-Agent: 
Controller: Materials, Action: GetAll
Response Body: [{"id":1,"name":"гранула","description":"","code":"1542365","measuringUnit":"т"}]
=======================================================

=======================================================
Timestamp: 2026-01-22T12:29:28.9564465Z
Method: GET
URL: /api/products
Status: 200
Duration: 1 ms
UserId: 
Client IP: ::1
User-Agent: 
Controller: Products, Action: GetAll
Response Body: [{"id":1,"name":"яблоко","description":"","code":"1547852","measuringUnit":"шт"},{"id":2,"name":"яблоко2","description":"","code":"1547852","measuringUnit":"шт"}]
=======================================================

=======================================================
Timestamp: 2026-01-22T12:29:28.9748970Z
Method: GET
URL: /api/users
Status: 500
Duration: 7 ms
UserId: 
Client IP: ::1
User-Agent: 
Response Body: Error: A possible object cycle was detected. This can either be due to a cycle or if the object depth is larger than the maximum allowed depth of 32. Consider using ReferenceHandler.Preserve on JsonSerializerOptions to support cycles. Path: $.Role.Users.Role.Users.Role.Users.Role.Users.Role.Users.Role.Users.Role.Users.Role.Users.Role.Users.Role.Users.Id.
=======================================================

=======================================================
Timestamp: 2026-01-22T12:29:28.9784215Z
Method: GET
URL: /api/users
Status: 500
Duration: 7 ms
UserId: 
Client IP: ::1
User-Agent: 
Response Body: Error: A possible object cycle was detected. This can either be due to a cycle or if the object depth is larger than the maximum allowed depth of 32. Consider using ReferenceHandler.Preserve on JsonSerializerOptions to support cycles. Path: $.Role.Users.Role.Users.Role.Users.Role.Users.Role.Users.Role.Users.Role.Users.Role.Users.Role.Users.Role.Users.Id.
=======================================================

=======================================================
Timestamp: 2026-01-22T12:29:29.1052515Z
Method: GET
URL: /api/users
Status: 500
Duration: 2 ms
UserId: 
Client IP: ::1
User-Agent: 
Response Body: Error: A possible object cycle was detected. This can either be due to a cycle or if the object depth is larger than the maximum allowed depth of 32. Consider using ReferenceHandler.Preserve on JsonSerializerOptions to support cycles. Path: $.Role.Users.Role.Users.Role.Users.Role.Users.Role.Users.Role.Users.Role.Users.Role.Users.Role.Users.Role.Users.Id.
=======================================================

=======================================================
Timestamp: 2026-01-22T12:29:29.1055874Z
Method: GET
URL: /api/materials
Status: 200
Duration: 1 ms
UserId: 
Client IP: ::1
User-Agent: 
Controller: Materials, Action: GetAll
Response Body: [{"id":1,"name":"гранула","description":"","code":"1542365","measuringUnit":"т"}]
=======================================================

=======================================================
Timestamp: 2026-01-22T12:29:29.1085717Z
Method: GET
URL: /api/products
Status: 200
Duration: 1 ms
UserId: 
Client IP: ::1
User-Agent: 
Controller: Products, Action: GetAll
Response Body: [{"id":1,"name":"яблоко","description":"","code":"1547852","measuringUnit":"шт"},{"id":2,"name":"яблоко2","description":"","code":"1547852","measuringUnit":"шт"}]
=======================================================

=======================================================
Timestamp: 2026-01-22T12:29:29.1099508Z
Method: GET
URL: /api/warehouses
Status: 200
Duration: 1 ms
UserId: 
Client IP: ::1
User-Agent: 
Controller: Warehouses, Action: GetAll
Response Body: [{"id":1,"name":"Склад1","type":"Склад","isActive":true,"fromMovements":[],"toMovements":[],"fromRequests":[],"toRequests":[]}]
=======================================================

=======================================================
Timestamp: 2026-01-22T12:29:29.1124528Z
Method: GET
URL: /api/materials
Status: 200
Duration: 2 ms
UserId: 
Client IP: ::1
User-Agent: 
Controller: Materials, Action: GetAll
Response Body: [{"id":1,"name":"гранула","description":"","code":"1542365","measuringUnit":"т"}]
=======================================================

=======================================================
Timestamp: 2026-01-22T12:29:29.1163016Z
Method: GET
URL: /api/products
Status: 200
Duration: 1 ms
UserId: 
Client IP: ::1
User-Agent: 
Controller: Products, Action: GetAll
Response Body: [{"id":1,"name":"яблоко","description":"","code":"1547852","measuringUnit":"шт"},{"id":2,"name":"яблоко2","description":"","code":"1547852","measuringUnit":"шт"}]
=======================================================

=======================================================
Timestamp: 2026-01-22T12:29:29.1230366Z
Method: GET
URL: /api/users
Status: 500
Duration: 5 ms
UserId: 
Client IP: ::1
User-Agent: 
Response Body: Error: A possible object cycle was detected. This can either be due to a cycle or if the object depth is larger than the maximum allowed depth of 32. Consider using ReferenceHandler.Preserve on JsonSerializerOptions to support cycles. Path: $.Role.Users.Role.Users.Role.Users.Role.Users.Role.Users.Role.Users.Role.Users.Role.Users.Role.Users.Role.Users.Id.
=======================================================

=======================================================
Timestamp: 2026-01-22T12:29:29.1233245Z
Method: GET
URL: /api/Roles
Status: 200
Duration: 3 ms
UserId: 
Client IP: ::1
User-Agent: 
Controller: Roles, Action: GetAll
Response Body: [{"id":1,"name":"Владелец","code":"Owner","description":"Полный доступ","rank":1,"users":[],"rolePermissions":[]},{"id":2,"name":"Администратор","code":"Admin","description":"Руководитель предприятия","rank":2,"users":[],"rolePermissions":[]},{"id":3,"name":"Старший экструзионщик","code":"SeniorExtruder","description":"Замещение администратора","rank":3,"users":[],"rolePermissions":[]},{"id":4,"name":"Старший кладовщик","code":"SeniorWarehouseman","description":"Склады и цеха","rank":3,"users":[],"rolePermissions":[]},{"id":5,"name":"Кладовщик готовой продукции","code":"FinishedGoodsWarehouseman","description":"Склад готовой продукции","rank":3,"users":[],"rolePermissions":[]},{"id":6,"name":"Экструзионщик","code":"Extruder","description":"Производство","rank":4,"users":[],"rolePermissions":[]},{"id":7,"name":"Кладовщик","code":"Warehouseman","description":"Склад","rank":4,"users":[],"rolePermissions":[]},{"id":8,"name":"Покрасочник","code":"Painter","description":"Цех покраски","rank":4,"users":[],"rolePermissions":[]},{"id":9,"name":"Старшая упаковщица","code":"SeniorPacker","description":"Упаковка","rank":4,"users":[],"rolePermissions":[]},{"id":10,"name":"ТПА","code":"TPA","description":"ТПА","rank":4,"users":[],"rolePermissions":[]},{"id":11,"name":"Утиль","code":"Utilization","description":"Цех утилизации","rank":4,"users":[],"rolePermissions":[]}]
=======================================================

=======================================================
Timestamp: 2026-01-22T12:29:29.1263643Z
Method: GET
URL: /api/users
Status: 500
Duration: 6 ms
UserId: 
Client IP: ::1
User-Agent: 
Response Body: Error: A possible object cycle was detected. This can either be due to a cycle or if the object depth is larger than the maximum allowed depth of 32. Consider using ReferenceHandler.Preserve on JsonSerializerOptions to support cycles. Path: $.Role.Users.Role.Users.Role.Users.Role.Users.Role.Users.Role.Users.Role.Users.Role.Users.Role.Users.Role.Users.Id.
=======================================================

=======================================================
Timestamp: 2026-01-22T12:29:33.5905539Z
Method: GET
URL: /api/users
Status: 500
Duration: 2 ms
UserId: 
Client IP: ::1
User-Agent: 
Response Body: Error: A possible object cycle was detected. This can either be due to a cycle or if the object depth is larger than the maximum allowed depth of 32. Consider using ReferenceHandler.Preserve on JsonSerializerOptions to support cycles. Path: $.Role.Users.Role.Users.Role.Users.Role.Users.Role.Users.Role.Users.Role.Users.Role.Users.Role.Users.Role.Users.Id.
=======================================================

=======================================================
Timestamp: 2026-01-22T12:29:33.7150789Z
Method: GET
URL: /api/warehouses
Status: 200
Duration: 1 ms
UserId: 
Client IP: ::1
User-Agent: 
Controller: Warehouses, Action: GetAll
Response Body: [{"id":1,"name":"Склад1","type":"Склад","isActive":true,"fromMovements":[],"toMovements":[],"fromRequests":[],"toRequests":[]}]
=======================================================

=======================================================
Timestamp: 2026-01-22T12:29:35.4738692Z
Method: GET
URL: /api/users
Status: 500
Duration: 3 ms
UserId: 
Client IP: ::1
User-Agent: 
Response Body: Error: A possible object cycle was detected. This can either be due to a cycle or if the object depth is larger than the maximum allowed depth of 32. Consider using ReferenceHandler.Preserve on JsonSerializerOptions to support cycles. Path: $.Role.Users.Role.Users.Role.Users.Role.Users.Role.Users.Role.Users.Role.Users.Role.Users.Role.Users.Role.Users.Id.
=======================================================

=======================================================
Timestamp: 2026-01-22T12:29:35.5878277Z
Method: GET
URL: /api/warehouses
Status: 200
Duration: 1 ms
UserId: 
Client IP: ::1
User-Agent: 
Controller: Warehouses, Action: GetAll
Response Body: [{"id":1,"name":"Склад1","type":"Склад","isActive":true,"fromMovements":[],"toMovements":[],"fromRequests":[],"toRequests":[]}]
=======================================================

=======================================================
Timestamp: 2026-01-22T12:29:35.5881044Z
Method: GET
URL: /api/materials
Status: 200
Duration: 1 ms
UserId: 
Client IP: ::1
User-Agent: 
Controller: Materials, Action: GetAll
Response Body: [{"id":1,"name":"гранула","description":"","code":"1542365","measuringUnit":"т"}]
=======================================================

=======================================================
Timestamp: 2026-01-22T12:29:55.1893949Z
Method: GET
URL: /api/WorkReports/user/3
Status: 200
Duration: 1 ms
UserId: 
Client IP: ::1
User-Agent: 
Controller: WorkReports, Action: GetByUser
Response Body: [{"id":4,"userId":3,"date":"2026-01-22T00:00:00","startWork":"2026-01-22T12:28:38Z","finishWork":null,"note":null,"user":null}]
=======================================================

=======================================================
Timestamp: 2026-01-22T12:29:55.1903246Z
Method: GET
URL: /api/WorkReports/user/3
Status: 200
Duration: 1 ms
UserId: 
Client IP: ::1
User-Agent: 
Controller: WorkReports, Action: GetByUser
Response Body: [{"id":4,"userId":3,"date":"2026-01-22T00:00:00","startWork":"2026-01-22T12:28:38Z","finishWork":null,"note":null,"user":null}]
=======================================================

=======================================================
Timestamp: 2026-01-22T12:30:29.8657626Z
Method: GET
URL: /api/warehouses
Status: 200
Duration: 3 ms
UserId: 
Client IP: ::1
User-Agent: 
Controller: Warehouses, Action: GetAll
Response Body: [{"id":1,"name":"Склад1","type":"Склад","isActive":true,"fromMovements":[],"toMovements":[],"fromRequests":[],"toRequests":[]}]
=======================================================

=======================================================
Timestamp: 2026-01-22T12:30:29.8680283Z
Method: GET
URL: /api/warehouses
Status: 200
Duration: 6 ms
UserId: 
Client IP: ::1
User-Agent: 
Controller: Warehouses, Action: GetAll
Response Body: [{"id":1,"name":"Склад1","type":"Склад","isActive":true,"fromMovements":[],"toMovements":[],"fromRequests":[],"toRequests":[]}]
=======================================================

=======================================================
Timestamp: 2026-01-22T12:32:14.8021022Z
Method: GET
URL: /api/users
Status: 500
Duration: 3 ms
UserId: 
Client IP: ::1
User-Agent: 
Response Body: Error: A possible object cycle was detected. This can either be due to a cycle or if the object depth is larger than the maximum allowed depth of 32. Consider using ReferenceHandler.Preserve on JsonSerializerOptions to support cycles. Path: $.Role.Users.Role.Users.Role.Users.Role.Users.Role.Users.Role.Users.Role.Users.Role.Users.Role.Users.Role.Users.Id.
=======================================================

=======================================================
Timestamp: 2026-01-22T12:32:14.8053942Z
Method: GET
URL: /api/part-requests
Status: 404
Duration: 0 ms
UserId: 
Client IP: ::1
User-Agent: 
=======================================================

=======================================================
Timestamp: 2026-01-22T12:32:16.0902144Z
Method: GET
URL: /api/users
Status: 500
Duration: 2 ms
UserId: 
Client IP: ::1
User-Agent: 
Response Body: Error: A possible object cycle was detected. This can either be due to a cycle or if the object depth is larger than the maximum allowed depth of 32. Consider using ReferenceHandler.Preserve on JsonSerializerOptions to support cycles. Path: $.Role.Users.Role.Users.Role.Users.Role.Users.Role.Users.Role.Users.Role.Users.Role.Users.Role.Users.Role.Users.Id.
=======================================================

=======================================================
Timestamp: 2026-01-22T12:32:16.1965017Z
Method: GET
URL: /api/warehouses
Status: 200
Duration: 1 ms
UserId: 
Client IP: ::1
User-Agent: 
Controller: Warehouses, Action: GetAll
Response Body: [{"id":1,"name":"Склад1","type":"Склад","isActive":true,"fromMovements":[],"toMovements":[],"fromRequests":[],"toRequests":[]}]
=======================================================

=======================================================
Timestamp: 2026-01-22T12:32:16.1968592Z
Method: GET
URL: /api/materials
Status: 200
Duration: 1 ms
UserId: 
Client IP: ::1
User-Agent: 
Controller: Materials, Action: GetAll
Response Body: [{"id":1,"name":"гранула","description":"","code":"1542365","measuringUnit":"т"}]
=======================================================

=======================================================
Timestamp: 2026-01-22T12:32:38.4221210Z
Method: GET
URL: /hubs/notifications?id=a_Tls4OK6ZPZpVHPjV8dqg
Status: 101
Duration: 335324 ms
UserId: 
Client IP: ::1
User-Agent: Microsoft SignalR/8.0 (8.0.0+3f1acb59718cadf111a0a796681e3d3509bb3381; Windows NT; .NET; .NET 8.0.22)
=======================================================

=======================================================
Timestamp: 2026-01-22T12:43:32.4302161Z
Method: POST
URL: /api/Users/authenticate
Status: 200
Duration: 189 ms
UserId: 
Client IP: ::ffff:192.168.0.136
User-Agent: Dalvik/2.1.0 (Linux; U; Android 12; CTR-L91 Build/HUAWEICTR-L91)
Controller: Users, Action: Authenticate
Response Body: {"message":"Login successful","user":{"id":2,"login":"adam","name":"adam","surname":"first","email":"g@g.com","phone":"","createdAt":"2026-01-22T09:41:42.056633Z","roleId":null,"role":null}}
=======================================================

=======================================================
Timestamp: 2026-01-22T12:43:32.8803129Z
Method: GET
URL: /api/user-permissions/check?userId=2&permissionCode=Admin
Status: 404
Duration: 0 ms
UserId: 
Client IP: ::ffff:192.168.0.136
User-Agent: Dalvik/2.1.0 (Linux; U; Android 12; CTR-L91 Build/HUAWEICTR-L91)
=======================================================

=======================================================
Timestamp: 2026-01-22T12:43:33.1007801Z
Method: GET
URL: /api/user-permissions/user/2
Status: 404
Duration: 0 ms
UserId: 
Client IP: ::ffff:192.168.0.136
User-Agent: Dalvik/2.1.0 (Linux; U; Android 12; CTR-L91 Build/HUAWEICTR-L91)
=======================================================

=======================================================
Timestamp: 2026-01-22T12:43:43.5067481Z
Method: POST
URL: /api/Users/authenticate
Status: 200
Duration: 2 ms
UserId: 
Client IP: ::1
User-Agent: 
Controller: Users, Action: Authenticate
Response Body: {"message":"Login successful","user":{"id":3,"login":"eva","name":"Eva","surname":"EvaEva","email":"eva@eva.com","phone":"","createdAt":"2026-01-22T10:35:25.894086Z","roleId":null,"role":null}}
=======================================================

=======================================================
Timestamp: 2026-01-22T12:43:43.5809574Z
Method: GET
URL: /api/user-permissions/check?userId=3&permissionCode=Admin
Status: 404
Duration: 0 ms
UserId: 
Client IP: ::1
User-Agent: 
=======================================================

=======================================================
Timestamp: 2026-01-22T12:43:43.7024866Z
Method: GET
URL: /api/user-permissions/user/3
Status: 404
Duration: 0 ms
UserId: 
Client IP: ::1
User-Agent: 
=======================================================

=======================================================
Timestamp: 2026-01-22T12:43:43.8910882Z
Method: POST
URL: /hubs/notifications/negotiate?negotiateVersion=1
Status: 200
Duration: 0 ms
UserId: 
Client IP: ::1
User-Agent: Microsoft SignalR/8.0 (8.0.0+3f1acb59718cadf111a0a796681e3d3509bb3381; Windows NT; .NET; .NET 8.0.22)
Response Body: {"negotiateVersion":1,"connectionId":"Li2YpKP_7MGZqWcjRzsdbw","connectionToken":"QaKyd-el6dq0-fm7gdgugQ","availableTransports":[{"transport":"WebSockets","transferFormats":["Text","Binary"]},{"transport":"ServerSentEvents","transferFormats":["Text"]},{"transport":"LongPolling","transferFormats":["Text","Binary"]}]}
=======================================================

=======================================================
Timestamp: 2026-01-22T12:43:55.6334879Z
Method: POST
URL: /api/AlarmEvents
Status: 201
Duration: 13 ms
UserId: 
Client IP: ::ffff:192.168.0.136
User-Agent: Dalvik/2.1.0 (Linux; U; Android 12; CTR-L91 Build/HUAWEICTR-L91)
Controller: AlarmEvents, Action: CreateAlarmEvent
Response Body: {"message":"AlarmEvent created successfully","alarmEvent":{"id":6,"userId":2,"createdAt":"2026-01-22T12:43:55.6168626Z","message":"","location":"аоао"}}
=======================================================

=======================================================
Timestamp: 2026-01-22T12:44:20.2457741Z
Method: GET
URL: /api/users
Status: 500
Duration: 2 ms
UserId: 
Client IP: ::1
User-Agent: 
Response Body: Error: A possible object cycle was detected. This can either be due to a cycle or if the object depth is larger than the maximum allowed depth of 32. Consider using ReferenceHandler.Preserve on JsonSerializerOptions to support cycles. Path: $.Role.Users.Role.Users.Role.Users.Role.Users.Role.Users.Role.Users.Role.Users.Role.Users.Role.Users.Role.Users.Id.
=======================================================

=======================================================
Timestamp: 2026-01-22T12:44:20.2461312Z
Method: GET
URL: /api/Roles
Status: 200
Duration: 89 ms
UserId: 
Client IP: ::1
User-Agent: 
Controller: Roles, Action: GetAll
Response Body: [{"id":1,"name":"Владелец","code":"Owner","description":"Полный доступ","rank":1,"users":[],"rolePermissions":[]},{"id":2,"name":"Администратор","code":"Admin","description":"Руководитель предприятия","rank":2,"users":[],"rolePermissions":[]},{"id":3,"name":"Старший экструзионщик","code":"SeniorExtruder","description":"Замещение администратора","rank":3,"users":[],"rolePermissions":[]},{"id":4,"name":"Старший кладовщик","code":"SeniorWarehouseman","description":"Склады и цеха","rank":3,"users":[],"rolePermissions":[]},{"id":5,"name":"Кладовщик готовой продукции","code":"FinishedGoodsWarehouseman","description":"Склад готовой продукции","rank":3,"users":[],"rolePermissions":[]},{"id":6,"name":"Экструзионщик","code":"Extruder","description":"Производство","rank":4,"users":[],"rolePermissions":[]},{"id":7,"name":"Кладовщик","code":"Warehouseman","description":"Склад","rank":4,"users":[],"rolePermissions":[]},{"id":8,"name":"Покрасочник","code":"Painter","description":"Цех покраски","rank":4,"users":[],"rolePermissions":[]},{"id":9,"name":"Старшая упаковщица","code":"SeniorPacker","description":"Упаковка","rank":4,"users":[],"rolePermissions":[]},{"id":10,"name":"ТПА","code":"TPA","description":"ТПА","rank":4,"users":[],"rolePermissions":[]},{"id":11,"name":"Утиль","code":"Utilization","description":"Цех утилизации","rank":4,"users":[],"rolePermissions":[]}]
=======================================================

=======================================================
Timestamp: 2026-01-22T12:44:20.2461027Z
Method: GET
URL: /api/users
Status: 500
Duration: 77 ms
UserId: 
Client IP: ::1
User-Agent: 
Response Body: Error: A possible object cycle was detected. This can either be due to a cycle or if the object depth is larger than the maximum allowed depth of 32. Consider using ReferenceHandler.Preserve on JsonSerializerOptions to support cycles. Path: $.Role.Users.Role.Users.Role.Users.Role.Users.Role.Users.Role.Users.Role.Users.Role.Users.Role.Users.Role.Users.Id.
=======================================================

=======================================================
Timestamp: 2026-01-22T12:44:24.0931449Z
Method: GET
URL: /api/WorkReports/user/2
Status: 200
Duration: 4 ms
UserId: 
Client IP: ::ffff:192.168.0.136
User-Agent: Dalvik/2.1.0 (Linux; U; Android 12; CTR-L91 Build/HUAWEICTR-L91)
Controller: WorkReports, Action: GetByUser
Response Body: [{"id":3,"userId":2,"date":"2026-01-22T00:00:00","startWork":"2026-01-22T10:32:56Z","finishWork":"2026-01-22T14:33:00Z","note":null,"user":null}]
=======================================================

=======================================================
Timestamp: 2026-01-22T12:44:24.3129878Z
Method: GET
URL: /api/WorkReports/user/2
Status: 200
Duration: 3 ms
UserId: 
Client IP: ::ffff:192.168.0.136
User-Agent: Dalvik/2.1.0 (Linux; U; Android 12; CTR-L91 Build/HUAWEICTR-L91)
Controller: WorkReports, Action: GetByUser
Response Body: [{"id":3,"userId":2,"date":"2026-01-22T00:00:00","startWork":"2026-01-22T10:32:56Z","finishWork":"2026-01-22T14:33:00Z","note":null,"user":null}]
=======================================================

=======================================================
Timestamp: 2026-01-22T12:44:26.2620909Z
Method: GET
URL: /api/WorkReports/user/2
Status: 200
Duration: 2 ms
UserId: 
Client IP: ::ffff:192.168.0.136
User-Agent: Dalvik/2.1.0 (Linux; U; Android 12; CTR-L91 Build/HUAWEICTR-L91)
Controller: WorkReports, Action: GetByUser
Response Body: [{"id":3,"userId":2,"date":"2026-01-22T00:00:00","startWork":"2026-01-22T10:32:56Z","finishWork":"2026-01-22T14:33:00Z","note":null,"user":null}]
=======================================================

=======================================================
Timestamp: 2026-01-22T12:44:26.2676236Z
Method: POST
URL: /api/WorkReports/start
Status: 200
Duration: 6 ms
UserId: 
Client IP: ::ffff:192.168.0.136
User-Agent: Dalvik/2.1.0 (Linux; U; Android 12; CTR-L91 Build/HUAWEICTR-L91)
Controller: WorkReports, Action: StartWork
Response Body: {"message":"Work started successfully","report":{"id":5,"userId":2,"date":"2026-01-22T00:00:00","startWork":"2026-01-22T12:44:25Z","finishWork":null,"note":null,"user":null}}
=======================================================

=======================================================
Timestamp: 2026-01-22T12:44:26.3070660Z
Method: GET
URL: /api/WorkReports/user/2
Status: 200
Duration: 2 ms
UserId: 
Client IP: ::ffff:192.168.0.136
User-Agent: Dalvik/2.1.0 (Linux; U; Android 12; CTR-L91 Build/HUAWEICTR-L91)
Controller: WorkReports, Action: GetByUser
Response Body: [{"id":3,"userId":2,"date":"2026-01-22T00:00:00","startWork":"2026-01-22T10:32:56Z","finishWork":"2026-01-22T14:33:00Z","note":null,"user":null},{"id":5,"userId":2,"date":"2026-01-22T00:00:00","startWork":"2026-01-22T12:44:25Z","finishWork":null,"note":null,"user":null}]
=======================================================

=======================================================
Timestamp: 2026-01-22T12:44:26.3076712Z
Method: GET
URL: /api/WorkReports/user/2
Status: 200
Duration: 3 ms
UserId: 
Client IP: ::ffff:192.168.0.136
User-Agent: Dalvik/2.1.0 (Linux; U; Android 12; CTR-L91 Build/HUAWEICTR-L91)
Controller: WorkReports, Action: GetByUser
Response Body: [{"id":3,"userId":2,"date":"2026-01-22T00:00:00","startWork":"2026-01-22T10:32:56Z","finishWork":"2026-01-22T14:33:00Z","note":null,"user":null},{"id":5,"userId":2,"date":"2026-01-22T00:00:00","startWork":"2026-01-22T12:44:25Z","finishWork":null,"note":null,"user":null}]
=======================================================

=======================================================
Timestamp: 2026-01-22T12:44:29.1234951Z
Method: GET
URL: /api/WorkReports/user/3
Status: 200
Duration: 1 ms
UserId: 
Client IP: ::1
User-Agent: 
Controller: WorkReports, Action: GetByUser
Response Body: [{"id":4,"userId":3,"date":"2026-01-22T00:00:00","startWork":"2026-01-22T12:28:38Z","finishWork":null,"note":null,"user":null}]
=======================================================

=======================================================
Timestamp: 2026-01-22T12:44:29.1275642Z
Method: GET
URL: /api/WorkReports/user/3
Status: 200
Duration: 1 ms
UserId: 
Client IP: ::1
User-Agent: 
Controller: WorkReports, Action: GetByUser
Response Body: [{"id":4,"userId":3,"date":"2026-01-22T00:00:00","startWork":"2026-01-22T12:28:38Z","finishWork":null,"note":null,"user":null}]
=======================================================

=======================================================
Timestamp: 2026-01-22T12:44:30.1288252Z
Method: GET
URL: /api/users
Status: 500
Duration: 3 ms
UserId: 
Client IP: ::ffff:192.168.0.136
User-Agent: Dalvik/2.1.0 (Linux; U; Android 12; CTR-L91 Build/HUAWEICTR-L91)
Response Body: Error: A possible object cycle was detected. This can either be due to a cycle or if the object depth is larger than the maximum allowed depth of 32. Consider using ReferenceHandler.Preserve on JsonSerializerOptions to support cycles. Path: $.Role.Users.Role.Users.Role.Users.Role.Users.Role.Users.Role.Users.Role.Users.Role.Users.Role.Users.Role.Users.Id.
=======================================================

=======================================================
Timestamp: 2026-01-22T12:44:30.2377551Z
Method: GET
URL: /api/warehouses
Status: 200
Duration: 2 ms
UserId: 
Client IP: ::ffff:192.168.0.136
User-Agent: Dalvik/2.1.0 (Linux; U; Android 12; CTR-L91 Build/HUAWEICTR-L91)
Controller: Warehouses, Action: GetAll
Response Body: [{"id":1,"name":"Склад1","type":"Склад","isActive":true,"fromMovements":[],"toMovements":[],"fromRequests":[],"toRequests":[]}]
=======================================================

=======================================================
Timestamp: 2026-01-22T12:44:30.2380703Z
Method: GET
URL: /api/materials
Status: 200
Duration: 2 ms
UserId: 
Client IP: ::ffff:192.168.0.136
User-Agent: Dalvik/2.1.0 (Linux; U; Android 12; CTR-L91 Build/HUAWEICTR-L91)
Controller: Materials, Action: GetAll
Response Body: [{"id":1,"name":"гранула","description":"","code":"1542365","measuringUnit":"т"}]
=======================================================

=======================================================
Timestamp: 2026-01-22T12:44:30.2602231Z
Method: GET
URL: /api/part-requests
Status: 404
Duration: 0 ms
UserId: 
Client IP: ::ffff:192.168.0.136
User-Agent: Dalvik/2.1.0 (Linux; U; Android 12; CTR-L91 Build/HUAWEICTR-L91)
=======================================================

=======================================================
Timestamp: 2026-01-22T12:44:30.2653801Z
Method: GET
URL: /api/part-requests
Status: 404
Duration: 0 ms
UserId: 
Client IP: ::ffff:192.168.0.136
User-Agent: Dalvik/2.1.0 (Linux; U; Android 12; CTR-L91 Build/HUAWEICTR-L91)
=======================================================

=======================================================
Timestamp: 2026-01-22T12:44:31.2567105Z
Method: GET
URL: /api/users
Status: 500
Duration: 4 ms
UserId: 
Client IP: ::ffff:192.168.0.136
User-Agent: Dalvik/2.1.0 (Linux; U; Android 12; CTR-L91 Build/HUAWEICTR-L91)
Response Body: Error: A possible object cycle was detected. This can either be due to a cycle or if the object depth is larger than the maximum allowed depth of 32. Consider using ReferenceHandler.Preserve on JsonSerializerOptions to support cycles. Path: $.Role.Users.Role.Users.Role.Users.Role.Users.Role.Users.Role.Users.Role.Users.Role.Users.Role.Users.Role.Users.Id.
=======================================================

=======================================================
Timestamp: 2026-01-22T12:44:31.2916065Z
Method: GET
URL: /api/warehouses
Status: 200
Duration: 1 ms
UserId: 
Client IP: ::ffff:192.168.0.136
User-Agent: Dalvik/2.1.0 (Linux; U; Android 12; CTR-L91 Build/HUAWEICTR-L91)
Controller: Warehouses, Action: GetAll
Response Body: [{"id":1,"name":"Склад1","type":"Склад","isActive":true,"fromMovements":[],"toMovements":[],"fromRequests":[],"toRequests":[]}]
=======================================================

=======================================================
Timestamp: 2026-01-22T12:44:31.3983320Z
Method: GET
URL: /api/materials
Status: 200
Duration: 2 ms
UserId: 
Client IP: ::ffff:192.168.0.136
User-Agent: Dalvik/2.1.0 (Linux; U; Android 12; CTR-L91 Build/HUAWEICTR-L91)
Controller: Materials, Action: GetAll
Response Body: [{"id":1,"name":"гранула","description":"","code":"1542365","measuringUnit":"т"}]
=======================================================

=======================================================
Timestamp: 2026-01-22T12:44:34.2495507Z
Method: GET
URL: /api/WorkReports/user/3
Status: 200
Duration: 2 ms
UserId: 
Client IP: ::1
User-Agent: 
Controller: WorkReports, Action: GetByUser
Response Body: [{"id":4,"userId":3,"date":"2026-01-22T00:00:00","startWork":"2026-01-22T12:28:38Z","finishWork":null,"note":null,"user":null}]
=======================================================

=======================================================
Timestamp: 2026-01-22T12:44:34.3751845Z
Method: POST
URL: /api/WorkReports/4/finish
Status: 200
Duration: 124 ms
UserId: 
Client IP: ::1
User-Agent: 
Controller: WorkReports, Action: FinishWork
Response Body: {"message":"Work finished successfully","report":{"id":4,"userId":3,"date":"2026-01-22T00:00:00","startWork":"2026-01-22T12:28:38Z","finishWork":"2026-01-22T16:44:34Z","note":null,"user":null}}
=======================================================

=======================================================
Timestamp: 2026-01-22T12:44:34.3813201Z
Method: GET
URL: /api/WorkReports/user/3
Status: 200
Duration: 1 ms
UserId: 
Client IP: ::1
User-Agent: 
Controller: WorkReports, Action: GetByUser
Response Body: [{"id":4,"userId":3,"date":"2026-01-22T00:00:00","startWork":"2026-01-22T12:28:38Z","finishWork":"2026-01-22T16:44:34Z","note":null,"user":null}]
=======================================================

=======================================================
Timestamp: 2026-01-22T12:44:34.3826988Z
Method: GET
URL: /api/WorkReports/user/3
Status: 200
Duration: 1 ms
UserId: 
Client IP: ::1
User-Agent: 
Controller: WorkReports, Action: GetByUser
Response Body: [{"id":4,"userId":3,"date":"2026-01-22T00:00:00","startWork":"2026-01-22T12:28:38Z","finishWork":"2026-01-22T16:44:34Z","note":null,"user":null}]
=======================================================

=======================================================
Timestamp: 2026-01-22T12:44:34.9475016Z
Method: GET
URL: /api/users
Status: 500
Duration: 4 ms
UserId: 
Client IP: ::ffff:192.168.0.136
User-Agent: Dalvik/2.1.0 (Linux; U; Android 12; CTR-L91 Build/HUAWEICTR-L91)
Response Body: Error: A possible object cycle was detected. This can either be due to a cycle or if the object depth is larger than the maximum allowed depth of 32. Consider using ReferenceHandler.Preserve on JsonSerializerOptions to support cycles. Path: $.Role.Users.Role.Users.Role.Users.Role.Users.Role.Users.Role.Users.Role.Users.Role.Users.Role.Users.Role.Users.Id.
=======================================================

=======================================================
Timestamp: 2026-01-22T12:44:34.9823624Z
Method: GET
URL: /api/warehouses
Status: 200
Duration: 1 ms
UserId: 
Client IP: ::ffff:192.168.0.136
User-Agent: Dalvik/2.1.0 (Linux; U; Android 12; CTR-L91 Build/HUAWEICTR-L91)
Controller: Warehouses, Action: GetAll
Response Body: [{"id":1,"name":"Склад1","type":"Склад","isActive":true,"fromMovements":[],"toMovements":[],"fromRequests":[],"toRequests":[]}]
=======================================================

=======================================================
Timestamp: 2026-01-22T12:44:34.9993922Z
Method: GET
URL: /api/materials
Status: 200
Duration: 0 ms
UserId: 
Client IP: ::ffff:192.168.0.136
User-Agent: Dalvik/2.1.0 (Linux; U; Android 12; CTR-L91 Build/HUAWEICTR-L91)
Controller: Materials, Action: GetAll
Response Body: [{"id":1,"name":"гранула","description":"","code":"1542365","measuringUnit":"т"}]
=======================================================

=======================================================
Timestamp: 2026-01-22T12:44:35.9041117Z
Method: GET
URL: /api/WorkReports/user/3
Status: 200
Duration: 1 ms
UserId: 
Client IP: ::1
User-Agent: 
Controller: WorkReports, Action: GetByUser
Response Body: [{"id":4,"userId":3,"date":"2026-01-22T00:00:00","startWork":"2026-01-22T12:28:38Z","finishWork":"2026-01-22T16:44:34Z","note":null,"user":null}]
=======================================================

=======================================================
Timestamp: 2026-01-22T12:44:35.9106275Z
Method: POST
URL: /api/WorkReports/start
Status: 200
Duration: 3 ms
UserId: 
Client IP: ::1
User-Agent: 
Controller: WorkReports, Action: StartWork
Response Body: {"message":"Work started successfully","report":{"id":6,"userId":3,"date":"2026-01-22T00:00:00","startWork":"2026-01-22T12:44:35Z","finishWork":null,"note":null,"user":null}}
=======================================================

=======================================================
Timestamp: 2026-01-22T12:44:35.9180684Z
Method: GET
URL: /api/WorkReports/user/3
Status: 200
Duration: 1 ms
UserId: 
Client IP: ::1
User-Agent: 
Controller: WorkReports, Action: GetByUser
Response Body: [{"id":4,"userId":3,"date":"2026-01-22T00:00:00","startWork":"2026-01-22T12:28:38Z","finishWork":"2026-01-22T16:44:34Z","note":null,"user":null},{"id":6,"userId":3,"date":"2026-01-22T00:00:00","startWork":"2026-01-22T12:44:35Z","finishWork":null,"note":null,"user":null}]
=======================================================

=======================================================
Timestamp: 2026-01-22T12:44:35.9197989Z
Method: GET
URL: /api/WorkReports/user/3
Status: 200
Duration: 2 ms
UserId: 
Client IP: ::1
User-Agent: 
Controller: WorkReports, Action: GetByUser
Response Body: [{"id":4,"userId":3,"date":"2026-01-22T00:00:00","startWork":"2026-01-22T12:28:38Z","finishWork":"2026-01-22T16:44:34Z","note":null,"user":null},{"id":6,"userId":3,"date":"2026-01-22T00:00:00","startWork":"2026-01-22T12:44:35Z","finishWork":null,"note":null,"user":null}]
=======================================================

=======================================================
Timestamp: 2026-01-22T12:44:38.7277696Z
Method: GET
URL: /api/part-requests
Status: 404
Duration: 0 ms
UserId: 
Client IP: ::ffff:192.168.0.136
User-Agent: Dalvik/2.1.0 (Linux; U; Android 12; CTR-L91 Build/HUAWEICTR-L91)
=======================================================

=======================================================
Timestamp: 2026-01-22T12:44:38.7281060Z
Method: GET
URL: /api/part-requests
Status: 404
Duration: 0 ms
UserId: 
Client IP: ::ffff:192.168.0.136
User-Agent: Dalvik/2.1.0 (Linux; U; Android 12; CTR-L91 Build/HUAWEICTR-L91)
=======================================================

=======================================================
Timestamp: 2026-01-22T12:44:39.3513272Z
Method: GET
URL: /api/users
Status: 500
Duration: 4 ms
UserId: 
Client IP: ::ffff:192.168.0.136
User-Agent: Dalvik/2.1.0 (Linux; U; Android 12; CTR-L91 Build/HUAWEICTR-L91)
Response Body: Error: A possible object cycle was detected. This can either be due to a cycle or if the object depth is larger than the maximum allowed depth of 32. Consider using ReferenceHandler.Preserve on JsonSerializerOptions to support cycles. Path: $.Role.Users.Role.Users.Role.Users.Role.Users.Role.Users.Role.Users.Role.Users.Role.Users.Role.Users.Role.Users.Id.
=======================================================

=======================================================
Timestamp: 2026-01-22T12:44:39.4314978Z
Method: GET
URL: /api/warehouses
Status: 200
Duration: 2 ms
UserId: 
Client IP: ::ffff:192.168.0.136
User-Agent: Dalvik/2.1.0 (Linux; U; Android 12; CTR-L91 Build/HUAWEICTR-L91)
Controller: Warehouses, Action: GetAll
Response Body: [{"id":1,"name":"Склад1","type":"Склад","isActive":true,"fromMovements":[],"toMovements":[],"fromRequests":[],"toRequests":[]}]
=======================================================

=======================================================
Timestamp: 2026-01-22T12:44:39.4535818Z
Method: GET
URL: /api/materials
Status: 200
Duration: 1 ms
UserId: 
Client IP: ::ffff:192.168.0.136
User-Agent: Dalvik/2.1.0 (Linux; U; Android 12; CTR-L91 Build/HUAWEICTR-L91)
Controller: Materials, Action: GetAll
Response Body: [{"id":1,"name":"гранула","description":"","code":"1542365","measuringUnit":"т"}]
=======================================================

=======================================================
Timestamp: 2026-01-22T12:44:45.4881929Z
Method: GET
URL: /api/warehouses
Status: 200
Duration: 2 ms
UserId: 
Client IP: ::ffff:192.168.0.136
User-Agent: Dalvik/2.1.0 (Linux; U; Android 12; CTR-L91 Build/HUAWEICTR-L91)
Controller: Warehouses, Action: GetAll
Response Body: [{"id":1,"name":"Склад1","type":"Склад","isActive":true,"fromMovements":[],"toMovements":[],"fromRequests":[],"toRequests":[]}]
=======================================================

=======================================================
Timestamp: 2026-01-22T12:44:45.4889151Z
Method: GET
URL: /api/warehouses
Status: 200
Duration: 2 ms
UserId: 
Client IP: ::ffff:192.168.0.136
User-Agent: Dalvik/2.1.0 (Linux; U; Android 12; CTR-L91 Build/HUAWEICTR-L91)
Controller: Warehouses, Action: GetAll
Response Body: [{"id":1,"name":"Склад1","type":"Склад","isActive":true,"fromMovements":[],"toMovements":[],"fromRequests":[],"toRequests":[]}]
=======================================================

=======================================================
Timestamp: 2026-01-22T12:44:50.2027694Z
Method: GET
URL: /api/warehouses
Status: 200
Duration: 2 ms
UserId: 
Client IP: ::ffff:192.168.0.136
User-Agent: Dalvik/2.1.0 (Linux; U; Android 12; CTR-L91 Build/HUAWEICTR-L91)
Controller: Warehouses, Action: GetAll
Response Body: [{"id":1,"name":"Склад1","type":"Склад","isActive":true,"fromMovements":[],"toMovements":[],"fromRequests":[],"toRequests":[]}]
=======================================================

=======================================================
Timestamp: 2026-01-22T12:44:50.2032465Z
Method: GET
URL: /api/materials
Status: 200
Duration: 2 ms
UserId: 
Client IP: ::ffff:192.168.0.136
User-Agent: Dalvik/2.1.0 (Linux; U; Android 12; CTR-L91 Build/HUAWEICTR-L91)
Controller: Materials, Action: GetAll
Response Body: [{"id":1,"name":"гранула","description":"","code":"1542365","measuringUnit":"т"}]
=======================================================

=======================================================
Timestamp: 2026-01-22T12:44:50.3168766Z
Method: GET
URL: /api/materials
Status: 200
Duration: 2 ms
UserId: 
Client IP: ::ffff:192.168.0.136
User-Agent: Dalvik/2.1.0 (Linux; U; Android 12; CTR-L91 Build/HUAWEICTR-L91)
Controller: Materials, Action: GetAll
Response Body: [{"id":1,"name":"гранула","description":"","code":"1542365","measuringUnit":"т"}]
=======================================================

=======================================================
Timestamp: 2026-01-22T12:44:55.5232955Z
Method: GET
URL: /api/products
Status: 200
Duration: 2 ms
UserId: 
Client IP: ::ffff:192.168.0.136
User-Agent: Dalvik/2.1.0 (Linux; U; Android 12; CTR-L91 Build/HUAWEICTR-L91)
Controller: Products, Action: GetAll
Response Body: [{"id":1,"name":"яблоко","description":"","code":"1547852","measuringUnit":"шт"},{"id":2,"name":"яблоко2","description":"","code":"1547852","measuringUnit":"шт"}]
=======================================================

=======================================================
Timestamp: 2026-01-22T12:44:55.5238668Z
Method: GET
URL: /api/warehouses
Status: 200
Duration: 2 ms
UserId: 
Client IP: ::ffff:192.168.0.136
User-Agent: Dalvik/2.1.0 (Linux; U; Android 12; CTR-L91 Build/HUAWEICTR-L91)
Controller: Warehouses, Action: GetAll
Response Body: [{"id":1,"name":"Склад1","type":"Склад","isActive":true,"fromMovements":[],"toMovements":[],"fromRequests":[],"toRequests":[]}]
=======================================================

=======================================================
Timestamp: 2026-01-22T12:44:55.7438329Z
Method: GET
URL: /api/products
Status: 200
Duration: 2 ms
UserId: 
Client IP: ::ffff:192.168.0.136
User-Agent: Dalvik/2.1.0 (Linux; U; Android 12; CTR-L91 Build/HUAWEICTR-L91)
Controller: Products, Action: GetAll
Response Body: [{"id":1,"name":"яблоко","description":"","code":"1547852","measuringUnit":"шт"},{"id":2,"name":"яблоко2","description":"","code":"1547852","measuringUnit":"шт"}]
=======================================================

=======================================================
Timestamp: 2026-01-22T12:45:12.5237140Z
Method: GET
URL: /api/products
Status: 200
Duration: 1 ms
UserId: 
Client IP: ::ffff:192.168.0.136
User-Agent: Dalvik/2.1.0 (Linux; U; Android 12; CTR-L91 Build/HUAWEICTR-L91)
Controller: Products, Action: GetAll
Response Body: [{"id":1,"name":"яблоко","description":"","code":"1547852","measuringUnit":"шт"},{"id":2,"name":"яблоко2","description":"","code":"1547852","measuringUnit":"шт"}]
=======================================================

=======================================================
Timestamp: 2026-01-22T12:45:12.5391279Z
Method: PUT
URL: /api/products/1
Status: 200
Duration: 12 ms
UserId: 
Client IP: ::ffff:192.168.0.136
User-Agent: Dalvik/2.1.0 (Linux; U; Android 12; CTR-L91 Build/HUAWEICTR-L91)
Controller: Products, Action: UpdateProduct
Response Body: {"message":"Product updated successfully","product":{"id":1,"name":"яблоко","description":"","code":"1547852","measuringUnit":"шт"}}
=======================================================

=======================================================
Timestamp: 2026-01-22T12:45:12.7284025Z
Method: GET
URL: /api/warehouses
Status: 200
Duration: 0 ms
UserId: 
Client IP: ::ffff:192.168.0.136
User-Agent: Dalvik/2.1.0 (Linux; U; Android 12; CTR-L91 Build/HUAWEICTR-L91)
Controller: Warehouses, Action: GetAll
Response Body: [{"id":1,"name":"Склад1","type":"Склад","isActive":true,"fromMovements":[],"toMovements":[],"fromRequests":[],"toRequests":[]}]
=======================================================

=======================================================
Timestamp: 2026-01-22T12:45:12.7283038Z
Method: GET
URL: /api/products
Status: 200
Duration: 0 ms
UserId: 
Client IP: ::ffff:192.168.0.136
User-Agent: Dalvik/2.1.0 (Linux; U; Android 12; CTR-L91 Build/HUAWEICTR-L91)
Controller: Products, Action: GetAll
Response Body: [{"id":1,"name":"яблоко","description":"","code":"1547852","measuringUnit":"шт"},{"id":2,"name":"яблоко2","description":"","code":"1547852","measuringUnit":"шт"}]
=======================================================

=======================================================
Timestamp: 2026-01-22T12:45:12.7290117Z
Method: GET
URL: /api/materials
Status: 200
Duration: 0 ms
UserId: 
Client IP: ::ffff:192.168.0.136
User-Agent: Dalvik/2.1.0 (Linux; U; Android 12; CTR-L91 Build/HUAWEICTR-L91)
Controller: Materials, Action: GetAll
Response Body: [{"id":1,"name":"гранула","description":"","code":"1542365","measuringUnit":"т"}]
=======================================================

=======================================================
Timestamp: 2026-01-22T12:45:12.7291419Z
Method: GET
URL: /api/products
Status: 200
Duration: 1 ms
UserId: 
Client IP: ::ffff:192.168.0.136
User-Agent: Dalvik/2.1.0 (Linux; U; Android 12; CTR-L91 Build/HUAWEICTR-L91)
Controller: Products, Action: GetAll
Response Body: [{"id":1,"name":"яблоко","description":"","code":"1547852","measuringUnit":"шт"},{"id":2,"name":"яблоко2","description":"","code":"1547852","measuringUnit":"шт"}]
=======================================================

=======================================================
Timestamp: 2026-01-22T12:45:15.3890664Z
Method: GET
URL: /api/materials
Status: 200
Duration: 1 ms
UserId: 
Client IP: ::ffff:192.168.0.136
User-Agent: Dalvik/2.1.0 (Linux; U; Android 12; CTR-L91 Build/HUAWEICTR-L91)
Controller: Materials, Action: GetAll
Response Body: [{"id":1,"name":"гранула","description":"","code":"1542365","measuringUnit":"т"}]
=======================================================

=======================================================
Timestamp: 2026-01-22T12:45:15.3893686Z
Method: GET
URL: /api/products
Status: 200
Duration: 1 ms
UserId: 
Client IP: ::ffff:192.168.0.136
User-Agent: Dalvik/2.1.0 (Linux; U; Android 12; CTR-L91 Build/HUAWEICTR-L91)
Controller: Products, Action: GetAll
Response Body: [{"id":1,"name":"яблоко","description":"","code":"1547852","measuringUnit":"шт"},{"id":2,"name":"яблоко2","description":"","code":"1547852","measuringUnit":"шт"}]
=======================================================

=======================================================
Timestamp: 2026-01-22T12:45:15.3928328Z
Method: GET
URL: /api/users
Status: 500
Duration: 5 ms
UserId: 
Client IP: ::ffff:192.168.0.136
User-Agent: Dalvik/2.1.0 (Linux; U; Android 12; CTR-L91 Build/HUAWEICTR-L91)
Response Body: Error: A possible object cycle was detected. This can either be due to a cycle or if the object depth is larger than the maximum allowed depth of 32. Consider using ReferenceHandler.Preserve on JsonSerializerOptions to support cycles. Path: $.Role.Users.Role.Users.Role.Users.Role.Users.Role.Users.Role.Users.Role.Users.Role.Users.Role.Users.Role.Users.Id.
=======================================================

=======================================================
Timestamp: 2026-01-22T12:45:15.4168125Z
Method: GET
URL: /api/warehouses
Status: 200
Duration: 3 ms
UserId: 
Client IP: ::ffff:192.168.0.136
User-Agent: Dalvik/2.1.0 (Linux; U; Android 12; CTR-L91 Build/HUAWEICTR-L91)
Controller: Warehouses, Action: GetAll
Response Body: [{"id":1,"name":"Склад1","type":"Склад","isActive":true,"fromMovements":[],"toMovements":[],"fromRequests":[],"toRequests":[]}]
=======================================================

=======================================================
Timestamp: 2026-01-22T12:45:15.4281307Z
Method: GET
URL: /api/users
Status: 500
Duration: 14 ms
UserId: 
Client IP: ::ffff:192.168.0.136
User-Agent: Dalvik/2.1.0 (Linux; U; Android 12; CTR-L91 Build/HUAWEICTR-L91)
Response Body: Error: A possible object cycle was detected. This can either be due to a cycle or if the object depth is larger than the maximum allowed depth of 32. Consider using ReferenceHandler.Preserve on JsonSerializerOptions to support cycles. Path: $.Role.Users.Role.Users.Role.Users.Role.Users.Role.Users.Role.Users.Role.Users.Role.Users.Role.Users.Role.Users.Id.
=======================================================

=======================================================
Timestamp: 2026-01-22T12:45:15.4664670Z
Method: GET
URL: /api/products
Status: 200
Duration: 1 ms
UserId: 
Client IP: ::ffff:192.168.0.136
User-Agent: Dalvik/2.1.0 (Linux; U; Android 12; CTR-L91 Build/HUAWEICTR-L91)
Controller: Products, Action: GetAll
Response Body: [{"id":1,"name":"яблоко","description":"","code":"1547852","measuringUnit":"шт"},{"id":2,"name":"яблоко2","description":"","code":"1547852","measuringUnit":"шт"}]
=======================================================

=======================================================
Timestamp: 2026-01-22T12:45:15.4673800Z
Method: GET
URL: /api/materials
Status: 200
Duration: 1 ms
UserId: 
Client IP: ::ffff:192.168.0.136
User-Agent: Dalvik/2.1.0 (Linux; U; Android 12; CTR-L91 Build/HUAWEICTR-L91)
Controller: Materials, Action: GetAll
Response Body: [{"id":1,"name":"гранула","description":"","code":"1542365","measuringUnit":"т"}]
=======================================================

=======================================================
Timestamp: 2026-01-22T12:45:15.4679705Z
Method: GET
URL: /api/users
Status: 500
Duration: 2 ms
UserId: 
Client IP: ::ffff:192.168.0.136
User-Agent: Dalvik/2.1.0 (Linux; U; Android 12; CTR-L91 Build/HUAWEICTR-L91)
Response Body: Error: A possible object cycle was detected. This can either be due to a cycle or if the object depth is larger than the maximum allowed depth of 32. Consider using ReferenceHandler.Preserve on JsonSerializerOptions to support cycles. Path: $.Role.Users.Role.Users.Role.Users.Role.Users.Role.Users.Role.Users.Role.Users.Role.Users.Role.Users.Role.Users.Id.
=======================================================

=======================================================
Timestamp: 2026-01-22T12:45:15.4770717Z
Method: GET
URL: /api/Roles
Status: 200
Duration: 1 ms
UserId: 
Client IP: ::ffff:192.168.0.136
User-Agent: Dalvik/2.1.0 (Linux; U; Android 12; CTR-L91 Build/HUAWEICTR-L91)
Controller: Roles, Action: GetAll
Response Body: [{"id":1,"name":"Владелец","code":"Owner","description":"Полный доступ","rank":1,"users":[],"rolePermissions":[]},{"id":2,"name":"Администратор","code":"Admin","description":"Руководитель предприятия","rank":2,"users":[],"rolePermissions":[]},{"id":3,"name":"Старший экструзионщик","code":"SeniorExtruder","description":"Замещение администратора","rank":3,"users":[],"rolePermissions":[]},{"id":4,"name":"Старший кладовщик","code":"SeniorWarehouseman","description":"Склады и цеха","rank":3,"users":[],"rolePermissions":[]},{"id":5,"name":"Кладовщик готовой продукции","code":"FinishedGoodsWarehouseman","description":"Склад готовой продукции","rank":3,"users":[],"rolePermissions":[]},{"id":6,"name":"Экструзионщик","code":"Extruder","description":"Производство","rank":4,"users":[],"rolePermissions":[]},{"id":7,"name":"Кладовщик","code":"Warehouseman","description":"Склад","rank":4,"users":[],"rolePermissions":[]},{"id":8,"name":"Покрасочник","code":"Painter","description":"Цех покраски","rank":4,"users":[],"rolePermissions":[]},{"id":9,"name":"Старшая упаковщица","code":"SeniorPacker","description":"Упаковка","rank":4,"users":[],"rolePermissions":[]},{"id":10,"name":"ТПА","code":"TPA","description":"ТПА","rank":4,"users":[],"rolePermissions":[]},{"id":11,"name":"Утиль","code":"Utilization","description":"Цех утилизации","rank":4,"users":[],"rolePermissions":[]}]
=======================================================

=======================================================
Timestamp: 2026-01-22T12:45:15.4773934Z
Method: GET
URL: /api/warehouses
Status: 200
Duration: 1 ms
UserId: 
Client IP: ::ffff:192.168.0.136
User-Agent: Dalvik/2.1.0 (Linux; U; Android 12; CTR-L91 Build/HUAWEICTR-L91)
Controller: Warehouses, Action: GetAll
Response Body: [{"id":1,"name":"Склад1","type":"Склад","isActive":true,"fromMovements":[],"toMovements":[],"fromRequests":[],"toRequests":[]}]
=======================================================

=======================================================
Timestamp: 2026-01-22T12:45:17.2397652Z
Method: GET
URL: /api/products
Status: 200
Duration: 4 ms
UserId: 
Client IP: ::ffff:192.168.0.136
User-Agent: Dalvik/2.1.0 (Linux; U; Android 12; CTR-L91 Build/HUAWEICTR-L91)
Controller: Products, Action: GetAll
Response Body: [{"id":1,"name":"яблоко","description":"","code":"1547852","measuringUnit":"шт"},{"id":2,"name":"яблоко2","description":"","code":"1547852","measuringUnit":"шт"}]
=======================================================

=======================================================
Timestamp: 2026-01-22T12:45:17.2595042Z
Method: GET
URL: /api/users
Status: 500
Duration: 22 ms
UserId: 
Client IP: ::ffff:192.168.0.136
User-Agent: Dalvik/2.1.0 (Linux; U; Android 12; CTR-L91 Build/HUAWEICTR-L91)
Response Body: Error: A possible object cycle was detected. This can either be due to a cycle or if the object depth is larger than the maximum allowed depth of 32. Consider using ReferenceHandler.Preserve on JsonSerializerOptions to support cycles. Path: $.Role.Users.Role.Users.Role.Users.Role.Users.Role.Users.Role.Users.Role.Users.Role.Users.Role.Users.Role.Users.Id.
=======================================================

=======================================================
Timestamp: 2026-01-22T12:45:17.2712302Z
Method: GET
URL: /api/warehouses
Status: 200
Duration: 7 ms
UserId: 
Client IP: ::ffff:192.168.0.136
User-Agent: Dalvik/2.1.0 (Linux; U; Android 12; CTR-L91 Build/HUAWEICTR-L91)
Controller: Warehouses, Action: GetAll
Response Body: [{"id":1,"name":"Склад1","type":"Склад","isActive":true,"fromMovements":[],"toMovements":[],"fromRequests":[],"toRequests":[]}]
=======================================================

=======================================================
Timestamp: 2026-01-22T12:45:17.2809580Z
Method: GET
URL: /api/users
Status: 500
Duration: 12 ms
UserId: 
Client IP: ::ffff:192.168.0.136
User-Agent: Dalvik/2.1.0 (Linux; U; Android 12; CTR-L91 Build/HUAWEICTR-L91)
Response Body: Error: A possible object cycle was detected. This can either be due to a cycle or if the object depth is larger than the maximum allowed depth of 32. Consider using ReferenceHandler.Preserve on JsonSerializerOptions to support cycles. Path: $.Role.Users.Role.Users.Role.Users.Role.Users.Role.Users.Role.Users.Role.Users.Role.Users.Role.Users.Role.Users.Id.
=======================================================

=======================================================
Timestamp: 2026-01-22T12:45:17.6206582Z
Method: GET
URL: /api/products
Status: 200
Duration: 4 ms
UserId: 
Client IP: ::ffff:192.168.0.136
User-Agent: Dalvik/2.1.0 (Linux; U; Android 12; CTR-L91 Build/HUAWEICTR-L91)
Controller: Products, Action: GetAll
Response Body: [{"id":1,"name":"яблоко","description":"","code":"1547852","measuringUnit":"шт"},{"id":2,"name":"яблоко2","description":"","code":"1547852","measuringUnit":"шт"}]
=======================================================

=======================================================
Timestamp: 2026-01-22T12:45:17.6348171Z
Method: GET
URL: /api/materials
Status: 200
Duration: 2 ms
UserId: 
Client IP: ::ffff:192.168.0.136
User-Agent: Dalvik/2.1.0 (Linux; U; Android 12; CTR-L91 Build/HUAWEICTR-L91)
Controller: Materials, Action: GetAll
Response Body: [{"id":1,"name":"гранула","description":"","code":"1542365","measuringUnit":"т"}]
=======================================================

=======================================================
Timestamp: 2026-01-22T12:45:17.6500188Z
Method: GET
URL: /api/users
Status: 500
Duration: 21 ms
UserId: 
Client IP: ::ffff:192.168.0.136
User-Agent: Dalvik/2.1.0 (Linux; U; Android 12; CTR-L91 Build/HUAWEICTR-L91)
Response Body: Error: A possible object cycle was detected. This can either be due to a cycle or if the object depth is larger than the maximum allowed depth of 32. Consider using ReferenceHandler.Preserve on JsonSerializerOptions to support cycles. Path: $.Role.Users.Role.Users.Role.Users.Role.Users.Role.Users.Role.Users.Role.Users.Role.Users.Role.Users.Role.Users.Id.
=======================================================

=======================================================
Timestamp: 2026-01-22T12:45:17.6676144Z
Method: GET
URL: /api/warehouses
Status: 200
Duration: 1 ms
UserId: 
Client IP: ::ffff:192.168.0.136
User-Agent: Dalvik/2.1.0 (Linux; U; Android 12; CTR-L91 Build/HUAWEICTR-L91)
Controller: Warehouses, Action: GetAll
Response Body: [{"id":1,"name":"Склад1","type":"Склад","isActive":true,"fromMovements":[],"toMovements":[],"fromRequests":[],"toRequests":[]}]
=======================================================

=======================================================
Timestamp: 2026-01-22T12:45:17.8211556Z
Method: GET
URL: /api/materials
Status: 200
Duration: 1 ms
UserId: 
Client IP: ::ffff:192.168.0.136
User-Agent: Dalvik/2.1.0 (Linux; U; Android 12; CTR-L91 Build/HUAWEICTR-L91)
Controller: Materials, Action: GetAll
Response Body: [{"id":1,"name":"гранула","description":"","code":"1542365","measuringUnit":"т"}]
=======================================================

=======================================================
Timestamp: 2026-01-22T12:45:17.8213568Z
Method: GET
URL: /api/products
Status: 200
Duration: 1 ms
UserId: 
Client IP: ::ffff:192.168.0.136
User-Agent: Dalvik/2.1.0 (Linux; U; Android 12; CTR-L91 Build/HUAWEICTR-L91)
Controller: Products, Action: GetAll
Response Body: [{"id":1,"name":"яблоко","description":"","code":"1547852","measuringUnit":"шт"},{"id":2,"name":"яблоко2","description":"","code":"1547852","measuringUnit":"шт"}]
=======================================================

=======================================================
Timestamp: 2026-01-22T12:45:17.8337909Z
Method: GET
URL: /api/warehouses
Status: 200
Duration: 1 ms
UserId: 
Client IP: ::ffff:192.168.0.136
User-Agent: Dalvik/2.1.0 (Linux; U; Android 12; CTR-L91 Build/HUAWEICTR-L91)
Controller: Warehouses, Action: GetAll
Response Body: [{"id":1,"name":"Склад1","type":"Склад","isActive":true,"fromMovements":[],"toMovements":[],"fromRequests":[],"toRequests":[]}]
=======================================================

=======================================================
Timestamp: 2026-01-22T12:45:17.8431845Z
Method: GET
URL: /api/users
Status: 500
Duration: 6 ms
UserId: 
Client IP: ::ffff:192.168.0.136
User-Agent: Dalvik/2.1.0 (Linux; U; Android 12; CTR-L91 Build/HUAWEICTR-L91)
Response Body: Error: A possible object cycle was detected. This can either be due to a cycle or if the object depth is larger than the maximum allowed depth of 32. Consider using ReferenceHandler.Preserve on JsonSerializerOptions to support cycles. Path: $.Role.Users.Role.Users.Role.Users.Role.Users.Role.Users.Role.Users.Role.Users.Role.Users.Role.Users.Role.Users.Id.
=======================================================

=======================================================
Timestamp: 2026-01-22T12:45:18.0032248Z
Method: GET
URL: /api/products
Status: 200
Duration: 1 ms
UserId: 
Client IP: ::ffff:192.168.0.136
User-Agent: Dalvik/2.1.0 (Linux; U; Android 12; CTR-L91 Build/HUAWEICTR-L91)
Controller: Products, Action: GetAll
Response Body: [{"id":1,"name":"яблоко","description":"","code":"1547852","measuringUnit":"шт"},{"id":2,"name":"яблоко2","description":"","code":"1547852","measuringUnit":"шт"}]
=======================================================

=======================================================
Timestamp: 2026-01-22T12:45:18.0040037Z
Method: GET
URL: /api/warehouses
Status: 200
Duration: 1 ms
UserId: 
Client IP: ::ffff:192.168.0.136
User-Agent: Dalvik/2.1.0 (Linux; U; Android 12; CTR-L91 Build/HUAWEICTR-L91)
Controller: Warehouses, Action: GetAll
Response Body: [{"id":1,"name":"Склад1","type":"Склад","isActive":true,"fromMovements":[],"toMovements":[],"fromRequests":[],"toRequests":[]}]
=======================================================

=======================================================
Timestamp: 2026-01-22T12:45:18.0046123Z
Method: GET
URL: /api/materials
Status: 200
Duration: 1 ms
UserId: 
Client IP: ::ffff:192.168.0.136
User-Agent: Dalvik/2.1.0 (Linux; U; Android 12; CTR-L91 Build/HUAWEICTR-L91)
Controller: Materials, Action: GetAll
Response Body: [{"id":1,"name":"гранула","description":"","code":"1542365","measuringUnit":"т"}]
=======================================================

=======================================================
Timestamp: 2026-01-22T12:45:18.0079273Z
Method: GET
URL: /api/users
Status: 500
Duration: 4 ms
UserId: 
Client IP: ::ffff:192.168.0.136
User-Agent: Dalvik/2.1.0 (Linux; U; Android 12; CTR-L91 Build/HUAWEICTR-L91)
Response Body: Error: A possible object cycle was detected. This can either be due to a cycle or if the object depth is larger than the maximum allowed depth of 32. Consider using ReferenceHandler.Preserve on JsonSerializerOptions to support cycles. Path: $.Role.Users.Role.Users.Role.Users.Role.Users.Role.Users.Role.Users.Role.Users.Role.Users.Role.Users.Role.Users.Id.
=======================================================

=======================================================
Timestamp: 2026-01-22T12:45:18.0414601Z
Method: GET
URL: /api/users
Status: 500
Duration: 16 ms
UserId: 
Client IP: ::ffff:192.168.0.136
User-Agent: Dalvik/2.1.0 (Linux; U; Android 12; CTR-L91 Build/HUAWEICTR-L91)
Response Body: Error: A possible object cycle was detected. This can either be due to a cycle or if the object depth is larger than the maximum allowed depth of 32. Consider using ReferenceHandler.Preserve on JsonSerializerOptions to support cycles. Path: $.Role.Users.Role.Users.Role.Users.Role.Users.Role.Users.Role.Users.Role.Users.Role.Users.Role.Users.Role.Users.Id.
=======================================================

=======================================================
Timestamp: 2026-01-22T12:45:18.1119502Z
Method: GET
URL: /api/users
Status: 500
Duration: 2 ms
UserId: 
Client IP: ::ffff:192.168.0.136
User-Agent: Dalvik/2.1.0 (Linux; U; Android 12; CTR-L91 Build/HUAWEICTR-L91)
Response Body: Error: A possible object cycle was detected. This can either be due to a cycle or if the object depth is larger than the maximum allowed depth of 32. Consider using ReferenceHandler.Preserve on JsonSerializerOptions to support cycles. Path: $.Role.Users.Role.Users.Role.Users.Role.Users.Role.Users.Role.Users.Role.Users.Role.Users.Role.Users.Role.Users.Id.
=======================================================

=======================================================
Timestamp: 2026-01-22T12:45:18.1137127Z
Method: GET
URL: /api/products
Status: 200
Duration: 1 ms
UserId: 
Client IP: ::ffff:192.168.0.136
User-Agent: Dalvik/2.1.0 (Linux; U; Android 12; CTR-L91 Build/HUAWEICTR-L91)
Controller: Products, Action: GetAll
Response Body: [{"id":1,"name":"яблоко","description":"","code":"1547852","measuringUnit":"шт"},{"id":2,"name":"яблоко2","description":"","code":"1547852","measuringUnit":"шт"}]
=======================================================

=======================================================
Timestamp: 2026-01-22T12:45:18.1149087Z
Method: GET
URL: /api/warehouses
Status: 200
Duration: 2 ms
UserId: 
Client IP: ::ffff:192.168.0.136
User-Agent: Dalvik/2.1.0 (Linux; U; Android 12; CTR-L91 Build/HUAWEICTR-L91)
Controller: Warehouses, Action: GetAll
Response Body: [{"id":1,"name":"Склад1","type":"Склад","isActive":true,"fromMovements":[],"toMovements":[],"fromRequests":[],"toRequests":[]}]
=======================================================

=======================================================
Timestamp: 2026-01-22T12:45:18.1156906Z
Method: GET
URL: /api/materials
Status: 200
Duration: 3 ms
UserId: 
Client IP: ::ffff:192.168.0.136
User-Agent: Dalvik/2.1.0 (Linux; U; Android 12; CTR-L91 Build/HUAWEICTR-L91)
Controller: Materials, Action: GetAll
Response Body: [{"id":1,"name":"гранула","description":"","code":"1542365","measuringUnit":"т"}]
=======================================================

=======================================================
Timestamp: 2026-01-22T12:45:18.1337727Z
Method: GET
URL: /api/users
Status: 500
Duration: 1 ms
UserId: 
Client IP: ::ffff:192.168.0.136
User-Agent: Dalvik/2.1.0 (Linux; U; Android 12; CTR-L91 Build/HUAWEICTR-L91)
Response Body: Error: A possible object cycle was detected. This can either be due to a cycle or if the object depth is larger than the maximum allowed depth of 32. Consider using ReferenceHandler.Preserve on JsonSerializerOptions to support cycles. Path: $.Role.Users.Role.Users.Role.Users.Role.Users.Role.Users.Role.Users.Role.Users.Role.Users.Role.Users.Role.Users.Id.
=======================================================

=======================================================
Timestamp: 2026-01-22T12:45:27.6765636Z
Method: GET
URL: /api/products
Status: 200
Duration: 1 ms
UserId: 
Client IP: ::ffff:192.168.0.136
User-Agent: Dalvik/2.1.0 (Linux; U; Android 12; CTR-L91 Build/HUAWEICTR-L91)
Controller: Products, Action: GetAll
Response Body: [{"id":1,"name":"яблоко","description":"","code":"1547852","measuringUnit":"шт"},{"id":2,"name":"яблоко2","description":"","code":"1547852","measuringUnit":"шт"}]
=======================================================

=======================================================
Timestamp: 2026-01-22T12:45:27.6816880Z
Method: GET
URL: /api/users
Status: 500
Duration: 6 ms
UserId: 
Client IP: ::ffff:192.168.0.136
User-Agent: Dalvik/2.1.0 (Linux; U; Android 12; CTR-L91 Build/HUAWEICTR-L91)
Response Body: Error: A possible object cycle was detected. This can either be due to a cycle or if the object depth is larger than the maximum allowed depth of 32. Consider using ReferenceHandler.Preserve on JsonSerializerOptions to support cycles. Path: $.Role.Users.Role.Users.Role.Users.Role.Users.Role.Users.Role.Users.Role.Users.Role.Users.Role.Users.Role.Users.Id.
=======================================================

=======================================================
Timestamp: 2026-01-22T12:45:27.8039161Z
Method: GET
URL: /api/users/search?name=e
Status: 200
Duration: 4 ms
UserId: 
Client IP: ::ffff:192.168.0.136
User-Agent: Dalvik/2.1.0 (Linux; U; Android 12; CTR-L91 Build/HUAWEICTR-L91)
Controller: Users, Action: GetByNameOrSurname
Response Body: [{"id":3,"login":"eva","encryptedPassword":"67","name":"Eva","surname":"EvaEva","email":"eva@eva.com","phone":"","createdAt":"2026-01-22T10:35:25.894086Z","roleId":null,"role":null,"alarmEvents":[],"sentPartRequests":[],"receivedPartRequests":[],"sentShiftTransfers":[],"receivedShiftTransfers":[]}]
=======================================================

=======================================================
Timestamp: 2026-01-22T12:45:32.0784363Z
Method: GET
URL: /api/products
Status: 200
Duration: 0 ms
UserId: 
Client IP: ::ffff:192.168.0.136
User-Agent: Dalvik/2.1.0 (Linux; U; Android 12; CTR-L91 Build/HUAWEICTR-L91)
Controller: Products, Action: GetAll
Response Body: [{"id":1,"name":"яблоко","description":"","code":"1547852","measuringUnit":"шт"},{"id":2,"name":"яблоко2","description":"","code":"1547852","measuringUnit":"шт"}]
=======================================================

=======================================================
Timestamp: 2026-01-22T12:45:32.0783942Z
Method: GET
URL: /api/materials
Status: 200
Duration: 0 ms
UserId: 
Client IP: ::ffff:192.168.0.136
User-Agent: Dalvik/2.1.0 (Linux; U; Android 12; CTR-L91 Build/HUAWEICTR-L91)
Controller: Materials, Action: GetAll
Response Body: [{"id":1,"name":"гранула","description":"","code":"1542365","measuringUnit":"т"}]
=======================================================

=======================================================
Timestamp: 2026-01-22T12:45:32.0797260Z
Method: GET
URL: /api/warehouses
Status: 200
Duration: 0 ms
UserId: 
Client IP: ::ffff:192.168.0.136
User-Agent: Dalvik/2.1.0 (Linux; U; Android 12; CTR-L91 Build/HUAWEICTR-L91)
Controller: Warehouses, Action: GetAll
Response Body: [{"id":1,"name":"Склад1","type":"Склад","isActive":true,"fromMovements":[],"toMovements":[],"fromRequests":[],"toRequests":[]}]
=======================================================

=======================================================
Timestamp: 2026-01-22T12:45:32.0812273Z
Method: GET
URL: /api/users
Status: 500
Duration: 3 ms
UserId: 
Client IP: ::ffff:192.168.0.136
User-Agent: Dalvik/2.1.0 (Linux; U; Android 12; CTR-L91 Build/HUAWEICTR-L91)
Response Body: Error: A possible object cycle was detected. This can either be due to a cycle or if the object depth is larger than the maximum allowed depth of 32. Consider using ReferenceHandler.Preserve on JsonSerializerOptions to support cycles. Path: $.Role.Users.Role.Users.Role.Users.Role.Users.Role.Users.Role.Users.Role.Users.Role.Users.Role.Users.Role.Users.Id.
=======================================================

=======================================================
Timestamp: 2026-01-22T12:45:32.2133484Z
Method: GET
URL: /api/Roles
Status: 200
Duration: 1 ms
UserId: 
Client IP: ::ffff:192.168.0.136
User-Agent: Dalvik/2.1.0 (Linux; U; Android 12; CTR-L91 Build/HUAWEICTR-L91)
Controller: Roles, Action: GetAll
Response Body: [{"id":1,"name":"Владелец","code":"Owner","description":"Полный доступ","rank":1,"users":[],"rolePermissions":[]},{"id":2,"name":"Администратор","code":"Admin","description":"Руководитель предприятия","rank":2,"users":[],"rolePermissions":[]},{"id":3,"name":"Старший экструзионщик","code":"SeniorExtruder","description":"Замещение администратора","rank":3,"users":[],"rolePermissions":[]},{"id":4,"name":"Старший кладовщик","code":"SeniorWarehouseman","description":"Склады и цеха","rank":3,"users":[],"rolePermissions":[]},{"id":5,"name":"Кладовщик готовой продукции","code":"FinishedGoodsWarehouseman","description":"Склад готовой продукции","rank":3,"users":[],"rolePermissions":[]},{"id":6,"name":"Экструзионщик","code":"Extruder","description":"Производство","rank":4,"users":[],"rolePermissions":[]},{"id":7,"name":"Кладовщик","code":"Warehouseman","description":"Склад","rank":4,"users":[],"rolePermissions":[]},{"id":8,"name":"Покрасочник","code":"Painter","description":"Цех покраски","rank":4,"users":[],"rolePermissions":[]},{"id":9,"name":"Старшая упаковщица","code":"SeniorPacker","description":"Упаковка","rank":4,"users":[],"rolePermissions":[]},{"id":10,"name":"ТПА","code":"TPA","description":"ТПА","rank":4,"users":[],"rolePermissions":[]},{"id":11,"name":"Утиль","code":"Utilization","description":"Цех утилизации","rank":4,"users":[],"rolePermissions":[]}]
=======================================================

=======================================================
Timestamp: 2026-01-22T12:45:33.5376871Z
Method: GET
URL: /api/materials
Status: 200
Duration: 0 ms
UserId: 
Client IP: ::ffff:192.168.0.136
User-Agent: Dalvik/2.1.0 (Linux; U; Android 12; CTR-L91 Build/HUAWEICTR-L91)
Controller: Materials, Action: GetAll
Response Body: [{"id":1,"name":"гранула","description":"","code":"1542365","measuringUnit":"т"}]
=======================================================

=======================================================
Timestamp: 2026-01-22T12:45:33.5378129Z
Method: GET
URL: /api/warehouses
Status: 200
Duration: 0 ms
UserId: 
Client IP: ::ffff:192.168.0.136
User-Agent: Dalvik/2.1.0 (Linux; U; Android 12; CTR-L91 Build/HUAWEICTR-L91)
Controller: Warehouses, Action: GetAll
Response Body: [{"id":1,"name":"Склад1","type":"Склад","isActive":true,"fromMovements":[],"toMovements":[],"fromRequests":[],"toRequests":[]}]
=======================================================

=======================================================
Timestamp: 2026-01-22T12:45:33.5387161Z
Method: GET
URL: /api/products
Status: 200
Duration: 1 ms
UserId: 
Client IP: ::ffff:192.168.0.136
User-Agent: Dalvik/2.1.0 (Linux; U; Android 12; CTR-L91 Build/HUAWEICTR-L91)
Controller: Products, Action: GetAll
Response Body: [{"id":1,"name":"яблоко","description":"","code":"1547852","measuringUnit":"шт"},{"id":2,"name":"яблоко2","description":"","code":"1547852","measuringUnit":"шт"}]
=======================================================

=======================================================
Timestamp: 2026-01-22T12:45:33.5398085Z
Method: GET
URL: /api/users
Status: 500
Duration: 3 ms
UserId: 
Client IP: ::ffff:192.168.0.136
User-Agent: Dalvik/2.1.0 (Linux; U; Android 12; CTR-L91 Build/HUAWEICTR-L91)
Response Body: Error: A possible object cycle was detected. This can either be due to a cycle or if the object depth is larger than the maximum allowed depth of 32. Consider using ReferenceHandler.Preserve on JsonSerializerOptions to support cycles. Path: $.Role.Users.Role.Users.Role.Users.Role.Users.Role.Users.Role.Users.Role.Users.Role.Users.Role.Users.Role.Users.Id.
=======================================================

=======================================================
Timestamp: 2026-01-22T12:45:33.6600437Z
Method: PUT
URL: /api/users/3
Status: 500
Duration: 7 ms
UserId: 
Client IP: ::ffff:192.168.0.136
User-Agent: Dalvik/2.1.0 (Linux; U; Android 12; CTR-L91 Build/HUAWEICTR-L91)
Response Body: Error: No authenticationScheme was specified, and there was no DefaultForbidScheme found. The default schemes can be set using either AddAuthentication(string defaultScheme) or AddAuthentication(Action<AuthenticationOptions> configureOptions).
=======================================================

=======================================================
Timestamp: 2026-01-22T12:45:36.2149072Z
Method: GET
URL: /api/products
Status: 200
Duration: 1 ms
UserId: 
Client IP: ::ffff:192.168.0.136
User-Agent: Dalvik/2.1.0 (Linux; U; Android 12; CTR-L91 Build/HUAWEICTR-L91)
Controller: Products, Action: GetAll
Response Body: [{"id":1,"name":"яблоко","description":"","code":"1547852","measuringUnit":"шт"},{"id":2,"name":"яблоко2","description":"","code":"1547852","measuringUnit":"шт"}]
=======================================================

=======================================================
Timestamp: 2026-01-22T12:45:36.2153397Z
Method: GET
URL: /api/materials
Status: 200
Duration: 1 ms
UserId: 
Client IP: ::ffff:192.168.0.136
User-Agent: Dalvik/2.1.0 (Linux; U; Android 12; CTR-L91 Build/HUAWEICTR-L91)
Controller: Materials, Action: GetAll
Response Body: [{"id":1,"name":"гранула","description":"","code":"1542365","measuringUnit":"т"}]
=======================================================

=======================================================
Timestamp: 2026-01-22T12:45:36.2180247Z
Method: GET
URL: /api/users
Status: 500
Duration: 2 ms
UserId: 
Client IP: ::ffff:192.168.0.136
User-Agent: Dalvik/2.1.0 (Linux; U; Android 12; CTR-L91 Build/HUAWEICTR-L91)
Response Body: Error: A possible object cycle was detected. This can either be due to a cycle or if the object depth is larger than the maximum allowed depth of 32. Consider using ReferenceHandler.Preserve on JsonSerializerOptions to support cycles. Path: $.Role.Users.Role.Users.Role.Users.Role.Users.Role.Users.Role.Users.Role.Users.Role.Users.Role.Users.Role.Users.Id.
=======================================================

=======================================================
Timestamp: 2026-01-22T12:45:36.2226604Z
Method: GET
URL: /api/users
Status: 500
Duration: 3 ms
UserId: 
Client IP: ::ffff:192.168.0.136
User-Agent: Dalvik/2.1.0 (Linux; U; Android 12; CTR-L91 Build/HUAWEICTR-L91)
Response Body: Error: A possible object cycle was detected. This can either be due to a cycle or if the object depth is larger than the maximum allowed depth of 32. Consider using ReferenceHandler.Preserve on JsonSerializerOptions to support cycles. Path: $.Role.Users.Role.Users.Role.Users.Role.Users.Role.Users.Role.Users.Role.Users.Role.Users.Role.Users.Role.Users.Id.
=======================================================

=======================================================
Timestamp: 2026-01-22T12:45:37.2837800Z
Method: GET
URL: /api/products
Status: 200
Duration: 1 ms
UserId: 
Client IP: ::ffff:192.168.0.136
User-Agent: Dalvik/2.1.0 (Linux; U; Android 12; CTR-L91 Build/HUAWEICTR-L91)
Controller: Products, Action: GetAll
Response Body: [{"id":1,"name":"яблоко","description":"","code":"1547852","measuringUnit":"шт"},{"id":2,"name":"яблоко2","description":"","code":"1547852","measuringUnit":"шт"}]
=======================================================

=======================================================
Timestamp: 2026-01-22T12:45:37.2839849Z
Method: GET
URL: /api/warehouses
Status: 200
Duration: 2 ms
UserId: 
Client IP: ::ffff:192.168.0.136
User-Agent: Dalvik/2.1.0 (Linux; U; Android 12; CTR-L91 Build/HUAWEICTR-L91)
Controller: Warehouses, Action: GetAll
Response Body: [{"id":1,"name":"Склад1","type":"Склад","isActive":true,"fromMovements":[],"toMovements":[],"fromRequests":[],"toRequests":[]}]
=======================================================

=======================================================
Timestamp: 2026-01-22T12:45:37.2848242Z
Method: GET
URL: /api/materials
Status: 200
Duration: 2 ms
UserId: 
Client IP: ::ffff:192.168.0.136
User-Agent: Dalvik/2.1.0 (Linux; U; Android 12; CTR-L91 Build/HUAWEICTR-L91)
Controller: Materials, Action: GetAll
Response Body: [{"id":1,"name":"гранула","description":"","code":"1542365","measuringUnit":"т"}]
=======================================================

=======================================================
Timestamp: 2026-01-22T12:45:37.2911004Z
Method: GET
URL: /api/users
Status: 500
Duration: 7 ms
UserId: 
Client IP: ::ffff:192.168.0.136
User-Agent: Dalvik/2.1.0 (Linux; U; Android 12; CTR-L91 Build/HUAWEICTR-L91)
Response Body: Error: A possible object cycle was detected. This can either be due to a cycle or if the object depth is larger than the maximum allowed depth of 32. Consider using ReferenceHandler.Preserve on JsonSerializerOptions to support cycles. Path: $.Role.Users.Role.Users.Role.Users.Role.Users.Role.Users.Role.Users.Role.Users.Role.Users.Role.Users.Role.Users.Id.
=======================================================

=======================================================
Timestamp: 2026-01-22T12:45:37.3009192Z
Method: GET
URL: /api/users/search?name=e
Status: 200
Duration: 2 ms
UserId: 
Client IP: ::ffff:192.168.0.136
User-Agent: Dalvik/2.1.0 (Linux; U; Android 12; CTR-L91 Build/HUAWEICTR-L91)
Controller: Users, Action: GetByNameOrSurname
Response Body: [{"id":3,"login":"eva","encryptedPassword":"67","name":"Eva","surname":"EvaEva","email":"eva@eva.com","phone":"","createdAt":"2026-01-22T10:35:25.894086Z","roleId":null,"role":null,"alarmEvents":[],"sentPartRequests":[],"receivedPartRequests":[],"sentShiftTransfers":[],"receivedShiftTransfers":[]}]
=======================================================

=======================================================
Timestamp: 2026-01-22T12:45:51.7465203Z
Method: GET
URL: /api/WorkReports/user/2
Status: 200
Duration: 1 ms
UserId: 
Client IP: ::ffff:192.168.0.136
User-Agent: Dalvik/2.1.0 (Linux; U; Android 12; CTR-L91 Build/HUAWEICTR-L91)
Controller: WorkReports, Action: GetByUser
Response Body: [{"id":3,"userId":2,"date":"2026-01-22T00:00:00","startWork":"2026-01-22T10:32:56Z","finishWork":"2026-01-22T14:33:00Z","note":null,"user":null},{"id":5,"userId":2,"date":"2026-01-22T00:00:00","startWork":"2026-01-22T12:44:25Z","finishWork":null,"note":null,"user":null}]
=======================================================

=======================================================
Timestamp: 2026-01-22T12:45:51.7472275Z
Method: GET
URL: /api/WorkReports/user/2
Status: 200
Duration: 1 ms
UserId: 
Client IP: ::ffff:192.168.0.136
User-Agent: Dalvik/2.1.0 (Linux; U; Android 12; CTR-L91 Build/HUAWEICTR-L91)
Controller: WorkReports, Action: GetByUser
Response Body: [{"id":3,"userId":2,"date":"2026-01-22T00:00:00","startWork":"2026-01-22T10:32:56Z","finishWork":"2026-01-22T14:33:00Z","note":null,"user":null},{"id":5,"userId":2,"date":"2026-01-22T00:00:00","startWork":"2026-01-22T12:44:25Z","finishWork":null,"note":null,"user":null}]
=======================================================

=======================================================
Timestamp: 2026-01-22T12:45:51.7514574Z
Method: GET
URL: /api/WorkReports/user/2
Status: 200
Duration: 3 ms
UserId: 
Client IP: ::ffff:192.168.0.136
User-Agent: Dalvik/2.1.0 (Linux; U; Android 12; CTR-L91 Build/HUAWEICTR-L91)
Controller: WorkReports, Action: GetByUser
Response Body: [{"id":3,"userId":2,"date":"2026-01-22T00:00:00","startWork":"2026-01-22T10:32:56Z","finishWork":"2026-01-22T14:33:00Z","note":null,"user":null},{"id":5,"userId":2,"date":"2026-01-22T00:00:00","startWork":"2026-01-22T12:44:25Z","finishWork":null,"note":null,"user":null}]
=======================================================

=======================================================
Timestamp: 2026-01-22T12:45:54.4711006Z
Method: GET
URL: /api/WorkReports/user/2
Status: 200
Duration: 1 ms
UserId: 
Client IP: ::ffff:192.168.0.136
User-Agent: Dalvik/2.1.0 (Linux; U; Android 12; CTR-L91 Build/HUAWEICTR-L91)
Controller: WorkReports, Action: GetByUser
Response Body: [{"id":3,"userId":2,"date":"2026-01-22T00:00:00","startWork":"2026-01-22T10:32:56Z","finishWork":"2026-01-22T14:33:00Z","note":null,"user":null},{"id":5,"userId":2,"date":"2026-01-22T00:00:00","startWork":"2026-01-22T12:44:25Z","finishWork":null,"note":null,"user":null}]
=======================================================

=======================================================
Timestamp: 2026-01-22T12:45:54.4722907Z
Method: GET
URL: /api/WorkReports/user/2
Status: 200
Duration: 1 ms
UserId: 
Client IP: ::ffff:192.168.0.136
User-Agent: Dalvik/2.1.0 (Linux; U; Android 12; CTR-L91 Build/HUAWEICTR-L91)
Controller: WorkReports, Action: GetByUser
Response Body: [{"id":3,"userId":2,"date":"2026-01-22T00:00:00","startWork":"2026-01-22T10:32:56Z","finishWork":"2026-01-22T14:33:00Z","note":null,"user":null},{"id":5,"userId":2,"date":"2026-01-22T00:00:00","startWork":"2026-01-22T12:44:25Z","finishWork":null,"note":null,"user":null}]
=======================================================

=======================================================
Timestamp: 2026-01-22T12:45:54.5038918Z
Method: POST
URL: /api/WorkReports/start
Status: 200
Duration: 4 ms
UserId: 
Client IP: ::ffff:192.168.0.136
User-Agent: Dalvik/2.1.0 (Linux; U; Android 12; CTR-L91 Build/HUAWEICTR-L91)
Controller: WorkReports, Action: StartWork
Response Body: {"message":"Work started successfully","report":{"id":7,"userId":2,"date":"2026-01-22T00:00:00","startWork":"2026-01-22T12:45:53Z","finishWork":null,"note":null,"user":null}}
=======================================================

=======================================================
Timestamp: 2026-01-22T12:45:54.5572469Z
Method: GET
URL: /api/WorkReports/user/2
Status: 200
Duration: 1 ms
UserId: 
Client IP: ::ffff:192.168.0.136
User-Agent: Dalvik/2.1.0 (Linux; U; Android 12; CTR-L91 Build/HUAWEICTR-L91)
Controller: WorkReports, Action: GetByUser
Response Body: [{"id":3,"userId":2,"date":"2026-01-22T00:00:00","startWork":"2026-01-22T10:32:56Z","finishWork":"2026-01-22T14:33:00Z","note":null,"user":null},{"id":5,"userId":2,"date":"2026-01-22T00:00:00","startWork":"2026-01-22T12:44:25Z","finishWork":null,"note":null,"user":null},{"id":7,"userId":2,"date":"2026-01-22T00:00:00","startWork":"2026-01-22T12:45:53Z","finishWork":null,"note":null,"user":null}]
=======================================================

=======================================================
Timestamp: 2026-01-22T12:45:54.5638938Z
Method: GET
URL: /api/WorkReports/user/2
Status: 200
Duration: 1 ms
UserId: 
Client IP: ::ffff:192.168.0.136
User-Agent: Dalvik/2.1.0 (Linux; U; Android 12; CTR-L91 Build/HUAWEICTR-L91)
Controller: WorkReports, Action: GetByUser
Response Body: [{"id":3,"userId":2,"date":"2026-01-22T00:00:00","startWork":"2026-01-22T10:32:56Z","finishWork":"2026-01-22T14:33:00Z","note":null,"user":null},{"id":5,"userId":2,"date":"2026-01-22T00:00:00","startWork":"2026-01-22T12:44:25Z","finishWork":null,"note":null,"user":null},{"id":7,"userId":2,"date":"2026-01-22T00:00:00","startWork":"2026-01-22T12:45:53Z","finishWork":null,"note":null,"user":null}]
=======================================================

=======================================================
Timestamp: 2026-01-22T12:45:56.4818296Z
Method: GET
URL: /api/WorkReports/user/2
Status: 200
Duration: 1 ms
UserId: 
Client IP: ::ffff:192.168.0.136
User-Agent: Dalvik/2.1.0 (Linux; U; Android 12; CTR-L91 Build/HUAWEICTR-L91)
Controller: WorkReports, Action: GetByUser
Response Body: [{"id":3,"userId":2,"date":"2026-01-22T00:00:00","startWork":"2026-01-22T10:32:56Z","finishWork":"2026-01-22T14:33:00Z","note":null,"user":null},{"id":5,"userId":2,"date":"2026-01-22T00:00:00","startWork":"2026-01-22T12:44:25Z","finishWork":null,"note":null,"user":null},{"id":7,"userId":2,"date":"2026-01-22T00:00:00","startWork":"2026-01-22T12:45:53Z","finishWork":null,"note":null,"user":null}]
=======================================================

=======================================================
Timestamp: 2026-01-22T12:45:56.6351109Z
Method: POST
URL: /api/WorkReports/7/finish
Status: 200
Duration: 2 ms
UserId: 
Client IP: ::ffff:192.168.0.136
User-Agent: Dalvik/2.1.0 (Linux; U; Android 12; CTR-L91 Build/HUAWEICTR-L91)
Controller: WorkReports, Action: FinishWork
Response Body: {"message":"Work finished successfully","report":{"id":7,"userId":2,"date":"2026-01-22T00:00:00","startWork":"2026-01-22T12:45:53Z","finishWork":"2026-01-22T16:45:55Z","note":null,"user":null}}
=======================================================

=======================================================
Timestamp: 2026-01-22T12:45:56.6572535Z
Method: GET
URL: /api/WorkReports/user/2
Status: 200
Duration: 1 ms
UserId: 
Client IP: ::ffff:192.168.0.136
User-Agent: Dalvik/2.1.0 (Linux; U; Android 12; CTR-L91 Build/HUAWEICTR-L91)
Controller: WorkReports, Action: GetByUser
Response Body: [{"id":3,"userId":2,"date":"2026-01-22T00:00:00","startWork":"2026-01-22T10:32:56Z","finishWork":"2026-01-22T14:33:00Z","note":null,"user":null},{"id":5,"userId":2,"date":"2026-01-22T00:00:00","startWork":"2026-01-22T12:44:25Z","finishWork":null,"note":null,"user":null},{"id":7,"userId":2,"date":"2026-01-22T00:00:00","startWork":"2026-01-22T12:45:53Z","finishWork":"2026-01-22T16:45:55Z","note":null,"user":null}]
=======================================================

=======================================================
Timestamp: 2026-01-22T12:45:56.6573862Z
Method: GET
URL: /api/WorkReports/user/2
Status: 200
Duration: 2 ms
UserId: 
Client IP: ::ffff:192.168.0.136
User-Agent: Dalvik/2.1.0 (Linux; U; Android 12; CTR-L91 Build/HUAWEICTR-L91)
Controller: WorkReports, Action: GetByUser
Response Body: [{"id":3,"userId":2,"date":"2026-01-22T00:00:00","startWork":"2026-01-22T10:32:56Z","finishWork":"2026-01-22T14:33:00Z","note":null,"user":null},{"id":5,"userId":2,"date":"2026-01-22T00:00:00","startWork":"2026-01-22T12:44:25Z","finishWork":null,"note":null,"user":null},{"id":7,"userId":2,"date":"2026-01-22T00:00:00","startWork":"2026-01-22T12:45:53Z","finishWork":"2026-01-22T16:45:55Z","note":null,"user":null}]
=======================================================

=======================================================
Timestamp: 2026-01-22T12:45:56.6573697Z
Method: GET
URL: /api/WorkReports/user/2
Status: 200
Duration: 1 ms
UserId: 
Client IP: ::ffff:192.168.0.136
User-Agent: Dalvik/2.1.0 (Linux; U; Android 12; CTR-L91 Build/HUAWEICTR-L91)
Controller: WorkReports, Action: GetByUser
Response Body: [{"id":3,"userId":2,"date":"2026-01-22T00:00:00","startWork":"2026-01-22T10:32:56Z","finishWork":"2026-01-22T14:33:00Z","note":null,"user":null},{"id":5,"userId":2,"date":"2026-01-22T00:00:00","startWork":"2026-01-22T12:44:25Z","finishWork":null,"note":null,"user":null},{"id":7,"userId":2,"date":"2026-01-22T00:00:00","startWork":"2026-01-22T12:45:53Z","finishWork":"2026-01-22T16:45:55Z","note":null,"user":null}]
=======================================================

=======================================================
Timestamp: 2026-01-22T12:45:58.5820569Z
Method: GET
URL: /api/users
Status: 500
Duration: 1 ms
UserId: 
Client IP: ::ffff:192.168.0.136
User-Agent: Dalvik/2.1.0 (Linux; U; Android 12; CTR-L91 Build/HUAWEICTR-L91)
Response Body: Error: A possible object cycle was detected. This can either be due to a cycle or if the object depth is larger than the maximum allowed depth of 32. Consider using ReferenceHandler.Preserve on JsonSerializerOptions to support cycles. Path: $.Role.Users.Role.Users.Role.Users.Role.Users.Role.Users.Role.Users.Role.Users.Role.Users.Role.Users.Role.Users.Id.
=======================================================

=======================================================
Timestamp: 2026-01-22T12:45:58.6354937Z
Method: GET
URL: /api/warehouses
Status: 200
Duration: 0 ms
UserId: 
Client IP: ::ffff:192.168.0.136
User-Agent: Dalvik/2.1.0 (Linux; U; Android 12; CTR-L91 Build/HUAWEICTR-L91)
Controller: Warehouses, Action: GetAll
Response Body: [{"id":1,"name":"Склад1","type":"Склад","isActive":true,"fromMovements":[],"toMovements":[],"fromRequests":[],"toRequests":[]}]
=======================================================

=======================================================
Timestamp: 2026-01-22T12:45:58.6600539Z
Method: GET
URL: /api/materials
Status: 200
Duration: 0 ms
UserId: 
Client IP: ::ffff:192.168.0.136
User-Agent: Dalvik/2.1.0 (Linux; U; Android 12; CTR-L91 Build/HUAWEICTR-L91)
Controller: Materials, Action: GetAll
Response Body: [{"id":1,"name":"гранула","description":"","code":"1542365","measuringUnit":"т"}]
=======================================================

=======================================================
Timestamp: 2026-01-22T12:45:58.6710729Z
Method: GET
URL: /api/part-requests
Status: 404
Duration: 0 ms
UserId: 
Client IP: ::ffff:192.168.0.136
User-Agent: Dalvik/2.1.0 (Linux; U; Android 12; CTR-L91 Build/HUAWEICTR-L91)
=======================================================

=======================================================
Timestamp: 2026-01-22T12:45:58.6733727Z
Method: GET
URL: /api/part-requests
Status: 404
Duration: 0 ms
UserId: 
Client IP: ::ffff:192.168.0.136
User-Agent: Dalvik/2.1.0 (Linux; U; Android 12; CTR-L91 Build/HUAWEICTR-L91)
=======================================================

=======================================================
Timestamp: 2026-01-22T12:45:58.6752608Z
Method: GET
URL: /api/part-requests
Status: 404
Duration: 0 ms
UserId: 
Client IP: ::ffff:192.168.0.136
User-Agent: Dalvik/2.1.0 (Linux; U; Android 12; CTR-L91 Build/HUAWEICTR-L91)
=======================================================

=======================================================
Timestamp: 2026-01-22T12:45:59.8583820Z
Method: GET
URL: /api/users
Status: 500
Duration: 2 ms
UserId: 
Client IP: ::ffff:192.168.0.136
User-Agent: Dalvik/2.1.0 (Linux; U; Android 12; CTR-L91 Build/HUAWEICTR-L91)
Response Body: Error: A possible object cycle was detected. This can either be due to a cycle or if the object depth is larger than the maximum allowed depth of 32. Consider using ReferenceHandler.Preserve on JsonSerializerOptions to support cycles. Path: $.Role.Users.Role.Users.Role.Users.Role.Users.Role.Users.Role.Users.Role.Users.Role.Users.Role.Users.Role.Users.Id.
=======================================================

=======================================================
Timestamp: 2026-01-22T12:45:59.9558142Z
Method: GET
URL: /api/warehouses
Status: 200
Duration: 1 ms
UserId: 
Client IP: ::ffff:192.168.0.136
User-Agent: Dalvik/2.1.0 (Linux; U; Android 12; CTR-L91 Build/HUAWEICTR-L91)
Controller: Warehouses, Action: GetAll
Response Body: [{"id":1,"name":"Склад1","type":"Склад","isActive":true,"fromMovements":[],"toMovements":[],"fromRequests":[],"toRequests":[]}]
=======================================================

=======================================================
Timestamp: 2026-01-22T12:45:59.9662935Z
Method: GET
URL: /api/materials
Status: 200
Duration: 1 ms
UserId: 
Client IP: ::ffff:192.168.0.136
User-Agent: Dalvik/2.1.0 (Linux; U; Android 12; CTR-L91 Build/HUAWEICTR-L91)
Controller: Materials, Action: GetAll
Response Body: [{"id":1,"name":"гранула","description":"","code":"1542365","measuringUnit":"т"}]
=======================================================

=======================================================
Timestamp: 2026-01-22T12:46:15.9244836Z
Method: GET
URL: /api/WorkReports/user/2
Status: 200
Duration: 2 ms
UserId: 
Client IP: ::ffff:192.168.0.136
User-Agent: Dalvik/2.1.0 (Linux; U; Android 12; CTR-L91 Build/HUAWEICTR-L91)
Controller: WorkReports, Action: GetByUser
Response Body: [{"id":3,"userId":2,"date":"2026-01-22T00:00:00","startWork":"2026-01-22T10:32:56Z","finishWork":"2026-01-22T14:33:00Z","note":null,"user":null},{"id":5,"userId":2,"date":"2026-01-22T00:00:00","startWork":"2026-01-22T12:44:25Z","finishWork":null,"note":null,"user":null},{"id":7,"userId":2,"date":"2026-01-22T00:00:00","startWork":"2026-01-22T12:45:53Z","finishWork":"2026-01-22T16:45:55Z","note":null,"user":null}]
=======================================================

=======================================================
Timestamp: 2026-01-22T12:46:15.9248823Z
Method: GET
URL: /api/WorkReports/user/2
Status: 200
Duration: 3 ms
UserId: 
Client IP: ::ffff:192.168.0.136
User-Agent: Dalvik/2.1.0 (Linux; U; Android 12; CTR-L91 Build/HUAWEICTR-L91)
Controller: WorkReports, Action: GetByUser
Response Body: [{"id":3,"userId":2,"date":"2026-01-22T00:00:00","startWork":"2026-01-22T10:32:56Z","finishWork":"2026-01-22T14:33:00Z","note":null,"user":null},{"id":5,"userId":2,"date":"2026-01-22T00:00:00","startWork":"2026-01-22T12:44:25Z","finishWork":null,"note":null,"user":null},{"id":7,"userId":2,"date":"2026-01-22T00:00:00","startWork":"2026-01-22T12:45:53Z","finishWork":"2026-01-22T16:45:55Z","note":null,"user":null}]
=======================================================

=======================================================
Timestamp: 2026-01-22T12:46:15.9283504Z
Method: GET
URL: /api/WorkReports/user/2
Status: 200
Duration: 4 ms
UserId: 
Client IP: ::ffff:192.168.0.136
User-Agent: Dalvik/2.1.0 (Linux; U; Android 12; CTR-L91 Build/HUAWEICTR-L91)
Controller: WorkReports, Action: GetByUser
Response Body: [{"id":3,"userId":2,"date":"2026-01-22T00:00:00","startWork":"2026-01-22T10:32:56Z","finishWork":"2026-01-22T14:33:00Z","note":null,"user":null},{"id":5,"userId":2,"date":"2026-01-22T00:00:00","startWork":"2026-01-22T12:44:25Z","finishWork":null,"note":null,"user":null},{"id":7,"userId":2,"date":"2026-01-22T00:00:00","startWork":"2026-01-22T12:45:53Z","finishWork":"2026-01-22T16:45:55Z","note":null,"user":null}]
=======================================================

=======================================================
Timestamp: 2026-01-22T12:46:17.4052303Z
Method: GET
URL: /api/WorkReports/user/2
Status: 200
Duration: 1 ms
UserId: 
Client IP: ::ffff:192.168.0.136
User-Agent: Dalvik/2.1.0 (Linux; U; Android 12; CTR-L91 Build/HUAWEICTR-L91)
Controller: WorkReports, Action: GetByUser
Response Body: [{"id":3,"userId":2,"date":"2026-01-22T00:00:00","startWork":"2026-01-22T10:32:56Z","finishWork":"2026-01-22T14:33:00Z","note":null,"user":null},{"id":5,"userId":2,"date":"2026-01-22T00:00:00","startWork":"2026-01-22T12:44:25Z","finishWork":null,"note":null,"user":null},{"id":7,"userId":2,"date":"2026-01-22T00:00:00","startWork":"2026-01-22T12:45:53Z","finishWork":"2026-01-22T16:45:55Z","note":null,"user":null}]
=======================================================

=======================================================
Timestamp: 2026-01-22T12:46:17.4055649Z
Method: GET
URL: /api/WorkReports/user/2
Status: 200
Duration: 1 ms
UserId: 
Client IP: ::ffff:192.168.0.136
User-Agent: Dalvik/2.1.0 (Linux; U; Android 12; CTR-L91 Build/HUAWEICTR-L91)
Controller: WorkReports, Action: GetByUser
Response Body: [{"id":3,"userId":2,"date":"2026-01-22T00:00:00","startWork":"2026-01-22T10:32:56Z","finishWork":"2026-01-22T14:33:00Z","note":null,"user":null},{"id":5,"userId":2,"date":"2026-01-22T00:00:00","startWork":"2026-01-22T12:44:25Z","finishWork":null,"note":null,"user":null},{"id":7,"userId":2,"date":"2026-01-22T00:00:00","startWork":"2026-01-22T12:45:53Z","finishWork":"2026-01-22T16:45:55Z","note":null,"user":null}]
=======================================================

=======================================================
Timestamp: 2026-01-22T12:46:17.4065530Z
Method: GET
URL: /api/WorkReports/user/2
Status: 200
Duration: 1 ms
UserId: 
Client IP: ::ffff:192.168.0.136
User-Agent: Dalvik/2.1.0 (Linux; U; Android 12; CTR-L91 Build/HUAWEICTR-L91)
Controller: WorkReports, Action: GetByUser
Response Body: [{"id":3,"userId":2,"date":"2026-01-22T00:00:00","startWork":"2026-01-22T10:32:56Z","finishWork":"2026-01-22T14:33:00Z","note":null,"user":null},{"id":5,"userId":2,"date":"2026-01-22T00:00:00","startWork":"2026-01-22T12:44:25Z","finishWork":null,"note":null,"user":null},{"id":7,"userId":2,"date":"2026-01-22T00:00:00","startWork":"2026-01-22T12:45:53Z","finishWork":"2026-01-22T16:45:55Z","note":null,"user":null}]
=======================================================

=======================================================
Timestamp: 2026-01-22T12:46:17.9796505Z
Method: GET
URL: /api/WorkReports/user/2
Status: 200
Duration: 2 ms
UserId: 
Client IP: ::ffff:192.168.0.136
User-Agent: Dalvik/2.1.0 (Linux; U; Android 12; CTR-L91 Build/HUAWEICTR-L91)
Controller: WorkReports, Action: GetByUser
Response Body: [{"id":3,"userId":2,"date":"2026-01-22T00:00:00","startWork":"2026-01-22T10:32:56Z","finishWork":"2026-01-22T14:33:00Z","note":null,"user":null},{"id":5,"userId":2,"date":"2026-01-22T00:00:00","startWork":"2026-01-22T12:44:25Z","finishWork":null,"note":null,"user":null},{"id":7,"userId":2,"date":"2026-01-22T00:00:00","startWork":"2026-01-22T12:45:53Z","finishWork":"2026-01-22T16:45:55Z","note":null,"user":null}]
=======================================================

=======================================================
Timestamp: 2026-01-22T12:46:17.9811750Z
Method: GET
URL: /api/WorkReports/user/2
Status: 200
Duration: 3 ms
UserId: 
Client IP: ::ffff:192.168.0.136
User-Agent: Dalvik/2.1.0 (Linux; U; Android 12; CTR-L91 Build/HUAWEICTR-L91)
Controller: WorkReports, Action: GetByUser
Response Body: [{"id":3,"userId":2,"date":"2026-01-22T00:00:00","startWork":"2026-01-22T10:32:56Z","finishWork":"2026-01-22T14:33:00Z","note":null,"user":null},{"id":5,"userId":2,"date":"2026-01-22T00:00:00","startWork":"2026-01-22T12:44:25Z","finishWork":null,"note":null,"user":null},{"id":7,"userId":2,"date":"2026-01-22T00:00:00","startWork":"2026-01-22T12:45:53Z","finishWork":"2026-01-22T16:45:55Z","note":null,"user":null}]
=======================================================

=======================================================
Timestamp: 2026-01-22T12:46:17.9831569Z
Method: GET
URL: /api/WorkReports/user/2
Status: 200
Duration: 2 ms
UserId: 
Client IP: ::ffff:192.168.0.136
User-Agent: Dalvik/2.1.0 (Linux; U; Android 12; CTR-L91 Build/HUAWEICTR-L91)
Controller: WorkReports, Action: GetByUser
Response Body: [{"id":3,"userId":2,"date":"2026-01-22T00:00:00","startWork":"2026-01-22T10:32:56Z","finishWork":"2026-01-22T14:33:00Z","note":null,"user":null},{"id":5,"userId":2,"date":"2026-01-22T00:00:00","startWork":"2026-01-22T12:44:25Z","finishWork":null,"note":null,"user":null},{"id":7,"userId":2,"date":"2026-01-22T00:00:00","startWork":"2026-01-22T12:45:53Z","finishWork":"2026-01-22T16:45:55Z","note":null,"user":null}]
=======================================================

=======================================================
Timestamp: 2026-01-22T12:46:21.8450089Z
Method: GET
URL: /api/products
Status: 200
Duration: 3 ms
UserId: 
Client IP: ::ffff:192.168.0.136
User-Agent: Dalvik/2.1.0 (Linux; U; Android 12; CTR-L91 Build/HUAWEICTR-L91)
Controller: Products, Action: GetAll
Response Body: [{"id":1,"name":"яблоко","description":"","code":"1547852","measuringUnit":"шт"},{"id":2,"name":"яблоко2","description":"","code":"1547852","measuringUnit":"шт"}]
=======================================================

=======================================================
Timestamp: 2026-01-22T12:46:21.8456954Z
Method: GET
URL: /api/materials
Status: 200
Duration: 5 ms
UserId: 
Client IP: ::ffff:192.168.0.136
User-Agent: Dalvik/2.1.0 (Linux; U; Android 12; CTR-L91 Build/HUAWEICTR-L91)
Controller: Materials, Action: GetAll
Response Body: [{"id":1,"name":"гранула","description":"","code":"1542365","measuringUnit":"т"}]
=======================================================

=======================================================
Timestamp: 2026-01-22T12:46:21.8529182Z
Method: GET
URL: /api/warehouses
Status: 200
Duration: 3 ms
UserId: 
Client IP: ::ffff:192.168.0.136
User-Agent: Dalvik/2.1.0 (Linux; U; Android 12; CTR-L91 Build/HUAWEICTR-L91)
Controller: Warehouses, Action: GetAll
Response Body: [{"id":1,"name":"Склад1","type":"Склад","isActive":true,"fromMovements":[],"toMovements":[],"fromRequests":[],"toRequests":[]}]
=======================================================

=======================================================
Timestamp: 2026-01-22T12:46:21.9658876Z
Method: GET
URL: /api/users
Status: 500
Duration: 10 ms
UserId: 
Client IP: ::ffff:192.168.0.136
User-Agent: Dalvik/2.1.0 (Linux; U; Android 12; CTR-L91 Build/HUAWEICTR-L91)
Response Body: Error: A possible object cycle was detected. This can either be due to a cycle or if the object depth is larger than the maximum allowed depth of 32. Consider using ReferenceHandler.Preserve on JsonSerializerOptions to support cycles. Path: $.Role.Users.Role.Users.Role.Users.Role.Users.Role.Users.Role.Users.Role.Users.Role.Users.Role.Users.Role.Users.Id.
=======================================================

=======================================================
Timestamp: 2026-01-22T12:46:21.9660155Z
Method: GET
URL: /api/users
Status: 500
Duration: 4 ms
UserId: 
Client IP: ::ffff:192.168.0.136
User-Agent: Dalvik/2.1.0 (Linux; U; Android 12; CTR-L91 Build/HUAWEICTR-L91)
Response Body: Error: A possible object cycle was detected. This can either be due to a cycle or if the object depth is larger than the maximum allowed depth of 32. Consider using ReferenceHandler.Preserve on JsonSerializerOptions to support cycles. Path: $.Role.Users.Role.Users.Role.Users.Role.Users.Role.Users.Role.Users.Role.Users.Role.Users.Role.Users.Role.Users.Id.
=======================================================

=======================================================
Timestamp: 2026-01-22T12:46:21.9660152Z
Method: GET
URL: /api/users
Status: 500
Duration: 10 ms
UserId: 
Client IP: ::ffff:192.168.0.136
User-Agent: Dalvik/2.1.0 (Linux; U; Android 12; CTR-L91 Build/HUAWEICTR-L91)
Response Body: Error: A possible object cycle was detected. This can either be due to a cycle or if the object depth is larger than the maximum allowed depth of 32. Consider using ReferenceHandler.Preserve on JsonSerializerOptions to support cycles. Path: $.Role.Users.Role.Users.Role.Users.Role.Users.Role.Users.Role.Users.Role.Users.Role.Users.Role.Users.Role.Users.Id.
=======================================================

=======================================================
Timestamp: 2026-01-22T12:46:21.9986793Z
Method: GET
URL: /api/products
Status: 200
Duration: 0 ms
UserId: 
Client IP: ::ffff:192.168.0.136
User-Agent: Dalvik/2.1.0 (Linux; U; Android 12; CTR-L91 Build/HUAWEICTR-L91)
Controller: Products, Action: GetAll
Response Body: [{"id":1,"name":"яблоко","description":"","code":"1547852","measuringUnit":"шт"},{"id":2,"name":"яблоко2","description":"","code":"1547852","measuringUnit":"шт"}]
=======================================================

=======================================================
Timestamp: 2026-01-22T12:46:21.9998363Z
Method: GET
URL: /api/materials
Status: 200
Duration: 1 ms
UserId: 
Client IP: ::ffff:192.168.0.136
User-Agent: Dalvik/2.1.0 (Linux; U; Android 12; CTR-L91 Build/HUAWEICTR-L91)
Controller: Materials, Action: GetAll
Response Body: [{"id":1,"name":"гранула","description":"","code":"1542365","measuringUnit":"т"}]
=======================================================

=======================================================
Timestamp: 2026-01-22T12:46:22.0005796Z
Method: GET
URL: /api/warehouses
Status: 200
Duration: 0 ms
UserId: 
Client IP: ::ffff:192.168.0.136
User-Agent: Dalvik/2.1.0 (Linux; U; Android 12; CTR-L91 Build/HUAWEICTR-L91)
Controller: Warehouses, Action: GetAll
Response Body: [{"id":1,"name":"Склад1","type":"Склад","isActive":true,"fromMovements":[],"toMovements":[],"fromRequests":[],"toRequests":[]}]
=======================================================

=======================================================
Timestamp: 2026-01-22T12:46:22.0032165Z
Method: GET
URL: /api/users
Status: 500
Duration: 1 ms
UserId: 
Client IP: ::ffff:192.168.0.136
User-Agent: Dalvik/2.1.0 (Linux; U; Android 12; CTR-L91 Build/HUAWEICTR-L91)
Response Body: Error: A possible object cycle was detected. This can either be due to a cycle or if the object depth is larger than the maximum allowed depth of 32. Consider using ReferenceHandler.Preserve on JsonSerializerOptions to support cycles. Path: $.Role.Users.Role.Users.Role.Users.Role.Users.Role.Users.Role.Users.Role.Users.Role.Users.Role.Users.Role.Users.Id.
=======================================================

=======================================================
Timestamp: 2026-01-22T12:46:22.0060143Z
Method: GET
URL: /api/users
Status: 500
Duration: 6 ms
UserId: 
Client IP: ::ffff:192.168.0.136
User-Agent: Dalvik/2.1.0 (Linux; U; Android 12; CTR-L91 Build/HUAWEICTR-L91)
Response Body: Error: A possible object cycle was detected. This can either be due to a cycle or if the object depth is larger than the maximum allowed depth of 32. Consider using ReferenceHandler.Preserve on JsonSerializerOptions to support cycles. Path: $.Role.Users.Role.Users.Role.Users.Role.Users.Role.Users.Role.Users.Role.Users.Role.Users.Role.Users.Role.Users.Id.
=======================================================

=======================================================
Timestamp: 2026-01-22T12:46:22.0067834Z
Method: GET
URL: /api/Roles
Status: 200
Duration: 2 ms
UserId: 
Client IP: ::ffff:192.168.0.136
User-Agent: Dalvik/2.1.0 (Linux; U; Android 12; CTR-L91 Build/HUAWEICTR-L91)
Controller: Roles, Action: GetAll
Response Body: [{"id":1,"name":"Владелец","code":"Owner","description":"Полный доступ","rank":1,"users":[],"rolePermissions":[]},{"id":2,"name":"Администратор","code":"Admin","description":"Руководитель предприятия","rank":2,"users":[],"rolePermissions":[]},{"id":3,"name":"Старший экструзионщик","code":"SeniorExtruder","description":"Замещение администратора","rank":3,"users":[],"rolePermissions":[]},{"id":4,"name":"Старший кладовщик","code":"SeniorWarehouseman","description":"Склады и цеха","rank":3,"users":[],"rolePermissions":[]},{"id":5,"name":"Кладовщик готовой продукции","code":"FinishedGoodsWarehouseman","description":"Склад готовой продукции","rank":3,"users":[],"rolePermissions":[]},{"id":6,"name":"Экструзионщик","code":"Extruder","description":"Производство","rank":4,"users":[],"rolePermissions":[]},{"id":7,"name":"Кладовщик","code":"Warehouseman","description":"Склад","rank":4,"users":[],"rolePermissions":[]},{"id":8,"name":"Покрасочник","code":"Painter","description":"Цех покраски","rank":4,"users":[],"rolePermissions":[]},{"id":9,"name":"Старшая упаковщица","code":"SeniorPacker","description":"Упаковка","rank":4,"users":[],"rolePermissions":[]},{"id":10,"name":"ТПА","code":"TPA","description":"ТПА","rank":4,"users":[],"rolePermissions":[]},{"id":11,"name":"Утиль","code":"Utilization","description":"Цех утилизации","rank":4,"users":[],"rolePermissions":[]}]
=======================================================

=======================================================
Timestamp: 2026-01-22T12:46:23.4781869Z
Method: GET
URL: /api/products
Status: 200
Duration: 1 ms
UserId: 
Client IP: ::ffff:192.168.0.136
User-Agent: Dalvik/2.1.0 (Linux; U; Android 12; CTR-L91 Build/HUAWEICTR-L91)
Controller: Products, Action: GetAll
Response Body: [{"id":1,"name":"яблоко","description":"","code":"1547852","measuringUnit":"шт"},{"id":2,"name":"яблоко2","description":"","code":"1547852","measuringUnit":"шт"}]
=======================================================

=======================================================
Timestamp: 2026-01-22T12:46:23.4791293Z
Method: GET
URL: /api/materials
Status: 200
Duration: 1 ms
UserId: 
Client IP: ::ffff:192.168.0.136
User-Agent: Dalvik/2.1.0 (Linux; U; Android 12; CTR-L91 Build/HUAWEICTR-L91)
Controller: Materials, Action: GetAll
Response Body: [{"id":1,"name":"гранула","description":"","code":"1542365","measuringUnit":"т"}]
=======================================================

=======================================================
Timestamp: 2026-01-22T12:46:23.4819576Z
Method: GET
URL: /api/warehouses
Status: 200
Duration: 1 ms
UserId: 
Client IP: ::ffff:192.168.0.136
User-Agent: Dalvik/2.1.0 (Linux; U; Android 12; CTR-L91 Build/HUAWEICTR-L91)
Controller: Warehouses, Action: GetAll
Response Body: [{"id":1,"name":"Склад1","type":"Склад","isActive":true,"fromMovements":[],"toMovements":[],"fromRequests":[],"toRequests":[]}]
=======================================================

=======================================================
Timestamp: 2026-01-22T12:46:23.4860975Z
Method: GET
URL: /api/users
Status: 500
Duration: 10 ms
UserId: 
Client IP: ::ffff:192.168.0.136
User-Agent: Dalvik/2.1.0 (Linux; U; Android 12; CTR-L91 Build/HUAWEICTR-L91)
Response Body: Error: A possible object cycle was detected. This can either be due to a cycle or if the object depth is larger than the maximum allowed depth of 32. Consider using ReferenceHandler.Preserve on JsonSerializerOptions to support cycles. Path: $.Role.Users.Role.Users.Role.Users.Role.Users.Role.Users.Role.Users.Role.Users.Role.Users.Role.Users.Role.Users.Id.
=======================================================

=======================================================
Timestamp: 2026-01-22T12:46:23.4910695Z
Method: GET
URL: /api/users
Status: 500
Duration: 9 ms
UserId: 
Client IP: ::ffff:192.168.0.136
User-Agent: Dalvik/2.1.0 (Linux; U; Android 12; CTR-L91 Build/HUAWEICTR-L91)
Response Body: Error: A possible object cycle was detected. This can either be due to a cycle or if the object depth is larger than the maximum allowed depth of 32. Consider using ReferenceHandler.Preserve on JsonSerializerOptions to support cycles. Path: $.Role.Users.Role.Users.Role.Users.Role.Users.Role.Users.Role.Users.Role.Users.Role.Users.Role.Users.Role.Users.Id.
=======================================================

=======================================================
Timestamp: 2026-01-22T12:46:24.7341771Z
Method: GET
URL: /api/products
Status: 200
Duration: 3 ms
UserId: 
Client IP: ::ffff:192.168.0.136
User-Agent: Dalvik/2.1.0 (Linux; U; Android 12; CTR-L91 Build/HUAWEICTR-L91)
Controller: Products, Action: GetAll
Response Body: [{"id":1,"name":"яблоко","description":"","code":"1547852","measuringUnit":"шт"},{"id":2,"name":"яблоко2","description":"","code":"1547852","measuringUnit":"шт"}]
=======================================================

=======================================================
Timestamp: 2026-01-22T12:46:24.7511727Z
Method: GET
URL: /api/warehouses
Status: 200
Duration: 4 ms
UserId: 
Client IP: ::ffff:192.168.0.136
User-Agent: Dalvik/2.1.0 (Linux; U; Android 12; CTR-L91 Build/HUAWEICTR-L91)
Controller: Warehouses, Action: GetAll
Response Body: [{"id":1,"name":"Склад1","type":"Склад","isActive":true,"fromMovements":[],"toMovements":[],"fromRequests":[],"toRequests":[]}]
=======================================================

=======================================================
Timestamp: 2026-01-22T12:46:24.7517864Z
Method: GET
URL: /api/materials
Status: 200
Duration: 4 ms
UserId: 
Client IP: ::ffff:192.168.0.136
User-Agent: Dalvik/2.1.0 (Linux; U; Android 12; CTR-L91 Build/HUAWEICTR-L91)
Controller: Materials, Action: GetAll
Response Body: [{"id":1,"name":"гранула","description":"","code":"1542365","measuringUnit":"т"}]
=======================================================

=======================================================
Timestamp: 2026-01-22T12:46:24.7522567Z
Method: GET
URL: /api/users
Status: 500
Duration: 20 ms
UserId: 
Client IP: ::ffff:192.168.0.136
User-Agent: Dalvik/2.1.0 (Linux; U; Android 12; CTR-L91 Build/HUAWEICTR-L91)
Response Body: Error: A possible object cycle was detected. This can either be due to a cycle or if the object depth is larger than the maximum allowed depth of 32. Consider using ReferenceHandler.Preserve on JsonSerializerOptions to support cycles. Path: $.Role.Users.Role.Users.Role.Users.Role.Users.Role.Users.Role.Users.Role.Users.Role.Users.Role.Users.Role.Users.Id.
=======================================================

=======================================================
Timestamp: 2026-01-22T12:46:24.7542741Z
Method: GET
URL: /api/users
Status: 500
Duration: 19 ms
UserId: 
Client IP: ::ffff:192.168.0.136
User-Agent: Dalvik/2.1.0 (Linux; U; Android 12; CTR-L91 Build/HUAWEICTR-L91)
Response Body: Error: A possible object cycle was detected. This can either be due to a cycle or if the object depth is larger than the maximum allowed depth of 32. Consider using ReferenceHandler.Preserve on JsonSerializerOptions to support cycles. Path: $.Role.Users.Role.Users.Role.Users.Role.Users.Role.Users.Role.Users.Role.Users.Role.Users.Role.Users.Role.Users.Id.
=======================================================

=======================================================
Timestamp: 2026-01-22T12:46:25.5219123Z
Method: GET
URL: /api/products
Status: 200
Duration: 2 ms
UserId: 
Client IP: ::ffff:192.168.0.136
User-Agent: Dalvik/2.1.0 (Linux; U; Android 12; CTR-L91 Build/HUAWEICTR-L91)
Controller: Products, Action: GetAll
Response Body: [{"id":1,"name":"яблоко","description":"","code":"1547852","measuringUnit":"шт"},{"id":2,"name":"яблоко2","description":"","code":"1547852","measuringUnit":"шт"}]
=======================================================

=======================================================
Timestamp: 2026-01-22T12:46:25.5232852Z
Method: GET
URL: /api/warehouses
Status: 200
Duration: 2 ms
UserId: 
Client IP: ::ffff:192.168.0.136
User-Agent: Dalvik/2.1.0 (Linux; U; Android 12; CTR-L91 Build/HUAWEICTR-L91)
Controller: Warehouses, Action: GetAll
Response Body: [{"id":1,"name":"Склад1","type":"Склад","isActive":true,"fromMovements":[],"toMovements":[],"fromRequests":[],"toRequests":[]}]
=======================================================

=======================================================
Timestamp: 2026-01-22T12:46:25.5239328Z
Method: GET
URL: /api/materials
Status: 200
Duration: 2 ms
UserId: 
Client IP: ::ffff:192.168.0.136
User-Agent: Dalvik/2.1.0 (Linux; U; Android 12; CTR-L91 Build/HUAWEICTR-L91)
Controller: Materials, Action: GetAll
Response Body: [{"id":1,"name":"гранула","description":"","code":"1542365","measuringUnit":"т"}]
=======================================================

=======================================================
Timestamp: 2026-01-22T12:46:25.5389919Z
Method: GET
URL: /api/users
Status: 500
Duration: 8 ms
UserId: 
Client IP: ::ffff:192.168.0.136
User-Agent: Dalvik/2.1.0 (Linux; U; Android 12; CTR-L91 Build/HUAWEICTR-L91)
Response Body: Error: A possible object cycle was detected. This can either be due to a cycle or if the object depth is larger than the maximum allowed depth of 32. Consider using ReferenceHandler.Preserve on JsonSerializerOptions to support cycles. Path: $.Role.Users.Role.Users.Role.Users.Role.Users.Role.Users.Role.Users.Role.Users.Role.Users.Role.Users.Role.Users.Id.
=======================================================

=======================================================
Timestamp: 2026-01-22T12:46:25.5408452Z
Method: GET
URL: /api/users
Status: 500
Duration: 8 ms
UserId: 
Client IP: ::ffff:192.168.0.136
User-Agent: Dalvik/2.1.0 (Linux; U; Android 12; CTR-L91 Build/HUAWEICTR-L91)
Response Body: Error: A possible object cycle was detected. This can either be due to a cycle or if the object depth is larger than the maximum allowed depth of 32. Consider using ReferenceHandler.Preserve on JsonSerializerOptions to support cycles. Path: $.Role.Users.Role.Users.Role.Users.Role.Users.Role.Users.Role.Users.Role.Users.Role.Users.Role.Users.Role.Users.Id.
=======================================================

=======================================================
Timestamp: 2026-01-22T12:46:26.0323810Z
Method: GET
URL: /api/users
Status: 500
Duration: 4 ms
UserId: 
Client IP: ::ffff:192.168.0.136
User-Agent: Dalvik/2.1.0 (Linux; U; Android 12; CTR-L91 Build/HUAWEICTR-L91)
Response Body: Error: A possible object cycle was detected. This can either be due to a cycle or if the object depth is larger than the maximum allowed depth of 32. Consider using ReferenceHandler.Preserve on JsonSerializerOptions to support cycles. Path: $.Role.Users.Role.Users.Role.Users.Role.Users.Role.Users.Role.Users.Role.Users.Role.Users.Role.Users.Role.Users.Id.
=======================================================

=======================================================
Timestamp: 2026-01-22T12:46:26.0371598Z
Method: GET
URL: /api/products
Status: 200
Duration: 4 ms
UserId: 
Client IP: ::ffff:192.168.0.136
User-Agent: Dalvik/2.1.0 (Linux; U; Android 12; CTR-L91 Build/HUAWEICTR-L91)
Controller: Products, Action: GetAll
Response Body: [{"id":1,"name":"яблоко","description":"","code":"1547852","measuringUnit":"шт"},{"id":2,"name":"яблоко2","description":"","code":"1547852","measuringUnit":"шт"}]
=======================================================

=======================================================
Timestamp: 2026-01-22T12:46:26.0399383Z
Method: GET
URL: /api/materials
Status: 200
Duration: 10 ms
UserId: 
Client IP: ::ffff:192.168.0.136
User-Agent: Dalvik/2.1.0 (Linux; U; Android 12; CTR-L91 Build/HUAWEICTR-L91)
Controller: Materials, Action: GetAll
Response Body: [{"id":1,"name":"гранула","description":"","code":"1542365","measuringUnit":"т"}]
=======================================================

=======================================================
Timestamp: 2026-01-22T12:46:26.0434415Z
Method: GET
URL: /api/warehouses
Status: 200
Duration: 2 ms
UserId: 
Client IP: ::ffff:192.168.0.136
User-Agent: Dalvik/2.1.0 (Linux; U; Android 12; CTR-L91 Build/HUAWEICTR-L91)
Controller: Warehouses, Action: GetAll
Response Body: [{"id":1,"name":"Склад1","type":"Склад","isActive":true,"fromMovements":[],"toMovements":[],"fromRequests":[],"toRequests":[]}]
=======================================================

=======================================================
Timestamp: 2026-01-22T12:46:26.0485242Z
Method: GET
URL: /api/users/search?name=a
Status: 200
Duration: 3 ms
UserId: 
Client IP: ::ffff:192.168.0.136
User-Agent: Dalvik/2.1.0 (Linux; U; Android 12; CTR-L91 Build/HUAWEICTR-L91)
Controller: Users, Action: GetByNameOrSurname
Response Body: [{"id":3,"login":"eva","encryptedPassword":"67","name":"Eva","surname":"EvaEva","email":"eva@eva.com","phone":"","createdAt":"2026-01-22T10:35:25.894086Z","roleId":null,"role":null,"alarmEvents":[],"sentPartRequests":[],"receivedPartRequests":[],"sentShiftTransfers":[],"receivedShiftTransfers":[]},{"id":2,"login":"adam","encryptedPassword":"5252","name":"adam","surname":"first","email":"g@g.com","phone":"","createdAt":"2026-01-22T09:41:42.056633Z","roleId":null,"role":null,"alarmEvents":[],"sentPartRequests":[],"receivedPartRequests":[],"sentShiftTransfers":[],"receivedShiftTransfers":[]}]
=======================================================

=======================================================
Timestamp: 2026-01-22T12:46:28.1979650Z
Method: GET
URL: /api/materials
Status: 200
Duration: 2 ms
UserId: 
Client IP: ::ffff:192.168.0.136
User-Agent: Dalvik/2.1.0 (Linux; U; Android 12; CTR-L91 Build/HUAWEICTR-L91)
Controller: Materials, Action: GetAll
Response Body: [{"id":1,"name":"гранула","description":"","code":"1542365","measuringUnit":"т"}]
=======================================================

=======================================================
Timestamp: 2026-01-22T12:46:28.2061228Z
Method: GET
URL: /api/users
Status: 500
Duration: 9 ms
UserId: 
Client IP: ::ffff:192.168.0.136
User-Agent: Dalvik/2.1.0 (Linux; U; Android 12; CTR-L91 Build/HUAWEICTR-L91)
Response Body: Error: A possible object cycle was detected. This can either be due to a cycle or if the object depth is larger than the maximum allowed depth of 32. Consider using ReferenceHandler.Preserve on JsonSerializerOptions to support cycles. Path: $.Role.Users.Role.Users.Role.Users.Role.Users.Role.Users.Role.Users.Role.Users.Role.Users.Role.Users.Role.Users.Id.
=======================================================

=======================================================
Timestamp: 2026-01-22T12:46:28.2077765Z
Method: GET
URL: /api/users
Status: 500
Duration: 8 ms
UserId: 
Client IP: ::ffff:192.168.0.136
User-Agent: Dalvik/2.1.0 (Linux; U; Android 12; CTR-L91 Build/HUAWEICTR-L91)
Response Body: Error: A possible object cycle was detected. This can either be due to a cycle or if the object depth is larger than the maximum allowed depth of 32. Consider using ReferenceHandler.Preserve on JsonSerializerOptions to support cycles. Path: $.Role.Users.Role.Users.Role.Users.Role.Users.Role.Users.Role.Users.Role.Users.Role.Users.Role.Users.Role.Users.Id.
=======================================================

=======================================================
Timestamp: 2026-01-22T12:46:29.3923922Z
Method: GET
URL: /api/users
Status: 500
Duration: 1 ms
UserId: 
Client IP: ::ffff:192.168.0.136
User-Agent: Dalvik/2.1.0 (Linux; U; Android 12; CTR-L91 Build/HUAWEICTR-L91)
Response Body: Error: A possible object cycle was detected. This can either be due to a cycle or if the object depth is larger than the maximum allowed depth of 32. Consider using ReferenceHandler.Preserve on JsonSerializerOptions to support cycles. Path: $.Role.Users.Role.Users.Role.Users.Role.Users.Role.Users.Role.Users.Role.Users.Role.Users.Role.Users.Role.Users.Id.
=======================================================

=======================================================
Timestamp: 2026-01-22T12:46:29.3927867Z
Method: GET
URL: /api/products
Status: 200
Duration: 1 ms
UserId: 
Client IP: ::ffff:192.168.0.136
User-Agent: Dalvik/2.1.0 (Linux; U; Android 12; CTR-L91 Build/HUAWEICTR-L91)
Controller: Products, Action: GetAll
Response Body: [{"id":1,"name":"яблоко","description":"","code":"1547852","measuringUnit":"шт"},{"id":2,"name":"яблоко2","description":"","code":"1547852","measuringUnit":"шт"}]
=======================================================

=======================================================
Timestamp: 2026-01-22T12:46:29.3953315Z
Method: GET
URL: /api/users
Status: 500
Duration: 1 ms
UserId: 
Client IP: ::ffff:192.168.0.136
User-Agent: Dalvik/2.1.0 (Linux; U; Android 12; CTR-L91 Build/HUAWEICTR-L91)
Response Body: Error: A possible object cycle was detected. This can either be due to a cycle or if the object depth is larger than the maximum allowed depth of 32. Consider using ReferenceHandler.Preserve on JsonSerializerOptions to support cycles. Path: $.Role.Users.Role.Users.Role.Users.Role.Users.Role.Users.Role.Users.Role.Users.Role.Users.Role.Users.Role.Users.Id.
=======================================================

=======================================================
Timestamp: 2026-01-22T12:46:29.3972269Z
Method: GET
URL: /api/materials
Status: 200
Duration: 2 ms
UserId: 
Client IP: ::ffff:192.168.0.136
User-Agent: Dalvik/2.1.0 (Linux; U; Android 12; CTR-L91 Build/HUAWEICTR-L91)
Controller: Materials, Action: GetAll
Response Body: [{"id":1,"name":"гранула","description":"","code":"1542365","measuringUnit":"т"}]
=======================================================

=======================================================
Timestamp: 2026-01-22T12:46:29.3984695Z
Method: GET
URL: /api/warehouses
Status: 200
Duration: 0 ms
UserId: 
Client IP: ::ffff:192.168.0.136
User-Agent: Dalvik/2.1.0 (Linux; U; Android 12; CTR-L91 Build/HUAWEICTR-L91)
Controller: Warehouses, Action: GetAll
Response Body: [{"id":1,"name":"Склад1","type":"Склад","isActive":true,"fromMovements":[],"toMovements":[],"fromRequests":[],"toRequests":[]}]
=======================================================

=======================================================
Timestamp: 2026-01-22T12:46:29.4072550Z
Method: GET
URL: /api/users
Status: 500
Duration: 5 ms
UserId: 
Client IP: ::ffff:192.168.0.136
User-Agent: Dalvik/2.1.0 (Linux; U; Android 12; CTR-L91 Build/HUAWEICTR-L91)
Response Body: Error: A possible object cycle was detected. This can either be due to a cycle or if the object depth is larger than the maximum allowed depth of 32. Consider using ReferenceHandler.Preserve on JsonSerializerOptions to support cycles. Path: $.Role.Users.Role.Users.Role.Users.Role.Users.Role.Users.Role.Users.Role.Users.Role.Users.Role.Users.Role.Users.Id.
=======================================================

=======================================================
Timestamp: 2026-01-22T12:46:30.0444155Z
Method: GET
URL: /api/products
Status: 200
Duration: 1 ms
UserId: 
Client IP: ::ffff:192.168.0.136
User-Agent: Dalvik/2.1.0 (Linux; U; Android 12; CTR-L91 Build/HUAWEICTR-L91)
Controller: Products, Action: GetAll
Response Body: [{"id":1,"name":"яблоко","description":"","code":"1547852","measuringUnit":"шт"},{"id":2,"name":"яблоко2","description":"","code":"1547852","measuringUnit":"шт"}]
=======================================================

=======================================================
Timestamp: 2026-01-22T12:46:30.0451882Z
Method: GET
URL: /api/materials
Status: 200
Duration: 2 ms
UserId: 
Client IP: ::ffff:192.168.0.136
User-Agent: Dalvik/2.1.0 (Linux; U; Android 12; CTR-L91 Build/HUAWEICTR-L91)
Controller: Materials, Action: GetAll
Response Body: [{"id":1,"name":"гранула","description":"","code":"1542365","measuringUnit":"т"}]
=======================================================

=======================================================
Timestamp: 2026-01-22T12:46:30.0459727Z
Method: GET
URL: /api/warehouses
Status: 200
Duration: 2 ms
UserId: 
Client IP: ::ffff:192.168.0.136
User-Agent: Dalvik/2.1.0 (Linux; U; Android 12; CTR-L91 Build/HUAWEICTR-L91)
Controller: Warehouses, Action: GetAll
Response Body: [{"id":1,"name":"Склад1","type":"Склад","isActive":true,"fromMovements":[],"toMovements":[],"fromRequests":[],"toRequests":[]}]
=======================================================

=======================================================
Timestamp: 2026-01-22T12:46:30.0485280Z
Method: GET
URL: /api/users
Status: 500
Duration: 10 ms
UserId: 
Client IP: ::ffff:192.168.0.136
User-Agent: Dalvik/2.1.0 (Linux; U; Android 12; CTR-L91 Build/HUAWEICTR-L91)
Response Body: Error: A possible object cycle was detected. This can either be due to a cycle or if the object depth is larger than the maximum allowed depth of 32. Consider using ReferenceHandler.Preserve on JsonSerializerOptions to support cycles. Path: $.Role.Users.Role.Users.Role.Users.Role.Users.Role.Users.Role.Users.Role.Users.Role.Users.Role.Users.Role.Users.Id.
=======================================================

=======================================================
Timestamp: 2026-01-22T12:46:30.0597879Z
Method: GET
URL: /api/users
Status: 500
Duration: 15 ms
UserId: 
Client IP: ::ffff:192.168.0.136
User-Agent: Dalvik/2.1.0 (Linux; U; Android 12; CTR-L91 Build/HUAWEICTR-L91)
Response Body: Error: A possible object cycle was detected. This can either be due to a cycle or if the object depth is larger than the maximum allowed depth of 32. Consider using ReferenceHandler.Preserve on JsonSerializerOptions to support cycles. Path: $.Role.Users.Role.Users.Role.Users.Role.Users.Role.Users.Role.Users.Role.Users.Role.Users.Role.Users.Role.Users.Id.
=======================================================

=======================================================
Timestamp: 2026-01-22T12:46:31.3354185Z
Method: GET
URL: /api/materials
Status: 200
Duration: 0 ms
UserId: 
Client IP: ::ffff:192.168.0.136
User-Agent: Dalvik/2.1.0 (Linux; U; Android 12; CTR-L91 Build/HUAWEICTR-L91)
Controller: Materials, Action: GetAll
Response Body: [{"id":1,"name":"гранула","description":"","code":"1542365","measuringUnit":"т"}]
=======================================================

=======================================================
Timestamp: 2026-01-22T12:46:31.3403366Z
Method: GET
URL: /api/users
Status: 500
Duration: 2 ms
UserId: 
Client IP: ::ffff:192.168.0.136
User-Agent: Dalvik/2.1.0 (Linux; U; Android 12; CTR-L91 Build/HUAWEICTR-L91)
Response Body: Error: A possible object cycle was detected. This can either be due to a cycle or if the object depth is larger than the maximum allowed depth of 32. Consider using ReferenceHandler.Preserve on JsonSerializerOptions to support cycles. Path: $.Role.Users.Role.Users.Role.Users.Role.Users.Role.Users.Role.Users.Role.Users.Role.Users.Role.Users.Role.Users.Id.
=======================================================

=======================================================
Timestamp: 2026-01-22T12:46:31.3365700Z
Method: GET
URL: /api/products
Status: 200
Duration: 0 ms
UserId: 
Client IP: ::ffff:192.168.0.136
User-Agent: Dalvik/2.1.0 (Linux; U; Android 12; CTR-L91 Build/HUAWEICTR-L91)
Controller: Products, Action: GetAll
Response Body: [{"id":1,"name":"яблоко","description":"","code":"1547852","measuringUnit":"шт"},{"id":2,"name":"яблоко2","description":"","code":"1547852","measuringUnit":"шт"}]
=======================================================

=======================================================
Timestamp: 2026-01-22T12:46:31.3411296Z
Method: GET
URL: /api/users
Status: 500
Duration: 2 ms
UserId: 
Client IP: ::ffff:192.168.0.136
User-Agent: Dalvik/2.1.0 (Linux; U; Android 12; CTR-L91 Build/HUAWEICTR-L91)
Response Body: Error: A possible object cycle was detected. This can either be due to a cycle or if the object depth is larger than the maximum allowed depth of 32. Consider using ReferenceHandler.Preserve on JsonSerializerOptions to support cycles. Path: $.Role.Users.Role.Users.Role.Users.Role.Users.Role.Users.Role.Users.Role.Users.Role.Users.Role.Users.Role.Users.Id.
=======================================================

=======================================================
Timestamp: 2026-01-22T12:46:31.3437702Z
Method: GET
URL: /api/users/search?name=ad
Status: 200
Duration: 1 ms
UserId: 
Client IP: ::ffff:192.168.0.136
User-Agent: Dalvik/2.1.0 (Linux; U; Android 12; CTR-L91 Build/HUAWEICTR-L91)
Controller: Users, Action: GetByNameOrSurname
Response Body: [{"id":2,"login":"adam","encryptedPassword":"5252","name":"adam","surname":"first","email":"g@g.com","phone":"","createdAt":"2026-01-22T09:41:42.056633Z","roleId":null,"role":null,"alarmEvents":[],"sentPartRequests":[],"receivedPartRequests":[],"sentShiftTransfers":[],"receivedShiftTransfers":[]}]
=======================================================

=======================================================
Timestamp: 2026-01-22T12:46:51.7613070Z
Method: POST
URL: /api/AlarmEvents
Status: 201
Duration: 10 ms
UserId: 
Client IP: ::ffff:192.168.0.136
User-Agent: Dalvik/2.1.0 (Linux; U; Android 12; CTR-L91 Build/HUAWEICTR-L91)
Controller: AlarmEvents, Action: CreateAlarmEvent
Response Body: {"message":"AlarmEvent created successfully","alarmEvent":{"id":7,"userId":2,"createdAt":"2026-01-22T12:46:51.6471421Z","message":"8","location":"8"}}
=======================================================

=======================================================
Timestamp: 2026-01-22T12:46:55.7017111Z
Method: GET
URL: /api/users
Status: 500
Duration: 2 ms
UserId: 
Client IP: ::ffff:192.168.0.136
User-Agent: Dalvik/2.1.0 (Linux; U; Android 12; CTR-L91 Build/HUAWEICTR-L91)
Response Body: Error: A possible object cycle was detected. This can either be due to a cycle or if the object depth is larger than the maximum allowed depth of 32. Consider using ReferenceHandler.Preserve on JsonSerializerOptions to support cycles. Path: $.Role.Users.Role.Users.Role.Users.Role.Users.Role.Users.Role.Users.Role.Users.Role.Users.Role.Users.Role.Users.Id.
=======================================================

=======================================================
Timestamp: 2026-01-22T12:46:55.8196155Z
Method: GET
URL: /api/warehouses
Status: 200
Duration: 0 ms
UserId: 
Client IP: ::ffff:192.168.0.136
User-Agent: Dalvik/2.1.0 (Linux; U; Android 12; CTR-L91 Build/HUAWEICTR-L91)
Controller: Warehouses, Action: GetAll
Response Body: [{"id":1,"name":"Склад1","type":"Склад","isActive":true,"fromMovements":[],"toMovements":[],"fromRequests":[],"toRequests":[]}]
=======================================================

=======================================================
Timestamp: 2026-01-22T12:46:55.8232193Z
Method: GET
URL: /api/part-requests
Status: 404
Duration: 0 ms
UserId: 
Client IP: ::ffff:192.168.0.136
User-Agent: Dalvik/2.1.0 (Linux; U; Android 12; CTR-L91 Build/HUAWEICTR-L91)
=======================================================

=======================================================
Timestamp: 2026-01-22T12:46:55.8672438Z
Method: GET
URL: /api/part-requests
Status: 404
Duration: 0 ms
UserId: 
Client IP: ::ffff:192.168.0.136
User-Agent: Dalvik/2.1.0 (Linux; U; Android 12; CTR-L91 Build/HUAWEICTR-L91)
=======================================================

=======================================================
Timestamp: 2026-01-22T12:46:55.8723007Z
Method: GET
URL: /api/part-requests
Status: 404
Duration: 0 ms
UserId: 
Client IP: ::ffff:192.168.0.136
User-Agent: Dalvik/2.1.0 (Linux; U; Android 12; CTR-L91 Build/HUAWEICTR-L91)
=======================================================

=======================================================
Timestamp: 2026-01-22T12:46:56.8348344Z
Method: GET
URL: /api/users
Status: 500
Duration: 2 ms
UserId: 
Client IP: ::ffff:192.168.0.136
User-Agent: Dalvik/2.1.0 (Linux; U; Android 12; CTR-L91 Build/HUAWEICTR-L91)
Response Body: Error: A possible object cycle was detected. This can either be due to a cycle or if the object depth is larger than the maximum allowed depth of 32. Consider using ReferenceHandler.Preserve on JsonSerializerOptions to support cycles. Path: $.Role.Users.Role.Users.Role.Users.Role.Users.Role.Users.Role.Users.Role.Users.Role.Users.Role.Users.Role.Users.Id.
=======================================================

=======================================================
Timestamp: 2026-01-22T12:46:56.9421243Z
Method: GET
URL: /api/warehouses
Status: 200
Duration: 0 ms
UserId: 
Client IP: ::ffff:192.168.0.136
User-Agent: Dalvik/2.1.0 (Linux; U; Android 12; CTR-L91 Build/HUAWEICTR-L91)
Controller: Warehouses, Action: GetAll
Response Body: [{"id":1,"name":"Склад1","type":"Склад","isActive":true,"fromMovements":[],"toMovements":[],"fromRequests":[],"toRequests":[]}]
=======================================================

=======================================================
Timestamp: 2026-01-22T12:46:56.9425934Z
Method: GET
URL: /api/materials
Status: 200
Duration: 1 ms
UserId: 
Client IP: ::ffff:192.168.0.136
User-Agent: Dalvik/2.1.0 (Linux; U; Android 12; CTR-L91 Build/HUAWEICTR-L91)
Controller: Materials, Action: GetAll
Response Body: [{"id":1,"name":"гранула","description":"","code":"1542365","measuringUnit":"т"}]
=======================================================

=======================================================
Timestamp: 2026-01-22T12:47:01.9936246Z
Method: GET
URL: /api/users
Status: 500
Duration: 4 ms
UserId: 
Client IP: ::ffff:192.168.0.136
User-Agent: Dalvik/2.1.0 (Linux; U; Android 12; CTR-L91 Build/HUAWEICTR-L91)
Response Body: Error: A possible object cycle was detected. This can either be due to a cycle or if the object depth is larger than the maximum allowed depth of 32. Consider using ReferenceHandler.Preserve on JsonSerializerOptions to support cycles. Path: $.Role.Users.Role.Users.Role.Users.Role.Users.Role.Users.Role.Users.Role.Users.Role.Users.Role.Users.Role.Users.Id.
=======================================================

=======================================================
Timestamp: 2026-01-22T12:47:02.1297759Z
Method: GET
URL: /api/warehouses
Status: 200
Duration: 1 ms
UserId: 
Client IP: ::ffff:192.168.0.136
User-Agent: Dalvik/2.1.0 (Linux; U; Android 12; CTR-L91 Build/HUAWEICTR-L91)
Controller: Warehouses, Action: GetAll
Response Body: [{"id":1,"name":"Склад1","type":"Склад","isActive":true,"fromMovements":[],"toMovements":[],"fromRequests":[],"toRequests":[]}]
=======================================================

=======================================================
Timestamp: 2026-01-22T12:47:02.1629000Z
Method: GET
URL: /api/part-requests
Status: 404
Duration: 0 ms
UserId: 
Client IP: ::ffff:192.168.0.136
User-Agent: Dalvik/2.1.0 (Linux; U; Android 12; CTR-L91 Build/HUAWEICTR-L91)
=======================================================

=======================================================
Timestamp: 2026-01-22T12:47:02.1650880Z
Method: GET
URL: /api/part-requests
Status: 404
Duration: 0 ms
UserId: 
Client IP: ::ffff:192.168.0.136
User-Agent: Dalvik/2.1.0 (Linux; U; Android 12; CTR-L91 Build/HUAWEICTR-L91)
=======================================================

=======================================================
Timestamp: 2026-01-22T12:47:02.1862550Z
Method: GET
URL: /api/part-requests
Status: 404
Duration: 0 ms
UserId: 
Client IP: ::ffff:192.168.0.136
User-Agent: Dalvik/2.1.0 (Linux; U; Android 12; CTR-L91 Build/HUAWEICTR-L91)
=======================================================

=======================================================
Timestamp: 2026-01-22T12:47:02.8018448Z
Method: GET
URL: /api/users
Status: 500
Duration: 4 ms
UserId: 
Client IP: ::ffff:192.168.0.136
User-Agent: Dalvik/2.1.0 (Linux; U; Android 12; CTR-L91 Build/HUAWEICTR-L91)
Response Body: Error: A possible object cycle was detected. This can either be due to a cycle or if the object depth is larger than the maximum allowed depth of 32. Consider using ReferenceHandler.Preserve on JsonSerializerOptions to support cycles. Path: $.Role.Users.Role.Users.Role.Users.Role.Users.Role.Users.Role.Users.Role.Users.Role.Users.Role.Users.Role.Users.Id.
=======================================================

=======================================================
Timestamp: 2026-01-22T12:47:02.8394843Z
Method: GET
URL: /api/warehouses
Status: 200
Duration: 0 ms
UserId: 
Client IP: ::ffff:192.168.0.136
User-Agent: Dalvik/2.1.0 (Linux; U; Android 12; CTR-L91 Build/HUAWEICTR-L91)
Controller: Warehouses, Action: GetAll
Response Body: [{"id":1,"name":"Склад1","type":"Склад","isActive":true,"fromMovements":[],"toMovements":[],"fromRequests":[],"toRequests":[]}]
=======================================================

=======================================================
Timestamp: 2026-01-22T12:47:02.8567068Z
Method: GET
URL: /api/materials
Status: 200
Duration: 0 ms
UserId: 
Client IP: ::ffff:192.168.0.136
User-Agent: Dalvik/2.1.0 (Linux; U; Android 12; CTR-L91 Build/HUAWEICTR-L91)
Controller: Materials, Action: GetAll
Response Body: [{"id":1,"name":"гранула","description":"","code":"1542365","measuringUnit":"т"}]
=======================================================

=======================================================
Timestamp: 2026-01-22T12:47:16.6335860Z
Method: POST
URL: /api/Users/authenticate
Status: 200
Duration: 2 ms
UserId: 
Client IP: ::ffff:192.168.0.136
User-Agent: Dalvik/2.1.0 (Linux; U; Android 12; CTR-L91 Build/HUAWEICTR-L91)
Controller: Users, Action: Authenticate
Response Body: {"message":"Login successful","user":{"id":1,"login":"admin","name":"Админ","surname":"Системный","email":"admin@example.com","phone":"+71234567890","createdAt":"2026-01-22T09:33:33.991733Z","roleId":null,"role":null}}
=======================================================

=======================================================
Timestamp: 2026-01-22T12:47:19.6018442Z
Method: GET
URL: /api/products
Status: 200
Duration: 1 ms
UserId: 
Client IP: ::ffff:192.168.0.136
User-Agent: Dalvik/2.1.0 (Linux; U; Android 12; CTR-L91 Build/HUAWEICTR-L91)
Controller: Products, Action: GetAll
Response Body: [{"id":1,"name":"яблоко","description":"","code":"1547852","measuringUnit":"шт"},{"id":2,"name":"яблоко2","description":"","code":"1547852","measuringUnit":"шт"}]
=======================================================

=======================================================
Timestamp: 2026-01-22T12:47:19.6079254Z
Method: GET
URL: /api/users
Status: 500
Duration: 4 ms
UserId: 
Client IP: ::ffff:192.168.0.136
User-Agent: Dalvik/2.1.0 (Linux; U; Android 12; CTR-L91 Build/HUAWEICTR-L91)
Response Body: Error: A possible object cycle was detected. This can either be due to a cycle or if the object depth is larger than the maximum allowed depth of 32. Consider using ReferenceHandler.Preserve on JsonSerializerOptions to support cycles. Path: $.Role.Users.Role.Users.Role.Users.Role.Users.Role.Users.Role.Users.Role.Users.Role.Users.Role.Users.Role.Users.Id.
=======================================================

=======================================================
Timestamp: 2026-01-22T12:47:19.6276824Z
Method: GET
URL: /api/warehouses
Status: 200
Duration: 0 ms
UserId: 
Client IP: ::ffff:192.168.0.136
User-Agent: Dalvik/2.1.0 (Linux; U; Android 12; CTR-L91 Build/HUAWEICTR-L91)
Controller: Warehouses, Action: GetAll
Response Body: [{"id":1,"name":"Склад1","type":"Склад","isActive":true,"fromMovements":[],"toMovements":[],"fromRequests":[],"toRequests":[]}]
=======================================================

=======================================================
Timestamp: 2026-01-22T12:47:19.6316132Z
Method: GET
URL: /api/users
Status: 500
Duration: 6 ms
UserId: 
Client IP: ::ffff:192.168.0.136
User-Agent: Dalvik/2.1.0 (Linux; U; Android 12; CTR-L91 Build/HUAWEICTR-L91)
Response Body: Error: A possible object cycle was detected. This can either be due to a cycle or if the object depth is larger than the maximum allowed depth of 32. Consider using ReferenceHandler.Preserve on JsonSerializerOptions to support cycles. Path: $.Role.Users.Role.Users.Role.Users.Role.Users.Role.Users.Role.Users.Role.Users.Role.Users.Role.Users.Role.Users.Id.
=======================================================

=======================================================
Timestamp: 2026-01-22T12:47:19.6750581Z
Method: GET
URL: /api/products
Status: 200
Duration: 1 ms
UserId: 
Client IP: ::ffff:192.168.0.136
User-Agent: Dalvik/2.1.0 (Linux; U; Android 12; CTR-L91 Build/HUAWEICTR-L91)
Controller: Products, Action: GetAll
Response Body: [{"id":1,"name":"яблоко","description":"","code":"1547852","measuringUnit":"шт"},{"id":2,"name":"яблоко2","description":"","code":"1547852","measuringUnit":"шт"}]
=======================================================

=======================================================
Timestamp: 2026-01-22T12:47:19.6763683Z
Method: GET
URL: /api/users
Status: 500
Duration: 3 ms
UserId: 
Client IP: ::ffff:192.168.0.136
User-Agent: Dalvik/2.1.0 (Linux; U; Android 12; CTR-L91 Build/HUAWEICTR-L91)
Response Body: Error: A possible object cycle was detected. This can either be due to a cycle or if the object depth is larger than the maximum allowed depth of 32. Consider using ReferenceHandler.Preserve on JsonSerializerOptions to support cycles. Path: $.Role.Users.Role.Users.Role.Users.Role.Users.Role.Users.Role.Users.Role.Users.Role.Users.Role.Users.Role.Users.Id.
=======================================================

=======================================================
Timestamp: 2026-01-22T12:47:19.6796176Z
Method: GET
URL: /api/materials
Status: 200
Duration: 7 ms
UserId: 
Client IP: ::ffff:192.168.0.136
User-Agent: Dalvik/2.1.0 (Linux; U; Android 12; CTR-L91 Build/HUAWEICTR-L91)
Controller: Materials, Action: GetAll
Response Body: [{"id":1,"name":"гранула","description":"","code":"1542365","measuringUnit":"т"}]
=======================================================

=======================================================
Timestamp: 2026-01-22T12:47:19.6821908Z
Method: GET
URL: /api/warehouses
Status: 200
Duration: 0 ms
UserId: 
Client IP: ::ffff:192.168.0.136
User-Agent: Dalvik/2.1.0 (Linux; U; Android 12; CTR-L91 Build/HUAWEICTR-L91)
Controller: Warehouses, Action: GetAll
Response Body: [{"id":1,"name":"Склад1","type":"Склад","isActive":true,"fromMovements":[],"toMovements":[],"fromRequests":[],"toRequests":[]}]
=======================================================

=======================================================
Timestamp: 2026-01-22T12:47:22.4136661Z
Method: GET
URL: /api/database/check
Status: 200
Duration: 59 ms
UserId: 
Client IP: ::ffff:192.168.0.136
User-Agent: Dalvik/2.1.0 (Linux; U; Android 12; CTR-L91 Build/HUAWEICTR-L91)
Controller: Database, Action: CheckDatabase
Response Body: {"success":true,"message":"Подключение к базе данных успешно","usersCount":5,"users":[{"id":2,"login":"adam","email":"g@g.com","name":"adam first","isPasswordEncrypted":true,"passwordLength":4},{"id":3,"login":"eva","email":"eva@eva.com","name":"Eva EvaEva","isPasswordEncrypted":false,"passwordLength":2},{"id":1,"login":"admin","email":"admin@example.com","name":"Админ Системный","isPasswordEncrypted":false,"passwordLength":5},{"id":4,"login":"thegod","email":"d@d.com","name":"Бог Один","isPasswordEncrypted":false,"passwordLength":60},{"id":5,"login":"user","email":"i@user.co","name":"польз да","isPasswordEncrypted":false,"passwordLength":60}]}
=======================================================

=======================================================
Timestamp: 2026-01-22T12:48:07.5628549Z
Method: GET
URL: /api/materials
Status: 200
Duration: 4 ms
UserId: 
Client IP: ::ffff:192.168.0.136
User-Agent: Dalvik/2.1.0 (Linux; U; Android 12; CTR-L91 Build/HUAWEICTR-L91)
Controller: Materials, Action: GetAll
Response Body: [{"id":1,"name":"гранула","description":"","code":"1542365","measuringUnit":"т"}]
=======================================================

=======================================================
Timestamp: 2026-01-22T12:48:07.6570796Z
Method: GET
URL: /api/users
Status: 500
Duration: 28 ms
UserId: 
Client IP: ::ffff:192.168.0.136
User-Agent: Dalvik/2.1.0 (Linux; U; Android 12; CTR-L91 Build/HUAWEICTR-L91)
Response Body: Error: A possible object cycle was detected. This can either be due to a cycle or if the object depth is larger than the maximum allowed depth of 32. Consider using ReferenceHandler.Preserve on JsonSerializerOptions to support cycles. Path: $.Role.Users.Role.Users.Role.Users.Role.Users.Role.Users.Role.Users.Role.Users.Role.Users.Role.Users.Role.Users.Id.
=======================================================

=======================================================
Timestamp: 2026-01-22T12:48:07.6956389Z
Method: GET
URL: /api/materials
Status: 200
Duration: 135 ms
UserId: 
Client IP: ::ffff:192.168.0.136
User-Agent: Dalvik/2.1.0 (Linux; U; Android 12; CTR-L91 Build/HUAWEICTR-L91)
Controller: Materials, Action: GetAll
Response Body: [{"id":1,"name":"гранула","description":"","code":"1542365","measuringUnit":"т"}]
=======================================================

=======================================================
Timestamp: 2026-01-22T12:48:07.6994586Z
Method: GET
URL: /api/users
Status: 500
Duration: 6 ms
UserId: 
Client IP: ::ffff:192.168.0.136
User-Agent: Dalvik/2.1.0 (Linux; U; Android 12; CTR-L91 Build/HUAWEICTR-L91)
Response Body: Error: A possible object cycle was detected. This can either be due to a cycle or if the object depth is larger than the maximum allowed depth of 32. Consider using ReferenceHandler.Preserve on JsonSerializerOptions to support cycles. Path: $.Role.Users.Role.Users.Role.Users.Role.Users.Role.Users.Role.Users.Role.Users.Role.Users.Role.Users.Role.Users.Id.
=======================================================

=======================================================
Timestamp: 2026-01-22T12:48:12.5296545Z
Method: GET
URL: /api/materials
Status: 200
Duration: 3 ms
UserId: 
Client IP: ::ffff:192.168.0.136
User-Agent: Dalvik/2.1.0 (Linux; U; Android 12; CTR-L91 Build/HUAWEICTR-L91)
Controller: Materials, Action: GetAll
Response Body: [{"id":1,"name":"гранула","description":"","code":"1542365","measuringUnit":"т"}]
=======================================================

=======================================================
Timestamp: 2026-01-22T12:48:12.5302173Z
Method: GET
URL: /api/warehouses
Status: 200
Duration: 2 ms
UserId: 
Client IP: ::ffff:192.168.0.136
User-Agent: Dalvik/2.1.0 (Linux; U; Android 12; CTR-L91 Build/HUAWEICTR-L91)
Controller: Warehouses, Action: GetAll
Response Body: [{"id":1,"name":"Склад1","type":"Склад","isActive":true,"fromMovements":[],"toMovements":[],"fromRequests":[],"toRequests":[]}]
=======================================================

=======================================================
Timestamp: 2026-01-22T12:48:12.6589194Z
Method: GET
URL: /api/users
Status: 500
Duration: 6 ms
UserId: 
Client IP: ::ffff:192.168.0.136
User-Agent: Dalvik/2.1.0 (Linux; U; Android 12; CTR-L91 Build/HUAWEICTR-L91)
Response Body: Error: A possible object cycle was detected. This can either be due to a cycle or if the object depth is larger than the maximum allowed depth of 32. Consider using ReferenceHandler.Preserve on JsonSerializerOptions to support cycles. Path: $.Role.Users.Role.Users.Role.Users.Role.Users.Role.Users.Role.Users.Role.Users.Role.Users.Role.Users.Role.Users.Id.
=======================================================

=======================================================
Timestamp: 2026-01-22T12:48:12.6606815Z
Method: GET
URL: /api/users
Status: 500
Duration: 6 ms
UserId: 
Client IP: ::ffff:192.168.0.136
User-Agent: Dalvik/2.1.0 (Linux; U; Android 12; CTR-L91 Build/HUAWEICTR-L91)
Response Body: Error: A possible object cycle was detected. This can either be due to a cycle or if the object depth is larger than the maximum allowed depth of 32. Consider using ReferenceHandler.Preserve on JsonSerializerOptions to support cycles. Path: $.Role.Users.Role.Users.Role.Users.Role.Users.Role.Users.Role.Users.Role.Users.Role.Users.Role.Users.Role.Users.Id.
=======================================================

=======================================================
Timestamp: 2026-01-22T12:48:12.6621644Z
Method: GET
URL: /api/materials
Status: 200
Duration: 9 ms
UserId: 
Client IP: ::ffff:192.168.0.136
User-Agent: Dalvik/2.1.0 (Linux; U; Android 12; CTR-L91 Build/HUAWEICTR-L91)
Controller: Materials, Action: GetAll
Response Body: [{"id":1,"name":"гранула","description":"","code":"1542365","measuringUnit":"т"}]
=======================================================

=======================================================
Timestamp: 2026-01-22T12:48:17.4695124Z
Method: GET
URL: /api/warehouses
Status: 200
Duration: 1 ms
UserId: 
Client IP: ::ffff:192.168.0.136
User-Agent: Dalvik/2.1.0 (Linux; U; Android 12; CTR-L91 Build/HUAWEICTR-L91)
Controller: Warehouses, Action: GetAll
Response Body: [{"id":1,"name":"Склад1","type":"Склад","isActive":true,"fromMovements":[],"toMovements":[],"fromRequests":[],"toRequests":[]}]
=======================================================

=======================================================
Timestamp: 2026-01-22T12:48:17.4700146Z
Method: GET
URL: /api/materials
Status: 200
Duration: 1 ms
UserId: 
Client IP: ::ffff:192.168.0.136
User-Agent: Dalvik/2.1.0 (Linux; U; Android 12; CTR-L91 Build/HUAWEICTR-L91)
Controller: Materials, Action: GetAll
Response Body: [{"id":1,"name":"гранула","description":"","code":"1542365","measuringUnit":"т"}]
=======================================================

=======================================================
Timestamp: 2026-01-22T12:48:17.4758945Z
Method: GET
URL: /api/users
Status: 500
Duration: 4 ms
UserId: 
Client IP: ::ffff:192.168.0.136
User-Agent: Dalvik/2.1.0 (Linux; U; Android 12; CTR-L91 Build/HUAWEICTR-L91)
Response Body: Error: A possible object cycle was detected. This can either be due to a cycle or if the object depth is larger than the maximum allowed depth of 32. Consider using ReferenceHandler.Preserve on JsonSerializerOptions to support cycles. Path: $.Role.Users.Role.Users.Role.Users.Role.Users.Role.Users.Role.Users.Role.Users.Role.Users.Role.Users.Role.Users.Id.
=======================================================

=======================================================
Timestamp: 2026-01-22T12:48:17.4781949Z
Method: GET
URL: /api/users
Status: 500
Duration: 6 ms
UserId: 
Client IP: ::ffff:192.168.0.136
User-Agent: Dalvik/2.1.0 (Linux; U; Android 12; CTR-L91 Build/HUAWEICTR-L91)
Response Body: Error: A possible object cycle was detected. This can either be due to a cycle or if the object depth is larger than the maximum allowed depth of 32. Consider using ReferenceHandler.Preserve on JsonSerializerOptions to support cycles. Path: $.Role.Users.Role.Users.Role.Users.Role.Users.Role.Users.Role.Users.Role.Users.Role.Users.Role.Users.Role.Users.Id.
=======================================================

=======================================================
Timestamp: 2026-01-22T12:48:17.4802471Z
Method: GET
URL: /api/materials
Status: 200
Duration: 1 ms
UserId: 
Client IP: ::ffff:192.168.0.136
User-Agent: Dalvik/2.1.0 (Linux; U; Android 12; CTR-L91 Build/HUAWEICTR-L91)
Controller: Materials, Action: GetAll
Response Body: [{"id":1,"name":"гранула","description":"","code":"1542365","measuringUnit":"т"}]
=======================================================

=======================================================
Timestamp: 2026-01-22T12:48:17.4761719Z
Method: GET
URL: /api/users
Status: 500
Duration: 3 ms
UserId: 
Client IP: ::ffff:192.168.0.136
User-Agent: Dalvik/2.1.0 (Linux; U; Android 12; CTR-L91 Build/HUAWEICTR-L91)
Response Body: Error: A possible object cycle was detected. This can either be due to a cycle or if the object depth is larger than the maximum allowed depth of 32. Consider using ReferenceHandler.Preserve on JsonSerializerOptions to support cycles. Path: $.Role.Users.Role.Users.Role.Users.Role.Users.Role.Users.Role.Users.Role.Users.Role.Users.Role.Users.Role.Users.Id.
=======================================================

=======================================================
Timestamp: 2026-01-22T12:48:17.4850423Z
Method: GET
URL: /api/warehouses
Status: 200
Duration: 1 ms
UserId: 
Client IP: ::ffff:192.168.0.136
User-Agent: Dalvik/2.1.0 (Linux; U; Android 12; CTR-L91 Build/HUAWEICTR-L91)
Controller: Warehouses, Action: GetAll
Response Body: [{"id":1,"name":"Склад1","type":"Склад","isActive":true,"fromMovements":[],"toMovements":[],"fromRequests":[],"toRequests":[]}]
=======================================================

=======================================================
Timestamp: 2026-01-22T12:48:36.0500939Z
Method: GET
URL: /hubs/notifications?id=QaKyd-el6dq0-fm7gdgugQ
Status: 101
Duration: 292095 ms
UserId: 
Client IP: ::1
User-Agent: Microsoft SignalR/8.0 (8.0.0+3f1acb59718cadf111a0a796681e3d3509bb3381; Windows NT; .NET; .NET 8.0.22)
=======================================================

=======================================================
Timestamp: 2026-01-22T12:49:52.2653576Z
Method: GET
URL: /api/warehouses
Status: 200
Duration: 200 ms
UserId: 
Client IP: ::ffff:192.168.0.136
User-Agent: Dalvik/2.1.0 (Linux; U; Android 12; CTR-L91 Build/HUAWEICTR-L91)
Controller: Warehouses, Action: GetAll
Response Body: [{"id":1,"name":"Склад1","type":"Склад","isActive":true,"fromMovements":[],"toMovements":[],"fromRequests":[],"toRequests":[]}]
=======================================================

=======================================================
Timestamp: 2026-01-22T12:49:52.3407488Z
Method: GET
URL: /api/warehouses
Status: 200
Duration: 4 ms
UserId: 
Client IP: ::ffff:192.168.0.136
User-Agent: Dalvik/2.1.0 (Linux; U; Android 12; CTR-L91 Build/HUAWEICTR-L91)
Controller: Warehouses, Action: GetAll
Response Body: [{"id":1,"name":"Склад1","type":"Склад","isActive":true,"fromMovements":[],"toMovements":[],"fromRequests":[],"toRequests":[]}]
=======================================================

=======================================================
Timestamp: 2026-01-22T12:49:52.3784764Z
Method: GET
URL: /api/users
Status: 200
Duration: 19 ms
UserId: 
Client IP: ::ffff:192.168.0.136
User-Agent: Dalvik/2.1.0 (Linux; U; Android 12; CTR-L91 Build/HUAWEICTR-L91)
Controller: Users, Action: GetAll
Response Body: [{"id":4,"login":"thegod","encryptedPassword":"$2a$11$JncHAzVv43Z0ocmpIBBA1OFjX/Afp7pVPcGG7sNHfNaCnyrFQSX72","name":"Бог","surname":"Один","email":"d@d.com","phone":"","createdAt":"2026-01-22T11:03:59.551634Z","roleId":3,"role":{"id":3,"name":"Старший экструзионщик","code":"SeniorExtruder","description":"Замещение администратора","rank":3},"alarmEvents":[],"sentPartRequests":[],"receivedPartRequests":[],"sentShiftTransfers":[],"receivedShiftTransfers":[]},{"id":5,"login":"user","encryptedPassword":"$2a$11$mHnvmUYeNwuqwyvUnZLFOOzIKWPYdIavEsmeRU.l4W6mI5EkHxLdq","name":"польз","surname":"да","email":"i@user.co","phone":"","createdAt":"2026-01-22T12:20:09.023047Z","roleId":null,"role":null,"alarmEvents":[],"sentPartRequests":[],"receivedPartRequests":[],"sentShiftTransfers":[],"receivedShiftTransfers":[]},{"id":1,"login":"admin","encryptedPassword":"admin","name":"Админ","surname":"Системный","email":"admin@example.com","phone":"+71234567890","createdAt":"2026-01-22T09:33:33.991733Z","roleId":null,"role":null,"alarmEvents":[],"sentPartRequests":[],"receivedPartRequests":[],"sentShiftTransfers":[],"receivedShiftTransfers":[]},{"id":3,"login":"eva","encryptedPassword":"67","name":"Eva","surname":"EvaEva","email":"eva@eva.com","phone":"","createdAt":"2026-01-22T10:35:25.894086Z","roleId":null,"role":null,"alarmEvents":[],"sentPartRequests":[],"receivedPartRequests":[],"sentShiftTransfers":[],"receivedShiftTransfers":[]},{"id":2,"login":"adam","encryptedPassword":"5252","name":"adam","surname":"first","email":"g@g.com","phone":"","createdAt":"2026-01-22T09:41:42.056633Z","roleId":null,"role":null,"alarmEvents":[],"sentPartRequests":[],"receivedPartRequests":[],"sentShiftTransfers":[],"receivedShiftTransfers":[]}]
=======================================================

=======================================================
Timestamp: 2026-01-22T12:49:52.3857751Z
Method: GET
URL: /api/materials
Status: 200
Duration: 271 ms
UserId: 
Client IP: ::ffff:192.168.0.136
User-Agent: Dalvik/2.1.0 (Linux; U; Android 12; CTR-L91 Build/HUAWEICTR-L91)
Controller: Materials, Action: GetAll
Response Body: [{"id":1,"name":"гранула","description":"","code":"1542365","measuringUnit":"т"}]
=======================================================

=======================================================
Timestamp: 2026-01-22T12:49:52.4092038Z
Method: GET
URL: /api/warehouses
Status: 200
Duration: 23 ms
UserId: 
Client IP: ::ffff:192.168.0.136
User-Agent: Dalvik/2.1.0 (Linux; U; Android 12; CTR-L91 Build/HUAWEICTR-L91)
Controller: Warehouses, Action: GetAll
Response Body: [{"id":1,"name":"Склад1","type":"Склад","isActive":true,"fromMovements":[],"toMovements":[],"fromRequests":[],"toRequests":[]}]
=======================================================

=======================================================
Timestamp: 2026-01-22T12:49:52.4353568Z
Method: GET
URL: /api/materials
Status: 200
Duration: 146 ms
UserId: 
Client IP: ::ffff:192.168.0.136
User-Agent: Dalvik/2.1.0 (Linux; U; Android 12; CTR-L91 Build/HUAWEICTR-L91)
Controller: Materials, Action: GetAll
Response Body: [{"id":1,"name":"гранула","description":"","code":"1542365","measuringUnit":"т"}]
=======================================================

=======================================================
Timestamp: 2026-01-22T12:49:52.4476515Z
Method: GET
URL: /api/Roles
Status: 200
Duration: 22 ms
UserId: 
Client IP: ::ffff:192.168.0.136
User-Agent: Dalvik/2.1.0 (Linux; U; Android 12; CTR-L91 Build/HUAWEICTR-L91)
Controller: Roles, Action: GetAll
Response Body: [{"id":1,"name":"Владелец","code":"Owner","description":"Полный доступ","rank":1},{"id":2,"name":"Администратор","code":"Admin","description":"Руководитель предприятия","rank":2},{"id":3,"name":"Старший экструзионщик","code":"SeniorExtruder","description":"Замещение администратора","rank":3},{"id":4,"name":"Старший кладовщик","code":"SeniorWarehouseman","description":"Склады и цеха","rank":3},{"id":5,"name":"Кладовщик готовой продукции","code":"FinishedGoodsWarehouseman","description":"Склад готовой продукции","rank":3},{"id":6,"name":"Экструзионщик","code":"Extruder","description":"Производство","rank":4},{"id":7,"name":"Кладовщик","code":"Warehouseman","description":"Склад","rank":4},{"id":8,"name":"Покрасочник","code":"Painter","description":"Цех покраски","rank":4},{"id":9,"name":"Старшая упаковщица","code":"SeniorPacker","description":"Упаковка","rank":4},{"id":10,"name":"ТПА","code":"TPA","description":"ТПА","rank":4},{"id":11,"name":"Утиль","code":"Utilization","description":"Цех утилизации","rank":4}]
=======================================================

=======================================================
Timestamp: 2026-01-22T12:49:52.4577054Z
Method: GET
URL: /api/materials
Status: 200
Duration: 93 ms
UserId: 
Client IP: ::ffff:192.168.0.136
User-Agent: Dalvik/2.1.0 (Linux; U; Android 12; CTR-L91 Build/HUAWEICTR-L91)
Controller: Materials, Action: GetAll
Response Body: [{"id":1,"name":"гранула","description":"","code":"1542365","measuringUnit":"т"}]
=======================================================

=======================================================
Timestamp: 2026-01-22T12:49:52.4692893Z
Method: GET
URL: /api/users
Status: 200
Duration: 186 ms
UserId: 
Client IP: ::ffff:192.168.0.136
User-Agent: Dalvik/2.1.0 (Linux; U; Android 12; CTR-L91 Build/HUAWEICTR-L91)
Controller: Users, Action: GetAll
Response Body: [{"id":4,"login":"thegod","encryptedPassword":"$2a$11$JncHAzVv43Z0ocmpIBBA1OFjX/Afp7pVPcGG7sNHfNaCnyrFQSX72","name":"Бог","surname":"Один","email":"d@d.com","phone":"","createdAt":"2026-01-22T11:03:59.551634Z","roleId":3,"role":{"id":3,"name":"Старший экструзионщик","code":"SeniorExtruder","description":"Замещение администратора","rank":3},"alarmEvents":[],"sentPartRequests":[],"receivedPartRequests":[],"sentShiftTransfers":[],"receivedShiftTransfers":[]},{"id":5,"login":"user","encryptedPassword":"$2a$11$mHnvmUYeNwuqwyvUnZLFOOzIKWPYdIavEsmeRU.l4W6mI5EkHxLdq","name":"польз","surname":"да","email":"i@user.co","phone":"","createdAt":"2026-01-22T12:20:09.023047Z","roleId":null,"role":null,"alarmEvents":[],"sentPartRequests":[],"receivedPartRequests":[],"sentShiftTransfers":[],"receivedShiftTransfers":[]},{"id":1,"login":"admin","encryptedPassword":"admin","name":"Админ","surname":"Системный","email":"admin@example.com","phone":"+71234567890","createdAt":"2026-01-22T09:33:33.991733Z","roleId":null,"role":null,"alarmEvents":[],"sentPartRequests":[],"receivedPartRequests":[],"sentShiftTransfers":[],"receivedShiftTransfers":[]},{"id":3,"login":"eva","encryptedPassword":"67","name":"Eva","surname":"EvaEva","email":"eva@eva.com","phone":"","createdAt":"2026-01-22T10:35:25.894086Z","roleId":null,"role":null,"alarmEvents":[],"sentPartRequests":[],"receivedPartRequests":[],"sentShiftTransfers":[],"receivedShiftTransfers":[]},{"id":2,"login":"adam","encryptedPassword":"5252","name":"adam","surname":"first","email":"g@g.com","phone":"","createdAt":"2026-01-22T09:41:42.056633Z","roleId":null,"role":null,"alarmEvents":[],"sentPartRequests":[],"receivedPartRequests":[],"sentShiftTransfers":[],"receivedShiftTransfers":[]}]
=======================================================

=======================================================
Timestamp: 2026-01-22T12:49:52.4764622Z
Method: GET
URL: /api/products
Status: 200
Duration: 190 ms
UserId: 
Client IP: ::ffff:192.168.0.136
User-Agent: Dalvik/2.1.0 (Linux; U; Android 12; CTR-L91 Build/HUAWEICTR-L91)
Controller: Products, Action: GetAll
Response Body: [{"id":1,"name":"яблоко","description":"","code":"1547852","measuringUnit":"шт"},{"id":2,"name":"яблоко2","description":"","code":"1547852","measuringUnit":"шт"}]
=======================================================

=======================================================
Timestamp: 2026-01-22T12:49:52.4888158Z
Method: GET
URL: /api/warehouses
Status: 200
Duration: 213 ms
UserId: 
Client IP: ::ffff:192.168.0.136
User-Agent: Dalvik/2.1.0 (Linux; U; Android 12; CTR-L91 Build/HUAWEICTR-L91)
Controller: Warehouses, Action: GetAll
Response Body: [{"id":1,"name":"Склад1","type":"Склад","isActive":true,"fromMovements":[],"toMovements":[],"fromRequests":[],"toRequests":[]}]
=======================================================

=======================================================
Timestamp: 2026-01-22T12:49:52.5012695Z
Method: GET
URL: /api/materials
Status: 200
Duration: 213 ms
UserId: 
Client IP: ::ffff:192.168.0.136
User-Agent: Dalvik/2.1.0 (Linux; U; Android 12; CTR-L91 Build/HUAWEICTR-L91)
Controller: Materials, Action: GetAll
Response Body: [{"id":1,"name":"гранула","description":"","code":"1542365","measuringUnit":"т"}]
=======================================================

=======================================================
Timestamp: 2026-01-22T12:49:57.9446033Z
Method: GET
URL: /api/warehouses
Status: 200
Duration: 10 ms
UserId: 
Client IP: ::ffff:192.168.0.136
User-Agent: Dalvik/2.1.0 (Linux; U; Android 12; CTR-L91 Build/HUAWEICTR-L91)
Controller: Warehouses, Action: GetAll
Response Body: [{"id":1,"name":"Склад1","type":"Склад","isActive":true,"fromMovements":[],"toMovements":[],"fromRequests":[],"toRequests":[]}]
=======================================================

=======================================================
Timestamp: 2026-01-22T12:49:57.9459547Z
Method: GET
URL: /api/users
Status: 200
Duration: 11 ms
UserId: 
Client IP: ::ffff:192.168.0.136
User-Agent: Dalvik/2.1.0 (Linux; U; Android 12; CTR-L91 Build/HUAWEICTR-L91)
Controller: Users, Action: GetAll
Response Body: [{"id":4,"login":"thegod","encryptedPassword":"$2a$11$JncHAzVv43Z0ocmpIBBA1OFjX/Afp7pVPcGG7sNHfNaCnyrFQSX72","name":"Бог","surname":"Один","email":"d@d.com","phone":"","createdAt":"2026-01-22T11:03:59.551634Z","roleId":3,"role":{"id":3,"name":"Старший экструзионщик","code":"SeniorExtruder","description":"Замещение администратора","rank":3},"alarmEvents":[],"sentPartRequests":[],"receivedPartRequests":[],"sentShiftTransfers":[],"receivedShiftTransfers":[]},{"id":5,"login":"user","encryptedPassword":"$2a$11$mHnvmUYeNwuqwyvUnZLFOOzIKWPYdIavEsmeRU.l4W6mI5EkHxLdq","name":"польз","surname":"да","email":"i@user.co","phone":"","createdAt":"2026-01-22T12:20:09.023047Z","roleId":null,"role":null,"alarmEvents":[],"sentPartRequests":[],"receivedPartRequests":[],"sentShiftTransfers":[],"receivedShiftTransfers":[]},{"id":1,"login":"admin","encryptedPassword":"admin","name":"Админ","surname":"Системный","email":"admin@example.com","phone":"+71234567890","createdAt":"2026-01-22T09:33:33.991733Z","roleId":null,"role":null,"alarmEvents":[],"sentPartRequests":[],"receivedPartRequests":[],"sentShiftTransfers":[],"receivedShiftTransfers":[]},{"id":3,"login":"eva","encryptedPassword":"67","name":"Eva","surname":"EvaEva","email":"eva@eva.com","phone":"","createdAt":"2026-01-22T10:35:25.894086Z","roleId":null,"role":null,"alarmEvents":[],"sentPartRequests":[],"receivedPartRequests":[],"sentShiftTransfers":[],"receivedShiftTransfers":[]},{"id":2,"login":"adam","encryptedPassword":"5252","name":"adam","surname":"first","email":"g@g.com","phone":"","createdAt":"2026-01-22T09:41:42.056633Z","roleId":null,"role":null,"alarmEvents":[],"sentPartRequests":[],"receivedPartRequests":[],"sentShiftTransfers":[],"receivedShiftTransfers":[]}]
=======================================================

=======================================================
Timestamp: 2026-01-22T12:49:58.0686594Z
Method: GET
URL: /api/users
Status: 200
Duration: 13 ms
UserId: 
Client IP: ::ffff:192.168.0.136
User-Agent: Dalvik/2.1.0 (Linux; U; Android 12; CTR-L91 Build/HUAWEICTR-L91)
Controller: Users, Action: GetAll
Response Body: [{"id":4,"login":"thegod","encryptedPassword":"$2a$11$JncHAzVv43Z0ocmpIBBA1OFjX/Afp7pVPcGG7sNHfNaCnyrFQSX72","name":"Бог","surname":"Один","email":"d@d.com","phone":"","createdAt":"2026-01-22T11:03:59.551634Z","roleId":3,"role":{"id":3,"name":"Старший экструзионщик","code":"SeniorExtruder","description":"Замещение администратора","rank":3},"alarmEvents":[],"sentPartRequests":[],"receivedPartRequests":[],"sentShiftTransfers":[],"receivedShiftTransfers":[]},{"id":5,"login":"user","encryptedPassword":"$2a$11$mHnvmUYeNwuqwyvUnZLFOOzIKWPYdIavEsmeRU.l4W6mI5EkHxLdq","name":"польз","surname":"да","email":"i@user.co","phone":"","createdAt":"2026-01-22T12:20:09.023047Z","roleId":null,"role":null,"alarmEvents":[],"sentPartRequests":[],"receivedPartRequests":[],"sentShiftTransfers":[],"receivedShiftTransfers":[]},{"id":1,"login":"admin","encryptedPassword":"admin","name":"Админ","surname":"Системный","email":"admin@example.com","phone":"+71234567890","createdAt":"2026-01-22T09:33:33.991733Z","roleId":null,"role":null,"alarmEvents":[],"sentPartRequests":[],"receivedPartRequests":[],"sentShiftTransfers":[],"receivedShiftTransfers":[]},{"id":3,"login":"eva","encryptedPassword":"67","name":"Eva","surname":"EvaEva","email":"eva@eva.com","phone":"","createdAt":"2026-01-22T10:35:25.894086Z","roleId":null,"role":null,"alarmEvents":[],"sentPartRequests":[],"receivedPartRequests":[],"sentShiftTransfers":[],"receivedShiftTransfers":[]},{"id":2,"login":"adam","encryptedPassword":"5252","name":"adam","surname":"first","email":"g@g.com","phone":"","createdAt":"2026-01-22T09:41:42.056633Z","roleId":null,"role":null,"alarmEvents":[],"sentPartRequests":[],"receivedPartRequests":[],"sentShiftTransfers":[],"receivedShiftTransfers":[]}]
=======================================================

=======================================================
Timestamp: 2026-01-22T12:49:58.0778065Z
Method: GET
URL: /api/users
Status: 200
Duration: 33 ms
UserId: 
Client IP: ::ffff:192.168.0.136
User-Agent: Dalvik/2.1.0 (Linux; U; Android 12; CTR-L91 Build/HUAWEICTR-L91)
Controller: Users, Action: GetAll
Response Body: [{"id":4,"login":"thegod","encryptedPassword":"$2a$11$JncHAzVv43Z0ocmpIBBA1OFjX/Afp7pVPcGG7sNHfNaCnyrFQSX72","name":"Бог","surname":"Один","email":"d@d.com","phone":"","createdAt":"2026-01-22T11:03:59.551634Z","roleId":3,"role":{"id":3,"name":"Старший экструзионщик","code":"SeniorExtruder","description":"Замещение администратора","rank":3},"alarmEvents":[],"sentPartRequests":[],"receivedPartRequests":[],"sentShiftTransfers":[],"receivedShiftTransfers":[]},{"id":5,"login":"user","encryptedPassword":"$2a$11$mHnvmUYeNwuqwyvUnZLFOOzIKWPYdIavEsmeRU.l4W6mI5EkHxLdq","name":"польз","surname":"да","email":"i@user.co","phone":"","createdAt":"2026-01-22T12:20:09.023047Z","roleId":null,"role":null,"alarmEvents":[],"sentPartRequests":[],"receivedPartRequests":[],"sentShiftTransfers":[],"receivedShiftTransfers":[]},{"id":1,"login":"admin","encryptedPassword":"admin","name":"Админ","surname":"Системный","email":"admin@example.com","phone":"+71234567890","createdAt":"2026-01-22T09:33:33.991733Z","roleId":null,"role":null,"alarmEvents":[],"sentPartRequests":[],"receivedPartRequests":[],"sentShiftTransfers":[],"receivedShiftTransfers":[]},{"id":3,"login":"eva","encryptedPassword":"67","name":"Eva","surname":"EvaEva","email":"eva@eva.com","phone":"","createdAt":"2026-01-22T10:35:25.894086Z","roleId":null,"role":null,"alarmEvents":[],"sentPartRequests":[],"receivedPartRequests":[],"sentShiftTransfers":[],"receivedShiftTransfers":[]},{"id":2,"login":"adam","encryptedPassword":"5252","name":"adam","surname":"first","email":"g@g.com","phone":"","createdAt":"2026-01-22T09:41:42.056633Z","roleId":null,"role":null,"alarmEvents":[],"sentPartRequests":[],"receivedPartRequests":[],"sentShiftTransfers":[],"receivedShiftTransfers":[]}]
=======================================================

=======================================================
Timestamp: 2026-01-22T12:49:58.0688669Z
Method: GET
URL: /api/products
Status: 200
Duration: 22 ms
UserId: 
Client IP: ::ffff:192.168.0.136
User-Agent: Dalvik/2.1.0 (Linux; U; Android 12; CTR-L91 Build/HUAWEICTR-L91)
Controller: Products, Action: GetAll
Response Body: [{"id":1,"name":"яблоко","description":"","code":"1547852","measuringUnit":"шт"},{"id":2,"name":"яблоко2","description":"","code":"1547852","measuringUnit":"шт"}]
=======================================================

=======================================================
Timestamp: 2026-01-22T12:50:53.0846261Z
Method: POST
URL: /api/Users/authenticate
Status: 200
Duration: 82 ms
UserId: 
Client IP: ::ffff:192.168.0.136
User-Agent: Dalvik/2.1.0 (Linux; U; Android 12; CTR-L91 Build/HUAWEICTR-L91)
Controller: Users, Action: Authenticate
Response Body: {"message":"Login successful","user":{"id":3,"login":"eva","name":"Eva","surname":"EvaEva","email":"eva@eva.com","phone":"","createdAt":"2026-01-22T10:35:25.894086Z","roleId":null,"role":null}}
=======================================================

=======================================================
Timestamp: 2026-01-22T12:50:53.1185586Z
Method: GET
URL: /api/user-permissions/check?userId=3&permissionCode=Admin
Status: 404
Duration: 0 ms
UserId: 
Client IP: ::ffff:192.168.0.136
User-Agent: Dalvik/2.1.0 (Linux; U; Android 12; CTR-L91 Build/HUAWEICTR-L91)
=======================================================

=======================================================
Timestamp: 2026-01-22T12:50:53.1291618Z
Method: GET
URL: /api/user-permissions/user/3
Status: 404
Duration: 0 ms
UserId: 
Client IP: ::ffff:192.168.0.136
User-Agent: Dalvik/2.1.0 (Linux; U; Android 12; CTR-L91 Build/HUAWEICTR-L91)
=======================================================

=======================================================
Timestamp: 2026-01-22T12:50:54.8499042Z
Method: GET
URL: /api/materials
Status: 200
Duration: 2 ms
UserId: 
Client IP: ::ffff:192.168.0.136
User-Agent: Dalvik/2.1.0 (Linux; U; Android 12; CTR-L91 Build/HUAWEICTR-L91)
Controller: Materials, Action: GetAll
Response Body: [{"id":1,"name":"гранула","description":"","code":"1542365","measuringUnit":"т"}]
=======================================================

=======================================================
Timestamp: 2026-01-22T12:50:54.8520349Z
Method: GET
URL: /api/users
Status: 200
Duration: 6 ms
UserId: 
Client IP: ::ffff:192.168.0.136
User-Agent: Dalvik/2.1.0 (Linux; U; Android 12; CTR-L91 Build/HUAWEICTR-L91)
Controller: Users, Action: GetAll
Response Body: [{"id":4,"login":"thegod","encryptedPassword":"$2a$11$JncHAzVv43Z0ocmpIBBA1OFjX/Afp7pVPcGG7sNHfNaCnyrFQSX72","name":"Бог","surname":"Один","email":"d@d.com","phone":"","createdAt":"2026-01-22T11:03:59.551634Z","roleId":3,"role":{"id":3,"name":"Старший экструзионщик","code":"SeniorExtruder","description":"Замещение администратора","rank":3},"alarmEvents":[],"sentPartRequests":[],"receivedPartRequests":[],"sentShiftTransfers":[],"receivedShiftTransfers":[]},{"id":5,"login":"user","encryptedPassword":"$2a$11$mHnvmUYeNwuqwyvUnZLFOOzIKWPYdIavEsmeRU.l4W6mI5EkHxLdq","name":"польз","surname":"да","email":"i@user.co","phone":"","createdAt":"2026-01-22T12:20:09.023047Z","roleId":null,"role":null,"alarmEvents":[],"sentPartRequests":[],"receivedPartRequests":[],"sentShiftTransfers":[],"receivedShiftTransfers":[]},{"id":1,"login":"admin","encryptedPassword":"admin","name":"Админ","surname":"Системный","email":"admin@example.com","phone":"+71234567890","createdAt":"2026-01-22T09:33:33.991733Z","roleId":null,"role":null,"alarmEvents":[],"sentPartRequests":[],"receivedPartRequests":[],"sentShiftTransfers":[],"receivedShiftTransfers":[]},{"id":3,"login":"eva","encryptedPassword":"67","name":"Eva","surname":"EvaEva","email":"eva@eva.com","phone":"","createdAt":"2026-01-22T10:35:25.894086Z","roleId":null,"role":null,"alarmEvents":[],"sentPartRequests":[],"receivedPartRequests":[],"sentShiftTransfers":[],"receivedShiftTransfers":[]},{"id":2,"login":"adam","encryptedPassword":"5252","name":"adam","surname":"first","email":"g@g.com","phone":"","createdAt":"2026-01-22T09:41:42.056633Z","roleId":null,"role":null,"alarmEvents":[],"sentPartRequests":[],"receivedPartRequests":[],"sentShiftTransfers":[],"receivedShiftTransfers":[]}]
=======================================================

=======================================================
Timestamp: 2026-01-22T12:50:54.8556771Z
Method: GET
URL: /api/users
Status: 200
Duration: 3 ms
UserId: 
Client IP: ::ffff:192.168.0.136
User-Agent: Dalvik/2.1.0 (Linux; U; Android 12; CTR-L91 Build/HUAWEICTR-L91)
Controller: Users, Action: GetAll
Response Body: [{"id":4,"login":"thegod","encryptedPassword":"$2a$11$JncHAzVv43Z0ocmpIBBA1OFjX/Afp7pVPcGG7sNHfNaCnyrFQSX72","name":"Бог","surname":"Один","email":"d@d.com","phone":"","createdAt":"2026-01-22T11:03:59.551634Z","roleId":3,"role":{"id":3,"name":"Старший экструзионщик","code":"SeniorExtruder","description":"Замещение администратора","rank":3},"alarmEvents":[],"sentPartRequests":[],"receivedPartRequests":[],"sentShiftTransfers":[],"receivedShiftTransfers":[]},{"id":5,"login":"user","encryptedPassword":"$2a$11$mHnvmUYeNwuqwyvUnZLFOOzIKWPYdIavEsmeRU.l4W6mI5EkHxLdq","name":"польз","surname":"да","email":"i@user.co","phone":"","createdAt":"2026-01-22T12:20:09.023047Z","roleId":null,"role":null,"alarmEvents":[],"sentPartRequests":[],"receivedPartRequests":[],"sentShiftTransfers":[],"receivedShiftTransfers":[]},{"id":1,"login":"admin","encryptedPassword":"admin","name":"Админ","surname":"Системный","email":"admin@example.com","phone":"+71234567890","createdAt":"2026-01-22T09:33:33.991733Z","roleId":null,"role":null,"alarmEvents":[],"sentPartRequests":[],"receivedPartRequests":[],"sentShiftTransfers":[],"receivedShiftTransfers":[]},{"id":3,"login":"eva","encryptedPassword":"67","name":"Eva","surname":"EvaEva","email":"eva@eva.com","phone":"","createdAt":"2026-01-22T10:35:25.894086Z","roleId":null,"role":null,"alarmEvents":[],"sentPartRequests":[],"receivedPartRequests":[],"sentShiftTransfers":[],"receivedShiftTransfers":[]},{"id":2,"login":"adam","encryptedPassword":"5252","name":"adam","surname":"first","email":"g@g.com","phone":"","createdAt":"2026-01-22T09:41:42.056633Z","roleId":null,"role":null,"alarmEvents":[],"sentPartRequests":[],"receivedPartRequests":[],"sentShiftTransfers":[],"receivedShiftTransfers":[]}]
=======================================================

=======================================================
Timestamp: 2026-01-22T12:50:54.8626361Z
Method: GET
URL: /api/users
Status: 200
Duration: 4 ms
UserId: 
Client IP: ::ffff:192.168.0.136
User-Agent: Dalvik/2.1.0 (Linux; U; Android 12; CTR-L91 Build/HUAWEICTR-L91)
Controller: Users, Action: GetAll
Response Body: [{"id":4,"login":"thegod","encryptedPassword":"$2a$11$JncHAzVv43Z0ocmpIBBA1OFjX/Afp7pVPcGG7sNHfNaCnyrFQSX72","name":"Бог","surname":"Один","email":"d@d.com","phone":"","createdAt":"2026-01-22T11:03:59.551634Z","roleId":3,"role":{"id":3,"name":"Старший экструзионщик","code":"SeniorExtruder","description":"Замещение администратора","rank":3},"alarmEvents":[],"sentPartRequests":[],"receivedPartRequests":[],"sentShiftTransfers":[],"receivedShiftTransfers":[]},{"id":5,"login":"user","encryptedPassword":"$2a$11$mHnvmUYeNwuqwyvUnZLFOOzIKWPYdIavEsmeRU.l4W6mI5EkHxLdq","name":"польз","surname":"да","email":"i@user.co","phone":"","createdAt":"2026-01-22T12:20:09.023047Z","roleId":null,"role":null,"alarmEvents":[],"sentPartRequests":[],"receivedPartRequests":[],"sentShiftTransfers":[],"receivedShiftTransfers":[]},{"id":1,"login":"admin","encryptedPassword":"admin","name":"Админ","surname":"Системный","email":"admin@example.com","phone":"+71234567890","createdAt":"2026-01-22T09:33:33.991733Z","roleId":null,"role":null,"alarmEvents":[],"sentPartRequests":[],"receivedPartRequests":[],"sentShiftTransfers":[],"receivedShiftTransfers":[]},{"id":3,"login":"eva","encryptedPassword":"67","name":"Eva","surname":"EvaEva","email":"eva@eva.com","phone":"","createdAt":"2026-01-22T10:35:25.894086Z","roleId":null,"role":null,"alarmEvents":[],"sentPartRequests":[],"receivedPartRequests":[],"sentShiftTransfers":[],"receivedShiftTransfers":[]},{"id":2,"login":"adam","encryptedPassword":"5252","name":"adam","surname":"first","email":"g@g.com","phone":"","createdAt":"2026-01-22T09:41:42.056633Z","roleId":null,"role":null,"alarmEvents":[],"sentPartRequests":[],"receivedPartRequests":[],"sentShiftTransfers":[],"receivedShiftTransfers":[]}]
=======================================================

=======================================================
Timestamp: 2026-01-22T12:50:54.8636551Z
Method: GET
URL: /api/products
Status: 200
Duration: 5 ms
UserId: 
Client IP: ::ffff:192.168.0.136
User-Agent: Dalvik/2.1.0 (Linux; U; Android 12; CTR-L91 Build/HUAWEICTR-L91)
Controller: Products, Action: GetAll
Response Body: [{"id":1,"name":"яблоко","description":"","code":"1547852","measuringUnit":"шт"},{"id":2,"name":"яблоко2","description":"","code":"1547852","measuringUnit":"шт"}]
=======================================================

=======================================================
Timestamp: 2026-01-22T12:50:54.9696732Z
Method: GET
URL: /api/materials
Status: 200
Duration: 1 ms
UserId: 
Client IP: ::ffff:192.168.0.136
User-Agent: Dalvik/2.1.0 (Linux; U; Android 12; CTR-L91 Build/HUAWEICTR-L91)
Controller: Materials, Action: GetAll
Response Body: [{"id":1,"name":"гранула","description":"","code":"1542365","measuringUnit":"т"}]
=======================================================

=======================================================
Timestamp: 2026-01-22T12:50:54.9703397Z
Method: GET
URL: /api/users
Status: 200
Duration: 1 ms
UserId: 
Client IP: ::ffff:192.168.0.136
User-Agent: Dalvik/2.1.0 (Linux; U; Android 12; CTR-L91 Build/HUAWEICTR-L91)
Controller: Users, Action: GetAll
Response Body: [{"id":4,"login":"thegod","encryptedPassword":"$2a$11$JncHAzVv43Z0ocmpIBBA1OFjX/Afp7pVPcGG7sNHfNaCnyrFQSX72","name":"Бог","surname":"Один","email":"d@d.com","phone":"","createdAt":"2026-01-22T11:03:59.551634Z","roleId":3,"role":{"id":3,"name":"Старший экструзионщик","code":"SeniorExtruder","description":"Замещение администратора","rank":3},"alarmEvents":[],"sentPartRequests":[],"receivedPartRequests":[],"sentShiftTransfers":[],"receivedShiftTransfers":[]},{"id":5,"login":"user","encryptedPassword":"$2a$11$mHnvmUYeNwuqwyvUnZLFOOzIKWPYdIavEsmeRU.l4W6mI5EkHxLdq","name":"польз","surname":"да","email":"i@user.co","phone":"","createdAt":"2026-01-22T12:20:09.023047Z","roleId":null,"role":null,"alarmEvents":[],"sentPartRequests":[],"receivedPartRequests":[],"sentShiftTransfers":[],"receivedShiftTransfers":[]},{"id":1,"login":"admin","encryptedPassword":"admin","name":"Админ","surname":"Системный","email":"admin@example.com","phone":"+71234567890","createdAt":"2026-01-22T09:33:33.991733Z","roleId":null,"role":null,"alarmEvents":[],"sentPartRequests":[],"receivedPartRequests":[],"sentShiftTransfers":[],"receivedShiftTransfers":[]},{"id":3,"login":"eva","encryptedPassword":"67","name":"Eva","surname":"EvaEva","email":"eva@eva.com","phone":"","createdAt":"2026-01-22T10:35:25.894086Z","roleId":null,"role":null,"alarmEvents":[],"sentPartRequests":[],"receivedPartRequests":[],"sentShiftTransfers":[],"receivedShiftTransfers":[]},{"id":2,"login":"adam","encryptedPassword":"5252","name":"adam","surname":"first","email":"g@g.com","phone":"","createdAt":"2026-01-22T09:41:42.056633Z","roleId":null,"role":null,"alarmEvents":[],"sentPartRequests":[],"receivedPartRequests":[],"sentShiftTransfers":[],"receivedShiftTransfers":[]}]
=======================================================

=======================================================
Timestamp: 2026-01-22T12:50:54.9712046Z
Method: GET
URL: /api/warehouses
Status: 200
Duration: 1 ms
UserId: 
Client IP: ::ffff:192.168.0.136
User-Agent: Dalvik/2.1.0 (Linux; U; Android 12; CTR-L91 Build/HUAWEICTR-L91)
Controller: Warehouses, Action: GetAll
Response Body: [{"id":1,"name":"Склад1","type":"Склад","isActive":true,"fromMovements":[],"toMovements":[],"fromRequests":[],"toRequests":[]}]
=======================================================

=======================================================
Timestamp: 2026-01-22T12:50:55.1599388Z
Method: GET
URL: /api/users
Status: 200
Duration: 2 ms
UserId: 
Client IP: ::ffff:192.168.0.136
User-Agent: Dalvik/2.1.0 (Linux; U; Android 12; CTR-L91 Build/HUAWEICTR-L91)
Controller: Users, Action: GetAll
Response Body: [{"id":4,"login":"thegod","encryptedPassword":"$2a$11$JncHAzVv43Z0ocmpIBBA1OFjX/Afp7pVPcGG7sNHfNaCnyrFQSX72","name":"Бог","surname":"Один","email":"d@d.com","phone":"","createdAt":"2026-01-22T11:03:59.551634Z","roleId":3,"role":{"id":3,"name":"Старший экструзионщик","code":"SeniorExtruder","description":"Замещение администратора","rank":3},"alarmEvents":[],"sentPartRequests":[],"receivedPartRequests":[],"sentShiftTransfers":[],"receivedShiftTransfers":[]},{"id":5,"login":"user","encryptedPassword":"$2a$11$mHnvmUYeNwuqwyvUnZLFOOzIKWPYdIavEsmeRU.l4W6mI5EkHxLdq","name":"польз","surname":"да","email":"i@user.co","phone":"","createdAt":"2026-01-22T12:20:09.023047Z","roleId":null,"role":null,"alarmEvents":[],"sentPartRequests":[],"receivedPartRequests":[],"sentShiftTransfers":[],"receivedShiftTransfers":[]},{"id":1,"login":"admin","encryptedPassword":"admin","name":"Админ","surname":"Системный","email":"admin@example.com","phone":"+71234567890","createdAt":"2026-01-22T09:33:33.991733Z","roleId":null,"role":null,"alarmEvents":[],"sentPartRequests":[],"receivedPartRequests":[],"sentShiftTransfers":[],"receivedShiftTransfers":[]},{"id":3,"login":"eva","encryptedPassword":"67","name":"Eva","surname":"EvaEva","email":"eva@eva.com","phone":"","createdAt":"2026-01-22T10:35:25.894086Z","roleId":null,"role":null,"alarmEvents":[],"sentPartRequests":[],"receivedPartRequests":[],"sentShiftTransfers":[],"receivedShiftTransfers":[]},{"id":2,"login":"adam","encryptedPassword":"5252","name":"adam","surname":"first","email":"g@g.com","phone":"","createdAt":"2026-01-22T09:41:42.056633Z","roleId":null,"role":null,"alarmEvents":[],"sentPartRequests":[],"receivedPartRequests":[],"sentShiftTransfers":[],"receivedShiftTransfers":[]}]
=======================================================

=======================================================
Timestamp: 2026-01-22T12:50:55.1616306Z
Method: GET
URL: /api/users
Status: 200
Duration: 3 ms
UserId: 
Client IP: ::ffff:192.168.0.136
User-Agent: Dalvik/2.1.0 (Linux; U; Android 12; CTR-L91 Build/HUAWEICTR-L91)
Controller: Users, Action: GetAll
Response Body: [{"id":4,"login":"thegod","encryptedPassword":"$2a$11$JncHAzVv43Z0ocmpIBBA1OFjX/Afp7pVPcGG7sNHfNaCnyrFQSX72","name":"Бог","surname":"Один","email":"d@d.com","phone":"","createdAt":"2026-01-22T11:03:59.551634Z","roleId":3,"role":{"id":3,"name":"Старший экструзионщик","code":"SeniorExtruder","description":"Замещение администратора","rank":3},"alarmEvents":[],"sentPartRequests":[],"receivedPartRequests":[],"sentShiftTransfers":[],"receivedShiftTransfers":[]},{"id":5,"login":"user","encryptedPassword":"$2a$11$mHnvmUYeNwuqwyvUnZLFOOzIKWPYdIavEsmeRU.l4W6mI5EkHxLdq","name":"польз","surname":"да","email":"i@user.co","phone":"","createdAt":"2026-01-22T12:20:09.023047Z","roleId":null,"role":null,"alarmEvents":[],"sentPartRequests":[],"receivedPartRequests":[],"sentShiftTransfers":[],"receivedShiftTransfers":[]},{"id":1,"login":"admin","encryptedPassword":"admin","name":"Админ","surname":"Системный","email":"admin@example.com","phone":"+71234567890","createdAt":"2026-01-22T09:33:33.991733Z","roleId":null,"role":null,"alarmEvents":[],"sentPartRequests":[],"receivedPartRequests":[],"sentShiftTransfers":[],"receivedShiftTransfers":[]},{"id":3,"login":"eva","encryptedPassword":"67","name":"Eva","surname":"EvaEva","email":"eva@eva.com","phone":"","createdAt":"2026-01-22T10:35:25.894086Z","roleId":null,"role":null,"alarmEvents":[],"sentPartRequests":[],"receivedPartRequests":[],"sentShiftTransfers":[],"receivedShiftTransfers":[]},{"id":2,"login":"adam","encryptedPassword":"5252","name":"adam","surname":"first","email":"g@g.com","phone":"","createdAt":"2026-01-22T09:41:42.056633Z","roleId":null,"role":null,"alarmEvents":[],"sentPartRequests":[],"receivedPartRequests":[],"sentShiftTransfers":[],"receivedShiftTransfers":[]}]
=======================================================

=======================================================
Timestamp: 2026-01-22T12:50:55.1626598Z
Method: GET
URL: /api/materials
Status: 200
Duration: 3 ms
UserId: 
Client IP: ::ffff:192.168.0.136
User-Agent: Dalvik/2.1.0 (Linux; U; Android 12; CTR-L91 Build/HUAWEICTR-L91)
Controller: Materials, Action: GetAll
Response Body: [{"id":1,"name":"гранула","description":"","code":"1542365","measuringUnit":"т"}]
=======================================================

=======================================================
Timestamp: 2026-01-22T12:50:55.1687323Z
Method: GET
URL: /api/users
Status: 200
Duration: 2 ms
UserId: 
Client IP: ::ffff:192.168.0.136
User-Agent: Dalvik/2.1.0 (Linux; U; Android 12; CTR-L91 Build/HUAWEICTR-L91)
Controller: Users, Action: GetAll
Response Body: [{"id":4,"login":"thegod","encryptedPassword":"$2a$11$JncHAzVv43Z0ocmpIBBA1OFjX/Afp7pVPcGG7sNHfNaCnyrFQSX72","name":"Бог","surname":"Один","email":"d@d.com","phone":"","createdAt":"2026-01-22T11:03:59.551634Z","roleId":3,"role":{"id":3,"name":"Старший экструзионщик","code":"SeniorExtruder","description":"Замещение администратора","rank":3},"alarmEvents":[],"sentPartRequests":[],"receivedPartRequests":[],"sentShiftTransfers":[],"receivedShiftTransfers":[]},{"id":5,"login":"user","encryptedPassword":"$2a$11$mHnvmUYeNwuqwyvUnZLFOOzIKWPYdIavEsmeRU.l4W6mI5EkHxLdq","name":"польз","surname":"да","email":"i@user.co","phone":"","createdAt":"2026-01-22T12:20:09.023047Z","roleId":null,"role":null,"alarmEvents":[],"sentPartRequests":[],"receivedPartRequests":[],"sentShiftTransfers":[],"receivedShiftTransfers":[]},{"id":1,"login":"admin","encryptedPassword":"admin","name":"Админ","surname":"Системный","email":"admin@example.com","phone":"+71234567890","createdAt":"2026-01-22T09:33:33.991733Z","roleId":null,"role":null,"alarmEvents":[],"sentPartRequests":[],"receivedPartRequests":[],"sentShiftTransfers":[],"receivedShiftTransfers":[]},{"id":3,"login":"eva","encryptedPassword":"67","name":"Eva","surname":"EvaEva","email":"eva@eva.com","phone":"","createdAt":"2026-01-22T10:35:25.894086Z","roleId":null,"role":null,"alarmEvents":[],"sentPartRequests":[],"receivedPartRequests":[],"sentShiftTransfers":[],"receivedShiftTransfers":[]},{"id":2,"login":"adam","encryptedPassword":"5252","name":"adam","surname":"first","email":"g@g.com","phone":"","createdAt":"2026-01-22T09:41:42.056633Z","roleId":null,"role":null,"alarmEvents":[],"sentPartRequests":[],"receivedPartRequests":[],"sentShiftTransfers":[],"receivedShiftTransfers":[]}]
=======================================================

=======================================================
Timestamp: 2026-01-22T12:50:55.1703632Z
Method: GET
URL: /api/users
Status: 200
Duration: 3 ms
UserId: 
Client IP: ::ffff:192.168.0.136
User-Agent: Dalvik/2.1.0 (Linux; U; Android 12; CTR-L91 Build/HUAWEICTR-L91)
Controller: Users, Action: GetAll
Response Body: [{"id":4,"login":"thegod","encryptedPassword":"$2a$11$JncHAzVv43Z0ocmpIBBA1OFjX/Afp7pVPcGG7sNHfNaCnyrFQSX72","name":"Бог","surname":"Один","email":"d@d.com","phone":"","createdAt":"2026-01-22T11:03:59.551634Z","roleId":3,"role":{"id":3,"name":"Старший экструзионщик","code":"SeniorExtruder","description":"Замещение администратора","rank":3},"alarmEvents":[],"sentPartRequests":[],"receivedPartRequests":[],"sentShiftTransfers":[],"receivedShiftTransfers":[]},{"id":5,"login":"user","encryptedPassword":"$2a$11$mHnvmUYeNwuqwyvUnZLFOOzIKWPYdIavEsmeRU.l4W6mI5EkHxLdq","name":"польз","surname":"да","email":"i@user.co","phone":"","createdAt":"2026-01-22T12:20:09.023047Z","roleId":null,"role":null,"alarmEvents":[],"sentPartRequests":[],"receivedPartRequests":[],"sentShiftTransfers":[],"receivedShiftTransfers":[]},{"id":1,"login":"admin","encryptedPassword":"admin","name":"Админ","surname":"Системный","email":"admin@example.com","phone":"+71234567890","createdAt":"2026-01-22T09:33:33.991733Z","roleId":null,"role":null,"alarmEvents":[],"sentPartRequests":[],"receivedPartRequests":[],"sentShiftTransfers":[],"receivedShiftTransfers":[]},{"id":3,"login":"eva","encryptedPassword":"67","name":"Eva","surname":"EvaEva","email":"eva@eva.com","phone":"","createdAt":"2026-01-22T10:35:25.894086Z","roleId":null,"role":null,"alarmEvents":[],"sentPartRequests":[],"receivedPartRequests":[],"sentShiftTransfers":[],"receivedShiftTransfers":[]},{"id":2,"login":"adam","encryptedPassword":"5252","name":"adam","surname":"first","email":"g@g.com","phone":"","createdAt":"2026-01-22T09:41:42.056633Z","roleId":null,"role":null,"alarmEvents":[],"sentPartRequests":[],"receivedPartRequests":[],"sentShiftTransfers":[],"receivedShiftTransfers":[]}]
=======================================================

=======================================================
Timestamp: 2026-01-22T12:50:55.1871631Z
Method: GET
URL: /api/warehouses
Status: 200
Duration: 3 ms
UserId: 
Client IP: ::ffff:192.168.0.136
User-Agent: Dalvik/2.1.0 (Linux; U; Android 12; CTR-L91 Build/HUAWEICTR-L91)
Controller: Warehouses, Action: GetAll
Response Body: [{"id":1,"name":"Склад1","type":"Склад","isActive":true,"fromMovements":[],"toMovements":[],"fromRequests":[],"toRequests":[]}]
=======================================================

=======================================================
Timestamp: 2026-01-22T12:50:55.1875647Z
Method: GET
URL: /api/materials
Status: 200
Duration: 2 ms
UserId: 
Client IP: ::ffff:192.168.0.136
User-Agent: Dalvik/2.1.0 (Linux; U; Android 12; CTR-L91 Build/HUAWEICTR-L91)
Controller: Materials, Action: GetAll
Response Body: [{"id":1,"name":"гранула","description":"","code":"1542365","measuringUnit":"т"}]
=======================================================

=======================================================
Timestamp: 2026-01-22T12:50:55.1904854Z
Method: GET
URL: /api/Roles
Status: 200
Duration: 5 ms
UserId: 
Client IP: ::ffff:192.168.0.136
User-Agent: Dalvik/2.1.0 (Linux; U; Android 12; CTR-L91 Build/HUAWEICTR-L91)
Controller: Roles, Action: GetAll
Response Body: [{"id":1,"name":"Владелец","code":"Owner","description":"Полный доступ","rank":1},{"id":2,"name":"Администратор","code":"Admin","description":"Руководитель предприятия","rank":2},{"id":3,"name":"Старший экструзионщик","code":"SeniorExtruder","description":"Замещение администратора","rank":3},{"id":4,"name":"Старший кладовщик","code":"SeniorWarehouseman","description":"Склады и цеха","rank":3},{"id":5,"name":"Кладовщик готовой продукции","code":"FinishedGoodsWarehouseman","description":"Склад готовой продукции","rank":3},{"id":6,"name":"Экструзионщик","code":"Extruder","description":"Производство","rank":4},{"id":7,"name":"Кладовщик","code":"Warehouseman","description":"Склад","rank":4},{"id":8,"name":"Покрасочник","code":"Painter","description":"Цех покраски","rank":4},{"id":9,"name":"Старшая упаковщица","code":"SeniorPacker","description":"Упаковка","rank":4},{"id":10,"name":"ТПА","code":"TPA","description":"ТПА","rank":4},{"id":11,"name":"Утиль","code":"Utilization","description":"Цех утилизации","rank":4}]
=======================================================

=======================================================
Timestamp: 2026-01-22T12:51:00.0812105Z
Method: GET
URL: /api/users
Status: 200
Duration: 5 ms
UserId: 
Client IP: ::ffff:192.168.0.136
User-Agent: Dalvik/2.1.0 (Linux; U; Android 12; CTR-L91 Build/HUAWEICTR-L91)
Controller: Users, Action: GetAll
Response Body: [{"id":4,"login":"thegod","encryptedPassword":"$2a$11$JncHAzVv43Z0ocmpIBBA1OFjX/Afp7pVPcGG7sNHfNaCnyrFQSX72","name":"Бог","surname":"Один","email":"d@d.com","phone":"","createdAt":"2026-01-22T11:03:59.551634Z","roleId":3,"role":{"id":3,"name":"Старший экструзионщик","code":"SeniorExtruder","description":"Замещение администратора","rank":3},"alarmEvents":[],"sentPartRequests":[],"receivedPartRequests":[],"sentShiftTransfers":[],"receivedShiftTransfers":[]},{"id":5,"login":"user","encryptedPassword":"$2a$11$mHnvmUYeNwuqwyvUnZLFOOzIKWPYdIavEsmeRU.l4W6mI5EkHxLdq","name":"польз","surname":"да","email":"i@user.co","phone":"","createdAt":"2026-01-22T12:20:09.023047Z","roleId":null,"role":null,"alarmEvents":[],"sentPartRequests":[],"receivedPartRequests":[],"sentShiftTransfers":[],"receivedShiftTransfers":[]},{"id":1,"login":"admin","encryptedPassword":"admin","name":"Админ","surname":"Системный","email":"admin@example.com","phone":"+71234567890","createdAt":"2026-01-22T09:33:33.991733Z","roleId":null,"role":null,"alarmEvents":[],"sentPartRequests":[],"receivedPartRequests":[],"sentShiftTransfers":[],"receivedShiftTransfers":[]},{"id":3,"login":"eva","encryptedPassword":"67","name":"Eva","surname":"EvaEva","email":"eva@eva.com","phone":"","createdAt":"2026-01-22T10:35:25.894086Z","roleId":null,"role":null,"alarmEvents":[],"sentPartRequests":[],"receivedPartRequests":[],"sentShiftTransfers":[],"receivedShiftTransfers":[]},{"id":2,"login":"adam","encryptedPassword":"5252","name":"adam","surname":"first","email":"g@g.com","phone":"","createdAt":"2026-01-22T09:41:42.056633Z","roleId":null,"role":null,"alarmEvents":[],"sentPartRequests":[],"receivedPartRequests":[],"sentShiftTransfers":[],"receivedShiftTransfers":[]}]
=======================================================

=======================================================
Timestamp: 2026-01-22T12:51:00.1984888Z
Method: GET
URL: /api/warehouses
Status: 200
Duration: 3 ms
UserId: 
Client IP: ::ffff:192.168.0.136
User-Agent: Dalvik/2.1.0 (Linux; U; Android 12; CTR-L91 Build/HUAWEICTR-L91)
Controller: Warehouses, Action: GetAll
Response Body: [{"id":1,"name":"Склад1","type":"Склад","isActive":true,"fromMovements":[],"toMovements":[],"fromRequests":[],"toRequests":[]}]
=======================================================

=======================================================
Timestamp: 2026-01-22T12:51:00.1994943Z
Method: GET
URL: /api/materials
Status: 200
Duration: 2 ms
UserId: 
Client IP: ::ffff:192.168.0.136
User-Agent: Dalvik/2.1.0 (Linux; U; Android 12; CTR-L91 Build/HUAWEICTR-L91)
Controller: Materials, Action: GetAll
Response Body: [{"id":1,"name":"гранула","description":"","code":"1542365","measuringUnit":"т"}]
=======================================================

=======================================================
Timestamp: 2026-01-22T12:51:00.2495097Z
Method: GET
URL: /api/part-requests
Status: 404
Duration: 0 ms
UserId: 
Client IP: ::ffff:192.168.0.136
User-Agent: Dalvik/2.1.0 (Linux; U; Android 12; CTR-L91 Build/HUAWEICTR-L91)
=======================================================

=======================================================
Timestamp: 2026-01-22T12:51:00.2519426Z
Method: GET
URL: /api/part-requests
Status: 404
Duration: 0 ms
UserId: 
Client IP: ::ffff:192.168.0.136
User-Agent: Dalvik/2.1.0 (Linux; U; Android 12; CTR-L91 Build/HUAWEICTR-L91)
=======================================================

=======================================================
Timestamp: 2026-01-22T12:51:00.2592016Z
Method: GET
URL: /api/part-requests
Status: 404
Duration: 0 ms
UserId: 
Client IP: ::ffff:192.168.0.136
User-Agent: Dalvik/2.1.0 (Linux; U; Android 12; CTR-L91 Build/HUAWEICTR-L91)
=======================================================

=======================================================
Timestamp: 2026-01-22T12:51:00.2627433Z
Method: GET
URL: /api/part-requests
Status: 404
Duration: 0 ms
UserId: 
Client IP: ::ffff:192.168.0.136
User-Agent: Dalvik/2.1.0 (Linux; U; Android 12; CTR-L91 Build/HUAWEICTR-L91)
=======================================================

=======================================================
Timestamp: 2026-01-22T12:51:24.0070607Z
Method: GET
URL: /api/WorkReports/user/3
Status: 200
Duration: 61 ms
UserId: 
Client IP: ::1
User-Agent: 
Controller: WorkReports, Action: GetByUser
Response Body: [{"id":4,"userId":3,"date":"2026-01-22T00:00:00","startWork":"2026-01-22T12:28:38Z","finishWork":"2026-01-22T16:44:34Z","note":null,"user":null},{"id":6,"userId":3,"date":"2026-01-22T00:00:00","startWork":"2026-01-22T12:44:35Z","finishWork":null,"note":null,"user":null}]
=======================================================

=======================================================
Timestamp: 2026-01-22T12:51:24.0124604Z
Method: GET
URL: /api/part-requests
Status: 404
Duration: 0 ms
UserId: 
Client IP: ::ffff:192.168.0.136
User-Agent: Dalvik/2.1.0 (Linux; U; Android 12; CTR-L91 Build/HUAWEICTR-L91)
=======================================================

=======================================================
Timestamp: 2026-01-22T12:51:24.0818091Z
Method: POST
URL: /api/WorkReports/6/finish
Status: 200
Duration: 370 ms
UserId: 
Client IP: ::1
User-Agent: 
Controller: WorkReports, Action: FinishWork
Response Body: {"message":"Work finished successfully","report":{"id":6,"userId":3,"date":"2026-01-22T00:00:00","startWork":"2026-01-22T12:44:35Z","finishWork":"2026-01-22T16:51:23Z","note":null,"user":null}}
=======================================================

=======================================================
Timestamp: 2026-01-22T12:51:24.0819279Z
Method: GET
URL: /api/WorkReports/user/3
Status: 200
Duration: 3 ms
UserId: 
Client IP: ::1
User-Agent: 
Controller: WorkReports, Action: GetByUser
Response Body: [{"id":4,"userId":3,"date":"2026-01-22T00:00:00","startWork":"2026-01-22T12:28:38Z","finishWork":"2026-01-22T16:44:34Z","note":null,"user":null},{"id":6,"userId":3,"date":"2026-01-22T00:00:00","startWork":"2026-01-22T12:44:35Z","finishWork":"2026-01-22T16:51:23Z","note":null,"user":null}]
=======================================================

=======================================================
Timestamp: 2026-01-22T12:51:24.0821343Z
Method: GET
URL: /api/WorkReports/user/3
Status: 200
Duration: 4 ms
UserId: 
Client IP: ::1
User-Agent: 
Controller: WorkReports, Action: GetByUser
Response Body: [{"id":4,"userId":3,"date":"2026-01-22T00:00:00","startWork":"2026-01-22T12:28:38Z","finishWork":"2026-01-22T16:44:34Z","note":null,"user":null},{"id":6,"userId":3,"date":"2026-01-22T00:00:00","startWork":"2026-01-22T12:44:35Z","finishWork":"2026-01-22T16:51:23Z","note":null,"user":null}]
=======================================================

=======================================================
Timestamp: 2026-01-22T12:51:59.3800469Z
Method: GET
URL: /api/part-requests
Status: 404
Duration: 0 ms
UserId: 
Client IP: ::ffff:192.168.0.136
User-Agent: Dalvik/2.1.0 (Linux; U; Android 12; CTR-L91 Build/HUAWEICTR-L91)
=======================================================

=======================================================
Timestamp: 2026-01-22T12:52:20.5744678Z
Method: GET
URL: /api/part-requests
Status: 404
Duration: 0 ms
UserId: 
Client IP: ::ffff:192.168.0.136
User-Agent: Dalvik/2.1.0 (Linux; U; Android 12; CTR-L91 Build/HUAWEICTR-L91)
=======================================================

=======================================================
Timestamp: 2026-01-22T12:52:20.5794293Z
Method: GET
URL: /api/part-requests
Status: 404
Duration: 0 ms
UserId: 
Client IP: ::ffff:192.168.0.136
User-Agent: Dalvik/2.1.0 (Linux; U; Android 12; CTR-L91 Build/HUAWEICTR-L91)
=======================================================

=======================================================
Timestamp: 2026-01-22T12:52:20.5798438Z
Method: GET
URL: /api/part-requests
Status: 404
Duration: 0 ms
UserId: 
Client IP: ::ffff:192.168.0.136
User-Agent: Dalvik/2.1.0 (Linux; U; Android 12; CTR-L91 Build/HUAWEICTR-L91)
=======================================================

=======================================================
Timestamp: 2026-01-22T12:52:20.5829844Z
Method: GET
URL: /api/part-requests
Status: 404
Duration: 0 ms
UserId: 
Client IP: ::ffff:192.168.0.136
User-Agent: Dalvik/2.1.0 (Linux; U; Android 12; CTR-L91 Build/HUAWEICTR-L91)
=======================================================

=======================================================
Timestamp: 2026-01-22T12:52:20.7191908Z
Method: POST
URL: /api/part-requests
Status: 404
Duration: 0 ms
UserId: 
Client IP: ::ffff:192.168.0.136
User-Agent: Dalvik/2.1.0 (Linux; U; Android 12; CTR-L91 Build/HUAWEICTR-L91)
=======================================================

=======================================================
Timestamp: 2026-01-22T12:52:20.7502113Z
Method: GET
URL: /api/part-requests
Status: 404
Duration: 0 ms
UserId: 
Client IP: ::ffff:192.168.0.136
User-Agent: Dalvik/2.1.0 (Linux; U; Android 12; CTR-L91 Build/HUAWEICTR-L91)
=======================================================

=======================================================
Timestamp: 2026-01-22T12:52:22.5716863Z
Method: POST
URL: /hubs/notifications/negotiate?negotiateVersion=1
Status: 200
Duration: 28 ms
UserId: 
Client IP: ::1
User-Agent: Microsoft SignalR/8.0 (8.0.0+3f1acb59718cadf111a0a796681e3d3509bb3381; Windows NT; .NET; .NET 8.0.22)
Response Body: {"negotiateVersion":1,"connectionId":"3odYgSfbXL-r3srs9eRKuA","connectionToken":"etsY5EOgLDkQm1HNMR0DKA","availableTransports":[{"transport":"WebSockets","transferFormats":["Text","Binary"]},{"transport":"ServerSentEvents","transferFormats":["Text"]},{"transport":"LongPolling","transferFormats":["Text","Binary"]}]}
=======================================================

=======================================================
Timestamp: 2026-01-22T12:52:25.4072820Z
Method: GET
URL: /api/users
Status: 200
Duration: 1 ms
UserId: 
Client IP: ::1
User-Agent: 
Controller: Users, Action: GetAll
Response Body: [{"id":4,"login":"thegod","encryptedPassword":"$2a$11$JncHAzVv43Z0ocmpIBBA1OFjX/Afp7pVPcGG7sNHfNaCnyrFQSX72","name":"Бог","surname":"Один","email":"d@d.com","phone":"","createdAt":"2026-01-22T11:03:59.551634Z","roleId":3,"role":{"id":3,"name":"Старший экструзионщик","code":"SeniorExtruder","description":"Замещение администратора","rank":3},"alarmEvents":[],"sentPartRequests":[],"receivedPartRequests":[],"sentShiftTransfers":[],"receivedShiftTransfers":[]},{"id":5,"login":"user","encryptedPassword":"$2a$11$mHnvmUYeNwuqwyvUnZLFOOzIKWPYdIavEsmeRU.l4W6mI5EkHxLdq","name":"польз","surname":"да","email":"i@user.co","phone":"","createdAt":"2026-01-22T12:20:09.023047Z","roleId":null,"role":null,"alarmEvents":[],"sentPartRequests":[],"receivedPartRequests":[],"sentShiftTransfers":[],"receivedShiftTransfers":[]},{"id":1,"login":"admin","encryptedPassword":"admin","name":"Админ","surname":"Системный","email":"admin@example.com","phone":"+71234567890","createdAt":"2026-01-22T09:33:33.991733Z","roleId":null,"role":null,"alarmEvents":[],"sentPartRequests":[],"receivedPartRequests":[],"sentShiftTransfers":[],"receivedShiftTransfers":[]},{"id":3,"login":"eva","encryptedPassword":"67","name":"Eva","surname":"EvaEva","email":"eva@eva.com","phone":"","createdAt":"2026-01-22T10:35:25.894086Z","roleId":null,"role":null,"alarmEvents":[],"sentPartRequests":[],"receivedPartRequests":[],"sentShiftTransfers":[],"receivedShiftTransfers":[]},{"id":2,"login":"adam","encryptedPassword":"5252","name":"adam","surname":"first","email":"g@g.com","phone":"","createdAt":"2026-01-22T09:41:42.056633Z","roleId":null,"role":null,"alarmEvents":[],"sentPartRequests":[],"receivedPartRequests":[],"sentShiftTransfers":[],"receivedShiftTransfers":[]}]
=======================================================

=======================================================
Timestamp: 2026-01-22T12:52:25.4149895Z
Method: GET
URL: /api/users
Status: 200
Duration: 1 ms
UserId: 
Client IP: ::1
User-Agent: 
Controller: Users, Action: GetAll
Response Body: [{"id":4,"login":"thegod","encryptedPassword":"$2a$11$JncHAzVv43Z0ocmpIBBA1OFjX/Afp7pVPcGG7sNHfNaCnyrFQSX72","name":"Бог","surname":"Один","email":"d@d.com","phone":"","createdAt":"2026-01-22T11:03:59.551634Z","roleId":3,"role":{"id":3,"name":"Старший экструзионщик","code":"SeniorExtruder","description":"Замещение администратора","rank":3},"alarmEvents":[],"sentPartRequests":[],"receivedPartRequests":[],"sentShiftTransfers":[],"receivedShiftTransfers":[]},{"id":5,"login":"user","encryptedPassword":"$2a$11$mHnvmUYeNwuqwyvUnZLFOOzIKWPYdIavEsmeRU.l4W6mI5EkHxLdq","name":"польз","surname":"да","email":"i@user.co","phone":"","createdAt":"2026-01-22T12:20:09.023047Z","roleId":null,"role":null,"alarmEvents":[],"sentPartRequests":[],"receivedPartRequests":[],"sentShiftTransfers":[],"receivedShiftTransfers":[]},{"id":1,"login":"admin","encryptedPassword":"admin","name":"Админ","surname":"Системный","email":"admin@example.com","phone":"+71234567890","createdAt":"2026-01-22T09:33:33.991733Z","roleId":null,"role":null,"alarmEvents":[],"sentPartRequests":[],"receivedPartRequests":[],"sentShiftTransfers":[],"receivedShiftTransfers":[]},{"id":3,"login":"eva","encryptedPassword":"67","name":"Eva","surname":"EvaEva","email":"eva@eva.com","phone":"","createdAt":"2026-01-22T10:35:25.894086Z","roleId":null,"role":null,"alarmEvents":[],"sentPartRequests":[],"receivedPartRequests":[],"sentShiftTransfers":[],"receivedShiftTransfers":[]},{"id":2,"login":"adam","encryptedPassword":"5252","name":"adam","surname":"first","email":"g@g.com","phone":"","createdAt":"2026-01-22T09:41:42.056633Z","roleId":null,"role":null,"alarmEvents":[],"sentPartRequests":[],"receivedPartRequests":[],"sentShiftTransfers":[],"receivedShiftTransfers":[]}]
=======================================================

=======================================================
Timestamp: 2026-01-22T12:52:25.5198213Z
Method: GET
URL: /api/Roles
Status: 200
Duration: 7 ms
UserId: 
Client IP: ::1
User-Agent: 
Controller: Roles, Action: GetAll
Response Body: [{"id":1,"name":"Владелец","code":"Owner","description":"Полный доступ","rank":1},{"id":2,"name":"Администратор","code":"Admin","description":"Руководитель предприятия","rank":2},{"id":3,"name":"Старший экструзионщик","code":"SeniorExtruder","description":"Замещение администратора","rank":3},{"id":4,"name":"Старший кладовщик","code":"SeniorWarehouseman","description":"Склады и цеха","rank":3},{"id":5,"name":"Кладовщик готовой продукции","code":"FinishedGoodsWarehouseman","description":"Склад готовой продукции","rank":3},{"id":6,"name":"Экструзионщик","code":"Extruder","description":"Производство","rank":4},{"id":7,"name":"Кладовщик","code":"Warehouseman","description":"Склад","rank":4},{"id":8,"name":"Покрасочник","code":"Painter","description":"Цех покраски","rank":4},{"id":9,"name":"Старшая упаковщица","code":"SeniorPacker","description":"Упаковка","rank":4},{"id":10,"name":"ТПА","code":"TPA","description":"ТПА","rank":4},{"id":11,"name":"Утиль","code":"Utilization","description":"Цех утилизации","rank":4}]
=======================================================

=======================================================
Timestamp: 2026-01-22T12:52:25.5203346Z
Method: GET
URL: /api/users
Status: 200
Duration: 4 ms
UserId: 
Client IP: ::1
User-Agent: 
Controller: Users, Action: GetAll
Response Body: [{"id":4,"login":"thegod","encryptedPassword":"$2a$11$JncHAzVv43Z0ocmpIBBA1OFjX/Afp7pVPcGG7sNHfNaCnyrFQSX72","name":"Бог","surname":"Один","email":"d@d.com","phone":"","createdAt":"2026-01-22T11:03:59.551634Z","roleId":3,"role":{"id":3,"name":"Старший экструзионщик","code":"SeniorExtruder","description":"Замещение администратора","rank":3},"alarmEvents":[],"sentPartRequests":[],"receivedPartRequests":[],"sentShiftTransfers":[],"receivedShiftTransfers":[]},{"id":5,"login":"user","encryptedPassword":"$2a$11$mHnvmUYeNwuqwyvUnZLFOOzIKWPYdIavEsmeRU.l4W6mI5EkHxLdq","name":"польз","surname":"да","email":"i@user.co","phone":"","createdAt":"2026-01-22T12:20:09.023047Z","roleId":null,"role":null,"alarmEvents":[],"sentPartRequests":[],"receivedPartRequests":[],"sentShiftTransfers":[],"receivedShiftTransfers":[]},{"id":1,"login":"admin","encryptedPassword":"admin","name":"Админ","surname":"Системный","email":"admin@example.com","phone":"+71234567890","createdAt":"2026-01-22T09:33:33.991733Z","roleId":null,"role":null,"alarmEvents":[],"sentPartRequests":[],"receivedPartRequests":[],"sentShiftTransfers":[],"receivedShiftTransfers":[]},{"id":3,"login":"eva","encryptedPassword":"67","name":"Eva","surname":"EvaEva","email":"eva@eva.com","phone":"","createdAt":"2026-01-22T10:35:25.894086Z","roleId":null,"role":null,"alarmEvents":[],"sentPartRequests":[],"receivedPartRequests":[],"sentShiftTransfers":[],"receivedShiftTransfers":[]},{"id":2,"login":"adam","encryptedPassword":"5252","name":"adam","surname":"first","email":"g@g.com","phone":"","createdAt":"2026-01-22T09:41:42.056633Z","roleId":null,"role":null,"alarmEvents":[],"sentPartRequests":[],"receivedPartRequests":[],"sentShiftTransfers":[],"receivedShiftTransfers":[]}]
=======================================================

=======================================================
Timestamp: 2026-01-22T12:52:52.6465518Z
Method: GET
URL: /hubs/notifications?id=etsY5EOgLDkQm1HNMR0DKA
Status: 101
Duration: 30069 ms
UserId: 
Client IP: ::1
User-Agent: Microsoft SignalR/8.0 (8.0.0+3f1acb59718cadf111a0a796681e3d3509bb3381; Windows NT; .NET; .NET 8.0.22)
=======================================================

=======================================================
Timestamp: 2026-01-22T12:53:17.9694590Z
Method: POST
URL: /api/Users/authenticate
Status: 200
Duration: 3 ms
UserId: 
Client IP: ::1
User-Agent: 
Controller: Users, Action: Authenticate
Response Body: {"message":"Login successful","user":{"id":3,"login":"eva","name":"Eva","surname":"EvaEva","email":"eva@eva.com","phone":"","createdAt":"2026-01-22T10:35:25.894086Z","roleId":null,"role":null}}
=======================================================

=======================================================
Timestamp: 2026-01-22T12:53:18.0752462Z
Method: GET
URL: /api/user-permissions/check?userId=3&permissionCode=Admin
Status: 404
Duration: 0 ms
UserId: 
Client IP: ::1
User-Agent: 
=======================================================

=======================================================
Timestamp: 2026-01-22T12:53:18.2395838Z
Method: GET
URL: /api/user-permissions/user/3
Status: 404
Duration: 0 ms
UserId: 
Client IP: ::1
User-Agent: 
=======================================================

=======================================================
Timestamp: 2026-01-22T12:53:18.4558022Z
Method: POST
URL: /hubs/notifications/negotiate?negotiateVersion=1
Status: 200
Duration: 0 ms
UserId: 
Client IP: ::1
User-Agent: Microsoft SignalR/8.0 (8.0.0+3f1acb59718cadf111a0a796681e3d3509bb3381; Windows NT; .NET; .NET 8.0.22)
Response Body: {"negotiateVersion":1,"connectionId":"kpeEJZqVe1tX9IR3moHNfg","connectionToken":"fB_Ig2Pec-ZcbADp-V5g8g","availableTransports":[{"transport":"WebSockets","transferFormats":["Text","Binary"]},{"transport":"ServerSentEvents","transferFormats":["Text"]},{"transport":"LongPolling","transferFormats":["Text","Binary"]}]}
=======================================================

=======================================================
Timestamp: 2026-01-22T12:53:21.1734127Z
Method: GET
URL: /api/users
Status: 200
Duration: 1 ms
UserId: 
Client IP: ::1
User-Agent: 
Controller: Users, Action: GetAll
Response Body: [{"id":4,"login":"thegod","encryptedPassword":"$2a$11$JncHAzVv43Z0ocmpIBBA1OFjX/Afp7pVPcGG7sNHfNaCnyrFQSX72","name":"Бог","surname":"Один","email":"d@d.com","phone":"","createdAt":"2026-01-22T11:03:59.551634Z","roleId":3,"role":{"id":3,"name":"Старший экструзионщик","code":"SeniorExtruder","description":"Замещение администратора","rank":3},"alarmEvents":[],"sentPartRequests":[],"receivedPartRequests":[],"sentShiftTransfers":[],"receivedShiftTransfers":[]},{"id":5,"login":"user","encryptedPassword":"$2a$11$mHnvmUYeNwuqwyvUnZLFOOzIKWPYdIavEsmeRU.l4W6mI5EkHxLdq","name":"польз","surname":"да","email":"i@user.co","phone":"","createdAt":"2026-01-22T12:20:09.023047Z","roleId":null,"role":null,"alarmEvents":[],"sentPartRequests":[],"receivedPartRequests":[],"sentShiftTransfers":[],"receivedShiftTransfers":[]},{"id":1,"login":"admin","encryptedPassword":"admin","name":"Админ","surname":"Системный","email":"admin@example.com","phone":"+71234567890","createdAt":"2026-01-22T09:33:33.991733Z","roleId":null,"role":null,"alarmEvents":[],"sentPartRequests":[],"receivedPartRequests":[],"sentShiftTransfers":[],"receivedShiftTransfers":[]},{"id":3,"login":"eva","encryptedPassword":"67","name":"Eva","surname":"EvaEva","email":"eva@eva.com","phone":"","createdAt":"2026-01-22T10:35:25.894086Z","roleId":null,"role":null,"alarmEvents":[],"sentPartRequests":[],"receivedPartRequests":[],"sentShiftTransfers":[],"receivedShiftTransfers":[]},{"id":2,"login":"adam","encryptedPassword":"5252","name":"adam","surname":"first","email":"g@g.com","phone":"","createdAt":"2026-01-22T09:41:42.056633Z","roleId":null,"role":null,"alarmEvents":[],"sentPartRequests":[],"receivedPartRequests":[],"sentShiftTransfers":[],"receivedShiftTransfers":[]}]
=======================================================

=======================================================
Timestamp: 2026-01-22T12:53:21.2939679Z
Method: GET
URL: /api/warehouses
Status: 200
Duration: 2 ms
UserId: 
Client IP: ::1
User-Agent: 
Controller: Warehouses, Action: GetAll
Response Body: [{"id":1,"name":"Склад1","type":"Склад","isActive":true,"fromMovements":[],"toMovements":[],"fromRequests":[],"toRequests":[]}]
=======================================================

=======================================================
Timestamp: 2026-01-22T12:53:21.2947430Z
Method: GET
URL: /api/materials
Status: 200
Duration: 1 ms
UserId: 
Client IP: ::1
User-Agent: 
Controller: Materials, Action: GetAll
Response Body: [{"id":1,"name":"гранула","description":"","code":"1542365","measuringUnit":"т"}]
=======================================================

=======================================================
Timestamp: 2026-01-22T12:53:21.3707019Z
Method: GET
URL: /api/PartRequests
Status: 200
Duration: 82 ms
UserId: 
Client IP: ::1
User-Agent: 
Controller: PartRequests, Action: GetAll
Response Body: []
=======================================================

=======================================================
Timestamp: 2026-01-22T12:53:21.3706944Z
Method: GET
URL: /api/PartRequests
Status: 200
Duration: 88 ms
UserId: 
Client IP: ::1
User-Agent: 
Controller: PartRequests, Action: GetAll
Response Body: []
=======================================================

=======================================================
Timestamp: 2026-01-22T12:53:39.7169008Z
Method: GET
URL: /api/PartRequests
Status: 200
Duration: 4 ms
UserId: 
Client IP: ::1
User-Agent: 
Controller: PartRequests, Action: GetAll
Response Body: []
=======================================================

=======================================================
Timestamp: 2026-01-22T12:53:39.8360988Z
Method: POST
URL: /api/PartRequests
Status: 400
Duration: 67 ms
UserId: 
Client IP: ::1
User-Agent: 
Controller: PartRequests, Action: CreatePartRequest
Response Body: {"type":"https://tools.ietf.org/html/rfc9110#section-15.5.1","title":"One or more validation errors occurred.","status":400,"errors":{"ToUser":["The ToUser field is required."],"FromUser":["The FromUser field is required."],"Material":["The Material field is required."],"ToWarehouse":["The ToWarehouse field is required."],"FromWarehouse":["The FromWarehouse field is required."]},"traceId":"00-e01797a9211979cda0afe804ea44425d-e3129c85eb1fd1f9-00"}
=======================================================

=======================================================
Timestamp: 2026-01-22T12:55:12.5794582Z
Method: POST
URL: /hubs/notifications/negotiate?negotiateVersion=1
Status: 200
Duration: 26 ms
UserId: 
Client IP: ::1
User-Agent: Microsoft SignalR/8.0 (8.0.0+3f1acb59718cadf111a0a796681e3d3509bb3381; Windows NT; .NET; .NET 8.0.22)
Response Body: {"negotiateVersion":1,"connectionId":"aqOCKrPlPUjSrGczjvcWJg","connectionToken":"xpOoAq1QIu5SST_XR6VVcg","availableTransports":[{"transport":"WebSockets","transferFormats":["Text","Binary"]},{"transport":"ServerSentEvents","transferFormats":["Text"]},{"transport":"LongPolling","transferFormats":["Text","Binary"]}]}
=======================================================

=======================================================
Timestamp: 2026-01-22T12:55:22.6691980Z
Method: GET
URL: /api/PartRequests
Status: 200
Duration: 193 ms
UserId: 
Client IP: ::1
User-Agent: 
Controller: PartRequests, Action: GetAll
Response Body: []
=======================================================

=======================================================
Timestamp: 2026-01-22T12:55:22.7186203Z
Method: POST
URL: /api/PartRequests
Status: 201
Duration: 418 ms
UserId: 
Client IP: ::1
User-Agent: 
Controller: PartRequests, Action: CreatePartRequest
Response Body: {"message":"PartRequest created successfully","request":{"id":1,"fromUserId":3,"toUserId":2,"fromWarehouseId":1,"toWarehouseId":1,"materialId":1,"quantity":15,"measuringType":"т","createdAt":"2026-01-22T12:55:22.5907189Z","status":0}}
=======================================================

=======================================================
Timestamp: 2026-01-22T12:55:22.7400723Z
Method: GET
URL: /api/PartRequests
Status: 200
Duration: 9 ms
UserId: 
Client IP: ::1
User-Agent: 
Controller: PartRequests, Action: GetAll
Response Body: [{"id":1,"fromUserId":3,"toUserId":2,"fromWarehouseId":1,"toWarehouseId":1,"materialId":1,"quantity":15,"measuringType":"т","createdAt":"2026-01-22T12:55:22.590718Z","status":0}]
=======================================================

=======================================================
Timestamp: 2026-01-22T12:55:22.7413710Z
Method: GET
URL: /api/PartRequests
Status: 200
Duration: 9 ms
UserId: 
Client IP: ::1
User-Agent: 
Controller: PartRequests, Action: GetAll
Response Body: [{"id":1,"fromUserId":3,"toUserId":2,"fromWarehouseId":1,"toWarehouseId":1,"materialId":1,"quantity":15,"measuringType":"т","createdAt":"2026-01-22T12:55:22.590718Z","status":0}]
=======================================================

=======================================================
Timestamp: 2026-01-22T12:55:46.8102683Z
Method: GET
URL: /api/users
Status: 200
Duration: 121 ms
UserId: 
Client IP: ::1
User-Agent: 
Controller: Users, Action: GetAll
Response Body: [{"id":4,"login":"thegod","encryptedPassword":"$2a$11$JncHAzVv43Z0ocmpIBBA1OFjX/Afp7pVPcGG7sNHfNaCnyrFQSX72","name":"Бог","surname":"Один","email":"d@d.com","phone":"","createdAt":"2026-01-22T11:03:59.551634Z","roleId":3,"role":{"id":3,"name":"Старший экструзионщик","code":"SeniorExtruder","description":"Замещение администратора","rank":3},"alarmEvents":[],"sentPartRequests":[],"receivedPartRequests":[],"sentShiftTransfers":[],"receivedShiftTransfers":[]},{"id":5,"login":"user","encryptedPassword":"$2a$11$mHnvmUYeNwuqwyvUnZLFOOzIKWPYdIavEsmeRU.l4W6mI5EkHxLdq","name":"польз","surname":"да","email":"i@user.co","phone":"","createdAt":"2026-01-22T12:20:09.023047Z","roleId":null,"role":null,"alarmEvents":[],"sentPartRequests":[],"receivedPartRequests":[],"sentShiftTransfers":[],"receivedShiftTransfers":[]},{"id":1,"login":"admin","encryptedPassword":"admin","name":"Админ","surname":"Системный","email":"admin@example.com","phone":"+71234567890","createdAt":"2026-01-22T09:33:33.991733Z","roleId":null,"role":null,"alarmEvents":[],"sentPartRequests":[],"receivedPartRequests":[],"sentShiftTransfers":[],"receivedShiftTransfers":[]},{"id":3,"login":"eva","encryptedPassword":"67","name":"Eva","surname":"EvaEva","email":"eva@eva.com","phone":"","createdAt":"2026-01-22T10:35:25.894086Z","roleId":null,"role":null,"alarmEvents":[],"sentPartRequests":[],"receivedPartRequests":[],"sentShiftTransfers":[],"receivedShiftTransfers":[]},{"id":2,"login":"adam","encryptedPassword":"5252","name":"adam","surname":"first","email":"g@g.com","phone":"","createdAt":"2026-01-22T09:41:42.056633Z","roleId":null,"role":null,"alarmEvents":[],"sentPartRequests":[],"receivedPartRequests":[],"sentShiftTransfers":[],"receivedShiftTransfers":[]}]
=======================================================

=======================================================
Timestamp: 2026-01-22T12:55:46.8706936Z
Method: GET
URL: /api/warehouses
Status: 200
Duration: 58 ms
UserId: 
Client IP: ::1
User-Agent: 
Controller: Warehouses, Action: GetAll
Response Body: [{"id":1,"name":"Склад1","type":"Склад","isActive":true,"fromMovements":[],"toMovements":[],"fromRequests":[],"toRequests":[]}]
=======================================================

=======================================================
Timestamp: 2026-01-22T12:55:46.9151266Z
Method: GET
URL: /api/materials
Status: 200
Duration: 43 ms
UserId: 
Client IP: ::1
User-Agent: 
Controller: Materials, Action: GetAll
Response Body: [{"id":1,"name":"гранула","description":"","code":"1542365","measuringUnit":"т"}]
=======================================================

=======================================================
Timestamp: 2026-01-22T12:55:46.9272543Z
Method: GET
URL: /api/PartRequests
Status: 200
Duration: 3 ms
UserId: 
Client IP: ::1
User-Agent: 
Controller: PartRequests, Action: GetAll
Response Body: [{"id":1,"fromUserId":3,"toUserId":2,"fromWarehouseId":1,"toWarehouseId":1,"materialId":1,"quantity":15,"measuringType":"т","createdAt":"2026-01-22T12:55:22.590718Z","status":0}]
=======================================================

=======================================================
Timestamp: 2026-01-22T12:55:46.9326360Z
Method: GET
URL: /api/PartRequests
Status: 200
Duration: 5 ms
UserId: 
Client IP: ::1
User-Agent: 
Controller: PartRequests, Action: GetAll
Response Body: [{"id":1,"fromUserId":3,"toUserId":2,"fromWarehouseId":1,"toWarehouseId":1,"materialId":1,"quantity":15,"measuringType":"т","createdAt":"2026-01-22T12:55:22.590718Z","status":0}]
=======================================================

=======================================================
Timestamp: 2026-01-22T12:55:47.0082812Z
Method: GET
URL: /api/PartRequests
Status: 200
Duration: 4 ms
UserId: 
Client IP: ::1
User-Agent: 
Controller: PartRequests, Action: GetAll
Response Body: [{"id":1,"fromUserId":3,"toUserId":2,"fromWarehouseId":1,"toWarehouseId":1,"materialId":1,"quantity":15,"measuringType":"т","createdAt":"2026-01-22T12:55:22.590718Z","status":0}]
=======================================================

=======================================================
Timestamp: 2026-01-22T12:55:59.4350889Z
Method: GET
URL: /api/users
Status: 200
Duration: 4 ms
UserId: 
Client IP: ::ffff:192.168.0.136
User-Agent: Dalvik/2.1.0 (Linux; U; Android 12; CTR-L91 Build/HUAWEICTR-L91)
Controller: Users, Action: GetAll
Response Body: [{"id":4,"login":"thegod","encryptedPassword":"$2a$11$JncHAzVv43Z0ocmpIBBA1OFjX/Afp7pVPcGG7sNHfNaCnyrFQSX72","name":"Бог","surname":"Один","email":"d@d.com","phone":"","createdAt":"2026-01-22T11:03:59.551634Z","roleId":3,"role":{"id":3,"name":"Старший экструзионщик","code":"SeniorExtruder","description":"Замещение администратора","rank":3},"alarmEvents":[],"sentPartRequests":[],"receivedPartRequests":[],"sentShiftTransfers":[],"receivedShiftTransfers":[]},{"id":5,"login":"user","encryptedPassword":"$2a$11$mHnvmUYeNwuqwyvUnZLFOOzIKWPYdIavEsmeRU.l4W6mI5EkHxLdq","name":"польз","surname":"да","email":"i@user.co","phone":"","createdAt":"2026-01-22T12:20:09.023047Z","roleId":null,"role":null,"alarmEvents":[],"sentPartRequests":[],"receivedPartRequests":[],"sentShiftTransfers":[],"receivedShiftTransfers":[]},{"id":1,"login":"admin","encryptedPassword":"admin","name":"Админ","surname":"Системный","email":"admin@example.com","phone":"+71234567890","createdAt":"2026-01-22T09:33:33.991733Z","roleId":null,"role":null,"alarmEvents":[],"sentPartRequests":[],"receivedPartRequests":[],"sentShiftTransfers":[],"receivedShiftTransfers":[]},{"id":3,"login":"eva","encryptedPassword":"67","name":"Eva","surname":"EvaEva","email":"eva@eva.com","phone":"","createdAt":"2026-01-22T10:35:25.894086Z","roleId":null,"role":null,"alarmEvents":[],"sentPartRequests":[],"receivedPartRequests":[],"sentShiftTransfers":[],"receivedShiftTransfers":[]},{"id":2,"login":"adam","encryptedPassword":"5252","name":"adam","surname":"first","email":"g@g.com","phone":"","createdAt":"2026-01-22T09:41:42.056633Z","roleId":null,"role":null,"alarmEvents":[],"sentPartRequests":[],"receivedPartRequests":[],"sentShiftTransfers":[],"receivedShiftTransfers":[]}]
=======================================================

=======================================================
Timestamp: 2026-01-22T12:55:59.4800429Z
Method: GET
URL: /api/warehouses
Status: 200
Duration: 2 ms
UserId: 
Client IP: ::ffff:192.168.0.136
User-Agent: Dalvik/2.1.0 (Linux; U; Android 12; CTR-L91 Build/HUAWEICTR-L91)
Controller: Warehouses, Action: GetAll
Response Body: [{"id":1,"name":"Склад1","type":"Склад","isActive":true,"fromMovements":[],"toMovements":[],"fromRequests":[],"toRequests":[]}]
=======================================================

=======================================================
Timestamp: 2026-01-22T12:55:59.5000248Z
Method: GET
URL: /api/materials
Status: 200
Duration: 2 ms
UserId: 
Client IP: ::ffff:192.168.0.136
User-Agent: Dalvik/2.1.0 (Linux; U; Android 12; CTR-L91 Build/HUAWEICTR-L91)
Controller: Materials, Action: GetAll
Response Body: [{"id":1,"name":"гранула","description":"","code":"1542365","measuringUnit":"т"}]
=======================================================

=======================================================
Timestamp: 2026-01-22T12:55:59.5227994Z
Method: GET
URL: /api/part-requests
Status: 404
Duration: 0 ms
UserId: 
Client IP: ::ffff:192.168.0.136
User-Agent: Dalvik/2.1.0 (Linux; U; Android 12; CTR-L91 Build/HUAWEICTR-L91)
=======================================================

=======================================================
Timestamp: 2026-01-22T12:55:59.5277677Z
Method: GET
URL: /api/part-requests
Status: 404
Duration: 0 ms
UserId: 
Client IP: ::ffff:192.168.0.136
User-Agent: Dalvik/2.1.0 (Linux; U; Android 12; CTR-L91 Build/HUAWEICTR-L91)
=======================================================

=======================================================
Timestamp: 2026-01-22T12:55:59.5333425Z
Method: GET
URL: /api/part-requests
Status: 404
Duration: 0 ms
UserId: 
Client IP: ::ffff:192.168.0.136
User-Agent: Dalvik/2.1.0 (Linux; U; Android 12; CTR-L91 Build/HUAWEICTR-L91)
=======================================================

=======================================================
Timestamp: 2026-01-22T12:55:59.5339965Z
Method: GET
URL: /api/part-requests
Status: 404
Duration: 0 ms
UserId: 
Client IP: ::ffff:192.168.0.136
User-Agent: Dalvik/2.1.0 (Linux; U; Android 12; CTR-L91 Build/HUAWEICTR-L91)
=======================================================

=======================================================
Timestamp: 2026-01-22T12:55:59.5373714Z
Method: GET
URL: /api/part-requests
Status: 404
Duration: 0 ms
UserId: 
Client IP: ::ffff:192.168.0.136
User-Agent: Dalvik/2.1.0 (Linux; U; Android 12; CTR-L91 Build/HUAWEICTR-L91)
=======================================================

=======================================================
Timestamp: 2026-01-22T12:55:59.5517470Z
Method: GET
URL: /api/part-requests
Status: 404
Duration: 0 ms
UserId: 
Client IP: ::ffff:192.168.0.136
User-Agent: Dalvik/2.1.0 (Linux; U; Android 12; CTR-L91 Build/HUAWEICTR-L91)
=======================================================

=======================================================
Timestamp: 2026-01-22T12:56:01.0938040Z
Method: GET
URL: /api/part-requests
Status: 404
Duration: 0 ms
UserId: 
Client IP: ::ffff:192.168.0.136
User-Agent: Dalvik/2.1.0 (Linux; U; Android 12; CTR-L91 Build/HUAWEICTR-L91)
=======================================================

=======================================================
Timestamp: 2026-01-22T12:56:01.0981902Z
Method: GET
URL: /api/part-requests
Status: 404
Duration: 0 ms
UserId: 
Client IP: ::ffff:192.168.0.136
User-Agent: Dalvik/2.1.0 (Linux; U; Android 12; CTR-L91 Build/HUAWEICTR-L91)
=======================================================

=======================================================
Timestamp: 2026-01-22T12:56:01.2119532Z
Method: GET
URL: /api/part-requests
Status: 404
Duration: 0 ms
UserId: 
Client IP: ::ffff:192.168.0.136
User-Agent: Dalvik/2.1.0 (Linux; U; Android 12; CTR-L91 Build/HUAWEICTR-L91)
=======================================================

=======================================================
Timestamp: 2026-01-22T12:56:01.7665376Z
Method: GET
URL: /api/part-requests
Status: 404
Duration: 0 ms
UserId: 
Client IP: ::ffff:192.168.0.136
User-Agent: Dalvik/2.1.0 (Linux; U; Android 12; CTR-L91 Build/HUAWEICTR-L91)
=======================================================

=======================================================
Timestamp: 2026-01-22T12:56:01.7734246Z
Method: GET
URL: /api/part-requests
Status: 404
Duration: 0 ms
UserId: 
Client IP: ::ffff:192.168.0.136
User-Agent: Dalvik/2.1.0 (Linux; U; Android 12; CTR-L91 Build/HUAWEICTR-L91)
=======================================================

=======================================================
Timestamp: 2026-01-22T12:56:01.7742149Z
Method: GET
URL: /api/part-requests
Status: 404
Duration: 0 ms
UserId: 
Client IP: ::ffff:192.168.0.136
User-Agent: Dalvik/2.1.0 (Linux; U; Android 12; CTR-L91 Build/HUAWEICTR-L91)
=======================================================

=======================================================
Timestamp: 2026-01-22T12:56:01.7764554Z
Method: GET
URL: /api/part-requests
Status: 404
Duration: 0 ms
UserId: 
Client IP: ::ffff:192.168.0.136
User-Agent: Dalvik/2.1.0 (Linux; U; Android 12; CTR-L91 Build/HUAWEICTR-L91)
=======================================================

=======================================================
Timestamp: 2026-01-22T12:56:01.8425306Z
Method: GET
URL: /api/part-requests
Status: 404
Duration: 0 ms
UserId: 
Client IP: ::ffff:192.168.0.136
User-Agent: Dalvik/2.1.0 (Linux; U; Android 12; CTR-L91 Build/HUAWEICTR-L91)
=======================================================

=======================================================
Timestamp: 2026-01-22T12:56:08.5128702Z
Method: GET
URL: /api/users
Status: 200
Duration: 3 ms
UserId: 
Client IP: ::ffff:192.168.0.136
User-Agent: Dalvik/2.1.0 (Linux; U; Android 12; CTR-L91 Build/HUAWEICTR-L91)
Controller: Users, Action: GetAll
Response Body: [{"id":4,"login":"thegod","encryptedPassword":"$2a$11$JncHAzVv43Z0ocmpIBBA1OFjX/Afp7pVPcGG7sNHfNaCnyrFQSX72","name":"Бог","surname":"Один","email":"d@d.com","phone":"","createdAt":"2026-01-22T11:03:59.551634Z","roleId":3,"role":{"id":3,"name":"Старший экструзионщик","code":"SeniorExtruder","description":"Замещение администратора","rank":3},"alarmEvents":[],"sentPartRequests":[],"receivedPartRequests":[],"sentShiftTransfers":[],"receivedShiftTransfers":[]},{"id":5,"login":"user","encryptedPassword":"$2a$11$mHnvmUYeNwuqwyvUnZLFOOzIKWPYdIavEsmeRU.l4W6mI5EkHxLdq","name":"польз","surname":"да","email":"i@user.co","phone":"","createdAt":"2026-01-22T12:20:09.023047Z","roleId":null,"role":null,"alarmEvents":[],"sentPartRequests":[],"receivedPartRequests":[],"sentShiftTransfers":[],"receivedShiftTransfers":[]},{"id":1,"login":"admin","encryptedPassword":"admin","name":"Админ","surname":"Системный","email":"admin@example.com","phone":"+71234567890","createdAt":"2026-01-22T09:33:33.991733Z","roleId":null,"role":null,"alarmEvents":[],"sentPartRequests":[],"receivedPartRequests":[],"sentShiftTransfers":[],"receivedShiftTransfers":[]},{"id":3,"login":"eva","encryptedPassword":"67","name":"Eva","surname":"EvaEva","email":"eva@eva.com","phone":"","createdAt":"2026-01-22T10:35:25.894086Z","roleId":null,"role":null,"alarmEvents":[],"sentPartRequests":[],"receivedPartRequests":[],"sentShiftTransfers":[],"receivedShiftTransfers":[]},{"id":2,"login":"adam","encryptedPassword":"5252","name":"adam","surname":"first","email":"g@g.com","phone":"","createdAt":"2026-01-22T09:41:42.056633Z","roleId":null,"role":null,"alarmEvents":[],"sentPartRequests":[],"receivedPartRequests":[],"sentShiftTransfers":[],"receivedShiftTransfers":[]}]
=======================================================

=======================================================
Timestamp: 2026-01-22T12:56:08.6547490Z
Method: GET
URL: /api/warehouses
Status: 200
Duration: 2 ms
UserId: 
Client IP: ::ffff:192.168.0.136
User-Agent: Dalvik/2.1.0 (Linux; U; Android 12; CTR-L91 Build/HUAWEICTR-L91)
Controller: Warehouses, Action: GetAll
Response Body: [{"id":1,"name":"Склад1","type":"Склад","isActive":true,"fromMovements":[],"toMovements":[],"fromRequests":[],"toRequests":[]}]
=======================================================

=======================================================
Timestamp: 2026-01-22T12:56:08.6734036Z
Method: GET
URL: /api/materials
Status: 200
Duration: 2 ms
UserId: 
Client IP: ::ffff:192.168.0.136
User-Agent: Dalvik/2.1.0 (Linux; U; Android 12; CTR-L91 Build/HUAWEICTR-L91)
Controller: Materials, Action: GetAll
Response Body: [{"id":1,"name":"гранула","description":"","code":"1542365","measuringUnit":"т"}]
=======================================================

=======================================================
Timestamp: 2026-01-22T12:56:08.6956311Z
Method: GET
URL: /api/part-requests
Status: 404
Duration: 0 ms
UserId: 
Client IP: ::ffff:192.168.0.136
User-Agent: Dalvik/2.1.0 (Linux; U; Android 12; CTR-L91 Build/HUAWEICTR-L91)
=======================================================

=======================================================
Timestamp: 2026-01-22T12:56:08.7024845Z
Method: GET
URL: /api/part-requests
Status: 404
Duration: 0 ms
UserId: 
Client IP: ::ffff:192.168.0.136
User-Agent: Dalvik/2.1.0 (Linux; U; Android 12; CTR-L91 Build/HUAWEICTR-L91)
=======================================================

=======================================================
Timestamp: 2026-01-22T12:56:08.7038977Z
Method: GET
URL: /api/part-requests
Status: 404
Duration: 0 ms
UserId: 
Client IP: ::ffff:192.168.0.136
User-Agent: Dalvik/2.1.0 (Linux; U; Android 12; CTR-L91 Build/HUAWEICTR-L91)
=======================================================

=======================================================
Timestamp: 2026-01-22T12:56:08.7078942Z
Method: GET
URL: /api/part-requests
Status: 404
Duration: 0 ms
UserId: 
Client IP: ::ffff:192.168.0.136
User-Agent: Dalvik/2.1.0 (Linux; U; Android 12; CTR-L91 Build/HUAWEICTR-L91)
=======================================================

=======================================================
Timestamp: 2026-01-22T12:56:08.7109773Z
Method: GET
URL: /api/part-requests
Status: 404
Duration: 0 ms
UserId: 
Client IP: ::ffff:192.168.0.136
User-Agent: Dalvik/2.1.0 (Linux; U; Android 12; CTR-L91 Build/HUAWEICTR-L91)
=======================================================

=======================================================
Timestamp: 2026-01-22T12:56:08.7115487Z
Method: GET
URL: /api/part-requests
Status: 404
Duration: 0 ms
UserId: 
Client IP: ::ffff:192.168.0.136
User-Agent: Dalvik/2.1.0 (Linux; U; Android 12; CTR-L91 Build/HUAWEICTR-L91)
=======================================================

=======================================================
Timestamp: 2026-01-22T12:56:08.7128823Z
Method: GET
URL: /api/part-requests
Status: 404
Duration: 0 ms
UserId: 
Client IP: ::ffff:192.168.0.136
User-Agent: Dalvik/2.1.0 (Linux; U; Android 12; CTR-L91 Build/HUAWEICTR-L91)
=======================================================

=======================================================
Timestamp: 2026-01-22T12:56:09.4266606Z
Method: GET
URL: /api/part-requests
Status: 404
Duration: 0 ms
UserId: 
Client IP: ::ffff:192.168.0.136
User-Agent: Dalvik/2.1.0 (Linux; U; Android 12; CTR-L91 Build/HUAWEICTR-L91)
=======================================================

=======================================================
Timestamp: 2026-01-22T12:56:09.4285562Z
Method: GET
URL: /api/part-requests
Status: 404
Duration: 0 ms
UserId: 
Client IP: ::ffff:192.168.0.136
User-Agent: Dalvik/2.1.0 (Linux; U; Android 12; CTR-L91 Build/HUAWEICTR-L91)
=======================================================

=======================================================
Timestamp: 2026-01-22T12:56:09.4372496Z
Method: GET
URL: /api/part-requests
Status: 404
Duration: 0 ms
UserId: 
Client IP: ::ffff:192.168.0.136
User-Agent: Dalvik/2.1.0 (Linux; U; Android 12; CTR-L91 Build/HUAWEICTR-L91)
=======================================================

=======================================================
Timestamp: 2026-01-22T12:56:09.4381009Z
Method: GET
URL: /api/part-requests
Status: 404
Duration: 0 ms
UserId: 
Client IP: ::ffff:192.168.0.136
User-Agent: Dalvik/2.1.0 (Linux; U; Android 12; CTR-L91 Build/HUAWEICTR-L91)
=======================================================

=======================================================
Timestamp: 2026-01-22T12:56:09.4412070Z
Method: GET
URL: /api/part-requests
Status: 404
Duration: 0 ms
UserId: 
Client IP: ::ffff:192.168.0.136
User-Agent: Dalvik/2.1.0 (Linux; U; Android 12; CTR-L91 Build/HUAWEICTR-L91)
=======================================================

=======================================================
Timestamp: 2026-01-22T12:56:10.2500944Z
Method: GET
URL: /api/part-requests
Status: 404
Duration: 0 ms
UserId: 
Client IP: ::ffff:192.168.0.136
User-Agent: Dalvik/2.1.0 (Linux; U; Android 12; CTR-L91 Build/HUAWEICTR-L91)
=======================================================

=======================================================
Timestamp: 2026-01-22T12:56:10.2522822Z
Method: GET
URL: /api/part-requests
Status: 404
Duration: 0 ms
UserId: 
Client IP: ::ffff:192.168.0.136
User-Agent: Dalvik/2.1.0 (Linux; U; Android 12; CTR-L91 Build/HUAWEICTR-L91)
=======================================================

=======================================================
Timestamp: 2026-01-22T12:56:10.2562317Z
Method: GET
URL: /api/part-requests
Status: 404
Duration: 0 ms
UserId: 
Client IP: ::ffff:192.168.0.136
User-Agent: Dalvik/2.1.0 (Linux; U; Android 12; CTR-L91 Build/HUAWEICTR-L91)
=======================================================

=======================================================
Timestamp: 2026-01-22T12:56:10.2592546Z
Method: GET
URL: /api/part-requests
Status: 404
Duration: 0 ms
UserId: 
Client IP: ::ffff:192.168.0.136
User-Agent: Dalvik/2.1.0 (Linux; U; Android 12; CTR-L91 Build/HUAWEICTR-L91)
=======================================================

=======================================================
Timestamp: 2026-01-22T12:56:10.2609707Z
Method: GET
URL: /api/part-requests
Status: 404
Duration: 0 ms
UserId: 
Client IP: ::ffff:192.168.0.136
User-Agent: Dalvik/2.1.0 (Linux; U; Android 12; CTR-L91 Build/HUAWEICTR-L91)
=======================================================

=======================================================
Timestamp: 2026-01-22T12:56:19.4916234Z
Method: GET
URL: /api/PartRequests
Status: 200
Duration: 2 ms
UserId: 
Client IP: ::1
User-Agent: 
Controller: PartRequests, Action: GetAll
Response Body: [{"id":1,"fromUserId":3,"toUserId":2,"fromWarehouseId":1,"toWarehouseId":1,"materialId":1,"quantity":15,"measuringType":"т","createdAt":"2026-01-22T12:55:22.590718Z","status":0}]
=======================================================

=======================================================
Timestamp: 2026-01-22T12:56:19.4917555Z
Method: GET
URL: /api/PartRequests
Status: 200
Duration: 1 ms
UserId: 
Client IP: ::1
User-Agent: 
Controller: PartRequests, Action: GetAll
Response Body: [{"id":1,"fromUserId":3,"toUserId":2,"fromWarehouseId":1,"toWarehouseId":1,"materialId":1,"quantity":15,"measuringType":"т","createdAt":"2026-01-22T12:55:22.590718Z","status":0}]
=======================================================

=======================================================
Timestamp: 2026-01-22T12:56:19.6078670Z
Method: POST
URL: /api/PartRequests/1/approve
Status: 200
Duration: 113 ms
UserId: 
Client IP: ::1
User-Agent: 
Controller: PartRequests, Action: Approve
Response Body: {"message":"PartRequest approved successfully","request":{"id":1,"fromUserId":3,"toUserId":2,"fromWarehouseId":1,"toWarehouseId":1,"materialId":1,"quantity":15,"measuringType":"т","createdAt":"2026-01-22T12:55:22.590718Z","status":1}}
=======================================================

=======================================================
Timestamp: 2026-01-22T12:56:19.6249746Z
Method: GET
URL: /api/PartRequests
Status: 200
Duration: 2 ms
UserId: 
Client IP: ::1
User-Agent: 
Controller: PartRequests, Action: GetAll
Response Body: [{"id":1,"fromUserId":3,"toUserId":2,"fromWarehouseId":1,"toWarehouseId":1,"materialId":1,"quantity":15,"measuringType":"т","createdAt":"2026-01-22T12:55:22.590718Z","status":1}]
=======================================================

=======================================================
Timestamp: 2026-01-22T12:56:36.0088674Z
Method: GET
URL: /api/PartRequests
Status: 200
Duration: 2 ms
UserId: 
Client IP: ::1
User-Agent: 
Controller: PartRequests, Action: GetAll
Response Body: [{"id":1,"fromUserId":3,"toUserId":2,"fromWarehouseId":1,"toWarehouseId":1,"materialId":1,"quantity":15,"measuringType":"т","createdAt":"2026-01-22T12:55:22.590718Z","status":1}]
=======================================================

=======================================================
Timestamp: 2026-01-22T12:56:36.0108563Z
Method: GET
URL: /api/PartRequests
Status: 200
Duration: 2 ms
UserId: 
Client IP: ::1
User-Agent: 
Controller: PartRequests, Action: GetAll
Response Body: [{"id":1,"fromUserId":3,"toUserId":2,"fromWarehouseId":1,"toWarehouseId":1,"materialId":1,"quantity":15,"measuringType":"т","createdAt":"2026-01-22T12:55:22.590718Z","status":1}]
=======================================================

=======================================================
Timestamp: 2026-01-22T12:56:36.1259199Z
Method: POST
URL: /api/PartRequests
Status: 201
Duration: 116 ms
UserId: 
Client IP: ::1
User-Agent: 
Controller: PartRequests, Action: CreatePartRequest
Response Body: {"message":"PartRequest created successfully","request":{"id":2,"fromUserId":3,"toUserId":2,"fromWarehouseId":1,"toWarehouseId":1,"materialId":1,"quantity":20,"measuringType":"т","createdAt":"2026-01-22T12:56:36.0288216Z","status":0}}
=======================================================

=======================================================
Timestamp: 2026-01-22T12:56:36.1306005Z
Method: GET
URL: /api/PartRequests
Status: 200
Duration: 1 ms
UserId: 
Client IP: ::1
User-Agent: 
Controller: PartRequests, Action: GetAll
Response Body: [{"id":1,"fromUserId":3,"toUserId":2,"fromWarehouseId":1,"toWarehouseId":1,"materialId":1,"quantity":15,"measuringType":"т","createdAt":"2026-01-22T12:55:22.590718Z","status":1},{"id":2,"fromUserId":3,"toUserId":2,"fromWarehouseId":1,"toWarehouseId":1,"materialId":1,"quantity":20,"measuringType":"т","createdAt":"2026-01-22T12:56:36.028821Z","status":0}]
=======================================================

=======================================================
Timestamp: 2026-01-22T12:56:36.1336028Z
Method: GET
URL: /api/PartRequests
Status: 200
Duration: 1 ms
UserId: 
Client IP: ::1
User-Agent: 
Controller: PartRequests, Action: GetAll
Response Body: [{"id":1,"fromUserId":3,"toUserId":2,"fromWarehouseId":1,"toWarehouseId":1,"materialId":1,"quantity":15,"measuringType":"т","createdAt":"2026-01-22T12:55:22.590718Z","status":1},{"id":2,"fromUserId":3,"toUserId":2,"fromWarehouseId":1,"toWarehouseId":1,"materialId":1,"quantity":20,"measuringType":"т","createdAt":"2026-01-22T12:56:36.028821Z","status":0}]
=======================================================

=======================================================
Timestamp: 2026-01-22T12:56:36.1366233Z
Method: GET
URL: /api/PartRequests
Status: 200
Duration: 4 ms
UserId: 
Client IP: ::1
User-Agent: 
Controller: PartRequests, Action: GetAll
Response Body: [{"id":1,"fromUserId":3,"toUserId":2,"fromWarehouseId":1,"toWarehouseId":1,"materialId":1,"quantity":15,"measuringType":"т","createdAt":"2026-01-22T12:55:22.590718Z","status":1},{"id":2,"fromUserId":3,"toUserId":2,"fromWarehouseId":1,"toWarehouseId":1,"materialId":1,"quantity":20,"measuringType":"т","createdAt":"2026-01-22T12:56:36.028821Z","status":0}]
=======================================================

=======================================================
Timestamp: 2026-01-22T12:56:48.9136471Z
Method: GET
URL: /api/PartRequests
Status: 200
Duration: 1 ms
UserId: 
Client IP: ::1
User-Agent: 
Controller: PartRequests, Action: GetAll
Response Body: [{"id":1,"fromUserId":3,"toUserId":2,"fromWarehouseId":1,"toWarehouseId":1,"materialId":1,"quantity":15,"measuringType":"т","createdAt":"2026-01-22T12:55:22.590718Z","status":1},{"id":2,"fromUserId":3,"toUserId":2,"fromWarehouseId":1,"toWarehouseId":1,"materialId":1,"quantity":20,"measuringType":"т","createdAt":"2026-01-22T12:56:36.028821Z","status":0}]
=======================================================

=======================================================
Timestamp: 2026-01-22T12:56:48.9163583Z
Method: GET
URL: /api/PartRequests
Status: 200
Duration: 3 ms
UserId: 
Client IP: ::1
User-Agent: 
Controller: PartRequests, Action: GetAll
Response Body: [{"id":1,"fromUserId":3,"toUserId":2,"fromWarehouseId":1,"toWarehouseId":1,"materialId":1,"quantity":15,"measuringType":"т","createdAt":"2026-01-22T12:55:22.590718Z","status":1},{"id":2,"fromUserId":3,"toUserId":2,"fromWarehouseId":1,"toWarehouseId":1,"materialId":1,"quantity":20,"measuringType":"т","createdAt":"2026-01-22T12:56:36.028821Z","status":0}]
=======================================================

=======================================================
Timestamp: 2026-01-22T12:56:49.1483281Z
Method: POST
URL: /api/PartRequests/2/reject
Status: 200
Duration: 228 ms
UserId: 
Client IP: ::1
User-Agent: 
Controller: PartRequests, Action: Reject
Response Body: {"message":"PartRequest rejected successfully","request":{"id":2,"fromUserId":3,"toUserId":2,"fromWarehouseId":1,"toWarehouseId":1,"materialId":1,"quantity":20,"measuringType":"т","createdAt":"2026-01-22T12:56:36.028821Z","status":2},"rejectionCount":1}
=======================================================

=======================================================
Timestamp: 2026-01-22T12:56:49.1598184Z
Method: GET
URL: /api/PartRequests
Status: 200
Duration: 3 ms
UserId: 
Client IP: ::1
User-Agent: 
Controller: PartRequests, Action: GetAll
Response Body: [{"id":1,"fromUserId":3,"toUserId":2,"fromWarehouseId":1,"toWarehouseId":1,"materialId":1,"quantity":15,"measuringType":"т","createdAt":"2026-01-22T12:55:22.590718Z","status":1},{"id":2,"fromUserId":3,"toUserId":2,"fromWarehouseId":1,"toWarehouseId":1,"materialId":1,"quantity":20,"measuringType":"т","createdAt":"2026-01-22T12:56:36.028821Z","status":2}]
=======================================================

=======================================================
Timestamp: 2026-01-22T12:56:49.1631795Z
Method: GET
URL: /api/PartRequests
Status: 200
Duration: 2 ms
UserId: 
Client IP: ::1
User-Agent: 
Controller: PartRequests, Action: GetAll
Response Body: [{"id":1,"fromUserId":3,"toUserId":2,"fromWarehouseId":1,"toWarehouseId":1,"materialId":1,"quantity":15,"measuringType":"т","createdAt":"2026-01-22T12:55:22.590718Z","status":1},{"id":2,"fromUserId":3,"toUserId":2,"fromWarehouseId":1,"toWarehouseId":1,"materialId":1,"quantity":20,"measuringType":"т","createdAt":"2026-01-22T12:56:36.028821Z","status":2}]
=======================================================

=======================================================
Timestamp: 2026-01-22T12:56:49.1811193Z
Method: GET
URL: /api/PartRequests
Status: 200
Duration: 4 ms
UserId: 
Client IP: ::1
User-Agent: 
Controller: PartRequests, Action: GetAll
Response Body: [{"id":1,"fromUserId":3,"toUserId":2,"fromWarehouseId":1,"toWarehouseId":1,"materialId":1,"quantity":15,"measuringType":"т","createdAt":"2026-01-22T12:55:22.590718Z","status":1},{"id":2,"fromUserId":3,"toUserId":2,"fromWarehouseId":1,"toWarehouseId":1,"materialId":1,"quantity":20,"measuringType":"т","createdAt":"2026-01-22T12:56:36.028821Z","status":2}]
=======================================================

=======================================================
Timestamp: 2026-01-22T12:58:47.9348214Z
Method: GET
URL: /api/Roles
Status: 200
Duration: 23 ms
UserId: 
Client IP: ::1
User-Agent: 
Controller: Roles, Action: GetAll
Response Body: [{"id":1,"name":"Владелец","code":"Owner","description":"Полный доступ","rank":1},{"id":2,"name":"Администратор","code":"Admin","description":"Руководитель предприятия","rank":2},{"id":3,"name":"Старший экструзионщик","code":"SeniorExtruder","description":"Замещение администратора","rank":3},{"id":4,"name":"Старший кладовщик","code":"SeniorWarehouseman","description":"Склады и цеха","rank":3},{"id":5,"name":"Кладовщик готовой продукции","code":"FinishedGoodsWarehouseman","description":"Склад готовой продукции","rank":3},{"id":6,"name":"Экструзионщик","code":"Extruder","description":"Производство","rank":4},{"id":7,"name":"Кладовщик","code":"Warehouseman","description":"Склад","rank":4},{"id":8,"name":"Покрасочник","code":"Painter","description":"Цех покраски","rank":4},{"id":9,"name":"Старшая упаковщица","code":"SeniorPacker","description":"Упаковка","rank":4},{"id":10,"name":"ТПА","code":"TPA","description":"ТПА","rank":4},{"id":11,"name":"Утиль","code":"Utilization","description":"Цех утилизации","rank":4}]
=======================================================

=======================================================
Timestamp: 2026-01-22T12:58:47.9360774Z
Method: GET
URL: /api/users
Status: 200
Duration: 4 ms
UserId: 
Client IP: ::1
User-Agent: 
Controller: Users, Action: GetAll
Response Body: [{"id":4,"login":"thegod","encryptedPassword":"$2a$11$JncHAzVv43Z0ocmpIBBA1OFjX/Afp7pVPcGG7sNHfNaCnyrFQSX72","name":"Бог","surname":"Один","email":"d@d.com","phone":"","createdAt":"2026-01-22T11:03:59.551634Z","roleId":3,"role":{"id":3,"name":"Старший экструзионщик","code":"SeniorExtruder","description":"Замещение администратора","rank":3},"alarmEvents":[],"sentPartRequests":[],"receivedPartRequests":[],"sentShiftTransfers":[],"receivedShiftTransfers":[]},{"id":5,"login":"user","encryptedPassword":"$2a$11$mHnvmUYeNwuqwyvUnZLFOOzIKWPYdIavEsmeRU.l4W6mI5EkHxLdq","name":"польз","surname":"да","email":"i@user.co","phone":"","createdAt":"2026-01-22T12:20:09.023047Z","roleId":null,"role":null,"alarmEvents":[],"sentPartRequests":[],"receivedPartRequests":[],"sentShiftTransfers":[],"receivedShiftTransfers":[]},{"id":1,"login":"admin","encryptedPassword":"admin","name":"Админ","surname":"Системный","email":"admin@example.com","phone":"+71234567890","createdAt":"2026-01-22T09:33:33.991733Z","roleId":null,"role":null,"alarmEvents":[],"sentPartRequests":[],"receivedPartRequests":[],"sentShiftTransfers":[],"receivedShiftTransfers":[]},{"id":3,"login":"eva","encryptedPassword":"67","name":"Eva","surname":"EvaEva","email":"eva@eva.com","phone":"","createdAt":"2026-01-22T10:35:25.894086Z","roleId":null,"role":null,"alarmEvents":[],"sentPartRequests":[],"receivedPartRequests":[],"sentShiftTransfers":[],"receivedShiftTransfers":[]},{"id":2,"login":"adam","encryptedPassword":"5252","name":"adam","surname":"first","email":"g@g.com","phone":"","createdAt":"2026-01-22T09:41:42.056633Z","roleId":null,"role":null,"alarmEvents":[],"sentPartRequests":[],"receivedPartRequests":[],"sentShiftTransfers":[],"receivedShiftTransfers":[]}]
=======================================================

=======================================================
Timestamp: 2026-01-22T12:58:54.4803080Z
Method: GET
URL: /api/Roles
Status: 200
Duration: 2 ms
UserId: 
Client IP: ::1
User-Agent: 
Controller: Roles, Action: GetAll
Response Body: [{"id":1,"name":"Владелец","code":"Owner","description":"Полный доступ","rank":1},{"id":2,"name":"Администратор","code":"Admin","description":"Руководитель предприятия","rank":2},{"id":3,"name":"Старший экструзионщик","code":"SeniorExtruder","description":"Замещение администратора","rank":3},{"id":4,"name":"Старший кладовщик","code":"SeniorWarehouseman","description":"Склады и цеха","rank":3},{"id":5,"name":"Кладовщик готовой продукции","code":"FinishedGoodsWarehouseman","description":"Склад готовой продукции","rank":3},{"id":6,"name":"Экструзионщик","code":"Extruder","description":"Производство","rank":4},{"id":7,"name":"Кладовщик","code":"Warehouseman","description":"Склад","rank":4},{"id":8,"name":"Покрасочник","code":"Painter","description":"Цех покраски","rank":4},{"id":9,"name":"Старшая упаковщица","code":"SeniorPacker","description":"Упаковка","rank":4},{"id":10,"name":"ТПА","code":"TPA","description":"ТПА","rank":4},{"id":11,"name":"Утиль","code":"Utilization","description":"Цех утилизации","rank":4}]
=======================================================

=======================================================
Timestamp: 2026-01-22T12:58:54.4810156Z
Method: GET
URL: /api/users
Status: 200
Duration: 2 ms
UserId: 
Client IP: ::1
User-Agent: 
Controller: Users, Action: GetAll
Response Body: [{"id":4,"login":"thegod","encryptedPassword":"$2a$11$JncHAzVv43Z0ocmpIBBA1OFjX/Afp7pVPcGG7sNHfNaCnyrFQSX72","name":"Бог","surname":"Один","email":"d@d.com","phone":"","createdAt":"2026-01-22T11:03:59.551634Z","roleId":3,"role":{"id":3,"name":"Старший экструзионщик","code":"SeniorExtruder","description":"Замещение администратора","rank":3},"alarmEvents":[],"sentPartRequests":[],"receivedPartRequests":[],"sentShiftTransfers":[],"receivedShiftTransfers":[]},{"id":5,"login":"user","encryptedPassword":"$2a$11$mHnvmUYeNwuqwyvUnZLFOOzIKWPYdIavEsmeRU.l4W6mI5EkHxLdq","name":"польз","surname":"да","email":"i@user.co","phone":"","createdAt":"2026-01-22T12:20:09.023047Z","roleId":null,"role":null,"alarmEvents":[],"sentPartRequests":[],"receivedPartRequests":[],"sentShiftTransfers":[],"receivedShiftTransfers":[]},{"id":1,"login":"admin","encryptedPassword":"admin","name":"Админ","surname":"Системный","email":"admin@example.com","phone":"+71234567890","createdAt":"2026-01-22T09:33:33.991733Z","roleId":null,"role":null,"alarmEvents":[],"sentPartRequests":[],"receivedPartRequests":[],"sentShiftTransfers":[],"receivedShiftTransfers":[]},{"id":3,"login":"eva","encryptedPassword":"67","name":"Eva","surname":"EvaEva","email":"eva@eva.com","phone":"","createdAt":"2026-01-22T10:35:25.894086Z","roleId":null,"role":null,"alarmEvents":[],"sentPartRequests":[],"receivedPartRequests":[],"sentShiftTransfers":[],"receivedShiftTransfers":[]},{"id":2,"login":"adam","encryptedPassword":"5252","name":"adam","surname":"first","email":"g@g.com","phone":"","createdAt":"2026-01-22T09:41:42.056633Z","roleId":null,"role":null,"alarmEvents":[],"sentPartRequests":[],"receivedPartRequests":[],"sentShiftTransfers":[],"receivedShiftTransfers":[]}]
=======================================================

=======================================================
Timestamp: 2026-01-22T12:59:09.8005732Z
Method: GET
URL: /api/users
Status: 200
Duration: 2 ms
UserId: 
Client IP: ::1
User-Agent: 
Controller: Users, Action: GetAll
Response Body: [{"id":4,"login":"thegod","encryptedPassword":"$2a$11$JncHAzVv43Z0ocmpIBBA1OFjX/Afp7pVPcGG7sNHfNaCnyrFQSX72","name":"Бог","surname":"Один","email":"d@d.com","phone":"","createdAt":"2026-01-22T11:03:59.551634Z","roleId":3,"role":{"id":3,"name":"Старший экструзионщик","code":"SeniorExtruder","description":"Замещение администратора","rank":3},"alarmEvents":[],"sentPartRequests":[],"receivedPartRequests":[],"sentShiftTransfers":[],"receivedShiftTransfers":[]},{"id":5,"login":"user","encryptedPassword":"$2a$11$mHnvmUYeNwuqwyvUnZLFOOzIKWPYdIavEsmeRU.l4W6mI5EkHxLdq","name":"польз","surname":"да","email":"i@user.co","phone":"","createdAt":"2026-01-22T12:20:09.023047Z","roleId":null,"role":null,"alarmEvents":[],"sentPartRequests":[],"receivedPartRequests":[],"sentShiftTransfers":[],"receivedShiftTransfers":[]},{"id":1,"login":"admin","encryptedPassword":"admin","name":"Админ","surname":"Системный","email":"admin@example.com","phone":"+71234567890","createdAt":"2026-01-22T09:33:33.991733Z","roleId":null,"role":null,"alarmEvents":[],"sentPartRequests":[],"receivedPartRequests":[],"sentShiftTransfers":[],"receivedShiftTransfers":[]},{"id":3,"login":"eva","encryptedPassword":"67","name":"Eva","surname":"EvaEva","email":"eva@eva.com","phone":"","createdAt":"2026-01-22T10:35:25.894086Z","roleId":null,"role":null,"alarmEvents":[],"sentPartRequests":[],"receivedPartRequests":[],"sentShiftTransfers":[],"receivedShiftTransfers":[]},{"id":2,"login":"adam","encryptedPassword":"5252","name":"adam","surname":"first","email":"g@g.com","phone":"","createdAt":"2026-01-22T09:41:42.056633Z","roleId":null,"role":null,"alarmEvents":[],"sentPartRequests":[],"receivedPartRequests":[],"sentShiftTransfers":[],"receivedShiftTransfers":[]}]
=======================================================

=======================================================
Timestamp: 2026-01-22T12:59:09.9159090Z
Method: PUT
URL: /api/users/3
Status: 500
Duration: 50 ms
UserId: 
Client IP: ::1
User-Agent: 
Response Body: Error: No authenticationScheme was specified, and there was no DefaultForbidScheme found. The default schemes can be set using either AddAuthentication(string defaultScheme) or AddAuthentication(Action<AuthenticationOptions> configureOptions).
=======================================================

=======================================================
Timestamp: 2026-01-22T13:18:04.3304350Z
Method: POST
URL: /api/Users/authenticate
Status: 401
Duration: 217 ms
UserId: 
Client IP: ::1
User-Agent: 
Controller: Users, Action: Authenticate
Response Body: {"message":"Invalid login or password"}
=======================================================

=======================================================
Timestamp: 2026-01-22T13:18:21.8843920Z
Method: POST
URL: /api/Users/authenticate
Status: 401
Duration: 8 ms
UserId: 
Client IP: ::1
User-Agent: 
Controller: Users, Action: Authenticate
Response Body: {"message":"Invalid login or password"}
=======================================================

=======================================================
Timestamp: 2026-01-22T13:18:22.7016171Z
Method: POST
URL: /api/Users/authenticate
Status: 401
Duration: 5 ms
UserId: 
Client IP: ::1
User-Agent: 
Controller: Users, Action: Authenticate
Response Body: {"message":"Invalid login or password"}
=======================================================

=======================================================
Timestamp: 2026-01-22T13:18:41.5521607Z
Method: POST
URL: /api/Users/authenticate
Status: 200
Duration: 32 ms
UserId: 
Client IP: ::1
User-Agent: 
Controller: Users, Action: Authenticate
Response Body: {"message":"Login successful","user":{"id":2,"login":"adam","name":"adam","surname":"first","email":"g@g.com","phone":"","createdAt":"2026-01-22T09:41:42.056633Z","roleId":null,"role":null}}
=======================================================

=======================================================
Timestamp: 2026-01-22T13:18:41.7208213Z
Method: GET
URL: /api/user-permissions/check?userId=2&permissionCode=Admin
Status: 404
Duration: 0 ms
UserId: 
Client IP: ::1
User-Agent: 
=======================================================

=======================================================
Timestamp: 2026-01-22T13:18:41.8121622Z
Method: GET
URL: /api/user-permissions/user/2
Status: 404
Duration: 0 ms
UserId: 
Client IP: ::1
User-Agent: 
=======================================================

=======================================================
Timestamp: 2026-01-22T13:18:42.0225140Z
Method: POST
URL: /hubs/notifications/negotiate?negotiateVersion=1
Status: 200
Duration: 6 ms
UserId: 
Client IP: ::1
User-Agent: Microsoft SignalR/8.0 (8.0.0+3f1acb59718cadf111a0a796681e3d3509bb3381; Windows NT; .NET; .NET 8.0.22)
Response Body: {"negotiateVersion":1,"connectionId":"gNwll9jmQBRiI1HqWG_KAw","connectionToken":"G-_KS8rS34LvmFrQyKm-Ww","availableTransports":[{"transport":"WebSockets","transferFormats":["Text","Binary"]},{"transport":"ServerSentEvents","transferFormats":["Text"]},{"transport":"LongPolling","transferFormats":["Text","Binary"]}]}
=======================================================

=======================================================
Timestamp: 2026-01-22T13:18:46.3318163Z
Method: GET
URL: /api/users
Status: 200
Duration: 54 ms
UserId: 
Client IP: ::1
User-Agent: 
Controller: Users, Action: GetAll
Response Body: [{"id":4,"login":"thegod","encryptedPassword":"$2a$11$JncHAzVv43Z0ocmpIBBA1OFjX/Afp7pVPcGG7sNHfNaCnyrFQSX72","name":"Бог","surname":"Один","email":"d@d.com","phone":"","createdAt":"2026-01-22T11:03:59.551634Z","roleId":3,"role":{"id":3,"name":"Старший экструзионщик","code":"SeniorExtruder","description":"Замещение администратора","rank":3},"alarmEvents":[],"sentPartRequests":[],"receivedPartRequests":[],"sentShiftTransfers":[],"receivedShiftTransfers":[]},{"id":5,"login":"user","encryptedPassword":"$2a$11$mHnvmUYeNwuqwyvUnZLFOOzIKWPYdIavEsmeRU.l4W6mI5EkHxLdq","name":"польз","surname":"да","email":"i@user.co","phone":"","createdAt":"2026-01-22T12:20:09.023047Z","roleId":null,"role":null,"alarmEvents":[],"sentPartRequests":[],"receivedPartRequests":[],"sentShiftTransfers":[],"receivedShiftTransfers":[]},{"id":1,"login":"admin","encryptedPassword":"admin","name":"Админ","surname":"Системный","email":"admin@example.com","phone":"+71234567890","createdAt":"2026-01-22T09:33:33.991733Z","roleId":null,"role":null,"alarmEvents":[],"sentPartRequests":[],"receivedPartRequests":[],"sentShiftTransfers":[],"receivedShiftTransfers":[]},{"id":3,"login":"eva","encryptedPassword":"67","name":"Eva","surname":"EvaEva","email":"eva@eva.com","phone":"","createdAt":"2026-01-22T10:35:25.894086Z","roleId":null,"role":null,"alarmEvents":[],"sentPartRequests":[],"receivedPartRequests":[],"sentShiftTransfers":[],"receivedShiftTransfers":[]},{"id":2,"login":"adam","encryptedPassword":"5252","name":"adam","surname":"first","email":"g@g.com","phone":"","createdAt":"2026-01-22T09:41:42.056633Z","roleId":null,"role":null,"alarmEvents":[],"sentPartRequests":[],"receivedPartRequests":[],"sentShiftTransfers":[],"receivedShiftTransfers":[]}]
=======================================================

=======================================================
Timestamp: 2026-01-22T13:18:46.4414543Z
Method: GET
URL: /api/ShiftTransfers/user/2?sent=True
Status: 200
Duration: 15 ms
UserId: 
Client IP: ::1
User-Agent: 
Controller: ShiftTransfers, Action: GetByUser
Response Body: []
=======================================================

=======================================================
Timestamp: 2026-01-22T13:18:46.4753925Z
Method: GET
URL: /api/ShiftTransfers/pending/2
Status: 200
Duration: 19 ms
UserId: 
Client IP: ::1
User-Agent: 
Controller: ShiftTransfers, Action: GetPending
Response Body: []
=======================================================

=======================================================
Timestamp: 2026-01-22T13:18:55.7213414Z
Method: POST
URL: /api/ShiftTransfers
Status: 500
Duration: 287 ms
UserId: 
Client IP: ::1
User-Agent: 
Controller: ShiftTransfers, Action: CreateShiftTransfer
Response Body: {"message":"An unexpected error occurred while creating the shift transfer"}
=======================================================

=======================================================
Timestamp: 2026-01-22T13:21:55.4048142Z
Method: POST
URL: /hubs/notifications/negotiate?negotiateVersion=1
Status: 200
Duration: 20 ms
UserId: 
Client IP: ::1
User-Agent: Microsoft SignalR/8.0 (8.0.0+3f1acb59718cadf111a0a796681e3d3509bb3381; Windows NT; .NET; .NET 8.0.22)
Response Body: {"negotiateVersion":1,"connectionId":"vLjxpPRPeep1i-FeezGXlw","connectionToken":"tPEZURqgy3ioUChJ1_a01g","availableTransports":[{"transport":"WebSockets","transferFormats":["Text","Binary"]},{"transport":"ServerSentEvents","transferFormats":["Text"]},{"transport":"LongPolling","transferFormats":["Text","Binary"]}]}
=======================================================

=======================================================
Timestamp: 2026-01-22T13:23:59.1074461Z
Method: GET
URL: /hubs/notifications?id=tPEZURqgy3ioUChJ1_a01g
Status: 101
Duration: 123800 ms
UserId: 
Client IP: ::1
User-Agent: Microsoft SignalR/8.0 (8.0.0+3f1acb59718cadf111a0a796681e3d3509bb3381; Windows NT; .NET; .NET 8.0.22)
=======================================================

=======================================================
Timestamp: 2026-01-22T13:24:28.6398616Z
Method: POST
URL: /api/Users/authenticate
Status: 200
Duration: 233 ms
UserId: 
Client IP: ::1
User-Agent: 
Controller: Users, Action: Authenticate
Response Body: {"message":"Login successful","user":{"id":3,"login":"eva","name":"Eva","surname":"EvaEva","email":"eva@eva.com","phone":"","createdAt":"2026-01-22T10:35:25.894086Z","roleId":null,"role":null}}
=======================================================

=======================================================
Timestamp: 2026-01-22T13:24:28.8455576Z
Method: GET
URL: /api/user-permissions/check?userId=3&permissionCode=Admin
Status: 404
Duration: 0 ms
UserId: 
Client IP: ::1
User-Agent: 
=======================================================

=======================================================
Timestamp: 2026-01-22T13:24:28.9059575Z
Method: GET
URL: /api/user-permissions/user/3
Status: 404
Duration: 0 ms
UserId: 
Client IP: ::1
User-Agent: 
=======================================================

=======================================================
Timestamp: 2026-01-22T13:24:29.1277101Z
Method: POST
URL: /hubs/notifications/negotiate?negotiateVersion=1
Status: 200
Duration: 0 ms
UserId: 
Client IP: ::1
User-Agent: Microsoft SignalR/8.0 (8.0.0+3f1acb59718cadf111a0a796681e3d3509bb3381; Windows NT; .NET; .NET 8.0.22)
Response Body: {"negotiateVersion":1,"connectionId":"N634rYeXOCFZmFbV818e4g","connectionToken":"yWc_Bfzc0dPWtO7FyyHRNA","availableTransports":[{"transport":"WebSockets","transferFormats":["Text","Binary"]},{"transport":"ServerSentEvents","transferFormats":["Text"]},{"transport":"LongPolling","transferFormats":["Text","Binary"]}]}
=======================================================

=======================================================
Timestamp: 2026-01-22T13:24:34.8146730Z
Method: GET
URL: /api/users
Status: 200
Duration: 53 ms
UserId: 
Client IP: ::1
User-Agent: 
Controller: Users, Action: GetAll
Response Body: [{"id":4,"login":"thegod","encryptedPassword":"$2a$11$JncHAzVv43Z0ocmpIBBA1OFjX/Afp7pVPcGG7sNHfNaCnyrFQSX72","name":"Бог","surname":"Один","email":"d@d.com","phone":"","createdAt":"2026-01-22T11:03:59.551634Z","roleId":3,"role":{"id":3,"name":"Старший экструзионщик","code":"SeniorExtruder","description":"Замещение администратора","rank":3},"alarmEvents":[],"sentPartRequests":[],"receivedPartRequests":[],"sentShiftTransfers":[],"receivedShiftTransfers":[]},{"id":5,"login":"user","encryptedPassword":"$2a$11$mHnvmUYeNwuqwyvUnZLFOOzIKWPYdIavEsmeRU.l4W6mI5EkHxLdq","name":"польз","surname":"да","email":"i@user.co","phone":"","createdAt":"2026-01-22T12:20:09.023047Z","roleId":null,"role":null,"alarmEvents":[],"sentPartRequests":[],"receivedPartRequests":[],"sentShiftTransfers":[],"receivedShiftTransfers":[]},{"id":1,"login":"admin","encryptedPassword":"admin","name":"Админ","surname":"Системный","email":"admin@example.com","phone":"+71234567890","createdAt":"2026-01-22T09:33:33.991733Z","roleId":null,"role":null,"alarmEvents":[],"sentPartRequests":[],"receivedPartRequests":[],"sentShiftTransfers":[],"receivedShiftTransfers":[]},{"id":3,"login":"eva","encryptedPassword":"67","name":"Eva","surname":"EvaEva","email":"eva@eva.com","phone":"","createdAt":"2026-01-22T10:35:25.894086Z","roleId":null,"role":null,"alarmEvents":[],"sentPartRequests":[],"receivedPartRequests":[],"sentShiftTransfers":[],"receivedShiftTransfers":[]},{"id":2,"login":"adam","encryptedPassword":"5252","name":"adam","surname":"first","email":"g@g.com","phone":"","createdAt":"2026-01-22T09:41:42.056633Z","roleId":null,"role":null,"alarmEvents":[],"sentPartRequests":[],"receivedPartRequests":[],"sentShiftTransfers":[],"receivedShiftTransfers":[]}]
=======================================================

=======================================================
Timestamp: 2026-01-22T13:24:34.9230729Z
Method: GET
URL: /api/ShiftTransfers/user/3?sent=True
Status: 200
Duration: 17 ms
UserId: 
Client IP: ::1
User-Agent: 
Controller: ShiftTransfers, Action: GetByUser
Response Body: []
=======================================================

=======================================================
Timestamp: 2026-01-22T13:24:34.9611377Z
Method: GET
URL: /api/ShiftTransfers/pending/3
Status: 200
Duration: 18 ms
UserId: 
Client IP: ::1
User-Agent: 
Controller: ShiftTransfers, Action: GetPending
Response Body: []
=======================================================

=======================================================
Timestamp: 2026-01-22T13:24:45.0605729Z
Method: GET
URL: /hubs/notifications?id=yWc_Bfzc0dPWtO7FyyHRNA
Status: 101
Duration: 15853 ms
UserId: 
Client IP: ::1
User-Agent: Microsoft SignalR/8.0 (8.0.0+3f1acb59718cadf111a0a796681e3d3509bb3381; Windows NT; .NET; .NET 8.0.22)
=======================================================

=======================================================
Timestamp: 2026-01-22T13:32:06.1632812Z
Method: POST
URL: /api/Users/authenticate
Status: 200
Duration: 473 ms
UserId: 
Client IP: ::1
User-Agent: 
Controller: Users, Action: Authenticate
Response Body: {"message":"Login successful","user":{"id":2,"login":"adam","name":"adam","surname":"first","email":"g@g.com","phone":"","createdAt":"2026-01-22T09:41:42.056633Z","roleId":null,"role":null}}
=======================================================

=======================================================
Timestamp: 2026-01-22T13:32:06.2389447Z
Method: GET
URL: /api/user-permissions/check?userId=2&permissionCode=Admin
Status: 404
Duration: 0 ms
UserId: 
Client IP: ::1
User-Agent: 
=======================================================

=======================================================
Timestamp: 2026-01-22T13:32:06.5228742Z
Method: GET
URL: /api/user-permissions/user/2
Status: 404
Duration: 0 ms
UserId: 
Client IP: ::1
User-Agent: 
=======================================================

=======================================================
Timestamp: 2026-01-22T13:32:06.7252966Z
Method: POST
URL: /hubs/notifications/negotiate?negotiateVersion=1
Status: 200
Duration: 0 ms
UserId: 
Client IP: ::1
User-Agent: Microsoft SignalR/8.0 (8.0.0+3f1acb59718cadf111a0a796681e3d3509bb3381; Windows NT; .NET; .NET 8.0.22)
Response Body: {"negotiateVersion":1,"connectionId":"nHoK1BEjgdpEA3K89XqRrg","connectionToken":"FFILC7NELy8EvfqVCc0nNw","availableTransports":[{"transport":"WebSockets","transferFormats":["Text","Binary"]},{"transport":"ServerSentEvents","transferFormats":["Text"]},{"transport":"LongPolling","transferFormats":["Text","Binary"]}]}
=======================================================

=======================================================
Timestamp: 2026-01-22T13:32:12.7892715Z
Method: POST
URL: /api/Users/authenticate
Status: 200
Duration: 13 ms
UserId: 
Client IP: ::ffff:192.168.0.136
User-Agent: Dalvik/2.1.0 (Linux; U; Android 12; CTR-L91 Build/HUAWEICTR-L91)
Controller: Users, Action: Authenticate
Response Body: {"message":"Login successful","user":{"id":3,"login":"eva","name":"Eva","surname":"EvaEva","email":"eva@eva.com","phone":"","createdAt":"2026-01-22T10:35:25.894086Z","roleId":null,"role":null}}
=======================================================

=======================================================
Timestamp: 2026-01-22T13:32:13.0996043Z
Method: GET
URL: /api/user-permissions/check?userId=3&permissionCode=Admin
Status: 404
Duration: 0 ms
UserId: 
Client IP: ::ffff:192.168.0.136
User-Agent: Dalvik/2.1.0 (Linux; U; Android 12; CTR-L91 Build/HUAWEICTR-L91)
=======================================================

=======================================================
Timestamp: 2026-01-22T13:32:13.2236347Z
Method: GET
URL: /api/user-permissions/user/3
Status: 404
Duration: 0 ms
UserId: 
Client IP: ::ffff:192.168.0.136
User-Agent: Dalvik/2.1.0 (Linux; U; Android 12; CTR-L91 Build/HUAWEICTR-L91)
=======================================================

=======================================================
Timestamp: 2026-01-22T13:32:17.1304145Z
Method: GET
URL: /api/users
Status: 200
Duration: 2 ms
UserId: 
Client IP: ::1
User-Agent: 
Controller: Users, Action: GetAll
Response Body: [{"id":4,"login":"thegod","encryptedPassword":"$2a$11$JncHAzVv43Z0ocmpIBBA1OFjX/Afp7pVPcGG7sNHfNaCnyrFQSX72","name":"Бог","surname":"Один","email":"d@d.com","phone":"","createdAt":"2026-01-22T11:03:59.551634Z","roleId":3,"role":{"id":3,"name":"Старший экструзионщик","code":"SeniorExtruder","description":"Замещение администратора","rank":3},"alarmEvents":[],"sentPartRequests":[],"receivedPartRequests":[],"sentShiftTransfers":[],"receivedShiftTransfers":[]},{"id":5,"login":"user","encryptedPassword":"$2a$11$mHnvmUYeNwuqwyvUnZLFOOzIKWPYdIavEsmeRU.l4W6mI5EkHxLdq","name":"польз","surname":"да","email":"i@user.co","phone":"","createdAt":"2026-01-22T12:20:09.023047Z","roleId":null,"role":null,"alarmEvents":[],"sentPartRequests":[],"receivedPartRequests":[],"sentShiftTransfers":[],"receivedShiftTransfers":[]},{"id":1,"login":"admin","encryptedPassword":"admin","name":"Админ","surname":"Системный","email":"admin@example.com","phone":"+71234567890","createdAt":"2026-01-22T09:33:33.991733Z","roleId":null,"role":null,"alarmEvents":[],"sentPartRequests":[],"receivedPartRequests":[],"sentShiftTransfers":[],"receivedShiftTransfers":[]},{"id":3,"login":"eva","encryptedPassword":"67","name":"Eva","surname":"EvaEva","email":"eva@eva.com","phone":"","createdAt":"2026-01-22T10:35:25.894086Z","roleId":null,"role":null,"alarmEvents":[],"sentPartRequests":[],"receivedPartRequests":[],"sentShiftTransfers":[],"receivedShiftTransfers":[]},{"id":2,"login":"adam","encryptedPassword":"5252","name":"adam","surname":"first","email":"g@g.com","phone":"","createdAt":"2026-01-22T09:41:42.056633Z","roleId":null,"role":null,"alarmEvents":[],"sentPartRequests":[],"receivedPartRequests":[],"sentShiftTransfers":[],"receivedShiftTransfers":[]}]
=======================================================

=======================================================
Timestamp: 2026-01-22T13:32:17.2987578Z
Method: GET
URL: /api/ShiftTransfers/user/2?sent=True
Status: 200
Duration: 3 ms
UserId: 
Client IP: ::1
User-Agent: 
Controller: ShiftTransfers, Action: GetByUser
Response Body: []
=======================================================

=======================================================
Timestamp: 2026-01-22T13:32:17.3866811Z
Method: GET
URL: /api/ShiftTransfers/pending/2
Status: 200
Duration: 2 ms
UserId: 
Client IP: ::1
User-Agent: 
Controller: ShiftTransfers, Action: GetPending
Response Body: []
=======================================================

=======================================================
Timestamp: 2026-01-22T13:32:23.7473256Z
Method: POST
URL: /api/ShiftTransfers
Status: 201
Duration: 247 ms
UserId: 
Client IP: ::1
User-Agent: 
Controller: ShiftTransfers, Action: CreateShiftTransfer
Response Body: {"message":"ShiftTransfer created successfully","transfer":{"id":1,"fromUserId":2,"toUserId":3,"transferDate":"2026-01-22T13:32:23.4798582Z","isConfirmed":false}}
=======================================================

=======================================================
Timestamp: 2026-01-22T13:32:29.7550517Z
Method: GET
URL: /api/users
Status: 200
Duration: 2 ms
UserId: 
Client IP: ::ffff:192.168.0.136
User-Agent: Dalvik/2.1.0 (Linux; U; Android 12; CTR-L91 Build/HUAWEICTR-L91)
Controller: Users, Action: GetAll
Response Body: [{"id":4,"login":"thegod","encryptedPassword":"$2a$11$JncHAzVv43Z0ocmpIBBA1OFjX/Afp7pVPcGG7sNHfNaCnyrFQSX72","name":"Бог","surname":"Один","email":"d@d.com","phone":"","createdAt":"2026-01-22T11:03:59.551634Z","roleId":3,"role":{"id":3,"name":"Старший экструзионщик","code":"SeniorExtruder","description":"Замещение администратора","rank":3},"alarmEvents":[],"sentPartRequests":[],"receivedPartRequests":[],"sentShiftTransfers":[],"receivedShiftTransfers":[]},{"id":5,"login":"user","encryptedPassword":"$2a$11$mHnvmUYeNwuqwyvUnZLFOOzIKWPYdIavEsmeRU.l4W6mI5EkHxLdq","name":"польз","surname":"да","email":"i@user.co","phone":"","createdAt":"2026-01-22T12:20:09.023047Z","roleId":null,"role":null,"alarmEvents":[],"sentPartRequests":[],"receivedPartRequests":[],"sentShiftTransfers":[],"receivedShiftTransfers":[]},{"id":1,"login":"admin","encryptedPassword":"admin","name":"Админ","surname":"Системный","email":"admin@example.com","phone":"+71234567890","createdAt":"2026-01-22T09:33:33.991733Z","roleId":null,"role":null,"alarmEvents":[],"sentPartRequests":[],"receivedPartRequests":[],"sentShiftTransfers":[],"receivedShiftTransfers":[]},{"id":3,"login":"eva","encryptedPassword":"67","name":"Eva","surname":"EvaEva","email":"eva@eva.com","phone":"","createdAt":"2026-01-22T10:35:25.894086Z","roleId":null,"role":null,"alarmEvents":[],"sentPartRequests":[],"receivedPartRequests":[],"sentShiftTransfers":[],"receivedShiftTransfers":[]},{"id":2,"login":"adam","encryptedPassword":"5252","name":"adam","surname":"first","email":"g@g.com","phone":"","createdAt":"2026-01-22T09:41:42.056633Z","roleId":null,"role":null,"alarmEvents":[],"sentPartRequests":[],"receivedPartRequests":[],"sentShiftTransfers":[],"receivedShiftTransfers":[]}]
=======================================================

=======================================================
Timestamp: 2026-01-22T13:32:29.9094812Z
Method: GET
URL: /api/ShiftTransfers/user/3?sent=True
Status: 200
Duration: 2 ms
UserId: 
Client IP: ::ffff:192.168.0.136
User-Agent: Dalvik/2.1.0 (Linux; U; Android 12; CTR-L91 Build/HUAWEICTR-L91)
Controller: ShiftTransfers, Action: GetByUser
Response Body: []
=======================================================

=======================================================
Timestamp: 2026-01-22T13:32:29.9468003Z
Method: GET
URL: /api/ShiftTransfers/pending/3
Status: 200
Duration: 2 ms
UserId: 
Client IP: ::ffff:192.168.0.136
User-Agent: Dalvik/2.1.0 (Linux; U; Android 12; CTR-L91 Build/HUAWEICTR-L91)
Controller: ShiftTransfers, Action: GetPending
Response Body: [{"id":1,"fromUserId":2,"toUserId":3,"transferDate":"2026-01-22T13:32:23.479858Z","isConfirmed":false}]
=======================================================

=======================================================
Timestamp: 2026-01-22T13:32:35.5607553Z
Method: POST
URL: /api/ShiftTransfers/1/confirm
Status: 200
Duration: 58 ms
UserId: 
Client IP: ::ffff:192.168.0.136
User-Agent: Dalvik/2.1.0 (Linux; U; Android 12; CTR-L91 Build/HUAWEICTR-L91)
Controller: ShiftTransfers, Action: Confirm
Response Body: {"message":"ShiftTransfer confirmed successfully","transfer":{"id":1,"fromUserId":2,"toUserId":3,"transferDate":"2026-01-22T13:32:23.479858Z","isConfirmed":true}}
=======================================================

=======================================================
Timestamp: 2026-01-22T13:32:41.6658829Z
Method: GET
URL: /api/ShiftTransfers/user/2?sent=True
Status: 200
Duration: 3 ms
UserId: 
Client IP: ::1
User-Agent: 
Controller: ShiftTransfers, Action: GetByUser
Response Body: [{"id":1,"fromUserId":2,"toUserId":3,"transferDate":"2026-01-22T13:32:23.479858Z","isConfirmed":true}]
=======================================================

=======================================================
Timestamp: 2026-01-22T13:32:41.7760031Z
Method: GET
URL: /api/ShiftTransfers/pending/2
Status: 200
Duration: 3 ms
UserId: 
Client IP: ::1
User-Agent: 
Controller: ShiftTransfers, Action: GetPending
Response Body: []
=======================================================

=======================================================
Timestamp: 2026-01-22T13:32:48.1277092Z
Method: GET
URL: /api/ShiftTransfers/user/3?sent=True
Status: 200
Duration: 3 ms
UserId: 
Client IP: ::ffff:192.168.0.136
User-Agent: Dalvik/2.1.0 (Linux; U; Android 12; CTR-L91 Build/HUAWEICTR-L91)
Controller: ShiftTransfers, Action: GetByUser
Response Body: []
=======================================================

=======================================================
Timestamp: 2026-01-22T13:32:48.2327268Z
Method: GET
URL: /api/ShiftTransfers/pending/3
Status: 200
Duration: 3 ms
UserId: 
Client IP: ::ffff:192.168.0.136
User-Agent: Dalvik/2.1.0 (Linux; U; Android 12; CTR-L91 Build/HUAWEICTR-L91)
Controller: ShiftTransfers, Action: GetPending
Response Body: []
=======================================================

=======================================================
Timestamp: 2026-01-22T13:35:25.7361767Z
Method: GET
URL: /api/users
Status: 200
Duration: 2 ms
UserId: 
Client IP: ::1
User-Agent: 
Controller: Users, Action: GetAll
Response Body: [{"id":4,"login":"thegod","encryptedPassword":"$2a$11$JncHAzVv43Z0ocmpIBBA1OFjX/Afp7pVPcGG7sNHfNaCnyrFQSX72","name":"Бог","surname":"Один","email":"d@d.com","phone":"","createdAt":"2026-01-22T11:03:59.551634Z","roleId":3,"role":{"id":3,"name":"Старший экструзионщик","code":"SeniorExtruder","description":"Замещение администратора","rank":3},"alarmEvents":[],"sentPartRequests":[],"receivedPartRequests":[],"sentShiftTransfers":[],"receivedShiftTransfers":[]},{"id":5,"login":"user","encryptedPassword":"$2a$11$mHnvmUYeNwuqwyvUnZLFOOzIKWPYdIavEsmeRU.l4W6mI5EkHxLdq","name":"польз","surname":"да","email":"i@user.co","phone":"","createdAt":"2026-01-22T12:20:09.023047Z","roleId":null,"role":null,"alarmEvents":[],"sentPartRequests":[],"receivedPartRequests":[],"sentShiftTransfers":[],"receivedShiftTransfers":[]},{"id":1,"login":"admin","encryptedPassword":"admin","name":"Админ","surname":"Системный","email":"admin@example.com","phone":"+71234567890","createdAt":"2026-01-22T09:33:33.991733Z","roleId":null,"role":null,"alarmEvents":[],"sentPartRequests":[],"receivedPartRequests":[],"sentShiftTransfers":[],"receivedShiftTransfers":[]},{"id":3,"login":"eva","encryptedPassword":"67","name":"Eva","surname":"EvaEva","email":"eva@eva.com","phone":"","createdAt":"2026-01-22T10:35:25.894086Z","roleId":null,"role":null,"alarmEvents":[],"sentPartRequests":[],"receivedPartRequests":[],"sentShiftTransfers":[],"receivedShiftTransfers":[]},{"id":2,"login":"adam","encryptedPassword":"5252","name":"adam","surname":"first","email":"g@g.com","phone":"","createdAt":"2026-01-22T09:41:42.056633Z","roleId":null,"role":null,"alarmEvents":[],"sentPartRequests":[],"receivedPartRequests":[],"sentShiftTransfers":[],"receivedShiftTransfers":[]}]
=======================================================

=======================================================
Timestamp: 2026-01-22T13:35:25.8715520Z
Method: GET
URL: /api/warehouses
Status: 200
Duration: 384 ms
UserId: 
Client IP: ::1
User-Agent: 
Controller: Warehouses, Action: GetAll
Response Body: [{"id":1,"name":"Склад1","type":"Склад","isActive":true,"fromMovements":[],"toMovements":[],"fromRequests":[],"toRequests":[]}]
=======================================================

=======================================================
Timestamp: 2026-01-22T13:35:25.9625449Z
Method: GET
URL: /api/materials
Status: 200
Duration: 43 ms
UserId: 
Client IP: ::1
User-Agent: 
Controller: Materials, Action: GetAll
Response Body: [{"id":1,"name":"гранула","description":"","code":"1542365","measuringUnit":"т"}]
=======================================================

=======================================================
Timestamp: 2026-01-22T13:35:26.0388472Z
Method: GET
URL: /api/PartRequests/user/2?sent=False
Status: 200
Duration: 45 ms
UserId: 
Client IP: ::1
User-Agent: 
Controller: PartRequests, Action: GetByUser
Response Body: [{"id":1,"fromUserId":3,"toUserId":2,"fromWarehouseId":1,"toWarehouseId":1,"materialId":1,"quantity":15,"measuringType":"т","createdAt":"2026-01-22T12:55:22.590718Z","status":1},{"id":2,"fromUserId":3,"toUserId":2,"fromWarehouseId":1,"toWarehouseId":1,"materialId":1,"quantity":20,"measuringType":"т","createdAt":"2026-01-22T12:56:36.028821Z","status":2}]
=======================================================

=======================================================
Timestamp: 2026-01-22T13:35:26.0999861Z
Method: GET
URL: /api/PartRequests/user/2?sent=False
Status: 200
Duration: 80 ms
UserId: 
Client IP: ::1
User-Agent: 
Controller: PartRequests, Action: GetByUser
Response Body: [{"id":1,"fromUserId":3,"toUserId":2,"fromWarehouseId":1,"toWarehouseId":1,"materialId":1,"quantity":15,"measuringType":"т","createdAt":"2026-01-22T12:55:22.590718Z","status":1},{"id":2,"fromUserId":3,"toUserId":2,"fromWarehouseId":1,"toWarehouseId":1,"materialId":1,"quantity":20,"measuringType":"т","createdAt":"2026-01-22T12:56:36.028821Z","status":2}]
=======================================================

=======================================================
Timestamp: 2026-01-22T13:35:26.1171246Z
Method: GET
URL: /api/PartRequests/user/2?sent=True
Status: 200
Duration: 2 ms
UserId: 
Client IP: ::1
User-Agent: 
Controller: PartRequests, Action: GetByUser
Response Body: []
=======================================================

=======================================================
Timestamp: 2026-01-22T13:35:26.1188432Z
Method: GET
URL: /api/PartRequests/user/2?sent=True
Status: 200
Duration: 12 ms
UserId: 
Client IP: ::1
User-Agent: 
Controller: PartRequests, Action: GetByUser
Response Body: []
=======================================================

=======================================================
Timestamp: 2026-01-22T13:35:47.5812855Z
Method: GET
URL: /api/PartRequests/user/2?sent=False
Status: 200
Duration: 2 ms
UserId: 
Client IP: ::1
User-Agent: 
Controller: PartRequests, Action: GetByUser
Response Body: [{"id":1,"fromUserId":3,"toUserId":2,"fromWarehouseId":1,"toWarehouseId":1,"materialId":1,"quantity":15,"measuringType":"т","createdAt":"2026-01-22T12:55:22.590718Z","status":1},{"id":2,"fromUserId":3,"toUserId":2,"fromWarehouseId":1,"toWarehouseId":1,"materialId":1,"quantity":20,"measuringType":"т","createdAt":"2026-01-22T12:56:36.028821Z","status":2}]
=======================================================

=======================================================
Timestamp: 2026-01-22T13:35:47.5822667Z
Method: GET
URL: /api/PartRequests/user/2?sent=True
Status: 200
Duration: 3 ms
UserId: 
Client IP: ::1
User-Agent: 
Controller: PartRequests, Action: GetByUser
Response Body: []
=======================================================

=======================================================
Timestamp: 2026-01-22T13:35:47.6841957Z
Method: POST
URL: /api/PartRequests
Status: 201
Duration: 132 ms
UserId: 
Client IP: ::1
User-Agent: 
Controller: PartRequests, Action: CreatePartRequest
Response Body: {"message":"PartRequest created successfully","request":{"id":3,"fromUserId":2,"toUserId":3,"fromWarehouseId":1,"toWarehouseId":1,"materialId":1,"quantity":20,"measuringType":"т","createdAt":"2026-01-22T13:35:47.6598531Z","status":0}}
=======================================================

=======================================================
Timestamp: 2026-01-22T13:35:47.6914374Z
Method: GET
URL: /api/PartRequests/user/2?sent=False
Status: 200
Duration: 3 ms
UserId: 
Client IP: ::1
User-Agent: 
Controller: PartRequests, Action: GetByUser
Response Body: [{"id":1,"fromUserId":3,"toUserId":2,"fromWarehouseId":1,"toWarehouseId":1,"materialId":1,"quantity":15,"measuringType":"т","createdAt":"2026-01-22T12:55:22.590718Z","status":1},{"id":2,"fromUserId":3,"toUserId":2,"fromWarehouseId":1,"toWarehouseId":1,"materialId":1,"quantity":20,"measuringType":"т","createdAt":"2026-01-22T12:56:36.028821Z","status":2}]
=======================================================

=======================================================
Timestamp: 2026-01-22T13:35:47.6950389Z
Method: GET
URL: /api/PartRequests/user/2?sent=False
Status: 200
Duration: 3 ms
UserId: 
Client IP: ::1
User-Agent: 
Controller: PartRequests, Action: GetByUser
Response Body: [{"id":1,"fromUserId":3,"toUserId":2,"fromWarehouseId":1,"toWarehouseId":1,"materialId":1,"quantity":15,"measuringType":"т","createdAt":"2026-01-22T12:55:22.590718Z","status":1},{"id":2,"fromUserId":3,"toUserId":2,"fromWarehouseId":1,"toWarehouseId":1,"materialId":1,"quantity":20,"measuringType":"т","createdAt":"2026-01-22T12:56:36.028821Z","status":2}]
=======================================================

=======================================================
Timestamp: 2026-01-22T13:35:47.7000667Z
Method: GET
URL: /api/PartRequests/user/2?sent=True
Status: 200
Duration: 1 ms
UserId: 
Client IP: ::1
User-Agent: 
Controller: PartRequests, Action: GetByUser
Response Body: [{"id":3,"fromUserId":2,"toUserId":3,"fromWarehouseId":1,"toWarehouseId":1,"materialId":1,"quantity":20,"measuringType":"т","createdAt":"2026-01-22T13:35:47.659853Z","status":0}]
=======================================================

=======================================================
Timestamp: 2026-01-22T13:35:47.7189205Z
Method: GET
URL: /api/PartRequests/user/2?sent=True
Status: 200
Duration: 1 ms
UserId: 
Client IP: ::1
User-Agent: 
Controller: PartRequests, Action: GetByUser
Response Body: [{"id":3,"fromUserId":2,"toUserId":3,"fromWarehouseId":1,"toWarehouseId":1,"materialId":1,"quantity":20,"measuringType":"т","createdAt":"2026-01-22T13:35:47.659853Z","status":0}]
=======================================================

=======================================================
Timestamp: 2026-01-22T13:35:51.0796477Z
Method: GET
URL: /api/users
Status: 200
Duration: 2 ms
UserId: 
Client IP: ::ffff:192.168.0.136
User-Agent: Dalvik/2.1.0 (Linux; U; Android 12; CTR-L91 Build/HUAWEICTR-L91)
Controller: Users, Action: GetAll
Response Body: [{"id":4,"login":"thegod","encryptedPassword":"$2a$11$JncHAzVv43Z0ocmpIBBA1OFjX/Afp7pVPcGG7sNHfNaCnyrFQSX72","name":"Бог","surname":"Один","email":"d@d.com","phone":"","createdAt":"2026-01-22T11:03:59.551634Z","roleId":3,"role":{"id":3,"name":"Старший экструзионщик","code":"SeniorExtruder","description":"Замещение администратора","rank":3},"alarmEvents":[],"sentPartRequests":[],"receivedPartRequests":[],"sentShiftTransfers":[],"receivedShiftTransfers":[]},{"id":5,"login":"user","encryptedPassword":"$2a$11$mHnvmUYeNwuqwyvUnZLFOOzIKWPYdIavEsmeRU.l4W6mI5EkHxLdq","name":"польз","surname":"да","email":"i@user.co","phone":"","createdAt":"2026-01-22T12:20:09.023047Z","roleId":null,"role":null,"alarmEvents":[],"sentPartRequests":[],"receivedPartRequests":[],"sentShiftTransfers":[],"receivedShiftTransfers":[]},{"id":1,"login":"admin","encryptedPassword":"admin","name":"Админ","surname":"Системный","email":"admin@example.com","phone":"+71234567890","createdAt":"2026-01-22T09:33:33.991733Z","roleId":null,"role":null,"alarmEvents":[],"sentPartRequests":[],"receivedPartRequests":[],"sentShiftTransfers":[],"receivedShiftTransfers":[]},{"id":3,"login":"eva","encryptedPassword":"67","name":"Eva","surname":"EvaEva","email":"eva@eva.com","phone":"","createdAt":"2026-01-22T10:35:25.894086Z","roleId":null,"role":null,"alarmEvents":[],"sentPartRequests":[],"receivedPartRequests":[],"sentShiftTransfers":[],"receivedShiftTransfers":[]},{"id":2,"login":"adam","encryptedPassword":"5252","name":"adam","surname":"first","email":"g@g.com","phone":"","createdAt":"2026-01-22T09:41:42.056633Z","roleId":null,"role":null,"alarmEvents":[],"sentPartRequests":[],"receivedPartRequests":[],"sentShiftTransfers":[],"receivedShiftTransfers":[]}]
=======================================================

=======================================================
Timestamp: 2026-01-22T13:35:51.1723225Z
Method: GET
URL: /api/warehouses
Status: 200
Duration: 1 ms
UserId: 
Client IP: ::ffff:192.168.0.136
User-Agent: Dalvik/2.1.0 (Linux; U; Android 12; CTR-L91 Build/HUAWEICTR-L91)
Controller: Warehouses, Action: GetAll
Response Body: [{"id":1,"name":"Склад1","type":"Склад","isActive":true,"fromMovements":[],"toMovements":[],"fromRequests":[],"toRequests":[]}]
=======================================================

=======================================================
Timestamp: 2026-01-22T13:35:51.2165208Z
Method: GET
URL: /api/materials
Status: 200
Duration: 1 ms
UserId: 
Client IP: ::ffff:192.168.0.136
User-Agent: Dalvik/2.1.0 (Linux; U; Android 12; CTR-L91 Build/HUAWEICTR-L91)
Controller: Materials, Action: GetAll
Response Body: [{"id":1,"name":"гранула","description":"","code":"1542365","measuringUnit":"т"}]
=======================================================

=======================================================
Timestamp: 2026-01-22T13:35:51.2561211Z
Method: GET
URL: /api/PartRequests/user/3?sent=False
Status: 200
Duration: 2 ms
UserId: 
Client IP: ::ffff:192.168.0.136
User-Agent: Dalvik/2.1.0 (Linux; U; Android 12; CTR-L91 Build/HUAWEICTR-L91)
Controller: PartRequests, Action: GetByUser
Response Body: [{"id":3,"fromUserId":2,"toUserId":3,"fromWarehouseId":1,"toWarehouseId":1,"materialId":1,"quantity":20,"measuringType":"т","createdAt":"2026-01-22T13:35:47.659853Z","status":0}]
=======================================================

=======================================================
Timestamp: 2026-01-22T13:35:51.2623033Z
Method: GET
URL: /api/PartRequests/user/3?sent=False
Status: 200
Duration: 1 ms
UserId: 
Client IP: ::ffff:192.168.0.136
User-Agent: Dalvik/2.1.0 (Linux; U; Android 12; CTR-L91 Build/HUAWEICTR-L91)
Controller: PartRequests, Action: GetByUser
Response Body: [{"id":3,"fromUserId":2,"toUserId":3,"fromWarehouseId":1,"toWarehouseId":1,"materialId":1,"quantity":20,"measuringType":"т","createdAt":"2026-01-22T13:35:47.659853Z","status":0}]
=======================================================

=======================================================
Timestamp: 2026-01-22T13:35:51.2934042Z
Method: GET
URL: /api/PartRequests/user/3?sent=True
Status: 200
Duration: 2 ms
UserId: 
Client IP: ::ffff:192.168.0.136
User-Agent: Dalvik/2.1.0 (Linux; U; Android 12; CTR-L91 Build/HUAWEICTR-L91)
Controller: PartRequests, Action: GetByUser
Response Body: [{"id":1,"fromUserId":3,"toUserId":2,"fromWarehouseId":1,"toWarehouseId":1,"materialId":1,"quantity":15,"measuringType":"т","createdAt":"2026-01-22T12:55:22.590718Z","status":1},{"id":2,"fromUserId":3,"toUserId":2,"fromWarehouseId":1,"toWarehouseId":1,"materialId":1,"quantity":20,"measuringType":"т","createdAt":"2026-01-22T12:56:36.028821Z","status":2}]
=======================================================

=======================================================
Timestamp: 2026-01-22T13:35:51.3503573Z
Method: GET
URL: /api/PartRequests/user/3?sent=True
Status: 200
Duration: 1 ms
UserId: 
Client IP: ::ffff:192.168.0.136
User-Agent: Dalvik/2.1.0 (Linux; U; Android 12; CTR-L91 Build/HUAWEICTR-L91)
Controller: PartRequests, Action: GetByUser
Response Body: [{"id":1,"fromUserId":3,"toUserId":2,"fromWarehouseId":1,"toWarehouseId":1,"materialId":1,"quantity":15,"measuringType":"т","createdAt":"2026-01-22T12:55:22.590718Z","status":1},{"id":2,"fromUserId":3,"toUserId":2,"fromWarehouseId":1,"toWarehouseId":1,"materialId":1,"quantity":20,"measuringType":"т","createdAt":"2026-01-22T12:56:36.028821Z","status":2}]
=======================================================

=======================================================
Timestamp: 2026-01-22T13:36:02.1898004Z
Method: GET
URL: /api/PartRequests/user/3?sent=False
Status: 200
Duration: 2 ms
UserId: 
Client IP: ::ffff:192.168.0.136
User-Agent: Dalvik/2.1.0 (Linux; U; Android 12; CTR-L91 Build/HUAWEICTR-L91)
Controller: PartRequests, Action: GetByUser
Response Body: [{"id":3,"fromUserId":2,"toUserId":3,"fromWarehouseId":1,"toWarehouseId":1,"materialId":1,"quantity":20,"measuringType":"т","createdAt":"2026-01-22T13:35:47.659853Z","status":0}]
=======================================================

=======================================================
Timestamp: 2026-01-22T13:36:02.2093950Z
Method: GET
URL: /api/PartRequests/user/3?sent=True
Status: 200
Duration: 1 ms
UserId: 
Client IP: ::ffff:192.168.0.136
User-Agent: Dalvik/2.1.0 (Linux; U; Android 12; CTR-L91 Build/HUAWEICTR-L91)
Controller: PartRequests, Action: GetByUser
Response Body: [{"id":1,"fromUserId":3,"toUserId":2,"fromWarehouseId":1,"toWarehouseId":1,"materialId":1,"quantity":15,"measuringType":"т","createdAt":"2026-01-22T12:55:22.590718Z","status":1},{"id":2,"fromUserId":3,"toUserId":2,"fromWarehouseId":1,"toWarehouseId":1,"materialId":1,"quantity":20,"measuringType":"т","createdAt":"2026-01-22T12:56:36.028821Z","status":2}]
=======================================================

=======================================================
Timestamp: 2026-01-22T13:36:02.2121872Z
Method: POST
URL: /api/PartRequests/3/approve
Status: 200
Duration: 25 ms
UserId: 
Client IP: ::ffff:192.168.0.136
User-Agent: Dalvik/2.1.0 (Linux; U; Android 12; CTR-L91 Build/HUAWEICTR-L91)
Controller: PartRequests, Action: Approve
Response Body: {"message":"PartRequest approved successfully","request":{"id":3,"fromUserId":2,"toUserId":3,"fromWarehouseId":1,"toWarehouseId":1,"materialId":1,"quantity":20,"measuringType":"т","createdAt":"2026-01-22T13:35:47.659853Z","status":1}}
=======================================================

=======================================================
Timestamp: 2026-01-22T13:36:02.2547904Z
Method: GET
URL: /api/PartRequests/user/3?sent=False
Status: 200
Duration: 2 ms
UserId: 
Client IP: ::ffff:192.168.0.136
User-Agent: Dalvik/2.1.0 (Linux; U; Android 12; CTR-L91 Build/HUAWEICTR-L91)
Controller: PartRequests, Action: GetByUser
Response Body: [{"id":3,"fromUserId":2,"toUserId":3,"fromWarehouseId":1,"toWarehouseId":1,"materialId":1,"quantity":20,"measuringType":"т","createdAt":"2026-01-22T13:35:47.659853Z","status":1}]
=======================================================

=======================================================
Timestamp: 2026-01-22T13:36:02.2555860Z
Method: GET
URL: /api/PartRequests/user/3?sent=False
Status: 200
Duration: 1 ms
UserId: 
Client IP: ::ffff:192.168.0.136
User-Agent: Dalvik/2.1.0 (Linux; U; Android 12; CTR-L91 Build/HUAWEICTR-L91)
Controller: PartRequests, Action: GetByUser
Response Body: [{"id":3,"fromUserId":2,"toUserId":3,"fromWarehouseId":1,"toWarehouseId":1,"materialId":1,"quantity":20,"measuringType":"т","createdAt":"2026-01-22T13:35:47.659853Z","status":1}]
=======================================================

=======================================================
Timestamp: 2026-01-22T13:36:02.3138214Z
Method: GET
URL: /api/PartRequests/user/3?sent=True
Status: 200
Duration: 1 ms
UserId: 
Client IP: ::ffff:192.168.0.136
User-Agent: Dalvik/2.1.0 (Linux; U; Android 12; CTR-L91 Build/HUAWEICTR-L91)
Controller: PartRequests, Action: GetByUser
Response Body: [{"id":1,"fromUserId":3,"toUserId":2,"fromWarehouseId":1,"toWarehouseId":1,"materialId":1,"quantity":15,"measuringType":"т","createdAt":"2026-01-22T12:55:22.590718Z","status":1},{"id":2,"fromUserId":3,"toUserId":2,"fromWarehouseId":1,"toWarehouseId":1,"materialId":1,"quantity":20,"measuringType":"т","createdAt":"2026-01-22T12:56:36.028821Z","status":2}]
=======================================================

=======================================================
Timestamp: 2026-01-22T13:36:02.3144487Z
Method: GET
URL: /api/PartRequests/user/3?sent=True
Status: 200
Duration: 1 ms
UserId: 
Client IP: ::ffff:192.168.0.136
User-Agent: Dalvik/2.1.0 (Linux; U; Android 12; CTR-L91 Build/HUAWEICTR-L91)
Controller: PartRequests, Action: GetByUser
Response Body: [{"id":1,"fromUserId":3,"toUserId":2,"fromWarehouseId":1,"toWarehouseId":1,"materialId":1,"quantity":15,"measuringType":"т","createdAt":"2026-01-22T12:55:22.590718Z","status":1},{"id":2,"fromUserId":3,"toUserId":2,"fromWarehouseId":1,"toWarehouseId":1,"materialId":1,"quantity":20,"measuringType":"т","createdAt":"2026-01-22T12:56:36.028821Z","status":2}]
=======================================================

=======================================================
Timestamp: 2026-01-22T13:36:04.8304906Z
Method: GET
URL: /api/PartRequests/user/2?sent=False
Status: 200
Duration: 2 ms
UserId: 
Client IP: ::1
User-Agent: 
Controller: PartRequests, Action: GetByUser
Response Body: [{"id":1,"fromUserId":3,"toUserId":2,"fromWarehouseId":1,"toWarehouseId":1,"materialId":1,"quantity":15,"measuringType":"т","createdAt":"2026-01-22T12:55:22.590718Z","status":1},{"id":2,"fromUserId":3,"toUserId":2,"fromWarehouseId":1,"toWarehouseId":1,"materialId":1,"quantity":20,"measuringType":"т","createdAt":"2026-01-22T12:56:36.028821Z","status":2}]
=======================================================

=======================================================
Timestamp: 2026-01-22T13:36:04.8315567Z
Method: GET
URL: /api/PartRequests/user/2?sent=True
Status: 200
Duration: 1 ms
UserId: 
Client IP: ::1
User-Agent: 
Controller: PartRequests, Action: GetByUser
Response Body: [{"id":3,"fromUserId":2,"toUserId":3,"fromWarehouseId":1,"toWarehouseId":1,"materialId":1,"quantity":20,"measuringType":"т","createdAt":"2026-01-22T13:35:47.659853Z","status":1}]
=======================================================

=======================================================
Timestamp: 2026-01-22T13:36:04.8401192Z
Method: GET
URL: /api/PartRequests/user/2?sent=True
Status: 200
Duration: 4 ms
UserId: 
Client IP: ::1
User-Agent: 
Controller: PartRequests, Action: GetByUser
Response Body: [{"id":3,"fromUserId":2,"toUserId":3,"fromWarehouseId":1,"toWarehouseId":1,"materialId":1,"quantity":20,"measuringType":"т","createdAt":"2026-01-22T13:35:47.659853Z","status":1}]
=======================================================

=======================================================
Timestamp: 2026-01-22T13:43:15.0826578Z
Method: GET
URL: /api/warehouses
Status: 200
Duration: 73 ms
UserId: 
Client IP: ::1
User-Agent: 
Controller: Warehouses, Action: GetAll
Response Body: [{"id":1,"name":"Склад1","type":"Склад","isActive":true,"fromMovements":[],"toMovements":[],"fromRequests":[],"toRequests":[]}]
=======================================================

=======================================================
Timestamp: 2026-01-22T13:43:15.0837781Z
Method: GET
URL: /api/warehouses
Status: 200
Duration: 76 ms
UserId: 
Client IP: ::1
User-Agent: 
Controller: Warehouses, Action: GetAll
Response Body: [{"id":1,"name":"Склад1","type":"Склад","isActive":true,"fromMovements":[],"toMovements":[],"fromRequests":[],"toRequests":[]}]
=======================================================

=======================================================
Timestamp: 2026-01-22T13:43:58.2642746Z
Method: GET
URL: /api/materials
Status: 200
Duration: 3 ms
UserId: 
Client IP: ::1
User-Agent: 
Controller: Materials, Action: GetAll
Response Body: [{"id":1,"name":"гранула","description":"","code":"1542365","measuringUnit":"т"}]
=======================================================

=======================================================
Timestamp: 2026-01-22T13:43:58.2679244Z
Method: GET
URL: /api/warehouses
Status: 200
Duration: 1 ms
UserId: 
Client IP: ::1
User-Agent: 
Controller: Warehouses, Action: GetAll
Response Body: [{"id":1,"name":"Склад1","type":"Склад","isActive":true,"fromMovements":[],"toMovements":[],"fromRequests":[],"toRequests":[]}]
=======================================================

=======================================================
Timestamp: 2026-01-22T13:45:18.9747462Z
Method: GET
URL: /api/users
Status: 200
Duration: 2 ms
UserId: 
Client IP: ::1
User-Agent: 
Controller: Users, Action: GetAll
Response Body: [{"id":4,"login":"thegod","encryptedPassword":"$2a$11$JncHAzVv43Z0ocmpIBBA1OFjX/Afp7pVPcGG7sNHfNaCnyrFQSX72","name":"Бог","surname":"Один","email":"d@d.com","phone":"","createdAt":"2026-01-22T11:03:59.551634Z","roleId":3,"role":{"id":3,"name":"Старший экструзионщик","code":"SeniorExtruder","description":"Замещение администратора","rank":3},"alarmEvents":[],"sentPartRequests":[],"receivedPartRequests":[],"sentShiftTransfers":[],"receivedShiftTransfers":[]},{"id":5,"login":"user","encryptedPassword":"$2a$11$mHnvmUYeNwuqwyvUnZLFOOzIKWPYdIavEsmeRU.l4W6mI5EkHxLdq","name":"польз","surname":"да","email":"i@user.co","phone":"","createdAt":"2026-01-22T12:20:09.023047Z","roleId":null,"role":null,"alarmEvents":[],"sentPartRequests":[],"receivedPartRequests":[],"sentShiftTransfers":[],"receivedShiftTransfers":[]},{"id":1,"login":"admin","encryptedPassword":"admin","name":"Админ","surname":"Системный","email":"admin@example.com","phone":"+71234567890","createdAt":"2026-01-22T09:33:33.991733Z","roleId":null,"role":null,"alarmEvents":[],"sentPartRequests":[],"receivedPartRequests":[],"sentShiftTransfers":[],"receivedShiftTransfers":[]},{"id":3,"login":"eva","encryptedPassword":"67","name":"Eva","surname":"EvaEva","email":"eva@eva.com","phone":"","createdAt":"2026-01-22T10:35:25.894086Z","roleId":null,"role":null,"alarmEvents":[],"sentPartRequests":[],"receivedPartRequests":[],"sentShiftTransfers":[],"receivedShiftTransfers":[]},{"id":2,"login":"adam","encryptedPassword":"5252","name":"adam","surname":"first","email":"g@g.com","phone":"","createdAt":"2026-01-22T09:41:42.056633Z","roleId":null,"role":null,"alarmEvents":[],"sentPartRequests":[],"receivedPartRequests":[],"sentShiftTransfers":[],"receivedShiftTransfers":[]}]
=======================================================

=======================================================
Timestamp: 2026-01-22T13:45:19.0574584Z
Method: GET
URL: /api/PartRequests/user/2?sent=True
Status: 200
Duration: 71 ms
UserId: 
Client IP: ::1
User-Agent: 
Controller: PartRequests, Action: GetByUser
Response Body: [{"id":3,"fromUserId":2,"toUserId":3,"fromWarehouseId":1,"toWarehouseId":1,"materialId":1,"quantity":20,"measuringType":"т","createdAt":"2026-01-22T13:35:47.659853Z","status":1}]
=======================================================

=======================================================
Timestamp: 2026-01-22T13:46:17.5275802Z
Method: GET
URL: /api/users
Status: 200
Duration: 1 ms
UserId: 
Client IP: ::1
User-Agent: 
Controller: Users, Action: GetAll
Response Body: [{"id":4,"login":"thegod","encryptedPassword":"$2a$11$JncHAzVv43Z0ocmpIBBA1OFjX/Afp7pVPcGG7sNHfNaCnyrFQSX72","name":"Бог","surname":"Один","email":"d@d.com","phone":"","createdAt":"2026-01-22T11:03:59.551634Z","roleId":3,"role":{"id":3,"name":"Старший экструзионщик","code":"SeniorExtruder","description":"Замещение администратора","rank":3},"alarmEvents":[],"sentPartRequests":[],"receivedPartRequests":[],"sentShiftTransfers":[],"receivedShiftTransfers":[]},{"id":5,"login":"user","encryptedPassword":"$2a$11$mHnvmUYeNwuqwyvUnZLFOOzIKWPYdIavEsmeRU.l4W6mI5EkHxLdq","name":"польз","surname":"да","email":"i@user.co","phone":"","createdAt":"2026-01-22T12:20:09.023047Z","roleId":null,"role":null,"alarmEvents":[],"sentPartRequests":[],"receivedPartRequests":[],"sentShiftTransfers":[],"receivedShiftTransfers":[]},{"id":1,"login":"admin","encryptedPassword":"admin","name":"Админ","surname":"Системный","email":"admin@example.com","phone":"+71234567890","createdAt":"2026-01-22T09:33:33.991733Z","roleId":null,"role":null,"alarmEvents":[],"sentPartRequests":[],"receivedPartRequests":[],"sentShiftTransfers":[],"receivedShiftTransfers":[]},{"id":3,"login":"eva","encryptedPassword":"67","name":"Eva","surname":"EvaEva","email":"eva@eva.com","phone":"","createdAt":"2026-01-22T10:35:25.894086Z","roleId":null,"role":null,"alarmEvents":[],"sentPartRequests":[],"receivedPartRequests":[],"sentShiftTransfers":[],"receivedShiftTransfers":[]},{"id":2,"login":"adam","encryptedPassword":"5252","name":"adam","surname":"first","email":"g@g.com","phone":"","createdAt":"2026-01-22T09:41:42.056633Z","roleId":null,"role":null,"alarmEvents":[],"sentPartRequests":[],"receivedPartRequests":[],"sentShiftTransfers":[],"receivedShiftTransfers":[]}]
=======================================================

=======================================================
Timestamp: 2026-01-22T13:46:17.5315657Z
Method: GET
URL: /api/warehouses
Status: 200
Duration: 2 ms
UserId: 
Client IP: ::1
User-Agent: 
Controller: Warehouses, Action: GetAll
Response Body: [{"id":1,"name":"Склад1","type":"Склад","isActive":true,"fromMovements":[],"toMovements":[],"fromRequests":[],"toRequests":[]}]
=======================================================

=======================================================
Timestamp: 2026-01-22T13:46:17.5378037Z
Method: GET
URL: /api/users
Status: 200
Duration: 2 ms
UserId: 
Client IP: ::1
User-Agent: 
Controller: Users, Action: GetAll
Response Body: [{"id":4,"login":"thegod","encryptedPassword":"$2a$11$JncHAzVv43Z0ocmpIBBA1OFjX/Afp7pVPcGG7sNHfNaCnyrFQSX72","name":"Бог","surname":"Один","email":"d@d.com","phone":"","createdAt":"2026-01-22T11:03:59.551634Z","roleId":3,"role":{"id":3,"name":"Старший экструзионщик","code":"SeniorExtruder","description":"Замещение администратора","rank":3},"alarmEvents":[],"sentPartRequests":[],"receivedPartRequests":[],"sentShiftTransfers":[],"receivedShiftTransfers":[]},{"id":5,"login":"user","encryptedPassword":"$2a$11$mHnvmUYeNwuqwyvUnZLFOOzIKWPYdIavEsmeRU.l4W6mI5EkHxLdq","name":"польз","surname":"да","email":"i@user.co","phone":"","createdAt":"2026-01-22T12:20:09.023047Z","roleId":null,"role":null,"alarmEvents":[],"sentPartRequests":[],"receivedPartRequests":[],"sentShiftTransfers":[],"receivedShiftTransfers":[]},{"id":1,"login":"admin","encryptedPassword":"admin","name":"Админ","surname":"Системный","email":"admin@example.com","phone":"+71234567890","createdAt":"2026-01-22T09:33:33.991733Z","roleId":null,"role":null,"alarmEvents":[],"sentPartRequests":[],"receivedPartRequests":[],"sentShiftTransfers":[],"receivedShiftTransfers":[]},{"id":3,"login":"eva","encryptedPassword":"67","name":"Eva","surname":"EvaEva","email":"eva@eva.com","phone":"","createdAt":"2026-01-22T10:35:25.894086Z","roleId":null,"role":null,"alarmEvents":[],"sentPartRequests":[],"receivedPartRequests":[],"sentShiftTransfers":[],"receivedShiftTransfers":[]},{"id":2,"login":"adam","encryptedPassword":"5252","name":"adam","surname":"first","email":"g@g.com","phone":"","createdAt":"2026-01-22T09:41:42.056633Z","roleId":null,"role":null,"alarmEvents":[],"sentPartRequests":[],"receivedPartRequests":[],"sentShiftTransfers":[],"receivedShiftTransfers":[]}]
=======================================================

=======================================================
Timestamp: 2026-01-22T13:46:17.7269497Z
Method: GET
URL: /api/warehouses
Status: 200
Duration: 1 ms
UserId: 
Client IP: ::1
User-Agent: 
Controller: Warehouses, Action: GetAll
Response Body: [{"id":1,"name":"Склад1","type":"Склад","isActive":true,"fromMovements":[],"toMovements":[],"fromRequests":[],"toRequests":[]}]
=======================================================

=======================================================
Timestamp: 2026-01-22T13:46:17.7279604Z
Method: GET
URL: /api/users
Status: 200
Duration: 3 ms
UserId: 
Client IP: ::1
User-Agent: 
Controller: Users, Action: GetAll
Response Body: [{"id":4,"login":"thegod","encryptedPassword":"$2a$11$JncHAzVv43Z0ocmpIBBA1OFjX/Afp7pVPcGG7sNHfNaCnyrFQSX72","name":"Бог","surname":"Один","email":"d@d.com","phone":"","createdAt":"2026-01-22T11:03:59.551634Z","roleId":3,"role":{"id":3,"name":"Старший экструзионщик","code":"SeniorExtruder","description":"Замещение администратора","rank":3},"alarmEvents":[],"sentPartRequests":[],"receivedPartRequests":[],"sentShiftTransfers":[],"receivedShiftTransfers":[]},{"id":5,"login":"user","encryptedPassword":"$2a$11$mHnvmUYeNwuqwyvUnZLFOOzIKWPYdIavEsmeRU.l4W6mI5EkHxLdq","name":"польз","surname":"да","email":"i@user.co","phone":"","createdAt":"2026-01-22T12:20:09.023047Z","roleId":null,"role":null,"alarmEvents":[],"sentPartRequests":[],"receivedPartRequests":[],"sentShiftTransfers":[],"receivedShiftTransfers":[]},{"id":1,"login":"admin","encryptedPassword":"admin","name":"Админ","surname":"Системный","email":"admin@example.com","phone":"+71234567890","createdAt":"2026-01-22T09:33:33.991733Z","roleId":null,"role":null,"alarmEvents":[],"sentPartRequests":[],"receivedPartRequests":[],"sentShiftTransfers":[],"receivedShiftTransfers":[]},{"id":3,"login":"eva","encryptedPassword":"67","name":"Eva","surname":"EvaEva","email":"eva@eva.com","phone":"","createdAt":"2026-01-22T10:35:25.894086Z","roleId":null,"role":null,"alarmEvents":[],"sentPartRequests":[],"receivedPartRequests":[],"sentShiftTransfers":[],"receivedShiftTransfers":[]},{"id":2,"login":"adam","encryptedPassword":"5252","name":"adam","surname":"first","email":"g@g.com","phone":"","createdAt":"2026-01-22T09:41:42.056633Z","roleId":null,"role":null,"alarmEvents":[],"sentPartRequests":[],"receivedPartRequests":[],"sentShiftTransfers":[],"receivedShiftTransfers":[]}]
=======================================================

=======================================================
Timestamp: 2026-01-22T13:46:17.7593617Z
Method: GET
URL: /api/Roles
Status: 200
Duration: 33 ms
UserId: 
Client IP: ::1
User-Agent: 
Controller: Roles, Action: GetAll
Response Body: [{"id":1,"name":"Владелец","code":"Owner","description":"Полный доступ","rank":1},{"id":2,"name":"Администратор","code":"Admin","description":"Руководитель предприятия","rank":2},{"id":3,"name":"Старший экструзионщик","code":"SeniorExtruder","description":"Замещение администратора","rank":3},{"id":4,"name":"Старший кладовщик","code":"SeniorWarehouseman","description":"Склады и цеха","rank":3},{"id":5,"name":"Кладовщик готовой продукции","code":"FinishedGoodsWarehouseman","description":"Склад готовой продукции","rank":3},{"id":6,"name":"Экструзионщик","code":"Extruder","description":"Производство","rank":4},{"id":7,"name":"Кладовщик","code":"Warehouseman","description":"Склад","rank":4},{"id":8,"name":"Покрасочник","code":"Painter","description":"Цех покраски","rank":4},{"id":9,"name":"Старшая упаковщица","code":"SeniorPacker","description":"Упаковка","rank":4},{"id":10,"name":"ТПА","code":"TPA","description":"ТПА","rank":4},{"id":11,"name":"Утиль","code":"Utilization","description":"Цех утилизации","rank":4}]
=======================================================

=======================================================
Timestamp: 2026-01-22T13:48:14.3645324Z
Method: GET
URL: /api/warehouses
Status: 200
Duration: 2 ms
UserId: 
Client IP: ::1
User-Agent: 
Controller: Warehouses, Action: GetAll
Response Body: [{"id":1,"name":"Склад1","type":"Склад","isActive":true,"fromMovements":[],"toMovements":[],"fromRequests":[],"toRequests":[]}]
=======================================================

=======================================================
Timestamp: 2026-01-22T13:48:14.3700326Z
Method: GET
URL: /api/users
Status: 200
Duration: 1 ms
UserId: 
Client IP: ::1
User-Agent: 
Controller: Users, Action: GetAll
Response Body: [{"id":4,"login":"thegod","encryptedPassword":"$2a$11$JncHAzVv43Z0ocmpIBBA1OFjX/Afp7pVPcGG7sNHfNaCnyrFQSX72","name":"Бог","surname":"Один","email":"d@d.com","phone":"","createdAt":"2026-01-22T11:03:59.551634Z","roleId":3,"role":{"id":3,"name":"Старший экструзионщик","code":"SeniorExtruder","description":"Замещение администратора","rank":3},"alarmEvents":[],"sentPartRequests":[],"receivedPartRequests":[],"sentShiftTransfers":[],"receivedShiftTransfers":[]},{"id":5,"login":"user","encryptedPassword":"$2a$11$mHnvmUYeNwuqwyvUnZLFOOzIKWPYdIavEsmeRU.l4W6mI5EkHxLdq","name":"польз","surname":"да","email":"i@user.co","phone":"","createdAt":"2026-01-22T12:20:09.023047Z","roleId":null,"role":null,"alarmEvents":[],"sentPartRequests":[],"receivedPartRequests":[],"sentShiftTransfers":[],"receivedShiftTransfers":[]},{"id":1,"login":"admin","encryptedPassword":"admin","name":"Админ","surname":"Системный","email":"admin@example.com","phone":"+71234567890","createdAt":"2026-01-22T09:33:33.991733Z","roleId":null,"role":null,"alarmEvents":[],"sentPartRequests":[],"receivedPartRequests":[],"sentShiftTransfers":[],"receivedShiftTransfers":[]},{"id":3,"login":"eva","encryptedPassword":"67","name":"Eva","surname":"EvaEva","email":"eva@eva.com","phone":"","createdAt":"2026-01-22T10:35:25.894086Z","roleId":null,"role":null,"alarmEvents":[],"sentPartRequests":[],"receivedPartRequests":[],"sentShiftTransfers":[],"receivedShiftTransfers":[]},{"id":2,"login":"adam","encryptedPassword":"5252","name":"adam","surname":"first","email":"g@g.com","phone":"","createdAt":"2026-01-22T09:41:42.056633Z","roleId":null,"role":null,"alarmEvents":[],"sentPartRequests":[],"receivedPartRequests":[],"sentShiftTransfers":[],"receivedShiftTransfers":[]}]
=======================================================

=======================================================
Timestamp: 2026-01-22T13:48:14.3717528Z
Method: GET
URL: /api/materials
Status: 200
Duration: 1 ms
UserId: 
Client IP: ::1
User-Agent: 
Controller: Materials, Action: GetAll
Response Body: [{"id":1,"name":"гранула","description":"","code":"1542365","measuringUnit":"т"}]
=======================================================

=======================================================
Timestamp: 2026-01-22T14:14:48.1563286Z
Method: GET
URL: /hubs/notifications?id=FFILC7NELy8EvfqVCc0nNw
Status: 101
Duration: 2560109 ms
UserId: 
Client IP: ::1
User-Agent: Microsoft SignalR/8.0 (8.0.0+3f1acb59718cadf111a0a796681e3d3509bb3381; Windows NT; .NET; .NET 8.0.22)
=======================================================

=======================================================
Timestamp: 2026-01-22T14:14:48.4682010Z
Method: POST
URL: /hubs/notifications/negotiate?negotiateVersion=1
Status: 200
Duration: 0 ms
UserId: 
Client IP: ::1
User-Agent: Microsoft SignalR/8.0 (8.0.0+3f1acb59718cadf111a0a796681e3d3509bb3381; Windows NT; .NET; .NET 8.0.22)
Response Body: {"negotiateVersion":1,"connectionId":"0fb9ky5DMZbBDGFmK5OQMA","connectionToken":"d0sbF5ajwKvxLaXKVRyAgA","availableTransports":[{"transport":"WebSockets","transferFormats":["Text","Binary"]},{"transport":"ServerSentEvents","transferFormats":["Text"]},{"transport":"LongPolling","transferFormats":["Text","Binary"]}]}
=======================================================

=======================================================
Timestamp: 2026-01-22T14:23:18.3174820Z
Method: GET
URL: /api/users
Status: 200
Duration: 76 ms
UserId: 
Client IP: ::ffff:192.168.0.136
User-Agent: Dalvik/2.1.0 (Linux; U; Android 12; CTR-L91 Build/HUAWEICTR-L91)
Controller: Users, Action: GetAll
Response Body: [{"id":4,"login":"thegod","encryptedPassword":"$2a$11$JncHAzVv43Z0ocmpIBBA1OFjX/Afp7pVPcGG7sNHfNaCnyrFQSX72","name":"Бог","surname":"Один","email":"d@d.com","phone":"","createdAt":"2026-01-22T11:03:59.551634Z","roleId":3,"role":{"id":3,"name":"Старший экструзионщик","code":"SeniorExtruder","description":"Замещение администратора","rank":3},"alarmEvents":[],"sentPartRequests":[],"receivedPartRequests":[],"sentShiftTransfers":[],"receivedShiftTransfers":[]},{"id":5,"login":"user","encryptedPassword":"$2a$11$mHnvmUYeNwuqwyvUnZLFOOzIKWPYdIavEsmeRU.l4W6mI5EkHxLdq","name":"польз","surname":"да","email":"i@user.co","phone":"","createdAt":"2026-01-22T12:20:09.023047Z","roleId":null,"role":null,"alarmEvents":[],"sentPartRequests":[],"receivedPartRequests":[],"sentShiftTransfers":[],"receivedShiftTransfers":[]},{"id":1,"login":"admin","encryptedPassword":"admin","name":"Админ","surname":"Системный","email":"admin@example.com","phone":"+71234567890","createdAt":"2026-01-22T09:33:33.991733Z","roleId":null,"role":null,"alarmEvents":[],"sentPartRequests":[],"receivedPartRequests":[],"sentShiftTransfers":[],"receivedShiftTransfers":[]},{"id":3,"login":"eva","encryptedPassword":"67","name":"Eva","surname":"EvaEva","email":"eva@eva.com","phone":"","createdAt":"2026-01-22T10:35:25.894086Z","roleId":null,"role":null,"alarmEvents":[],"sentPartRequests":[],"receivedPartRequests":[],"sentShiftTransfers":[],"receivedShiftTransfers":[]},{"id":2,"login":"adam","encryptedPassword":"5252","name":"adam","surname":"first","email":"g@g.com","phone":"","createdAt":"2026-01-22T09:41:42.056633Z","roleId":null,"role":null,"alarmEvents":[],"sentPartRequests":[],"receivedPartRequests":[],"sentShiftTransfers":[],"receivedShiftTransfers":[]}]
=======================================================

=======================================================
Timestamp: 2026-01-22T14:23:18.3181261Z
Method: GET
URL: /api/users
Status: 200
Duration: 59 ms
UserId: 
Client IP: ::ffff:192.168.0.136
User-Agent: Dalvik/2.1.0 (Linux; U; Android 12; CTR-L91 Build/HUAWEICTR-L91)
Controller: Users, Action: GetAll
Response Body: [{"id":4,"login":"thegod","encryptedPassword":"$2a$11$JncHAzVv43Z0ocmpIBBA1OFjX/Afp7pVPcGG7sNHfNaCnyrFQSX72","name":"Бог","surname":"Один","email":"d@d.com","phone":"","createdAt":"2026-01-22T11:03:59.551634Z","roleId":3,"role":{"id":3,"name":"Старший экструзионщик","code":"SeniorExtruder","description":"Замещение администратора","rank":3},"alarmEvents":[],"sentPartRequests":[],"receivedPartRequests":[],"sentShiftTransfers":[],"receivedShiftTransfers":[]},{"id":5,"login":"user","encryptedPassword":"$2a$11$mHnvmUYeNwuqwyvUnZLFOOzIKWPYdIavEsmeRU.l4W6mI5EkHxLdq","name":"польз","surname":"да","email":"i@user.co","phone":"","createdAt":"2026-01-22T12:20:09.023047Z","roleId":null,"role":null,"alarmEvents":[],"sentPartRequests":[],"receivedPartRequests":[],"sentShiftTransfers":[],"receivedShiftTransfers":[]},{"id":1,"login":"admin","encryptedPassword":"admin","name":"Админ","surname":"Системный","email":"admin@example.com","phone":"+71234567890","createdAt":"2026-01-22T09:33:33.991733Z","roleId":null,"role":null,"alarmEvents":[],"sentPartRequests":[],"receivedPartRequests":[],"sentShiftTransfers":[],"receivedShiftTransfers":[]},{"id":3,"login":"eva","encryptedPassword":"67","name":"Eva","surname":"EvaEva","email":"eva@eva.com","phone":"","createdAt":"2026-01-22T10:35:25.894086Z","roleId":null,"role":null,"alarmEvents":[],"sentPartRequests":[],"receivedPartRequests":[],"sentShiftTransfers":[],"receivedShiftTransfers":[]},{"id":2,"login":"adam","encryptedPassword":"5252","name":"adam","surname":"first","email":"g@g.com","phone":"","createdAt":"2026-01-22T09:41:42.056633Z","roleId":null,"role":null,"alarmEvents":[],"sentPartRequests":[],"receivedPartRequests":[],"sentShiftTransfers":[],"receivedShiftTransfers":[]}]
=======================================================

=======================================================
Timestamp: 2026-01-22T14:23:18.3177275Z
Method: GET
URL: /api/Roles
Status: 200
Duration: 61 ms
UserId: 
Client IP: ::ffff:192.168.0.136
User-Agent: Dalvik/2.1.0 (Linux; U; Android 12; CTR-L91 Build/HUAWEICTR-L91)
Controller: Roles, Action: GetAll
Response Body: [{"id":1,"name":"Владелец","code":"Owner","description":"Полный доступ","rank":1},{"id":2,"name":"Администратор","code":"Admin","description":"Руководитель предприятия","rank":2},{"id":3,"name":"Старший экструзионщик","code":"SeniorExtruder","description":"Замещение администратора","rank":3},{"id":4,"name":"Старший кладовщик","code":"SeniorWarehouseman","description":"Склады и цеха","rank":3},{"id":5,"name":"Кладовщик готовой продукции","code":"FinishedGoodsWarehouseman","description":"Склад готовой продукции","rank":3},{"id":6,"name":"Экструзионщик","code":"Extruder","description":"Производство","rank":4},{"id":7,"name":"Кладовщик","code":"Warehouseman","description":"Склад","rank":4},{"id":8,"name":"Покрасочник","code":"Painter","description":"Цех покраски","rank":4},{"id":9,"name":"Старшая упаковщица","code":"SeniorPacker","description":"Упаковка","rank":4},{"id":10,"name":"ТПА","code":"TPA","description":"ТПА","rank":4},{"id":11,"name":"Утиль","code":"Utilization","description":"Цех утилизации","rank":4}]
=======================================================

=======================================================
Timestamp: 2026-01-22T14:23:18.7984917Z
Method: GET
URL: /api/users
Status: 200
Duration: 3 ms
UserId: 
Client IP: ::ffff:192.168.0.136
User-Agent: Dalvik/2.1.0 (Linux; U; Android 12; CTR-L91 Build/HUAWEICTR-L91)
Controller: Users, Action: GetAll
Response Body: [{"id":4,"login":"thegod","encryptedPassword":"$2a$11$JncHAzVv43Z0ocmpIBBA1OFjX/Afp7pVPcGG7sNHfNaCnyrFQSX72","name":"Бог","surname":"Один","email":"d@d.com","phone":"","createdAt":"2026-01-22T11:03:59.551634Z","roleId":3,"role":{"id":3,"name":"Старший экструзионщик","code":"SeniorExtruder","description":"Замещение администратора","rank":3},"alarmEvents":[],"sentPartRequests":[],"receivedPartRequests":[],"sentShiftTransfers":[],"receivedShiftTransfers":[]},{"id":5,"login":"user","encryptedPassword":"$2a$11$mHnvmUYeNwuqwyvUnZLFOOzIKWPYdIavEsmeRU.l4W6mI5EkHxLdq","name":"польз","surname":"да","email":"i@user.co","phone":"","createdAt":"2026-01-22T12:20:09.023047Z","roleId":null,"role":null,"alarmEvents":[],"sentPartRequests":[],"receivedPartRequests":[],"sentShiftTransfers":[],"receivedShiftTransfers":[]},{"id":1,"login":"admin","encryptedPassword":"admin","name":"Админ","surname":"Системный","email":"admin@example.com","phone":"+71234567890","createdAt":"2026-01-22T09:33:33.991733Z","roleId":null,"role":null,"alarmEvents":[],"sentPartRequests":[],"receivedPartRequests":[],"sentShiftTransfers":[],"receivedShiftTransfers":[]},{"id":3,"login":"eva","encryptedPassword":"67","name":"Eva","surname":"EvaEva","email":"eva@eva.com","phone":"","createdAt":"2026-01-22T10:35:25.894086Z","roleId":null,"role":null,"alarmEvents":[],"sentPartRequests":[],"receivedPartRequests":[],"sentShiftTransfers":[],"receivedShiftTransfers":[]},{"id":2,"login":"adam","encryptedPassword":"5252","name":"adam","surname":"first","email":"g@g.com","phone":"","createdAt":"2026-01-22T09:41:42.056633Z","roleId":null,"role":null,"alarmEvents":[],"sentPartRequests":[],"receivedPartRequests":[],"sentShiftTransfers":[],"receivedShiftTransfers":[]}]
=======================================================

=======================================================
Timestamp: 2026-01-22T14:23:37.4062321Z
Method: GET
URL: /api/users
Status: 200
Duration: 3 ms
UserId: 
Client IP: ::ffff:192.168.0.136
User-Agent: Dalvik/2.1.0 (Linux; U; Android 12; CTR-L91 Build/HUAWEICTR-L91)
Controller: Users, Action: GetAll
Response Body: [{"id":4,"login":"thegod","encryptedPassword":"$2a$11$JncHAzVv43Z0ocmpIBBA1OFjX/Afp7pVPcGG7sNHfNaCnyrFQSX72","name":"Бог","surname":"Один","email":"d@d.com","phone":"","createdAt":"2026-01-22T11:03:59.551634Z","roleId":3,"role":{"id":3,"name":"Старший экструзионщик","code":"SeniorExtruder","description":"Замещение администратора","rank":3},"alarmEvents":[],"sentPartRequests":[],"receivedPartRequests":[],"sentShiftTransfers":[],"receivedShiftTransfers":[]},{"id":5,"login":"user","encryptedPassword":"$2a$11$mHnvmUYeNwuqwyvUnZLFOOzIKWPYdIavEsmeRU.l4W6mI5EkHxLdq","name":"польз","surname":"да","email":"i@user.co","phone":"","createdAt":"2026-01-22T12:20:09.023047Z","roleId":null,"role":null,"alarmEvents":[],"sentPartRequests":[],"receivedPartRequests":[],"sentShiftTransfers":[],"receivedShiftTransfers":[]},{"id":1,"login":"admin","encryptedPassword":"admin","name":"Админ","surname":"Системный","email":"admin@example.com","phone":"+71234567890","createdAt":"2026-01-22T09:33:33.991733Z","roleId":null,"role":null,"alarmEvents":[],"sentPartRequests":[],"receivedPartRequests":[],"sentShiftTransfers":[],"receivedShiftTransfers":[]},{"id":3,"login":"eva","encryptedPassword":"67","name":"Eva","surname":"EvaEva","email":"eva@eva.com","phone":"","createdAt":"2026-01-22T10:35:25.894086Z","roleId":null,"role":null,"alarmEvents":[],"sentPartRequests":[],"receivedPartRequests":[],"sentShiftTransfers":[],"receivedShiftTransfers":[]},{"id":2,"login":"adam","encryptedPassword":"5252","name":"adam","surname":"first","email":"g@g.com","phone":"","createdAt":"2026-01-22T09:41:42.056633Z","roleId":null,"role":null,"alarmEvents":[],"sentPartRequests":[],"receivedPartRequests":[],"sentShiftTransfers":[],"receivedShiftTransfers":[]}]
=======================================================

=======================================================
Timestamp: 2026-01-22T14:23:37.4621140Z
Method: GET
URL: /api/products
Status: 200
Duration: 178 ms
UserId: 
Client IP: ::ffff:192.168.0.136
User-Agent: Dalvik/2.1.0 (Linux; U; Android 12; CTR-L91 Build/HUAWEICTR-L91)
Controller: Products, Action: GetAll
Response Body: [{"id":1,"name":"яблоко","description":"","code":"1547852","measuringUnit":"шт"},{"id":2,"name":"яблоко2","description":"","code":"1547852","measuringUnit":"шт"}]
=======================================================

=======================================================
Timestamp: 2026-01-22T14:23:37.4627322Z
Method: GET
URL: /api/products
Status: 200
Duration: 178 ms
UserId: 
Client IP: ::ffff:192.168.0.136
User-Agent: Dalvik/2.1.0 (Linux; U; Android 12; CTR-L91 Build/HUAWEICTR-L91)
Controller: Products, Action: GetAll
Response Body: [{"id":1,"name":"яблоко","description":"","code":"1547852","measuringUnit":"шт"},{"id":2,"name":"яблоко2","description":"","code":"1547852","measuringUnit":"шт"}]
=======================================================

=======================================================
Timestamp: 2026-01-22T14:23:53.9785547Z
Method: GET
URL: /api/materials
Status: 200
Duration: 2 ms
UserId: 
Client IP: ::ffff:192.168.0.136
User-Agent: Dalvik/2.1.0 (Linux; U; Android 12; CTR-L91 Build/HUAWEICTR-L91)
Controller: Materials, Action: GetAll
Response Body: [{"id":1,"name":"гранула","description":"","code":"1542365","measuringUnit":"т"}]
=======================================================

=======================================================
Timestamp: 2026-01-22T14:23:53.9812906Z
Method: GET
URL: /api/products
Status: 200
Duration: 4 ms
UserId: 
Client IP: ::ffff:192.168.0.136
User-Agent: Dalvik/2.1.0 (Linux; U; Android 12; CTR-L91 Build/HUAWEICTR-L91)
Controller: Products, Action: GetAll
Response Body: [{"id":1,"name":"яблоко","description":"","code":"1547852","measuringUnit":"шт"},{"id":2,"name":"яблоко2","description":"","code":"1547852","measuringUnit":"шт"}]
=======================================================

=======================================================
Timestamp: 2026-01-22T14:23:54.0475547Z
Method: GET
URL: /api/materials
Status: 200
Duration: 80 ms
UserId: 
Client IP: ::ffff:192.168.0.136
User-Agent: Dalvik/2.1.0 (Linux; U; Android 12; CTR-L91 Build/HUAWEICTR-L91)
Controller: Materials, Action: GetAll
Response Body: [{"id":1,"name":"гранула","description":"","code":"1542365","measuringUnit":"т"}]
=======================================================

=======================================================
Timestamp: 2026-01-22T14:23:59.6839719Z
Method: GET
URL: /api/materials
Status: 200
Duration: 2 ms
UserId: 
Client IP: ::ffff:192.168.0.136
User-Agent: Dalvik/2.1.0 (Linux; U; Android 12; CTR-L91 Build/HUAWEICTR-L91)
Controller: Materials, Action: GetAll
Response Body: [{"id":1,"name":"гранула","description":"","code":"1542365","measuringUnit":"т"}]
=======================================================

=======================================================
Timestamp: 2026-01-22T14:23:59.6834244Z
Method: GET
URL: /api/warehouses
Status: 200
Duration: 3 ms
UserId: 
Client IP: ::ffff:192.168.0.136
User-Agent: Dalvik/2.1.0 (Linux; U; Android 12; CTR-L91 Build/HUAWEICTR-L91)
Controller: Warehouses, Action: GetAll
Response Body: [{"id":1,"name":"Склад1","type":"Склад","isActive":true,"fromMovements":[],"toMovements":[],"fromRequests":[],"toRequests":[]}]
=======================================================

=======================================================
Timestamp: 2026-01-22T14:23:59.6906302Z
Method: GET
URL: /api/products
Status: 200
Duration: 6 ms
UserId: 
Client IP: ::ffff:192.168.0.136
User-Agent: Dalvik/2.1.0 (Linux; U; Android 12; CTR-L91 Build/HUAWEICTR-L91)
Controller: Products, Action: GetAll
Response Body: [{"id":1,"name":"яблоко","description":"","code":"1547852","measuringUnit":"шт"},{"id":2,"name":"яблоко2","description":"","code":"1547852","measuringUnit":"шт"}]
=======================================================

=======================================================
Timestamp: 2026-01-22T14:23:59.6963807Z
Method: GET
URL: /api/warehouses
Status: 200
Duration: 2 ms
UserId: 
Client IP: ::ffff:192.168.0.136
User-Agent: Dalvik/2.1.0 (Linux; U; Android 12; CTR-L91 Build/HUAWEICTR-L91)
Controller: Warehouses, Action: GetAll
Response Body: [{"id":1,"name":"Склад1","type":"Склад","isActive":true,"fromMovements":[],"toMovements":[],"fromRequests":[],"toRequests":[]}]
=======================================================

=======================================================
Timestamp: 2026-01-22T14:26:20.5246845Z
Method: GET
URL: /api/materials
Status: 200
Duration: 1 ms
UserId: 
Client IP: ::1
User-Agent: 
Controller: Materials, Action: GetAll
Response Body: [{"id":1,"name":"гранула","description":"","code":"1542365","measuringUnit":"т"}]
=======================================================

=======================================================
Timestamp: 2026-01-22T14:26:20.5248400Z
Method: GET
URL: /api/warehouses
Status: 200
Duration: 3 ms
UserId: 
Client IP: ::1
User-Agent: 
Controller: Warehouses, Action: GetAll
Response Body: [{"id":1,"name":"Склад1","type":"Склад","isActive":true,"fromMovements":[],"toMovements":[],"fromRequests":[],"toRequests":[]}]
=======================================================

=======================================================
Timestamp: 2026-01-22T14:26:39.5538408Z
Method: GET
URL: /api/materials
Status: 200
Duration: 1 ms
UserId: 
Client IP: ::1
User-Agent: 
Controller: Materials, Action: GetAll
Response Body: [{"id":1,"name":"гранула","description":"","code":"1542365","measuringUnit":"т"}]
=======================================================

=======================================================
Timestamp: 2026-01-22T14:26:39.5560490Z
Method: GET
URL: /api/users
Status: 200
Duration: 2 ms
UserId: 
Client IP: ::1
User-Agent: 
Controller: Users, Action: GetAll
Response Body: [{"id":4,"login":"thegod","encryptedPassword":"$2a$11$JncHAzVv43Z0ocmpIBBA1OFjX/Afp7pVPcGG7sNHfNaCnyrFQSX72","name":"Бог","surname":"Один","email":"d@d.com","phone":"","createdAt":"2026-01-22T11:03:59.551634Z","roleId":3,"role":{"id":3,"name":"Старший экструзионщик","code":"SeniorExtruder","description":"Замещение администратора","rank":3},"alarmEvents":[],"sentPartRequests":[],"receivedPartRequests":[],"sentShiftTransfers":[],"receivedShiftTransfers":[]},{"id":5,"login":"user","encryptedPassword":"$2a$11$mHnvmUYeNwuqwyvUnZLFOOzIKWPYdIavEsmeRU.l4W6mI5EkHxLdq","name":"польз","surname":"да","email":"i@user.co","phone":"","createdAt":"2026-01-22T12:20:09.023047Z","roleId":null,"role":null,"alarmEvents":[],"sentPartRequests":[],"receivedPartRequests":[],"sentShiftTransfers":[],"receivedShiftTransfers":[]},{"id":1,"login":"admin","encryptedPassword":"admin","name":"Админ","surname":"Системный","email":"admin@example.com","phone":"+71234567890","createdAt":"2026-01-22T09:33:33.991733Z","roleId":null,"role":null,"alarmEvents":[],"sentPartRequests":[],"receivedPartRequests":[],"sentShiftTransfers":[],"receivedShiftTransfers":[]},{"id":3,"login":"eva","encryptedPassword":"67","name":"Eva","surname":"EvaEva","email":"eva@eva.com","phone":"","createdAt":"2026-01-22T10:35:25.894086Z","roleId":null,"role":null,"alarmEvents":[],"sentPartRequests":[],"receivedPartRequests":[],"sentShiftTransfers":[],"receivedShiftTransfers":[]},{"id":2,"login":"adam","encryptedPassword":"5252","name":"adam","surname":"first","email":"g@g.com","phone":"","createdAt":"2026-01-22T09:41:42.056633Z","roleId":null,"role":null,"alarmEvents":[],"sentPartRequests":[],"receivedPartRequests":[],"sentShiftTransfers":[],"receivedShiftTransfers":[]}]
=======================================================

=======================================================
Timestamp: 2026-01-22T14:26:39.5566331Z
Method: GET
URL: /api/warehouses
Status: 200
Duration: 1 ms
UserId: 
Client IP: ::1
User-Agent: 
Controller: Warehouses, Action: GetAll
Response Body: [{"id":1,"name":"Склад1","type":"Склад","isActive":true,"fromMovements":[],"toMovements":[],"fromRequests":[],"toRequests":[]}]
=======================================================

=======================================================
Timestamp: 2026-01-22T14:26:39.6783700Z
Method: POST
URL: /api/materials
Status: 201
Duration: 119 ms
UserId: 
Client IP: ::1
User-Agent: 
Controller: Materials, Action: CreateMaterial
Response Body: {"message":"Material created successfully","material":{"id":2,"name":"gcgf","description":"","code":"2958","measuringUnit":"шт"}}
=======================================================

=======================================================
Timestamp: 2026-01-22T14:26:39.6824957Z
Method: GET
URL: /api/materials
Status: 200
Duration: 1 ms
UserId: 
Client IP: ::1
User-Agent: 
Controller: Materials, Action: GetAll
Response Body: [{"id":1,"name":"гранула","description":"","code":"1542365","measuringUnit":"т"},{"id":2,"name":"gcgf","description":"","code":"2958","measuringUnit":"шт"}]
=======================================================

=======================================================
Timestamp: 2026-01-22T14:26:39.6850630Z
Method: GET
URL: /api/users
Status: 200
Duration: 2 ms
UserId: 
Client IP: ::1
User-Agent: 
Controller: Users, Action: GetAll
Response Body: [{"id":4,"login":"thegod","encryptedPassword":"$2a$11$JncHAzVv43Z0ocmpIBBA1OFjX/Afp7pVPcGG7sNHfNaCnyrFQSX72","name":"Бог","surname":"Один","email":"d@d.com","phone":"","createdAt":"2026-01-22T11:03:59.551634Z","roleId":3,"role":{"id":3,"name":"Старший экструзионщик","code":"SeniorExtruder","description":"Замещение администратора","rank":3},"alarmEvents":[],"sentPartRequests":[],"receivedPartRequests":[],"sentShiftTransfers":[],"receivedShiftTransfers":[]},{"id":5,"login":"user","encryptedPassword":"$2a$11$mHnvmUYeNwuqwyvUnZLFOOzIKWPYdIavEsmeRU.l4W6mI5EkHxLdq","name":"польз","surname":"да","email":"i@user.co","phone":"","createdAt":"2026-01-22T12:20:09.023047Z","roleId":null,"role":null,"alarmEvents":[],"sentPartRequests":[],"receivedPartRequests":[],"sentShiftTransfers":[],"receivedShiftTransfers":[]},{"id":1,"login":"admin","encryptedPassword":"admin","name":"Админ","surname":"Системный","email":"admin@example.com","phone":"+71234567890","createdAt":"2026-01-22T09:33:33.991733Z","roleId":null,"role":null,"alarmEvents":[],"sentPartRequests":[],"receivedPartRequests":[],"sentShiftTransfers":[],"receivedShiftTransfers":[]},{"id":3,"login":"eva","encryptedPassword":"67","name":"Eva","surname":"EvaEva","email":"eva@eva.com","phone":"","createdAt":"2026-01-22T10:35:25.894086Z","roleId":null,"role":null,"alarmEvents":[],"sentPartRequests":[],"receivedPartRequests":[],"sentShiftTransfers":[],"receivedShiftTransfers":[]},{"id":2,"login":"adam","encryptedPassword":"5252","name":"adam","surname":"first","email":"g@g.com","phone":"","createdAt":"2026-01-22T09:41:42.056633Z","roleId":null,"role":null,"alarmEvents":[],"sentPartRequests":[],"receivedPartRequests":[],"sentShiftTransfers":[],"receivedShiftTransfers":[]}]
=======================================================

=======================================================
Timestamp: 2026-01-22T14:26:39.6864976Z
Method: GET
URL: /api/materials
Status: 200
Duration: 1 ms
UserId: 
Client IP: ::1
User-Agent: 
Controller: Materials, Action: GetAll
Response Body: [{"id":1,"name":"гранула","description":"","code":"1542365","measuringUnit":"т"},{"id":2,"name":"gcgf","description":"","code":"2958","measuringUnit":"шт"}]
=======================================================

=======================================================
Timestamp: 2026-01-22T14:26:39.6874482Z
Method: GET
URL: /api/warehouses
Status: 200
Duration: 1 ms
UserId: 
Client IP: ::1
User-Agent: 
Controller: Warehouses, Action: GetAll
Response Body: [{"id":1,"name":"Склад1","type":"Склад","isActive":true,"fromMovements":[],"toMovements":[],"fromRequests":[],"toRequests":[]}]
=======================================================

=======================================================
Timestamp: 2026-01-22T15:01:43.5349816Z
Method: GET
URL: /hubs/notifications?id=d0sbF5ajwKvxLaXKVRyAgA
Status: 101
Duration: 2814236 ms
UserId: 
Client IP: ::1
User-Agent: Microsoft SignalR/8.0 (8.0.0+3f1acb59718cadf111a0a796681e3d3509bb3381; Windows NT; .NET; .NET 8.0.22)
=======================================================

