=======================================================
Timestamp: 2026-01-21T00:11:02.8917247Z
Method: GET
URL: /api/users
Status: 200
Duration: 510 ms
UserId: 
Client IP: ::ffff:192.168.1.141
User-Agent: Dalvik/2.1.0 (Linux; U; Android 12; CTR-L91 Build/HUAWEICTR-L91)
Controller: Users, Action: GetAll
Response Body: [{"id":2,"login":"adam","encryptedPassword":"$2a$11$7k1dXxf9I/3efRZ0fMivY.y8GdBpilmqMN08djBsYEcWj/zQcM2Xq","name":"Adam","surname":"First","email":"first@people.world","phone":"","createdAt":"2026-01-18T02:00:00.151037Z","roleId":null,"role":null,"alarmEvents":[],"sentPartRequests":[],"receivedPartRequests":[],"sentShiftTransfers":[],"receivedShiftTransfers":[]},{"id":3,"login":"admin","encryptedPassword":"5252","name":"Админ","surname":"Системный","email":"admin@example.com","phone":"+71234567890","createdAt":"2026-01-18T02:01:31.317309Z","roleId":null,"role":null,"alarmEvents":[],"sentPartRequests":[],"receivedPartRequests":[],"sentShiftTransfers":[],"receivedShiftTransfers":[]}]
=======================================================

=======================================================
Timestamp: 2026-01-21T00:11:07.6985729Z
Method: GET
URL: /api/users
Status: 200
Duration: 91 ms
UserId: 
Client IP: ::ffff:192.168.1.141
User-Agent: Dalvik/2.1.0 (Linux; U; Android 12; CTR-L91 Build/HUAWEICTR-L91)
Controller: Users, Action: GetAll
Response Body: [{"id":2,"login":"adam","encryptedPassword":"$2a$11$7k1dXxf9I/3efRZ0fMivY.y8GdBpilmqMN08djBsYEcWj/zQcM2Xq","name":"Adam","surname":"First","email":"first@people.world","phone":"","createdAt":"2026-01-18T02:00:00.151037Z","roleId":null,"role":null,"alarmEvents":[],"sentPartRequests":[],"receivedPartRequests":[],"sentShiftTransfers":[],"receivedShiftTransfers":[]},{"id":3,"login":"admin","encryptedPassword":"5252","name":"Админ","surname":"Системный","email":"admin@example.com","phone":"+71234567890","createdAt":"2026-01-18T02:01:31.317309Z","roleId":null,"role":null,"alarmEvents":[],"sentPartRequests":[],"receivedPartRequests":[],"sentShiftTransfers":[],"receivedShiftTransfers":[]}]
=======================================================

=======================================================
Timestamp: 2026-01-21T00:11:07.7848289Z
Method: GET
URL: /api/users
Status: 200
Duration: 185 ms
UserId: 
Client IP: ::ffff:192.168.1.141
User-Agent: Dalvik/2.1.0 (Linux; U; Android 12; CTR-L91 Build/HUAWEICTR-L91)
Controller: Users, Action: GetAll
Response Body: [{"id":2,"login":"adam","encryptedPassword":"$2a$11$7k1dXxf9I/3efRZ0fMivY.y8GdBpilmqMN08djBsYEcWj/zQcM2Xq","name":"Adam","surname":"First","email":"first@people.world","phone":"","createdAt":"2026-01-18T02:00:00.151037Z","roleId":null,"role":null,"alarmEvents":[],"sentPartRequests":[],"receivedPartRequests":[],"sentShiftTransfers":[],"receivedShiftTransfers":[]},{"id":3,"login":"admin","encryptedPassword":"5252","name":"Админ","surname":"Системный","email":"admin@example.com","phone":"+71234567890","createdAt":"2026-01-18T02:01:31.317309Z","roleId":null,"role":null,"alarmEvents":[],"sentPartRequests":[],"receivedPartRequests":[],"sentShiftTransfers":[],"receivedShiftTransfers":[]}]
=======================================================

=======================================================
Timestamp: 2026-01-21T00:11:07.9350790Z
Method: GET
URL: /api/users
Status: 200
Duration: 4 ms
UserId: 
Client IP: ::ffff:192.168.1.141
User-Agent: Dalvik/2.1.0 (Linux; U; Android 12; CTR-L91 Build/HUAWEICTR-L91)
Controller: Users, Action: GetAll
Response Body: [{"id":2,"login":"adam","encryptedPassword":"$2a$11$7k1dXxf9I/3efRZ0fMivY.y8GdBpilmqMN08djBsYEcWj/zQcM2Xq","name":"Adam","surname":"First","email":"first@people.world","phone":"","createdAt":"2026-01-18T02:00:00.151037Z","roleId":null,"role":null,"alarmEvents":[],"sentPartRequests":[],"receivedPartRequests":[],"sentShiftTransfers":[],"receivedShiftTransfers":[]},{"id":3,"login":"admin","encryptedPassword":"5252","name":"Админ","surname":"Системный","email":"admin@example.com","phone":"+71234567890","createdAt":"2026-01-18T02:01:31.317309Z","roleId":null,"role":null,"alarmEvents":[],"sentPartRequests":[],"receivedPartRequests":[],"sentShiftTransfers":[],"receivedShiftTransfers":[]}]
=======================================================

=======================================================
Timestamp: 2026-01-21T00:11:07.9543615Z
Method: GET
URL: /api/roles
Status: 200
Duration: 25 ms
UserId: 
Client IP: ::ffff:192.168.1.141
User-Agent: Dalvik/2.1.0 (Linux; U; Android 12; CTR-L91 Build/HUAWEICTR-L91)
Controller: Roles, Action: GetAll
Response Body: []
=======================================================

=======================================================
Timestamp: 2026-01-21T00:11:30.8718516Z
Method: GET
URL: /api/users
Status: 200
Duration: 4 ms
UserId: 
Client IP: ::ffff:192.168.1.141
User-Agent: Dalvik/2.1.0 (Linux; U; Android 12; CTR-L91 Build/HUAWEICTR-L91)
Controller: Users, Action: GetAll
Response Body: [{"id":2,"login":"adam","encryptedPassword":"$2a$11$7k1dXxf9I/3efRZ0fMivY.y8GdBpilmqMN08djBsYEcWj/zQcM2Xq","name":"Adam","surname":"First","email":"first@people.world","phone":"","createdAt":"2026-01-18T02:00:00.151037Z","roleId":null,"role":null,"alarmEvents":[],"sentPartRequests":[],"receivedPartRequests":[],"sentShiftTransfers":[],"receivedShiftTransfers":[]},{"id":3,"login":"admin","encryptedPassword":"5252","name":"Админ","surname":"Системный","email":"admin@example.com","phone":"+71234567890","createdAt":"2026-01-18T02:01:31.317309Z","roleId":null,"role":null,"alarmEvents":[],"sentPartRequests":[],"receivedPartRequests":[],"sentShiftTransfers":[],"receivedShiftTransfers":[]}]
=======================================================

=======================================================
Timestamp: 2026-01-21T00:11:30.8733476Z
Method: GET
URL: /api/roles
Status: 200
Duration: 4 ms
UserId: 
Client IP: ::ffff:192.168.1.141
User-Agent: Dalvik/2.1.0 (Linux; U; Android 12; CTR-L91 Build/HUAWEICTR-L91)
Controller: Roles, Action: GetAll
Response Body: []
=======================================================

=======================================================
Timestamp: 2026-01-21T00:11:32.6796934Z
Method: GET
URL: /api/users
Status: 200
Duration: 4 ms
UserId: 
Client IP: ::ffff:192.168.1.141
User-Agent: Dalvik/2.1.0 (Linux; U; Android 12; CTR-L91 Build/HUAWEICTR-L91)
Controller: Users, Action: GetAll
Response Body: [{"id":2,"login":"adam","encryptedPassword":"$2a$11$7k1dXxf9I/3efRZ0fMivY.y8GdBpilmqMN08djBsYEcWj/zQcM2Xq","name":"Adam","surname":"First","email":"first@people.world","phone":"","createdAt":"2026-01-18T02:00:00.151037Z","roleId":null,"role":null,"alarmEvents":[],"sentPartRequests":[],"receivedPartRequests":[],"sentShiftTransfers":[],"receivedShiftTransfers":[]},{"id":3,"login":"admin","encryptedPassword":"5252","name":"Админ","surname":"Системный","email":"admin@example.com","phone":"+71234567890","createdAt":"2026-01-18T02:01:31.317309Z","roleId":null,"role":null,"alarmEvents":[],"sentPartRequests":[],"receivedPartRequests":[],"sentShiftTransfers":[],"receivedShiftTransfers":[]}]
=======================================================

=======================================================
Timestamp: 2026-01-21T00:11:32.9050412Z
Method: PUT
URL: /api/users/2
Status: 200
Duration: 178 ms
UserId: 
Client IP: ::ffff:192.168.1.141
User-Agent: Dalvik/2.1.0 (Linux; U; Android 12; CTR-L91 Build/HUAWEICTR-L91)
Controller: Users, Action: UpdateUser
Response Body: {"message":"User updated successfully","user":{"id":2,"login":"adam","encryptedPassword":"$2a$11$7k1dXxf9I/3efRZ0fMivY.y8GdBpilmqMN08djBsYEcWj/zQcM2Xq","name":"Adam","surname":"First","email":"first@people.world","phone":"","createdAt":"2026-01-18T02:00:00.151037Z","roleId":null,"role":null,"alarmEvents":[],"sentPartRequests":[],"receivedPartRequests":[],"sentShiftTransfers":[],"receivedShiftTransfers":[]}}
=======================================================

=======================================================
Timestamp: 2026-01-21T00:11:33.0249752Z
Method: GET
URL: /api/users
Status: 200
Duration: 1 ms
UserId: 
Client IP: ::ffff:192.168.1.141
User-Agent: Dalvik/2.1.0 (Linux; U; Android 12; CTR-L91 Build/HUAWEICTR-L91)
Controller: Users, Action: GetAll
Response Body: [{"id":2,"login":"adam","encryptedPassword":"$2a$11$7k1dXxf9I/3efRZ0fMivY.y8GdBpilmqMN08djBsYEcWj/zQcM2Xq","name":"Adam","surname":"First","email":"first@people.world","phone":"","createdAt":"2026-01-18T02:00:00.151037Z","roleId":null,"role":null,"alarmEvents":[],"sentPartRequests":[],"receivedPartRequests":[],"sentShiftTransfers":[],"receivedShiftTransfers":[]},{"id":3,"login":"admin","encryptedPassword":"5252","name":"Админ","surname":"Системный","email":"admin@example.com","phone":"+71234567890","createdAt":"2026-01-18T02:01:31.317309Z","roleId":null,"role":null,"alarmEvents":[],"sentPartRequests":[],"receivedPartRequests":[],"sentShiftTransfers":[],"receivedShiftTransfers":[]}]
=======================================================

=======================================================
Timestamp: 2026-01-21T00:11:33.0353957Z
Method: GET
URL: /api/users
Status: 200
Duration: 1 ms
UserId: 
Client IP: ::ffff:192.168.1.141
User-Agent: Dalvik/2.1.0 (Linux; U; Android 12; CTR-L91 Build/HUAWEICTR-L91)
Controller: Users, Action: GetAll
Response Body: [{"id":2,"login":"adam","encryptedPassword":"$2a$11$7k1dXxf9I/3efRZ0fMivY.y8GdBpilmqMN08djBsYEcWj/zQcM2Xq","name":"Adam","surname":"First","email":"first@people.world","phone":"","createdAt":"2026-01-18T02:00:00.151037Z","roleId":null,"role":null,"alarmEvents":[],"sentPartRequests":[],"receivedPartRequests":[],"sentShiftTransfers":[],"receivedShiftTransfers":[]},{"id":3,"login":"admin","encryptedPassword":"5252","name":"Админ","surname":"Системный","email":"admin@example.com","phone":"+71234567890","createdAt":"2026-01-18T02:01:31.317309Z","roleId":null,"role":null,"alarmEvents":[],"sentPartRequests":[],"receivedPartRequests":[],"sentShiftTransfers":[],"receivedShiftTransfers":[]}]
=======================================================

=======================================================
Timestamp: 2026-01-21T00:11:38.3459481Z
Method: GET
URL: /api/users
Status: 200
Duration: 1 ms
UserId: 
Client IP: ::ffff:192.168.1.141
User-Agent: Dalvik/2.1.0 (Linux; U; Android 12; CTR-L91 Build/HUAWEICTR-L91)
Controller: Users, Action: GetAll
Response Body: [{"id":2,"login":"adam","encryptedPassword":"$2a$11$7k1dXxf9I/3efRZ0fMivY.y8GdBpilmqMN08djBsYEcWj/zQcM2Xq","name":"Adam","surname":"First","email":"first@people.world","phone":"","createdAt":"2026-01-18T02:00:00.151037Z","roleId":null,"role":null,"alarmEvents":[],"sentPartRequests":[],"receivedPartRequests":[],"sentShiftTransfers":[],"receivedShiftTransfers":[]},{"id":3,"login":"admin","encryptedPassword":"5252","name":"Админ","surname":"Системный","email":"admin@example.com","phone":"+71234567890","createdAt":"2026-01-18T02:01:31.317309Z","roleId":null,"role":null,"alarmEvents":[],"sentPartRequests":[],"receivedPartRequests":[],"sentShiftTransfers":[],"receivedShiftTransfers":[]}]
=======================================================

=======================================================
Timestamp: 2026-01-21T00:11:40.1239382Z
Method: GET
URL: /api/users
Status: 200
Duration: 1 ms
UserId: 
Client IP: ::ffff:192.168.1.141
User-Agent: Dalvik/2.1.0 (Linux; U; Android 12; CTR-L91 Build/HUAWEICTR-L91)
Controller: Users, Action: GetAll
Response Body: [{"id":2,"login":"adam","encryptedPassword":"$2a$11$7k1dXxf9I/3efRZ0fMivY.y8GdBpilmqMN08djBsYEcWj/zQcM2Xq","name":"Adam","surname":"First","email":"first@people.world","phone":"","createdAt":"2026-01-18T02:00:00.151037Z","roleId":null,"role":null,"alarmEvents":[],"sentPartRequests":[],"receivedPartRequests":[],"sentShiftTransfers":[],"receivedShiftTransfers":[]},{"id":3,"login":"admin","encryptedPassword":"5252","name":"Админ","surname":"Системный","email":"admin@example.com","phone":"+71234567890","createdAt":"2026-01-18T02:01:31.317309Z","roleId":null,"role":null,"alarmEvents":[],"sentPartRequests":[],"receivedPartRequests":[],"sentShiftTransfers":[],"receivedShiftTransfers":[]}]
=======================================================

=======================================================
Timestamp: 2026-01-21T00:11:46.5233195Z
Method: GET
URL: /api/users
Status: 200
Duration: 5 ms
UserId: 
Client IP: ::ffff:192.168.1.141
User-Agent: Dalvik/2.1.0 (Linux; U; Android 12; CTR-L91 Build/HUAWEICTR-L91)
Controller: Users, Action: GetAll
Response Body: [{"id":2,"login":"adam","encryptedPassword":"$2a$11$7k1dXxf9I/3efRZ0fMivY.y8GdBpilmqMN08djBsYEcWj/zQcM2Xq","name":"Adam","surname":"First","email":"first@people.world","phone":"","createdAt":"2026-01-18T02:00:00.151037Z","roleId":null,"role":null,"alarmEvents":[],"sentPartRequests":[],"receivedPartRequests":[],"sentShiftTransfers":[],"receivedShiftTransfers":[]},{"id":3,"login":"admin","encryptedPassword":"5252","name":"Админ","surname":"Системный","email":"admin@example.com","phone":"+71234567890","createdAt":"2026-01-18T02:01:31.317309Z","roleId":null,"role":null,"alarmEvents":[],"sentPartRequests":[],"receivedPartRequests":[],"sentShiftTransfers":[],"receivedShiftTransfers":[]}]
=======================================================

=======================================================
Timestamp: 2026-01-21T00:11:46.6558427Z
Method: GET
URL: /api/products
Status: 200
Duration: 40 ms
UserId: 
Client IP: ::ffff:192.168.1.141
User-Agent: Dalvik/2.1.0 (Linux; U; Android 12; CTR-L91 Build/HUAWEICTR-L91)
Controller: Products, Action: GetAll
Response Body: [{"id":1,"name":"Яблочко","description":"1548753264","code":"152","measuringUnit":"шт"}]
=======================================================

=======================================================
Timestamp: 2026-01-21T00:11:46.6570016Z
Method: GET
URL: /api/products
Status: 200
Duration: 38 ms
UserId: 
Client IP: ::ffff:192.168.1.141
User-Agent: Dalvik/2.1.0 (Linux; U; Android 12; CTR-L91 Build/HUAWEICTR-L91)
Controller: Products, Action: GetAll
Response Body: [{"id":1,"name":"Яблочко","description":"1548753264","code":"152","measuringUnit":"шт"}]
=======================================================

=======================================================
Timestamp: 2026-01-21T00:11:49.8670967Z
Method: GET
URL: /api/products
Status: 200
Duration: 5 ms
UserId: 
Client IP: ::ffff:192.168.1.141
User-Agent: Dalvik/2.1.0 (Linux; U; Android 12; CTR-L91 Build/HUAWEICTR-L91)
Controller: Products, Action: GetAll
Response Body: [{"id":1,"name":"Яблочко","description":"1548753264","code":"152","measuringUnit":"шт"}]
=======================================================

=======================================================
Timestamp: 2026-01-21T00:11:49.8685544Z
Method: GET
URL: /api/users
Status: 200
Duration: 5 ms
UserId: 
Client IP: ::ffff:192.168.1.141
User-Agent: Dalvik/2.1.0 (Linux; U; Android 12; CTR-L91 Build/HUAWEICTR-L91)
Controller: Users, Action: GetAll
Response Body: [{"id":2,"login":"adam","encryptedPassword":"$2a$11$7k1dXxf9I/3efRZ0fMivY.y8GdBpilmqMN08djBsYEcWj/zQcM2Xq","name":"Adam","surname":"First","email":"first@people.world","phone":"","createdAt":"2026-01-18T02:00:00.151037Z","roleId":null,"role":null,"alarmEvents":[],"sentPartRequests":[],"receivedPartRequests":[],"sentShiftTransfers":[],"receivedShiftTransfers":[]},{"id":3,"login":"admin","encryptedPassword":"5252","name":"Админ","surname":"Системный","email":"admin@example.com","phone":"+71234567890","createdAt":"2026-01-18T02:01:31.317309Z","roleId":null,"role":null,"alarmEvents":[],"sentPartRequests":[],"receivedPartRequests":[],"sentShiftTransfers":[],"receivedShiftTransfers":[]}]
=======================================================

=======================================================
Timestamp: 2026-01-21T00:11:49.9959781Z
Method: GET
URL: /api/materials
Status: 200
Duration: 35 ms
UserId: 
Client IP: ::ffff:192.168.1.141
User-Agent: Dalvik/2.1.0 (Linux; U; Android 12; CTR-L91 Build/HUAWEICTR-L91)
Controller: Materials, Action: GetAll
Response Body: [{"id":1,"name":"Косточка","description":"работает?","code":"12312","measuringUnit":"шт"},{"id":2,"name":"Бам сука","description":"","code":"","measuringUnit":"шт"}]
=======================================================

=======================================================
Timestamp: 2026-01-21T00:11:52.8524889Z
Method: GET
URL: /api/materials
Status: 200
Duration: 3 ms
UserId: 
Client IP: ::ffff:192.168.1.141
User-Agent: Dalvik/2.1.0 (Linux; U; Android 12; CTR-L91 Build/HUAWEICTR-L91)
Controller: Materials, Action: GetAll
Response Body: [{"id":1,"name":"Косточка","description":"работает?","code":"12312","measuringUnit":"шт"},{"id":2,"name":"Бам сука","description":"","code":"","measuringUnit":"шт"}]
=======================================================

=======================================================
Timestamp: 2026-01-21T00:11:52.8807675Z
Method: GET
URL: /api/warehouses
Status: 200
Duration: 27 ms
UserId: 
Client IP: ::ffff:192.168.1.141
User-Agent: Dalvik/2.1.0 (Linux; U; Android 12; CTR-L91 Build/HUAWEICTR-L91)
Controller: Warehouses, Action: GetAll
Response Body: [{"id":1,"name":"Хуян","type":"Производство","isActive":true,"fromMovements":[],"toMovements":[],"fromRequests":[],"toRequests":[]}]
=======================================================

=======================================================
Timestamp: 2026-01-21T00:11:52.9219419Z
Method: GET
URL: /api/users
Status: 200
Duration: 72 ms
UserId: 
Client IP: ::ffff:192.168.1.141
User-Agent: Dalvik/2.1.0 (Linux; U; Android 12; CTR-L91 Build/HUAWEICTR-L91)
Controller: Users, Action: GetAll
Response Body: [{"id":2,"login":"adam","encryptedPassword":"$2a$11$7k1dXxf9I/3efRZ0fMivY.y8GdBpilmqMN08djBsYEcWj/zQcM2Xq","name":"Adam","surname":"First","email":"first@people.world","phone":"","createdAt":"2026-01-18T02:00:00.151037Z","roleId":null,"role":null,"alarmEvents":[],"sentPartRequests":[],"receivedPartRequests":[],"sentShiftTransfers":[],"receivedShiftTransfers":[]},{"id":3,"login":"admin","encryptedPassword":"5252","name":"Админ","surname":"Системный","email":"admin@example.com","phone":"+71234567890","createdAt":"2026-01-18T02:01:31.317309Z","roleId":null,"role":null,"alarmEvents":[],"sentPartRequests":[],"receivedPartRequests":[],"sentShiftTransfers":[],"receivedShiftTransfers":[]}]
=======================================================

=======================================================
Timestamp: 2026-01-21T00:11:57.8118370Z
Method: GET
URL: /api/work-reports/user/3
Status: 404
Duration: 0 ms
UserId: 
Client IP: ::ffff:192.168.1.141
User-Agent: Dalvik/2.1.0 (Linux; U; Android 12; CTR-L91 Build/HUAWEICTR-L91)
=======================================================

=======================================================
Timestamp: 2026-01-21T00:11:57.8126805Z
Method: GET
URL: /api/work-reports/user/3
Status: 404
Duration: 0 ms
UserId: 
Client IP: ::ffff:192.168.1.141
User-Agent: Dalvik/2.1.0 (Linux; U; Android 12; CTR-L91 Build/HUAWEICTR-L91)
=======================================================

=======================================================
Timestamp: 2026-01-21T00:11:59.4977311Z
Method: GET
URL: /api/work-reports/user/3
Status: 404
Duration: 0 ms
UserId: 
Client IP: ::ffff:192.168.1.141
User-Agent: Dalvik/2.1.0 (Linux; U; Android 12; CTR-L91 Build/HUAWEICTR-L91)
=======================================================

=======================================================
Timestamp: 2026-01-21T00:11:59.6496679Z
Method: POST
URL: /api/work-reports/start
Status: 404
Duration: 0 ms
UserId: 
Client IP: ::ffff:192.168.1.141
User-Agent: Dalvik/2.1.0 (Linux; U; Android 12; CTR-L91 Build/HUAWEICTR-L91)
=======================================================

=======================================================
Timestamp: 2026-01-21T00:12:01.3827894Z
Method: GET
URL: /api/work-reports/user/3
Status: 404
Duration: 0 ms
UserId: 
Client IP: ::ffff:192.168.1.141
User-Agent: Dalvik/2.1.0 (Linux; U; Android 12; CTR-L91 Build/HUAWEICTR-L91)
=======================================================

=======================================================
Timestamp: 2026-01-21T00:12:01.3830315Z
Method: GET
URL: /api/work-reports/user/3
Status: 404
Duration: 0 ms
UserId: 
Client IP: ::ffff:192.168.1.141
User-Agent: Dalvik/2.1.0 (Linux; U; Android 12; CTR-L91 Build/HUAWEICTR-L91)
=======================================================

=======================================================
Timestamp: 2026-01-21T00:12:02.1674670Z
Method: GET
URL: /api/work-reports/user/3
Status: 404
Duration: 0 ms
UserId: 
Client IP: ::ffff:192.168.1.141
User-Agent: Dalvik/2.1.0 (Linux; U; Android 12; CTR-L91 Build/HUAWEICTR-L91)
=======================================================

=======================================================
Timestamp: 2026-01-21T00:12:02.1675784Z
Method: POST
URL: /api/work-reports/start
Status: 404
Duration: 0 ms
UserId: 
Client IP: ::ffff:192.168.1.141
User-Agent: Dalvik/2.1.0 (Linux; U; Android 12; CTR-L91 Build/HUAWEICTR-L91)
=======================================================

=======================================================
Timestamp: 2026-01-21T00:12:02.9889013Z
Method: POST
URL: /api/work-reports/start
Status: 404
Duration: 0 ms
UserId: 
Client IP: ::ffff:192.168.1.141
User-Agent: Dalvik/2.1.0 (Linux; U; Android 12; CTR-L91 Build/HUAWEICTR-L91)
=======================================================

=======================================================
Timestamp: 2026-01-21T00:12:02.9890271Z
Method: GET
URL: /api/work-reports/user/3
Status: 404
Duration: 0 ms
UserId: 
Client IP: ::ffff:192.168.1.141
User-Agent: Dalvik/2.1.0 (Linux; U; Android 12; CTR-L91 Build/HUAWEICTR-L91)
=======================================================

=======================================================
Timestamp: 2026-01-21T00:12:03.5286551Z
Method: GET
URL: /api/work-reports/user/3
Status: 404
Duration: 0 ms
UserId: 
Client IP: ::ffff:192.168.1.141
User-Agent: Dalvik/2.1.0 (Linux; U; Android 12; CTR-L91 Build/HUAWEICTR-L91)
=======================================================

=======================================================
Timestamp: 2026-01-21T00:12:03.5286097Z
Method: POST
URL: /api/work-reports/start
Status: 404
Duration: 0 ms
UserId: 
Client IP: ::ffff:192.168.1.141
User-Agent: Dalvik/2.1.0 (Linux; U; Android 12; CTR-L91 Build/HUAWEICTR-L91)
=======================================================

=======================================================
Timestamp: 2026-01-21T00:12:04.0119897Z
Method: GET
URL: /api/work-reports/user/3
Status: 404
Duration: 0 ms
UserId: 
Client IP: ::ffff:192.168.1.141
User-Agent: Dalvik/2.1.0 (Linux; U; Android 12; CTR-L91 Build/HUAWEICTR-L91)
=======================================================

=======================================================
Timestamp: 2026-01-21T00:12:05.3076799Z
Method: POST
URL: /api/work-reports/start
Status: 404
Duration: 0 ms
UserId: 
Client IP: ::ffff:192.168.1.141
User-Agent: Dalvik/2.1.0 (Linux; U; Android 12; CTR-L91 Build/HUAWEICTR-L91)
=======================================================

=======================================================
Timestamp: 2026-01-21T00:12:05.3083096Z
Method: GET
URL: /api/work-reports/user/3
Status: 404
Duration: 0 ms
UserId: 
Client IP: ::ffff:192.168.1.141
User-Agent: Dalvik/2.1.0 (Linux; U; Android 12; CTR-L91 Build/HUAWEICTR-L91)
=======================================================

=======================================================
Timestamp: 2026-01-21T00:12:08.6114640Z
Method: GET
URL: /api/database/check
Status: 200
Duration: 90 ms
UserId: 
Client IP: ::ffff:192.168.1.141
User-Agent: Dalvik/2.1.0 (Linux; U; Android 12; CTR-L91 Build/HUAWEICTR-L91)
Controller: Database, Action: CheckDatabase
Response Body: {"success":true,"message":"Подключение к базе данных успешно","usersCount":2,"users":[{"id":3,"login":"admin","email":"admin@example.com","name":"Админ Системный","isPasswordEncrypted":true,"passwordLength":4},{"id":2,"login":"adam","email":"first@people.world","name":"Adam First","isPasswordEncrypted":false,"passwordLength":60}]}
=======================================================

=======================================================
Timestamp: 2026-01-21T00:12:09.7042841Z
Method: GET
URL: /api/database/check
Status: 200
Duration: 66 ms
UserId: 
Client IP: ::ffff:192.168.1.141
User-Agent: Dalvik/2.1.0 (Linux; U; Android 12; CTR-L91 Build/HUAWEICTR-L91)
Controller: Database, Action: CheckDatabase
Response Body: {"success":true,"message":"Подключение к базе данных успешно","usersCount":2,"users":[{"id":3,"login":"admin","email":"admin@example.com","name":"Админ Системный","isPasswordEncrypted":true,"passwordLength":4},{"id":2,"login":"adam","email":"first@people.world","name":"Adam First","isPasswordEncrypted":false,"passwordLength":60}]}
=======================================================

=======================================================
Timestamp: 2026-01-21T00:12:11.9860577Z
Method: GET
URL: /api/database/check
Status: 200
Duration: 92 ms
UserId: 
Client IP: ::ffff:192.168.1.141
User-Agent: Dalvik/2.1.0 (Linux; U; Android 12; CTR-L91 Build/HUAWEICTR-L91)
Controller: Database, Action: CheckDatabase
Response Body: {"success":true,"message":"Подключение к базе данных успешно","usersCount":2,"users":[{"id":3,"login":"admin","email":"admin@example.com","name":"Админ Системный","isPasswordEncrypted":true,"passwordLength":4},{"id":2,"login":"adam","email":"first@people.world","name":"Adam First","isPasswordEncrypted":false,"passwordLength":60}]}
=======================================================

=======================================================
Timestamp: 2026-01-21T00:12:19.2218691Z
Method: GET
URL: /api/materials
Status: 200
Duration: 1 ms
UserId: 
Client IP: ::ffff:192.168.1.141
User-Agent: Dalvik/2.1.0 (Linux; U; Android 12; CTR-L91 Build/HUAWEICTR-L91)
Controller: Materials, Action: GetAll
Response Body: [{"id":1,"name":"Косточка","description":"работает?","code":"12312","measuringUnit":"шт"},{"id":2,"name":"Бам сука","description":"","code":"","measuringUnit":"шт"}]
=======================================================

=======================================================
Timestamp: 2026-01-21T00:12:19.2305323Z
Method: GET
URL: /api/warehouses
Status: 200
Duration: 1 ms
UserId: 
Client IP: ::ffff:192.168.1.141
User-Agent: Dalvik/2.1.0 (Linux; U; Android 12; CTR-L91 Build/HUAWEICTR-L91)
Controller: Warehouses, Action: GetAll
Response Body: [{"id":1,"name":"Хуян","type":"Производство","isActive":true,"fromMovements":[],"toMovements":[],"fromRequests":[],"toRequests":[]}]
=======================================================

=======================================================
Timestamp: 2026-01-21T00:12:19.3571461Z
Method: GET
URL: /api/warehouses
Status: 200
Duration: 4 ms
UserId: 
Client IP: ::ffff:192.168.1.141
User-Agent: Dalvik/2.1.0 (Linux; U; Android 12; CTR-L91 Build/HUAWEICTR-L91)
Controller: Warehouses, Action: GetAll
Response Body: [{"id":1,"name":"Хуян","type":"Производство","isActive":true,"fromMovements":[],"toMovements":[],"fromRequests":[],"toRequests":[]}]
=======================================================

=======================================================
Timestamp: 2026-01-21T00:12:28.1744733Z
Method: GET
URL: /api/products
Status: 200
Duration: 5 ms
UserId: 
Client IP: ::ffff:192.168.1.141
User-Agent: Dalvik/2.1.0 (Linux; U; Android 12; CTR-L91 Build/HUAWEICTR-L91)
Controller: Products, Action: GetAll
Response Body: [{"id":1,"name":"Яблочко","description":"1548753264","code":"152","measuringUnit":"шт"}]
=======================================================

=======================================================
Timestamp: 2026-01-21T00:12:28.1814160Z
Method: GET
URL: /api/materials
Status: 200
Duration: 3 ms
UserId: 
Client IP: ::ffff:192.168.1.141
User-Agent: Dalvik/2.1.0 (Linux; U; Android 12; CTR-L91 Build/HUAWEICTR-L91)
Controller: Materials, Action: GetAll
Response Body: [{"id":1,"name":"Косточка","description":"работает?","code":"12312","measuringUnit":"шт"},{"id":2,"name":"Бам сука","description":"","code":"","measuringUnit":"шт"}]
=======================================================

=======================================================
Timestamp: 2026-01-21T00:12:28.1894390Z
Method: GET
URL: /api/users
Status: 200
Duration: 8 ms
UserId: 
Client IP: ::ffff:192.168.1.141
User-Agent: Dalvik/2.1.0 (Linux; U; Android 12; CTR-L91 Build/HUAWEICTR-L91)
Controller: Users, Action: GetAll
Response Body: [{"id":2,"login":"adam","encryptedPassword":"$2a$11$7k1dXxf9I/3efRZ0fMivY.y8GdBpilmqMN08djBsYEcWj/zQcM2Xq","name":"Adam","surname":"First","email":"first@people.world","phone":"","createdAt":"2026-01-18T02:00:00.151037Z","roleId":null,"role":null,"alarmEvents":[],"sentPartRequests":[],"receivedPartRequests":[],"sentShiftTransfers":[],"receivedShiftTransfers":[]},{"id":3,"login":"admin","encryptedPassword":"5252","name":"Админ","surname":"Системный","email":"admin@example.com","phone":"+71234567890","createdAt":"2026-01-18T02:01:31.317309Z","roleId":null,"role":null,"alarmEvents":[],"sentPartRequests":[],"receivedPartRequests":[],"sentShiftTransfers":[],"receivedShiftTransfers":[]}]
=======================================================

=======================================================
Timestamp: 2026-01-21T00:12:28.4035750Z
Method: POST
URL: /api/warehouses/1/stop
Status: 200
Duration: 218 ms
UserId: 
Client IP: ::ffff:192.168.1.141
User-Agent: Dalvik/2.1.0 (Linux; U; Android 12; CTR-L91 Build/HUAWEICTR-L91)
Controller: Warehouses, Action: StopWarehouse
Response Body: {"message":"Warehouse stopped successfully","warehouse":{"id":1,"name":"Хуян","type":"Производство","isActive":false,"fromMovements":[],"toMovements":[],"fromRequests":[],"toRequests":[]}}
=======================================================

=======================================================
Timestamp: 2026-01-21T00:12:28.4909017Z
Method: GET
URL: /api/warehouses
Status: 200
Duration: 1 ms
UserId: 
Client IP: ::ffff:192.168.1.141
User-Agent: Dalvik/2.1.0 (Linux; U; Android 12; CTR-L91 Build/HUAWEICTR-L91)
Controller: Warehouses, Action: GetAll
Response Body: [{"id":1,"name":"Хуян","type":"Производство","isActive":false,"fromMovements":[],"toMovements":[],"fromRequests":[],"toRequests":[]}]
=======================================================

=======================================================
Timestamp: 2026-01-21T00:12:28.4953906Z
Method: GET
URL: /api/warehouses
Status: 200
Duration: 2 ms
UserId: 
Client IP: ::ffff:192.168.1.141
User-Agent: Dalvik/2.1.0 (Linux; U; Android 12; CTR-L91 Build/HUAWEICTR-L91)
Controller: Warehouses, Action: GetAll
Response Body: [{"id":1,"name":"Хуян","type":"Производство","isActive":false,"fromMovements":[],"toMovements":[],"fromRequests":[],"toRequests":[]}]
=======================================================

=======================================================
Timestamp: 2026-01-21T00:12:28.4998685Z
Method: GET
URL: /api/users
Status: 200
Duration: 4 ms
UserId: 
Client IP: ::ffff:192.168.1.141
User-Agent: Dalvik/2.1.0 (Linux; U; Android 12; CTR-L91 Build/HUAWEICTR-L91)
Controller: Users, Action: GetAll
Response Body: [{"id":2,"login":"adam","encryptedPassword":"$2a$11$7k1dXxf9I/3efRZ0fMivY.y8GdBpilmqMN08djBsYEcWj/zQcM2Xq","name":"Adam","surname":"First","email":"first@people.world","phone":"","createdAt":"2026-01-18T02:00:00.151037Z","roleId":null,"role":null,"alarmEvents":[],"sentPartRequests":[],"receivedPartRequests":[],"sentShiftTransfers":[],"receivedShiftTransfers":[]},{"id":3,"login":"admin","encryptedPassword":"5252","name":"Админ","surname":"Системный","email":"admin@example.com","phone":"+71234567890","createdAt":"2026-01-18T02:01:31.317309Z","roleId":null,"role":null,"alarmEvents":[],"sentPartRequests":[],"receivedPartRequests":[],"sentShiftTransfers":[],"receivedShiftTransfers":[]}]
=======================================================

=======================================================
Timestamp: 2026-01-21T00:12:28.5168311Z
Method: GET
URL: /api/warehouses
Status: 200
Duration: 2 ms
UserId: 
Client IP: ::ffff:192.168.1.141
User-Agent: Dalvik/2.1.0 (Linux; U; Android 12; CTR-L91 Build/HUAWEICTR-L91)
Controller: Warehouses, Action: GetAll
Response Body: [{"id":1,"name":"Хуян","type":"Производство","isActive":false,"fromMovements":[],"toMovements":[],"fromRequests":[],"toRequests":[]}]
=======================================================

=======================================================
Timestamp: 2026-01-21T00:12:33.7961281Z
Method: GET
URL: /api/warehouses
Status: 200
Duration: 1 ms
UserId: 
Client IP: ::ffff:192.168.1.141
User-Agent: Dalvik/2.1.0 (Linux; U; Android 12; CTR-L91 Build/HUAWEICTR-L91)
Controller: Warehouses, Action: GetAll
Response Body: [{"id":1,"name":"Хуян","type":"Производство","isActive":false,"fromMovements":[],"toMovements":[],"fromRequests":[],"toRequests":[]}]
=======================================================

=======================================================
Timestamp: 2026-01-21T00:12:33.7994360Z
Method: GET
URL: /api/warehouses
Status: 200
Duration: 2 ms
UserId: 
Client IP: ::ffff:192.168.1.141
User-Agent: Dalvik/2.1.0 (Linux; U; Android 12; CTR-L91 Build/HUAWEICTR-L91)
Controller: Warehouses, Action: GetAll
Response Body: [{"id":1,"name":"Хуян","type":"Производство","isActive":false,"fromMovements":[],"toMovements":[],"fromRequests":[],"toRequests":[]}]
=======================================================

=======================================================
Timestamp: 2026-01-21T00:12:33.8007540Z
Method: GET
URL: /api/users
Status: 200
Duration: 10 ms
UserId: 
Client IP: ::ffff:192.168.1.141
User-Agent: Dalvik/2.1.0 (Linux; U; Android 12; CTR-L91 Build/HUAWEICTR-L91)
Controller: Users, Action: GetAll
Response Body: [{"id":2,"login":"adam","encryptedPassword":"$2a$11$7k1dXxf9I/3efRZ0fMivY.y8GdBpilmqMN08djBsYEcWj/zQcM2Xq","name":"Adam","surname":"First","email":"first@people.world","phone":"","createdAt":"2026-01-18T02:00:00.151037Z","roleId":null,"role":null,"alarmEvents":[],"sentPartRequests":[],"receivedPartRequests":[],"sentShiftTransfers":[],"receivedShiftTransfers":[]},{"id":3,"login":"admin","encryptedPassword":"5252","name":"Админ","surname":"Системный","email":"admin@example.com","phone":"+71234567890","createdAt":"2026-01-18T02:01:31.317309Z","roleId":null,"role":null,"alarmEvents":[],"sentPartRequests":[],"receivedPartRequests":[],"sentShiftTransfers":[],"receivedShiftTransfers":[]}]
=======================================================

=======================================================
Timestamp: 2026-01-21T00:12:33.8014967Z
Method: GET
URL: /api/materials
Status: 200
Duration: 8 ms
UserId: 
Client IP: ::ffff:192.168.1.141
User-Agent: Dalvik/2.1.0 (Linux; U; Android 12; CTR-L91 Build/HUAWEICTR-L91)
Controller: Materials, Action: GetAll
Response Body: [{"id":1,"name":"Косточка","description":"работает?","code":"12312","measuringUnit":"шт"},{"id":2,"name":"Бам сука","description":"","code":"","measuringUnit":"шт"}]
=======================================================

=======================================================
Timestamp: 2026-01-21T00:12:33.8200318Z
Method: POST
URL: /api/warehouses/1/start
Status: 200
Duration: 15 ms
UserId: 
Client IP: ::ffff:192.168.1.141
User-Agent: Dalvik/2.1.0 (Linux; U; Android 12; CTR-L91 Build/HUAWEICTR-L91)
Controller: Warehouses, Action: StartWarehouse
Response Body: {"message":"Warehouse started successfully","warehouse":{"id":1,"name":"Хуян","type":"Производство","isActive":true,"fromMovements":[],"toMovements":[],"fromRequests":[],"toRequests":[]}}
=======================================================

=======================================================
Timestamp: 2026-01-21T00:12:33.9458921Z
Method: GET
URL: /api/warehouses
Status: 200
Duration: 0 ms
UserId: 
Client IP: ::ffff:192.168.1.141
User-Agent: Dalvik/2.1.0 (Linux; U; Android 12; CTR-L91 Build/HUAWEICTR-L91)
Controller: Warehouses, Action: GetAll
Response Body: [{"id":1,"name":"Хуян","type":"Производство","isActive":true,"fromMovements":[],"toMovements":[],"fromRequests":[],"toRequests":[]}]
=======================================================

=======================================================
Timestamp: 2026-01-21T00:12:33.9468707Z
Method: GET
URL: /api/materials
Status: 200
Duration: 1 ms
UserId: 
Client IP: ::ffff:192.168.1.141
User-Agent: Dalvik/2.1.0 (Linux; U; Android 12; CTR-L91 Build/HUAWEICTR-L91)
Controller: Materials, Action: GetAll
Response Body: [{"id":1,"name":"Косточка","description":"работает?","code":"12312","measuringUnit":"шт"},{"id":2,"name":"Бам сука","description":"","code":"","measuringUnit":"шт"}]
=======================================================

=======================================================
Timestamp: 2026-01-21T00:12:33.9486657Z
Method: GET
URL: /api/products
Status: 200
Duration: 0 ms
UserId: 
Client IP: ::ffff:192.168.1.141
User-Agent: Dalvik/2.1.0 (Linux; U; Android 12; CTR-L91 Build/HUAWEICTR-L91)
Controller: Products, Action: GetAll
Response Body: [{"id":1,"name":"Яблочко","description":"1548753264","code":"152","measuringUnit":"шт"}]
=======================================================

=======================================================
Timestamp: 2026-01-21T00:12:33.9500395Z
Method: GET
URL: /api/warehouses
Status: 200
Duration: 2 ms
UserId: 
Client IP: ::ffff:192.168.1.141
User-Agent: Dalvik/2.1.0 (Linux; U; Android 12; CTR-L91 Build/HUAWEICTR-L91)
Controller: Warehouses, Action: GetAll
Response Body: [{"id":1,"name":"Хуян","type":"Производство","isActive":true,"fromMovements":[],"toMovements":[],"fromRequests":[],"toRequests":[]}]
=======================================================

=======================================================
Timestamp: 2026-01-21T00:12:33.9505099Z
Method: GET
URL: /api/users
Status: 200
Duration: 1 ms
UserId: 
Client IP: ::ffff:192.168.1.141
User-Agent: Dalvik/2.1.0 (Linux; U; Android 12; CTR-L91 Build/HUAWEICTR-L91)
Controller: Users, Action: GetAll
Response Body: [{"id":2,"login":"adam","encryptedPassword":"$2a$11$7k1dXxf9I/3efRZ0fMivY.y8GdBpilmqMN08djBsYEcWj/zQcM2Xq","name":"Adam","surname":"First","email":"first@people.world","phone":"","createdAt":"2026-01-18T02:00:00.151037Z","roleId":null,"role":null,"alarmEvents":[],"sentPartRequests":[],"receivedPartRequests":[],"sentShiftTransfers":[],"receivedShiftTransfers":[]},{"id":3,"login":"admin","encryptedPassword":"5252","name":"Админ","surname":"Системный","email":"admin@example.com","phone":"+71234567890","createdAt":"2026-01-18T02:01:31.317309Z","roleId":null,"role":null,"alarmEvents":[],"sentPartRequests":[],"receivedPartRequests":[],"sentShiftTransfers":[],"receivedShiftTransfers":[]}]
=======================================================

=======================================================
Timestamp: 2026-01-21T00:12:33.9566298Z
Method: GET
URL: /api/warehouses
Status: 200
Duration: 1 ms
UserId: 
Client IP: ::ffff:192.168.1.141
User-Agent: Dalvik/2.1.0 (Linux; U; Android 12; CTR-L91 Build/HUAWEICTR-L91)
Controller: Warehouses, Action: GetAll
Response Body: [{"id":1,"name":"Хуян","type":"Производство","isActive":true,"fromMovements":[],"toMovements":[],"fromRequests":[],"toRequests":[]}]
=======================================================

=======================================================
Timestamp: 2026-01-21T00:12:38.0361789Z
Method: GET
URL: /api/warehouses
Status: 200
Duration: 1 ms
UserId: 
Client IP: ::ffff:192.168.1.141
User-Agent: Dalvik/2.1.0 (Linux; U; Android 12; CTR-L91 Build/HUAWEICTR-L91)
Controller: Warehouses, Action: GetAll
Response Body: [{"id":1,"name":"Хуян","type":"Производство","isActive":true,"fromMovements":[],"toMovements":[],"fromRequests":[],"toRequests":[]}]
=======================================================

=======================================================
Timestamp: 2026-01-21T00:12:38.0378403Z
Method: GET
URL: /api/materials
Status: 200
Duration: 0 ms
UserId: 
Client IP: ::ffff:192.168.1.141
User-Agent: Dalvik/2.1.0 (Linux; U; Android 12; CTR-L91 Build/HUAWEICTR-L91)
Controller: Materials, Action: GetAll
Response Body: [{"id":1,"name":"Косточка","description":"работает?","code":"12312","measuringUnit":"шт"},{"id":2,"name":"Бам сука","description":"","code":"","measuringUnit":"шт"}]
=======================================================

=======================================================
Timestamp: 2026-01-21T00:12:38.0390375Z
Method: GET
URL: /api/warehouses
Status: 200
Duration: 4 ms
UserId: 
Client IP: ::ffff:192.168.1.141
User-Agent: Dalvik/2.1.0 (Linux; U; Android 12; CTR-L91 Build/HUAWEICTR-L91)
Controller: Warehouses, Action: GetAll
Response Body: [{"id":1,"name":"Хуян","type":"Производство","isActive":true,"fromMovements":[],"toMovements":[],"fromRequests":[],"toRequests":[]}]
=======================================================

=======================================================
Timestamp: 2026-01-21T00:12:38.0411777Z
Method: GET
URL: /api/users
Status: 200
Duration: 1 ms
UserId: 
Client IP: ::ffff:192.168.1.141
User-Agent: Dalvik/2.1.0 (Linux; U; Android 12; CTR-L91 Build/HUAWEICTR-L91)
Controller: Users, Action: GetAll
Response Body: [{"id":2,"login":"adam","encryptedPassword":"$2a$11$7k1dXxf9I/3efRZ0fMivY.y8GdBpilmqMN08djBsYEcWj/zQcM2Xq","name":"Adam","surname":"First","email":"first@people.world","phone":"","createdAt":"2026-01-18T02:00:00.151037Z","roleId":null,"role":null,"alarmEvents":[],"sentPartRequests":[],"receivedPartRequests":[],"sentShiftTransfers":[],"receivedShiftTransfers":[]},{"id":3,"login":"admin","encryptedPassword":"5252","name":"Админ","surname":"Системный","email":"admin@example.com","phone":"+71234567890","createdAt":"2026-01-18T02:01:31.317309Z","roleId":null,"role":null,"alarmEvents":[],"sentPartRequests":[],"receivedPartRequests":[],"sentShiftTransfers":[],"receivedShiftTransfers":[]}]
=======================================================

=======================================================
Timestamp: 2026-01-21T00:12:38.0391897Z
Method: GET
URL: /api/products
Status: 200
Duration: 3 ms
UserId: 
Client IP: ::ffff:192.168.1.141
User-Agent: Dalvik/2.1.0 (Linux; U; Android 12; CTR-L91 Build/HUAWEICTR-L91)
Controller: Products, Action: GetAll
Response Body: [{"id":1,"name":"Яблочко","description":"1548753264","code":"152","measuringUnit":"шт"}]
=======================================================

=======================================================
Timestamp: 2026-01-21T00:12:38.0436524Z
Method: GET
URL: /api/products
Status: 200
Duration: 2 ms
UserId: 
Client IP: ::ffff:192.168.1.141
User-Agent: Dalvik/2.1.0 (Linux; U; Android 12; CTR-L91 Build/HUAWEICTR-L91)
Controller: Products, Action: GetAll
Response Body: [{"id":1,"name":"Яблочко","description":"1548753264","code":"152","measuringUnit":"шт"}]
=======================================================

=======================================================
Timestamp: 2026-01-21T00:12:38.0458254Z
Method: GET
URL: /api/products
Status: 200
Duration: 5 ms
UserId: 
Client IP: ::ffff:192.168.1.141
User-Agent: Dalvik/2.1.0 (Linux; U; Android 12; CTR-L91 Build/HUAWEICTR-L91)
Controller: Products, Action: GetAll
Response Body: [{"id":1,"name":"Яблочко","description":"1548753264","code":"152","measuringUnit":"шт"}]
=======================================================

=======================================================
Timestamp: 2026-01-21T00:12:52.3922728Z
Method: GET
URL: /api/products
Status: 200
Duration: 2 ms
UserId: 
Client IP: ::ffff:192.168.1.141
User-Agent: Dalvik/2.1.0 (Linux; U; Android 12; CTR-L91 Build/HUAWEICTR-L91)
Controller: Products, Action: GetAll
Response Body: [{"id":1,"name":"Яблочко","description":"1548753264","code":"152","measuringUnit":"шт"}]
=======================================================

=======================================================
Timestamp: 2026-01-21T00:12:52.3951799Z
Method: GET
URL: /api/materials
Status: 200
Duration: 1 ms
UserId: 
Client IP: ::ffff:192.168.1.141
User-Agent: Dalvik/2.1.0 (Linux; U; Android 12; CTR-L91 Build/HUAWEICTR-L91)
Controller: Materials, Action: GetAll
Response Body: [{"id":1,"name":"Косточка","description":"работает?","code":"12312","measuringUnit":"шт"},{"id":2,"name":"Бам сука","description":"","code":"","measuringUnit":"шт"}]
=======================================================

=======================================================
Timestamp: 2026-01-21T00:12:52.4044654Z
Method: GET
URL: /api/warehouses
Status: 200
Duration: 11 ms
UserId: 
Client IP: ::ffff:192.168.1.141
User-Agent: Dalvik/2.1.0 (Linux; U; Android 12; CTR-L91 Build/HUAWEICTR-L91)
Controller: Warehouses, Action: GetAll
Response Body: [{"id":1,"name":"Хуян","type":"Производство","isActive":true,"fromMovements":[],"toMovements":[],"fromRequests":[],"toRequests":[]}]
=======================================================

=======================================================
Timestamp: 2026-01-21T00:12:52.4098273Z
Method: GET
URL: /api/users
Status: 200
Duration: 3 ms
UserId: 
Client IP: ::ffff:192.168.1.141
User-Agent: Dalvik/2.1.0 (Linux; U; Android 12; CTR-L91 Build/HUAWEICTR-L91)
Controller: Users, Action: GetAll
Response Body: [{"id":2,"login":"adam","encryptedPassword":"$2a$11$7k1dXxf9I/3efRZ0fMivY.y8GdBpilmqMN08djBsYEcWj/zQcM2Xq","name":"Adam","surname":"First","email":"first@people.world","phone":"","createdAt":"2026-01-18T02:00:00.151037Z","roleId":null,"role":null,"alarmEvents":[],"sentPartRequests":[],"receivedPartRequests":[],"sentShiftTransfers":[],"receivedShiftTransfers":[]},{"id":3,"login":"admin","encryptedPassword":"5252","name":"Админ","surname":"Системный","email":"admin@example.com","phone":"+71234567890","createdAt":"2026-01-18T02:01:31.317309Z","roleId":null,"role":null,"alarmEvents":[],"sentPartRequests":[],"receivedPartRequests":[],"sentShiftTransfers":[],"receivedShiftTransfers":[]}]
=======================================================

=======================================================
Timestamp: 2026-01-21T00:12:55.6082260Z
Method: GET
URL: /api/warehouses
Status: 200
Duration: 2 ms
UserId: 
Client IP: ::ffff:192.168.1.141
User-Agent: Dalvik/2.1.0 (Linux; U; Android 12; CTR-L91 Build/HUAWEICTR-L91)
Controller: Warehouses, Action: GetAll
Response Body: [{"id":1,"name":"Хуян","type":"Производство","isActive":true,"fromMovements":[],"toMovements":[],"fromRequests":[],"toRequests":[]}]
=======================================================

=======================================================
Timestamp: 2026-01-21T00:12:55.7227067Z
Method: GET
URL: /api/products
Status: 200
Duration: 6 ms
UserId: 
Client IP: ::ffff:192.168.1.141
User-Agent: Dalvik/2.1.0 (Linux; U; Android 12; CTR-L91 Build/HUAWEICTR-L91)
Controller: Products, Action: GetAll
Response Body: [{"id":1,"name":"Яблочко","description":"1548753264","code":"152","measuringUnit":"шт"}]
=======================================================

=======================================================
Timestamp: 2026-01-21T00:12:56.3865115Z
Method: GET
URL: /api/products
Status: 200
Duration: 0 ms
UserId: 
Client IP: ::ffff:192.168.1.141
User-Agent: Dalvik/2.1.0 (Linux; U; Android 12; CTR-L91 Build/HUAWEICTR-L91)
Controller: Products, Action: GetAll
Response Body: [{"id":1,"name":"Яблочко","description":"1548753264","code":"152","measuringUnit":"шт"}]
=======================================================

=======================================================
Timestamp: 2026-01-21T00:12:56.3857246Z
Method: GET
URL: /api/materials
Status: 200
Duration: 1 ms
UserId: 
Client IP: ::ffff:192.168.1.141
User-Agent: Dalvik/2.1.0 (Linux; U; Android 12; CTR-L91 Build/HUAWEICTR-L91)
Controller: Materials, Action: GetAll
Response Body: [{"id":1,"name":"Косточка","description":"работает?","code":"12312","measuringUnit":"шт"},{"id":2,"name":"Бам сука","description":"","code":"","measuringUnit":"шт"}]
=======================================================

=======================================================
Timestamp: 2026-01-21T00:12:56.3867805Z
Method: GET
URL: /api/warehouses
Status: 200
Duration: 1 ms
UserId: 
Client IP: ::ffff:192.168.1.141
User-Agent: Dalvik/2.1.0 (Linux; U; Android 12; CTR-L91 Build/HUAWEICTR-L91)
Controller: Warehouses, Action: GetAll
Response Body: [{"id":1,"name":"Хуян","type":"Производство","isActive":true,"fromMovements":[],"toMovements":[],"fromRequests":[],"toRequests":[]}]
=======================================================

=======================================================
Timestamp: 2026-01-21T00:12:56.3855788Z
Method: GET
URL: /api/products
Status: 200
Duration: 1 ms
UserId: 
Client IP: ::ffff:192.168.1.141
User-Agent: Dalvik/2.1.0 (Linux; U; Android 12; CTR-L91 Build/HUAWEICTR-L91)
Controller: Products, Action: GetAll
Response Body: [{"id":1,"name":"Яблочко","description":"1548753264","code":"152","measuringUnit":"шт"}]
=======================================================

=======================================================
Timestamp: 2026-01-21T00:12:56.3900385Z
Method: GET
URL: /api/products
Status: 200
Duration: 1 ms
UserId: 
Client IP: ::ffff:192.168.1.141
User-Agent: Dalvik/2.1.0 (Linux; U; Android 12; CTR-L91 Build/HUAWEICTR-L91)
Controller: Products, Action: GetAll
Response Body: [{"id":1,"name":"Яблочко","description":"1548753264","code":"152","measuringUnit":"шт"}]
=======================================================

=======================================================
Timestamp: 2026-01-21T00:12:56.3916174Z
Method: GET
URL: /api/users
Status: 200
Duration: 2 ms
UserId: 
Client IP: ::ffff:192.168.1.141
User-Agent: Dalvik/2.1.0 (Linux; U; Android 12; CTR-L91 Build/HUAWEICTR-L91)
Controller: Users, Action: GetAll
Response Body: [{"id":2,"login":"adam","encryptedPassword":"$2a$11$7k1dXxf9I/3efRZ0fMivY.y8GdBpilmqMN08djBsYEcWj/zQcM2Xq","name":"Adam","surname":"First","email":"first@people.world","phone":"","createdAt":"2026-01-18T02:00:00.151037Z","roleId":null,"role":null,"alarmEvents":[],"sentPartRequests":[],"receivedPartRequests":[],"sentShiftTransfers":[],"receivedShiftTransfers":[]},{"id":3,"login":"admin","encryptedPassword":"5252","name":"Админ","surname":"Системный","email":"admin@example.com","phone":"+71234567890","createdAt":"2026-01-18T02:01:31.317309Z","roleId":null,"role":null,"alarmEvents":[],"sentPartRequests":[],"receivedPartRequests":[],"sentShiftTransfers":[],"receivedShiftTransfers":[]}]
=======================================================

=======================================================
Timestamp: 2026-01-21T00:12:58.9436458Z
Method: GET
URL: /api/materials
Status: 200
Duration: 2 ms
UserId: 
Client IP: ::ffff:192.168.1.141
User-Agent: Dalvik/2.1.0 (Linux; U; Android 12; CTR-L91 Build/HUAWEICTR-L91)
Controller: Materials, Action: GetAll
Response Body: [{"id":1,"name":"Косточка","description":"работает?","code":"12312","measuringUnit":"шт"},{"id":2,"name":"Бам сука","description":"","code":"","measuringUnit":"шт"}]
=======================================================

=======================================================
Timestamp: 2026-01-21T00:12:58.9480369Z
Method: GET
URL: /api/warehouses
Status: 200
Duration: 1 ms
UserId: 
Client IP: ::ffff:192.168.1.141
User-Agent: Dalvik/2.1.0 (Linux; U; Android 12; CTR-L91 Build/HUAWEICTR-L91)
Controller: Warehouses, Action: GetAll
Response Body: [{"id":1,"name":"Хуян","type":"Производство","isActive":true,"fromMovements":[],"toMovements":[],"fromRequests":[],"toRequests":[]}]
=======================================================

=======================================================
Timestamp: 2026-01-21T00:12:58.9487938Z
Method: GET
URL: /api/products
Status: 200
Duration: 0 ms
UserId: 
Client IP: ::ffff:192.168.1.141
User-Agent: Dalvik/2.1.0 (Linux; U; Android 12; CTR-L91 Build/HUAWEICTR-L91)
Controller: Products, Action: GetAll
Response Body: [{"id":1,"name":"Яблочко","description":"1548753264","code":"152","measuringUnit":"шт"}]
=======================================================

=======================================================
Timestamp: 2026-01-21T00:12:58.9519986Z
Method: GET
URL: /api/materials
Status: 200
Duration: 1 ms
UserId: 
Client IP: ::ffff:192.168.1.141
User-Agent: Dalvik/2.1.0 (Linux; U; Android 12; CTR-L91 Build/HUAWEICTR-L91)
Controller: Materials, Action: GetAll
Response Body: [{"id":1,"name":"Косточка","description":"работает?","code":"12312","measuringUnit":"шт"},{"id":2,"name":"Бам сука","description":"","code":"","measuringUnit":"шт"}]
=======================================================

=======================================================
Timestamp: 2026-01-21T00:13:01.8530900Z
Method: GET
URL: /api/materials
Status: 200
Duration: 1 ms
UserId: 
Client IP: ::ffff:192.168.1.141
User-Agent: Dalvik/2.1.0 (Linux; U; Android 12; CTR-L91 Build/HUAWEICTR-L91)
Controller: Materials, Action: GetAll
Response Body: [{"id":1,"name":"Косточка","description":"работает?","code":"12312","measuringUnit":"шт"},{"id":2,"name":"Бам сука","description":"","code":"","measuringUnit":"шт"}]
=======================================================

=======================================================
Timestamp: 2026-01-21T00:13:01.8553130Z
Method: GET
URL: /api/products
Status: 200
Duration: 1 ms
UserId: 
Client IP: ::ffff:192.168.1.141
User-Agent: Dalvik/2.1.0 (Linux; U; Android 12; CTR-L91 Build/HUAWEICTR-L91)
Controller: Products, Action: GetAll
Response Body: [{"id":1,"name":"Яблочко","description":"1548753264","code":"152","measuringUnit":"шт"}]
=======================================================

=======================================================
Timestamp: 2026-01-21T00:13:01.8585670Z
Method: GET
URL: /api/users
Status: 200
Duration: 4 ms
UserId: 
Client IP: ::ffff:192.168.1.141
User-Agent: Dalvik/2.1.0 (Linux; U; Android 12; CTR-L91 Build/HUAWEICTR-L91)
Controller: Users, Action: GetAll
Response Body: [{"id":2,"login":"adam","encryptedPassword":"$2a$11$7k1dXxf9I/3efRZ0fMivY.y8GdBpilmqMN08djBsYEcWj/zQcM2Xq","name":"Adam","surname":"First","email":"first@people.world","phone":"","createdAt":"2026-01-18T02:00:00.151037Z","roleId":null,"role":null,"alarmEvents":[],"sentPartRequests":[],"receivedPartRequests":[],"sentShiftTransfers":[],"receivedShiftTransfers":[]},{"id":3,"login":"admin","encryptedPassword":"5252","name":"Админ","surname":"Системный","email":"admin@example.com","phone":"+71234567890","createdAt":"2026-01-18T02:01:31.317309Z","roleId":null,"role":null,"alarmEvents":[],"sentPartRequests":[],"receivedPartRequests":[],"sentShiftTransfers":[],"receivedShiftTransfers":[]}]
=======================================================

=======================================================
Timestamp: 2026-01-21T00:13:01.9285124Z
Method: GET
URL: /api/products
Status: 200
Duration: 78 ms
UserId: 
Client IP: ::ffff:192.168.1.141
User-Agent: Dalvik/2.1.0 (Linux; U; Android 12; CTR-L91 Build/HUAWEICTR-L91)
Controller: Products, Action: GetAll
Response Body: [{"id":1,"name":"Яблочко","description":"1548753264","code":"152","measuringUnit":"шт"}]
=======================================================

=======================================================
Timestamp: 2026-01-21T00:13:01.9318023Z
Method: GET
URL: /api/warehouses
Status: 200
Duration: 3 ms
UserId: 
Client IP: ::ffff:192.168.1.141
User-Agent: Dalvik/2.1.0 (Linux; U; Android 12; CTR-L91 Build/HUAWEICTR-L91)
Controller: Warehouses, Action: GetAll
Response Body: [{"id":1,"name":"Хуян","type":"Производство","isActive":true,"fromMovements":[],"toMovements":[],"fromRequests":[],"toRequests":[]}]
=======================================================

=======================================================
Timestamp: 2026-01-21T00:13:01.9424661Z
Method: GET
URL: /api/materials
Status: 200
Duration: 88 ms
UserId: 
Client IP: ::ffff:192.168.1.141
User-Agent: Dalvik/2.1.0 (Linux; U; Android 12; CTR-L91 Build/HUAWEICTR-L91)
Controller: Materials, Action: GetAll
Response Body: [{"id":1,"name":"Косточка","description":"работает?","code":"12312","measuringUnit":"шт"},{"id":2,"name":"Бам сука","description":"","code":"","measuringUnit":"шт"}]
=======================================================

=======================================================
Timestamp: 2026-01-21T00:13:05.4289935Z
Method: GET
URL: /api/materials
Status: 200
Duration: 1 ms
UserId: 
Client IP: ::ffff:192.168.1.141
User-Agent: Dalvik/2.1.0 (Linux; U; Android 12; CTR-L91 Build/HUAWEICTR-L91)
Controller: Materials, Action: GetAll
Response Body: [{"id":1,"name":"Косточка","description":"работает?","code":"12312","measuringUnit":"шт"},{"id":2,"name":"Бам сука","description":"","code":"","measuringUnit":"шт"}]
=======================================================

=======================================================
Timestamp: 2026-01-21T00:13:05.4878929Z
Method: GET
URL: /api/warehouses
Status: 200
Duration: 68 ms
UserId: 
Client IP: ::ffff:192.168.1.141
User-Agent: Dalvik/2.1.0 (Linux; U; Android 12; CTR-L91 Build/HUAWEICTR-L91)
Controller: Warehouses, Action: GetAll
Response Body: [{"id":1,"name":"Хуян","type":"Производство","isActive":true,"fromMovements":[],"toMovements":[],"fromRequests":[],"toRequests":[]}]
=======================================================

=======================================================
Timestamp: 2026-01-21T00:13:07.5889668Z
Method: GET
URL: /api/materials
Status: 200
Duration: 2 ms
UserId: 
Client IP: ::ffff:192.168.1.141
User-Agent: Dalvik/2.1.0 (Linux; U; Android 12; CTR-L91 Build/HUAWEICTR-L91)
Controller: Materials, Action: GetAll
Response Body: [{"id":1,"name":"Косточка","description":"работает?","code":"12312","measuringUnit":"шт"},{"id":2,"name":"Бам сука","description":"","code":"","measuringUnit":"шт"}]
=======================================================

=======================================================
Timestamp: 2026-01-21T00:13:07.5935122Z
Method: GET
URL: /api/warehouses
Status: 200
Duration: 5 ms
UserId: 
Client IP: ::ffff:192.168.1.141
User-Agent: Dalvik/2.1.0 (Linux; U; Android 12; CTR-L91 Build/HUAWEICTR-L91)
Controller: Warehouses, Action: GetAll
Response Body: [{"id":1,"name":"Хуян","type":"Производство","isActive":true,"fromMovements":[],"toMovements":[],"fromRequests":[],"toRequests":[]}]
=======================================================

=======================================================
Timestamp: 2026-01-21T00:13:07.5956861Z
Method: GET
URL: /api/products
Status: 200
Duration: 2 ms
UserId: 
Client IP: ::ffff:192.168.1.141
User-Agent: Dalvik/2.1.0 (Linux; U; Android 12; CTR-L91 Build/HUAWEICTR-L91)
Controller: Products, Action: GetAll
Response Body: [{"id":1,"name":"Яблочко","description":"1548753264","code":"152","measuringUnit":"шт"}]
=======================================================

=======================================================
Timestamp: 2026-01-21T00:13:07.5991855Z
Method: GET
URL: /api/warehouses
Status: 200
Duration: 12 ms
UserId: 
Client IP: ::ffff:192.168.1.141
User-Agent: Dalvik/2.1.0 (Linux; U; Android 12; CTR-L91 Build/HUAWEICTR-L91)
Controller: Warehouses, Action: GetAll
Response Body: [{"id":1,"name":"Хуян","type":"Производство","isActive":true,"fromMovements":[],"toMovements":[],"fromRequests":[],"toRequests":[]}]
=======================================================

=======================================================
Timestamp: 2026-01-21T00:13:07.6054764Z
Method: GET
URL: /api/products
Status: 200
Duration: 2 ms
UserId: 
Client IP: ::ffff:192.168.1.141
User-Agent: Dalvik/2.1.0 (Linux; U; Android 12; CTR-L91 Build/HUAWEICTR-L91)
Controller: Products, Action: GetAll
Response Body: [{"id":1,"name":"Яблочко","description":"1548753264","code":"152","measuringUnit":"шт"}]
=======================================================

=======================================================
Timestamp: 2026-01-21T00:13:07.6072693Z
Method: GET
URL: /api/materials
Status: 200
Duration: 4 ms
UserId: 
Client IP: ::ffff:192.168.1.141
User-Agent: Dalvik/2.1.0 (Linux; U; Android 12; CTR-L91 Build/HUAWEICTR-L91)
Controller: Materials, Action: GetAll
Response Body: [{"id":1,"name":"Косточка","description":"работает?","code":"12312","measuringUnit":"шт"},{"id":2,"name":"Бам сука","description":"","code":"","measuringUnit":"шт"}]
=======================================================

=======================================================
Timestamp: 2026-01-21T00:13:07.6118510Z
Method: GET
URL: /api/users
Status: 200
Duration: 8 ms
UserId: 
Client IP: ::ffff:192.168.1.141
User-Agent: Dalvik/2.1.0 (Linux; U; Android 12; CTR-L91 Build/HUAWEICTR-L91)
Controller: Users, Action: GetAll
Response Body: [{"id":2,"login":"adam","encryptedPassword":"$2a$11$7k1dXxf9I/3efRZ0fMivY.y8GdBpilmqMN08djBsYEcWj/zQcM2Xq","name":"Adam","surname":"First","email":"first@people.world","phone":"","createdAt":"2026-01-18T02:00:00.151037Z","roleId":null,"role":null,"alarmEvents":[],"sentPartRequests":[],"receivedPartRequests":[],"sentShiftTransfers":[],"receivedShiftTransfers":[]},{"id":3,"login":"admin","encryptedPassword":"5252","name":"Админ","surname":"Системный","email":"admin@example.com","phone":"+71234567890","createdAt":"2026-01-18T02:01:31.317309Z","roleId":null,"role":null,"alarmEvents":[],"sentPartRequests":[],"receivedPartRequests":[],"sentShiftTransfers":[],"receivedShiftTransfers":[]}]
=======================================================

=======================================================
Timestamp: 2026-01-21T00:13:07.6127328Z
Method: GET
URL: /api/warehouses
Status: 200
Duration: 2 ms
UserId: 
Client IP: ::ffff:192.168.1.141
User-Agent: Dalvik/2.1.0 (Linux; U; Android 12; CTR-L91 Build/HUAWEICTR-L91)
Controller: Warehouses, Action: GetAll
Response Body: [{"id":1,"name":"Хуян","type":"Производство","isActive":true,"fromMovements":[],"toMovements":[],"fromRequests":[],"toRequests":[]}]
=======================================================

=======================================================
Timestamp: 2026-01-21T00:13:07.6173877Z
Method: GET
URL: /api/products
Status: 200
Duration: 2 ms
UserId: 
Client IP: ::ffff:192.168.1.141
User-Agent: Dalvik/2.1.0 (Linux; U; Android 12; CTR-L91 Build/HUAWEICTR-L91)
Controller: Products, Action: GetAll
Response Body: [{"id":1,"name":"Яблочко","description":"1548753264","code":"152","measuringUnit":"шт"}]
=======================================================

=======================================================
Timestamp: 2026-01-21T00:13:09.5073461Z
Method: GET
URL: /api/products
Status: 200
Duration: 1 ms
UserId: 
Client IP: ::ffff:192.168.1.141
User-Agent: Dalvik/2.1.0 (Linux; U; Android 12; CTR-L91 Build/HUAWEICTR-L91)
Controller: Products, Action: GetAll
Response Body: [{"id":1,"name":"Яблочко","description":"1548753264","code":"152","measuringUnit":"шт"}]
=======================================================

=======================================================
Timestamp: 2026-01-21T00:13:09.5112634Z
Method: GET
URL: /api/materials
Status: 200
Duration: 2 ms
UserId: 
Client IP: ::ffff:192.168.1.141
User-Agent: Dalvik/2.1.0 (Linux; U; Android 12; CTR-L91 Build/HUAWEICTR-L91)
Controller: Materials, Action: GetAll
Response Body: [{"id":1,"name":"Косточка","description":"работает?","code":"12312","measuringUnit":"шт"},{"id":2,"name":"Бам сука","description":"","code":"","measuringUnit":"шт"}]
=======================================================

=======================================================
Timestamp: 2026-01-21T00:13:09.5120096Z
Method: GET
URL: /api/warehouses
Status: 200
Duration: 7 ms
UserId: 
Client IP: ::ffff:192.168.1.141
User-Agent: Dalvik/2.1.0 (Linux; U; Android 12; CTR-L91 Build/HUAWEICTR-L91)
Controller: Warehouses, Action: GetAll
Response Body: [{"id":1,"name":"Хуян","type":"Производство","isActive":true,"fromMovements":[],"toMovements":[],"fromRequests":[],"toRequests":[]}]
=======================================================

=======================================================
Timestamp: 2026-01-21T00:13:09.5134088Z
Method: GET
URL: /api/warehouses
Status: 200
Duration: 1 ms
UserId: 
Client IP: ::ffff:192.168.1.141
User-Agent: Dalvik/2.1.0 (Linux; U; Android 12; CTR-L91 Build/HUAWEICTR-L91)
Controller: Warehouses, Action: GetAll
Response Body: [{"id":1,"name":"Хуян","type":"Производство","isActive":true,"fromMovements":[],"toMovements":[],"fromRequests":[],"toRequests":[]}]
=======================================================

=======================================================
Timestamp: 2026-01-21T00:13:09.5155384Z
Method: GET
URL: /api/products
Status: 200
Duration: 2 ms
UserId: 
Client IP: ::ffff:192.168.1.141
User-Agent: Dalvik/2.1.0 (Linux; U; Android 12; CTR-L91 Build/HUAWEICTR-L91)
Controller: Products, Action: GetAll
Response Body: [{"id":1,"name":"Яблочко","description":"1548753264","code":"152","measuringUnit":"шт"}]
=======================================================

=======================================================
Timestamp: 2026-01-21T00:13:09.5167111Z
Method: GET
URL: /api/products
Status: 200
Duration: 1 ms
UserId: 
Client IP: ::ffff:192.168.1.141
User-Agent: Dalvik/2.1.0 (Linux; U; Android 12; CTR-L91 Build/HUAWEICTR-L91)
Controller: Products, Action: GetAll
Response Body: [{"id":1,"name":"Яблочко","description":"1548753264","code":"152","measuringUnit":"шт"}]
=======================================================

=======================================================
Timestamp: 2026-01-21T00:13:09.5170879Z
Method: GET
URL: /api/users
Status: 200
Duration: 1 ms
UserId: 
Client IP: ::ffff:192.168.1.141
User-Agent: Dalvik/2.1.0 (Linux; U; Android 12; CTR-L91 Build/HUAWEICTR-L91)
Controller: Users, Action: GetAll
Response Body: [{"id":2,"login":"adam","encryptedPassword":"$2a$11$7k1dXxf9I/3efRZ0fMivY.y8GdBpilmqMN08djBsYEcWj/zQcM2Xq","name":"Adam","surname":"First","email":"first@people.world","phone":"","createdAt":"2026-01-18T02:00:00.151037Z","roleId":null,"role":null,"alarmEvents":[],"sentPartRequests":[],"receivedPartRequests":[],"sentShiftTransfers":[],"receivedShiftTransfers":[]},{"id":3,"login":"admin","encryptedPassword":"5252","name":"Админ","surname":"Системный","email":"admin@example.com","phone":"+71234567890","createdAt":"2026-01-18T02:01:31.317309Z","roleId":null,"role":null,"alarmEvents":[],"sentPartRequests":[],"receivedPartRequests":[],"sentShiftTransfers":[],"receivedShiftTransfers":[]}]
=======================================================

=======================================================
Timestamp: 2026-01-21T00:13:09.5155896Z
Method: GET
URL: /api/warehouses
Status: 200
Duration: 3 ms
UserId: 
Client IP: ::ffff:192.168.1.141
User-Agent: Dalvik/2.1.0 (Linux; U; Android 12; CTR-L91 Build/HUAWEICTR-L91)
Controller: Warehouses, Action: GetAll
Response Body: [{"id":1,"name":"Хуян","type":"Производство","isActive":true,"fromMovements":[],"toMovements":[],"fromRequests":[],"toRequests":[]}]
=======================================================

=======================================================
Timestamp: 2026-01-21T00:13:17.3265025Z
Method: GET
URL: /api/materials
Status: 200
Duration: 1 ms
UserId: 
Client IP: ::ffff:192.168.1.141
User-Agent: Dalvik/2.1.0 (Linux; U; Android 12; CTR-L91 Build/HUAWEICTR-L91)
Controller: Materials, Action: GetAll
Response Body: [{"id":1,"name":"Косточка","description":"работает?","code":"12312","measuringUnit":"шт"},{"id":2,"name":"Бам сука","description":"","code":"","measuringUnit":"шт"}]
=======================================================

=======================================================
Timestamp: 2026-01-21T00:13:17.3267103Z
Method: GET
URL: /api/products
Status: 200
Duration: 1 ms
UserId: 
Client IP: ::ffff:192.168.1.141
User-Agent: Dalvik/2.1.0 (Linux; U; Android 12; CTR-L91 Build/HUAWEICTR-L91)
Controller: Products, Action: GetAll
Response Body: [{"id":1,"name":"Яблочко","description":"1548753264","code":"152","measuringUnit":"шт"}]
=======================================================

=======================================================
Timestamp: 2026-01-21T00:13:17.3273753Z
Method: GET
URL: /api/products
Status: 200
Duration: 3 ms
UserId: 
Client IP: ::ffff:192.168.1.141
User-Agent: Dalvik/2.1.0 (Linux; U; Android 12; CTR-L91 Build/HUAWEICTR-L91)
Controller: Products, Action: GetAll
Response Body: [{"id":1,"name":"Яблочко","description":"1548753264","code":"152","measuringUnit":"шт"}]
=======================================================

=======================================================
Timestamp: 2026-01-21T00:13:17.3305386Z
Method: GET
URL: /api/warehouses
Status: 200
Duration: 1 ms
UserId: 
Client IP: ::ffff:192.168.1.141
User-Agent: Dalvik/2.1.0 (Linux; U; Android 12; CTR-L91 Build/HUAWEICTR-L91)
Controller: Warehouses, Action: GetAll
Response Body: [{"id":1,"name":"Хуян","type":"Производство","isActive":true,"fromMovements":[],"toMovements":[],"fromRequests":[],"toRequests":[]}]
=======================================================

=======================================================
Timestamp: 2026-01-21T00:13:17.3318324Z
Method: GET
URL: /api/warehouses
Status: 200
Duration: 0 ms
UserId: 
Client IP: ::ffff:192.168.1.141
User-Agent: Dalvik/2.1.0 (Linux; U; Android 12; CTR-L91 Build/HUAWEICTR-L91)
Controller: Warehouses, Action: GetAll
Response Body: [{"id":1,"name":"Хуян","type":"Производство","isActive":true,"fromMovements":[],"toMovements":[],"fromRequests":[],"toRequests":[]}]
=======================================================

=======================================================
Timestamp: 2026-01-21T00:13:17.3360582Z
Method: GET
URL: /api/products
Status: 200
Duration: 0 ms
UserId: 
Client IP: ::ffff:192.168.1.141
User-Agent: Dalvik/2.1.0 (Linux; U; Android 12; CTR-L91 Build/HUAWEICTR-L91)
Controller: Products, Action: GetAll
Response Body: [{"id":1,"name":"Яблочко","description":"1548753264","code":"152","measuringUnit":"шт"}]
=======================================================

=======================================================
Timestamp: 2026-01-21T00:13:17.4630920Z
Method: GET
URL: /api/users
Status: 200
Duration: 3 ms
UserId: 
Client IP: ::ffff:192.168.1.141
User-Agent: Dalvik/2.1.0 (Linux; U; Android 12; CTR-L91 Build/HUAWEICTR-L91)
Controller: Users, Action: GetAll
Response Body: [{"id":2,"login":"adam","encryptedPassword":"$2a$11$7k1dXxf9I/3efRZ0fMivY.y8GdBpilmqMN08djBsYEcWj/zQcM2Xq","name":"Adam","surname":"First","email":"first@people.world","phone":"","createdAt":"2026-01-18T02:00:00.151037Z","roleId":null,"role":null,"alarmEvents":[],"sentPartRequests":[],"receivedPartRequests":[],"sentShiftTransfers":[],"receivedShiftTransfers":[]},{"id":3,"login":"admin","encryptedPassword":"5252","name":"Админ","surname":"Системный","email":"admin@example.com","phone":"+71234567890","createdAt":"2026-01-18T02:01:31.317309Z","roleId":null,"role":null,"alarmEvents":[],"sentPartRequests":[],"receivedPartRequests":[],"sentShiftTransfers":[],"receivedShiftTransfers":[]}]
=======================================================

=======================================================
Timestamp: 2026-01-21T00:13:41.1130743Z
Method: GET
URL: /api/database/check
Status: 200
Duration: 64 ms
UserId: 
Client IP: ::ffff:192.168.1.141
User-Agent: Dalvik/2.1.0 (Linux; U; Android 12; CTR-L91 Build/HUAWEICTR-L91)
Controller: Database, Action: CheckDatabase
Response Body: {"success":true,"message":"Подключение к базе данных успешно","usersCount":2,"users":[{"id":3,"login":"admin","email":"admin@example.com","name":"Админ Системный","isPasswordEncrypted":true,"passwordLength":4},{"id":2,"login":"adam","email":"first@people.world","name":"Adam First","isPasswordEncrypted":false,"passwordLength":60}]}
=======================================================

=======================================================
Timestamp: 2026-01-21T00:13:45.0720663Z
Method: GET
URL: /api/products
Status: 200
Duration: 1 ms
UserId: 
Client IP: ::ffff:192.168.1.141
User-Agent: Dalvik/2.1.0 (Linux; U; Android 12; CTR-L91 Build/HUAWEICTR-L91)
Controller: Products, Action: GetAll
Response Body: [{"id":1,"name":"Яблочко","description":"1548753264","code":"152","measuringUnit":"шт"}]
=======================================================

=======================================================
Timestamp: 2026-01-21T00:13:45.0736555Z
Method: GET
URL: /api/users
Status: 200
Duration: 2 ms
UserId: 
Client IP: ::ffff:192.168.1.141
User-Agent: Dalvik/2.1.0 (Linux; U; Android 12; CTR-L91 Build/HUAWEICTR-L91)
Controller: Users, Action: GetAll
Response Body: [{"id":2,"login":"adam","encryptedPassword":"$2a$11$7k1dXxf9I/3efRZ0fMivY.y8GdBpilmqMN08djBsYEcWj/zQcM2Xq","name":"Adam","surname":"First","email":"first@people.world","phone":"","createdAt":"2026-01-18T02:00:00.151037Z","roleId":null,"role":null,"alarmEvents":[],"sentPartRequests":[],"receivedPartRequests":[],"sentShiftTransfers":[],"receivedShiftTransfers":[]},{"id":3,"login":"admin","encryptedPassword":"5252","name":"Админ","surname":"Системный","email":"admin@example.com","phone":"+71234567890","createdAt":"2026-01-18T02:01:31.317309Z","roleId":null,"role":null,"alarmEvents":[],"sentPartRequests":[],"receivedPartRequests":[],"sentShiftTransfers":[],"receivedShiftTransfers":[]}]
=======================================================

=======================================================
Timestamp: 2026-01-21T00:13:45.0729416Z
Method: GET
URL: /api/warehouses
Status: 200
Duration: 1 ms
UserId: 
Client IP: ::ffff:192.168.1.141
User-Agent: Dalvik/2.1.0 (Linux; U; Android 12; CTR-L91 Build/HUAWEICTR-L91)
Controller: Warehouses, Action: GetAll
Response Body: [{"id":1,"name":"Хуян","type":"Производство","isActive":true,"fromMovements":[],"toMovements":[],"fromRequests":[],"toRequests":[]}]
=======================================================

=======================================================
Timestamp: 2026-01-21T00:13:45.0762681Z
Method: GET
URL: /api/materials
Status: 200
Duration: 1 ms
UserId: 
Client IP: ::ffff:192.168.1.141
User-Agent: Dalvik/2.1.0 (Linux; U; Android 12; CTR-L91 Build/HUAWEICTR-L91)
Controller: Materials, Action: GetAll
Response Body: [{"id":1,"name":"Косточка","description":"работает?","code":"12312","measuringUnit":"шт"},{"id":2,"name":"Бам сука","description":"","code":"","measuringUnit":"шт"}]
=======================================================

=======================================================
Timestamp: 2026-01-21T00:13:45.0773720Z
Method: GET
URL: /api/products
Status: 200
Duration: 1 ms
UserId: 
Client IP: ::ffff:192.168.1.141
User-Agent: Dalvik/2.1.0 (Linux; U; Android 12; CTR-L91 Build/HUAWEICTR-L91)
Controller: Products, Action: GetAll
Response Body: [{"id":1,"name":"Яблочко","description":"1548753264","code":"152","measuringUnit":"шт"}]
=======================================================

=======================================================
Timestamp: 2026-01-21T00:13:45.0803486Z
Method: GET
URL: /api/warehouses
Status: 200
Duration: 1 ms
UserId: 
Client IP: ::ffff:192.168.1.141
User-Agent: Dalvik/2.1.0 (Linux; U; Android 12; CTR-L91 Build/HUAWEICTR-L91)
Controller: Warehouses, Action: GetAll
Response Body: [{"id":1,"name":"Хуян","type":"Производство","isActive":true,"fromMovements":[],"toMovements":[],"fromRequests":[],"toRequests":[]}]
=======================================================

=======================================================
Timestamp: 2026-01-21T00:13:45.0827350Z
Method: GET
URL: /api/products
Status: 200
Duration: 2 ms
UserId: 
Client IP: ::ffff:192.168.1.141
User-Agent: Dalvik/2.1.0 (Linux; U; Android 12; CTR-L91 Build/HUAWEICTR-L91)
Controller: Products, Action: GetAll
Response Body: [{"id":1,"name":"Яблочко","description":"1548753264","code":"152","measuringUnit":"шт"}]
=======================================================

=======================================================
Timestamp: 2026-01-21T00:13:45.0831482Z
Method: GET
URL: /api/materials
Status: 200
Duration: 1 ms
UserId: 
Client IP: ::ffff:192.168.1.141
User-Agent: Dalvik/2.1.0 (Linux; U; Android 12; CTR-L91 Build/HUAWEICTR-L91)
Controller: Materials, Action: GetAll
Response Body: [{"id":1,"name":"Косточка","description":"работает?","code":"12312","measuringUnit":"шт"},{"id":2,"name":"Бам сука","description":"","code":"","measuringUnit":"шт"}]
=======================================================

=======================================================
Timestamp: 2026-01-21T00:13:45.0871735Z
Method: GET
URL: /api/users
Status: 200
Duration: 1 ms
UserId: 
Client IP: ::ffff:192.168.1.141
User-Agent: Dalvik/2.1.0 (Linux; U; Android 12; CTR-L91 Build/HUAWEICTR-L91)
Controller: Users, Action: GetAll
Response Body: [{"id":2,"login":"adam","encryptedPassword":"$2a$11$7k1dXxf9I/3efRZ0fMivY.y8GdBpilmqMN08djBsYEcWj/zQcM2Xq","name":"Adam","surname":"First","email":"first@people.world","phone":"","createdAt":"2026-01-18T02:00:00.151037Z","roleId":null,"role":null,"alarmEvents":[],"sentPartRequests":[],"receivedPartRequests":[],"sentShiftTransfers":[],"receivedShiftTransfers":[]},{"id":3,"login":"admin","encryptedPassword":"5252","name":"Админ","surname":"Системный","email":"admin@example.com","phone":"+71234567890","createdAt":"2026-01-18T02:01:31.317309Z","roleId":null,"role":null,"alarmEvents":[],"sentPartRequests":[],"receivedPartRequests":[],"sentShiftTransfers":[],"receivedShiftTransfers":[]}]
=======================================================

=======================================================
Timestamp: 2026-01-21T00:13:45.0879207Z
Method: GET
URL: /api/users
Status: 200
Duration: 2 ms
UserId: 
Client IP: ::ffff:192.168.1.141
User-Agent: Dalvik/2.1.0 (Linux; U; Android 12; CTR-L91 Build/HUAWEICTR-L91)
Controller: Users, Action: GetAll
Response Body: [{"id":2,"login":"adam","encryptedPassword":"$2a$11$7k1dXxf9I/3efRZ0fMivY.y8GdBpilmqMN08djBsYEcWj/zQcM2Xq","name":"Adam","surname":"First","email":"first@people.world","phone":"","createdAt":"2026-01-18T02:00:00.151037Z","roleId":null,"role":null,"alarmEvents":[],"sentPartRequests":[],"receivedPartRequests":[],"sentShiftTransfers":[],"receivedShiftTransfers":[]},{"id":3,"login":"admin","encryptedPassword":"5252","name":"Админ","surname":"Системный","email":"admin@example.com","phone":"+71234567890","createdAt":"2026-01-18T02:01:31.317309Z","roleId":null,"role":null,"alarmEvents":[],"sentPartRequests":[],"receivedPartRequests":[],"sentShiftTransfers":[],"receivedShiftTransfers":[]}]
=======================================================

=======================================================
Timestamp: 2026-01-21T00:13:45.3164901Z
Method: GET
URL: /api/products
Status: 200
Duration: 1 ms
UserId: 
Client IP: ::ffff:192.168.1.141
User-Agent: Dalvik/2.1.0 (Linux; U; Android 12; CTR-L91 Build/HUAWEICTR-L91)
Controller: Products, Action: GetAll
Response Body: [{"id":1,"name":"Яблочко","description":"1548753264","code":"152","measuringUnit":"шт"}]
=======================================================

=======================================================
Timestamp: 2026-01-21T00:13:45.4307226Z
Method: GET
URL: /api/materials
Status: 200
Duration: 0 ms
UserId: 
Client IP: ::ffff:192.168.1.141
User-Agent: Dalvik/2.1.0 (Linux; U; Android 12; CTR-L91 Build/HUAWEICTR-L91)
Controller: Materials, Action: GetAll
Response Body: [{"id":1,"name":"Косточка","description":"работает?","code":"12312","measuringUnit":"шт"},{"id":2,"name":"Бам сука","description":"","code":"","measuringUnit":"шт"}]
=======================================================

=======================================================
Timestamp: 2026-01-21T00:13:45.4318459Z
Method: GET
URL: /api/warehouses
Status: 200
Duration: 0 ms
UserId: 
Client IP: ::ffff:192.168.1.141
User-Agent: Dalvik/2.1.0 (Linux; U; Android 12; CTR-L91 Build/HUAWEICTR-L91)
Controller: Warehouses, Action: GetAll
Response Body: [{"id":1,"name":"Хуян","type":"Производство","isActive":true,"fromMovements":[],"toMovements":[],"fromRequests":[],"toRequests":[]}]
=======================================================

=======================================================
Timestamp: 2026-01-21T00:13:45.4328602Z
Method: GET
URL: /api/warehouses
Status: 200
Duration: 4 ms
UserId: 
Client IP: ::ffff:192.168.1.141
User-Agent: Dalvik/2.1.0 (Linux; U; Android 12; CTR-L91 Build/HUAWEICTR-L91)
Controller: Warehouses, Action: GetAll
Response Body: [{"id":1,"name":"Хуян","type":"Производство","isActive":true,"fromMovements":[],"toMovements":[],"fromRequests":[],"toRequests":[]}]
=======================================================

=======================================================
Timestamp: 2026-01-21T00:13:45.4481614Z
Method: GET
URL: /api/roles
Status: 200
Duration: 1 ms
UserId: 
Client IP: ::ffff:192.168.1.141
User-Agent: Dalvik/2.1.0 (Linux; U; Android 12; CTR-L91 Build/HUAWEICTR-L91)
Controller: Roles, Action: GetAll
Response Body: []
=======================================================

=======================================================
Timestamp: 2026-01-21T00:13:45.4488195Z
Method: GET
URL: /api/products
Status: 200
Duration: 1 ms
UserId: 
Client IP: ::ffff:192.168.1.141
User-Agent: Dalvik/2.1.0 (Linux; U; Android 12; CTR-L91 Build/HUAWEICTR-L91)
Controller: Products, Action: GetAll
Response Body: [{"id":1,"name":"Яблочко","description":"1548753264","code":"152","measuringUnit":"шт"}]
=======================================================

=======================================================
Timestamp: 2026-01-21T00:13:45.4493203Z
Method: GET
URL: /api/users
Status: 200
Duration: 2 ms
UserId: 
Client IP: ::ffff:192.168.1.141
User-Agent: Dalvik/2.1.0 (Linux; U; Android 12; CTR-L91 Build/HUAWEICTR-L91)
Controller: Users, Action: GetAll
Response Body: [{"id":2,"login":"adam","encryptedPassword":"$2a$11$7k1dXxf9I/3efRZ0fMivY.y8GdBpilmqMN08djBsYEcWj/zQcM2Xq","name":"Adam","surname":"First","email":"first@people.world","phone":"","createdAt":"2026-01-18T02:00:00.151037Z","roleId":null,"role":null,"alarmEvents":[],"sentPartRequests":[],"receivedPartRequests":[],"sentShiftTransfers":[],"receivedShiftTransfers":[]},{"id":3,"login":"admin","encryptedPassword":"5252","name":"Админ","surname":"Системный","email":"admin@example.com","phone":"+71234567890","createdAt":"2026-01-18T02:01:31.317309Z","roleId":null,"role":null,"alarmEvents":[],"sentPartRequests":[],"receivedPartRequests":[],"sentShiftTransfers":[],"receivedShiftTransfers":[]}]
=======================================================

=======================================================
Timestamp: 2026-01-21T00:13:50.6255849Z
Method: GET
URL: /api/products
Status: 200
Duration: 3 ms
UserId: 
Client IP: ::ffff:192.168.1.141
User-Agent: Dalvik/2.1.0 (Linux; U; Android 12; CTR-L91 Build/HUAWEICTR-L91)
Controller: Products, Action: GetAll
Response Body: [{"id":1,"name":"Яблочко","description":"1548753264","code":"152","measuringUnit":"шт"}]
=======================================================

=======================================================
Timestamp: 2026-01-21T00:13:50.6267343Z
Method: GET
URL: /api/materials
Status: 200
Duration: 3 ms
UserId: 
Client IP: ::ffff:192.168.1.141
User-Agent: Dalvik/2.1.0 (Linux; U; Android 12; CTR-L91 Build/HUAWEICTR-L91)
Controller: Materials, Action: GetAll
Response Body: [{"id":1,"name":"Косточка","description":"работает?","code":"12312","measuringUnit":"шт"},{"id":2,"name":"Бам сука","description":"","code":"","measuringUnit":"шт"}]
=======================================================

=======================================================
Timestamp: 2026-01-21T00:13:50.6288125Z
Method: GET
URL: /api/users
Status: 200
Duration: 7 ms
UserId: 
Client IP: ::ffff:192.168.1.141
User-Agent: Dalvik/2.1.0 (Linux; U; Android 12; CTR-L91 Build/HUAWEICTR-L91)
Controller: Users, Action: GetAll
Response Body: [{"id":2,"login":"adam","encryptedPassword":"$2a$11$7k1dXxf9I/3efRZ0fMivY.y8GdBpilmqMN08djBsYEcWj/zQcM2Xq","name":"Adam","surname":"First","email":"first@people.world","phone":"","createdAt":"2026-01-18T02:00:00.151037Z","roleId":null,"role":null,"alarmEvents":[],"sentPartRequests":[],"receivedPartRequests":[],"sentShiftTransfers":[],"receivedShiftTransfers":[]},{"id":3,"login":"admin","encryptedPassword":"5252","name":"Админ","surname":"Системный","email":"admin@example.com","phone":"+71234567890","createdAt":"2026-01-18T02:01:31.317309Z","roleId":null,"role":null,"alarmEvents":[],"sentPartRequests":[],"receivedPartRequests":[],"sentShiftTransfers":[],"receivedShiftTransfers":[]}]
=======================================================

=======================================================
Timestamp: 2026-01-21T00:13:50.6232786Z
Method: GET
URL: /api/products
Status: 200
Duration: 2 ms
UserId: 
Client IP: ::ffff:192.168.1.141
User-Agent: Dalvik/2.1.0 (Linux; U; Android 12; CTR-L91 Build/HUAWEICTR-L91)
Controller: Products, Action: GetAll
Response Body: [{"id":1,"name":"Яблочко","description":"1548753264","code":"152","measuringUnit":"шт"}]
=======================================================

=======================================================
Timestamp: 2026-01-21T00:13:50.6318555Z
Method: GET
URL: /api/warehouses
Status: 200
Duration: 7 ms
UserId: 
Client IP: ::ffff:192.168.1.141
User-Agent: Dalvik/2.1.0 (Linux; U; Android 12; CTR-L91 Build/HUAWEICTR-L91)
Controller: Warehouses, Action: GetAll
Response Body: [{"id":1,"name":"Хуян","type":"Производство","isActive":true,"fromMovements":[],"toMovements":[],"fromRequests":[],"toRequests":[]}]
=======================================================

=======================================================
Timestamp: 2026-01-21T00:13:50.6401322Z
Method: GET
URL: /api/warehouses
Status: 200
Duration: 2 ms
UserId: 
Client IP: ::ffff:192.168.1.141
User-Agent: Dalvik/2.1.0 (Linux; U; Android 12; CTR-L91 Build/HUAWEICTR-L91)
Controller: Warehouses, Action: GetAll
Response Body: [{"id":1,"name":"Хуян","type":"Производство","isActive":true,"fromMovements":[],"toMovements":[],"fromRequests":[],"toRequests":[]}]
=======================================================

=======================================================
Timestamp: 2026-01-21T00:13:50.6437865Z
Method: GET
URL: /api/warehouses
Status: 200
Duration: 2 ms
UserId: 
Client IP: ::ffff:192.168.1.141
User-Agent: Dalvik/2.1.0 (Linux; U; Android 12; CTR-L91 Build/HUAWEICTR-L91)
Controller: Warehouses, Action: GetAll
Response Body: [{"id":1,"name":"Хуян","type":"Производство","isActive":true,"fromMovements":[],"toMovements":[],"fromRequests":[],"toRequests":[]}]
=======================================================

=======================================================
Timestamp: 2026-01-21T00:13:50.6481434Z
Method: GET
URL: /api/products
Status: 200
Duration: 1 ms
UserId: 
Client IP: ::ffff:192.168.1.141
User-Agent: Dalvik/2.1.0 (Linux; U; Android 12; CTR-L91 Build/HUAWEICTR-L91)
Controller: Products, Action: GetAll
Response Body: [{"id":1,"name":"Яблочко","description":"1548753264","code":"152","measuringUnit":"шт"}]
=======================================================

=======================================================
Timestamp: 2026-01-21T00:13:50.8471346Z
Method: GET
URL: /api/users/search?name=a
Status: 200
Duration: 199 ms
UserId: 
Client IP: ::ffff:192.168.1.141
User-Agent: Dalvik/2.1.0 (Linux; U; Android 12; CTR-L91 Build/HUAWEICTR-L91)
Controller: Users, Action: GetByNameOrSurname
Response Body: [{"id":2,"login":"adam","encryptedPassword":"$2a$11$7k1dXxf9I/3efRZ0fMivY.y8GdBpilmqMN08djBsYEcWj/zQcM2Xq","name":"Adam","surname":"First","email":"first@people.world","phone":"","createdAt":"2026-01-18T02:00:00.151037Z","roleId":null,"role":null,"alarmEvents":[],"sentPartRequests":[],"receivedPartRequests":[],"sentShiftTransfers":[],"receivedShiftTransfers":[]}]
=======================================================

=======================================================
Timestamp: 2026-01-21T00:13:50.8905682Z
Method: GET
URL: /api/warehouses
Status: 200
Duration: 2 ms
UserId: 
Client IP: ::ffff:192.168.1.141
User-Agent: Dalvik/2.1.0 (Linux; U; Android 12; CTR-L91 Build/HUAWEICTR-L91)
Controller: Warehouses, Action: GetAll
Response Body: [{"id":1,"name":"Хуян","type":"Производство","isActive":true,"fromMovements":[],"toMovements":[],"fromRequests":[],"toRequests":[]}]
=======================================================

=======================================================
Timestamp: 2026-01-21T00:13:50.8940023Z
Method: GET
URL: /api/products
Status: 200
Duration: 1 ms
UserId: 
Client IP: ::ffff:192.168.1.141
User-Agent: Dalvik/2.1.0 (Linux; U; Android 12; CTR-L91 Build/HUAWEICTR-L91)
Controller: Products, Action: GetAll
Response Body: [{"id":1,"name":"Яблочко","description":"1548753264","code":"152","measuringUnit":"шт"}]
=======================================================

=======================================================
Timestamp: 2026-01-21T00:13:50.8943619Z
Method: GET
URL: /api/users
Status: 200
Duration: 1 ms
UserId: 
Client IP: ::ffff:192.168.1.141
User-Agent: Dalvik/2.1.0 (Linux; U; Android 12; CTR-L91 Build/HUAWEICTR-L91)
Controller: Users, Action: GetAll
Response Body: [{"id":2,"login":"adam","encryptedPassword":"$2a$11$7k1dXxf9I/3efRZ0fMivY.y8GdBpilmqMN08djBsYEcWj/zQcM2Xq","name":"Adam","surname":"First","email":"first@people.world","phone":"","createdAt":"2026-01-18T02:00:00.151037Z","roleId":null,"role":null,"alarmEvents":[],"sentPartRequests":[],"receivedPartRequests":[],"sentShiftTransfers":[],"receivedShiftTransfers":[]},{"id":3,"login":"admin","encryptedPassword":"5252","name":"Админ","surname":"Системный","email":"admin@example.com","phone":"+71234567890","createdAt":"2026-01-18T02:01:31.317309Z","roleId":null,"role":null,"alarmEvents":[],"sentPartRequests":[],"receivedPartRequests":[],"sentShiftTransfers":[],"receivedShiftTransfers":[]}]
=======================================================

=======================================================
Timestamp: 2026-01-21T00:13:50.8991119Z
Method: GET
URL: /api/products
Status: 200
Duration: 2 ms
UserId: 
Client IP: ::ffff:192.168.1.141
User-Agent: Dalvik/2.1.0 (Linux; U; Android 12; CTR-L91 Build/HUAWEICTR-L91)
Controller: Products, Action: GetAll
Response Body: [{"id":1,"name":"Яблочко","description":"1548753264","code":"152","measuringUnit":"шт"}]
=======================================================

=======================================================
Timestamp: 2026-01-21T00:13:50.8997905Z
Method: GET
URL: /api/users
Status: 200
Duration: 2 ms
UserId: 
Client IP: ::ffff:192.168.1.141
User-Agent: Dalvik/2.1.0 (Linux; U; Android 12; CTR-L91 Build/HUAWEICTR-L91)
Controller: Users, Action: GetAll
Response Body: [{"id":2,"login":"adam","encryptedPassword":"$2a$11$7k1dXxf9I/3efRZ0fMivY.y8GdBpilmqMN08djBsYEcWj/zQcM2Xq","name":"Adam","surname":"First","email":"first@people.world","phone":"","createdAt":"2026-01-18T02:00:00.151037Z","roleId":null,"role":null,"alarmEvents":[],"sentPartRequests":[],"receivedPartRequests":[],"sentShiftTransfers":[],"receivedShiftTransfers":[]},{"id":3,"login":"admin","encryptedPassword":"5252","name":"Админ","surname":"Системный","email":"admin@example.com","phone":"+71234567890","createdAt":"2026-01-18T02:01:31.317309Z","roleId":null,"role":null,"alarmEvents":[],"sentPartRequests":[],"receivedPartRequests":[],"sentShiftTransfers":[],"receivedShiftTransfers":[]}]
=======================================================

=======================================================
Timestamp: 2026-01-21T00:13:50.9002843Z
Method: GET
URL: /api/warehouses
Status: 200
Duration: 1 ms
UserId: 
Client IP: ::ffff:192.168.1.141
User-Agent: Dalvik/2.1.0 (Linux; U; Android 12; CTR-L91 Build/HUAWEICTR-L91)
Controller: Warehouses, Action: GetAll
Response Body: [{"id":1,"name":"Хуян","type":"Производство","isActive":true,"fromMovements":[],"toMovements":[],"fromRequests":[],"toRequests":[]}]
=======================================================

=======================================================
Timestamp: 2026-01-21T00:13:50.9018595Z
Method: GET
URL: /api/materials
Status: 200
Duration: 3 ms
UserId: 
Client IP: ::ffff:192.168.1.141
User-Agent: Dalvik/2.1.0 (Linux; U; Android 12; CTR-L91 Build/HUAWEICTR-L91)
Controller: Materials, Action: GetAll
Response Body: [{"id":1,"name":"Косточка","description":"работает?","code":"12312","measuringUnit":"шт"},{"id":2,"name":"Бам сука","description":"","code":"","measuringUnit":"шт"}]
=======================================================

=======================================================
Timestamp: 2026-01-21T00:13:50.9042119Z
Method: GET
URL: /api/users/search?name=ad
Status: 200
Duration: 1 ms
UserId: 
Client IP: ::ffff:192.168.1.141
User-Agent: Dalvik/2.1.0 (Linux; U; Android 12; CTR-L91 Build/HUAWEICTR-L91)
Controller: Users, Action: GetByNameOrSurname
Response Body: [{"id":2,"login":"adam","encryptedPassword":"$2a$11$7k1dXxf9I/3efRZ0fMivY.y8GdBpilmqMN08djBsYEcWj/zQcM2Xq","name":"Adam","surname":"First","email":"first@people.world","phone":"","createdAt":"2026-01-18T02:00:00.151037Z","roleId":null,"role":null,"alarmEvents":[],"sentPartRequests":[],"receivedPartRequests":[],"sentShiftTransfers":[],"receivedShiftTransfers":[]}]
=======================================================

=======================================================
Timestamp: 2026-01-21T00:13:50.9089859Z
Method: GET
URL: /api/warehouses
Status: 200
Duration: 0 ms
UserId: 
Client IP: ::ffff:192.168.1.141
User-Agent: Dalvik/2.1.0 (Linux; U; Android 12; CTR-L91 Build/HUAWEICTR-L91)
Controller: Warehouses, Action: GetAll
Response Body: [{"id":1,"name":"Хуян","type":"Производство","isActive":true,"fromMovements":[],"toMovements":[],"fromRequests":[],"toRequests":[]}]
=======================================================

=======================================================
Timestamp: 2026-01-21T00:13:50.9132793Z
Method: GET
URL: /api/materials
Status: 200
Duration: 1 ms
UserId: 
Client IP: ::ffff:192.168.1.141
User-Agent: Dalvik/2.1.0 (Linux; U; Android 12; CTR-L91 Build/HUAWEICTR-L91)
Controller: Materials, Action: GetAll
Response Body: [{"id":1,"name":"Косточка","description":"работает?","code":"12312","measuringUnit":"шт"},{"id":2,"name":"Бам сука","description":"","code":"","measuringUnit":"шт"}]
=======================================================

=======================================================
Timestamp: 2026-01-21T00:13:51.2874622Z
Method: GET
URL: /api/users
Status: 200
Duration: 2 ms
UserId: 
Client IP: ::ffff:192.168.1.141
User-Agent: Dalvik/2.1.0 (Linux; U; Android 12; CTR-L91 Build/HUAWEICTR-L91)
Controller: Users, Action: GetAll
Response Body: [{"id":2,"login":"adam","encryptedPassword":"$2a$11$7k1dXxf9I/3efRZ0fMivY.y8GdBpilmqMN08djBsYEcWj/zQcM2Xq","name":"Adam","surname":"First","email":"first@people.world","phone":"","createdAt":"2026-01-18T02:00:00.151037Z","roleId":null,"role":null,"alarmEvents":[],"sentPartRequests":[],"receivedPartRequests":[],"sentShiftTransfers":[],"receivedShiftTransfers":[]},{"id":3,"login":"admin","encryptedPassword":"5252","name":"Админ","surname":"Системный","email":"admin@example.com","phone":"+71234567890","createdAt":"2026-01-18T02:01:31.317309Z","roleId":null,"role":null,"alarmEvents":[],"sentPartRequests":[],"receivedPartRequests":[],"sentShiftTransfers":[],"receivedShiftTransfers":[]}]
=======================================================

=======================================================
Timestamp: 2026-01-21T00:13:51.2897491Z
Method: GET
URL: /api/products
Status: 200
Duration: 1 ms
UserId: 
Client IP: ::ffff:192.168.1.141
User-Agent: Dalvik/2.1.0 (Linux; U; Android 12; CTR-L91 Build/HUAWEICTR-L91)
Controller: Products, Action: GetAll
Response Body: [{"id":1,"name":"Яблочко","description":"1548753264","code":"152","measuringUnit":"шт"}]
=======================================================

=======================================================
Timestamp: 2026-01-21T00:13:51.2906483Z
Method: GET
URL: /api/users
Status: 200
Duration: 2 ms
UserId: 
Client IP: ::ffff:192.168.1.141
User-Agent: Dalvik/2.1.0 (Linux; U; Android 12; CTR-L91 Build/HUAWEICTR-L91)
Controller: Users, Action: GetAll
Response Body: [{"id":2,"login":"adam","encryptedPassword":"$2a$11$7k1dXxf9I/3efRZ0fMivY.y8GdBpilmqMN08djBsYEcWj/zQcM2Xq","name":"Adam","surname":"First","email":"first@people.world","phone":"","createdAt":"2026-01-18T02:00:00.151037Z","roleId":null,"role":null,"alarmEvents":[],"sentPartRequests":[],"receivedPartRequests":[],"sentShiftTransfers":[],"receivedShiftTransfers":[]},{"id":3,"login":"admin","encryptedPassword":"5252","name":"Админ","surname":"Системный","email":"admin@example.com","phone":"+71234567890","createdAt":"2026-01-18T02:01:31.317309Z","roleId":null,"role":null,"alarmEvents":[],"sentPartRequests":[],"receivedPartRequests":[],"sentShiftTransfers":[],"receivedShiftTransfers":[]}]
=======================================================

=======================================================
Timestamp: 2026-01-21T00:13:51.2944367Z
Method: GET
URL: /api/materials
Status: 200
Duration: 1 ms
UserId: 
Client IP: ::ffff:192.168.1.141
User-Agent: Dalvik/2.1.0 (Linux; U; Android 12; CTR-L91 Build/HUAWEICTR-L91)
Controller: Materials, Action: GetAll
Response Body: [{"id":1,"name":"Косточка","description":"работает?","code":"12312","measuringUnit":"шт"},{"id":2,"name":"Бам сука","description":"","code":"","measuringUnit":"шт"}]
=======================================================

=======================================================
Timestamp: 2026-01-21T00:13:51.2966617Z
Method: GET
URL: /api/users/search?name=ada
Status: 200
Duration: 1 ms
UserId: 
Client IP: ::ffff:192.168.1.141
User-Agent: Dalvik/2.1.0 (Linux; U; Android 12; CTR-L91 Build/HUAWEICTR-L91)
Controller: Users, Action: GetByNameOrSurname
Response Body: [{"id":2,"login":"adam","encryptedPassword":"$2a$11$7k1dXxf9I/3efRZ0fMivY.y8GdBpilmqMN08djBsYEcWj/zQcM2Xq","name":"Adam","surname":"First","email":"first@people.world","phone":"","createdAt":"2026-01-18T02:00:00.151037Z","roleId":null,"role":null,"alarmEvents":[],"sentPartRequests":[],"receivedPartRequests":[],"sentShiftTransfers":[],"receivedShiftTransfers":[]}]
=======================================================

=======================================================
Timestamp: 2026-01-21T00:13:51.2989662Z
Method: GET
URL: /api/warehouses
Status: 200
Duration: 1 ms
UserId: 
Client IP: ::ffff:192.168.1.141
User-Agent: Dalvik/2.1.0 (Linux; U; Android 12; CTR-L91 Build/HUAWEICTR-L91)
Controller: Warehouses, Action: GetAll
Response Body: [{"id":1,"name":"Хуян","type":"Производство","isActive":true,"fromMovements":[],"toMovements":[],"fromRequests":[],"toRequests":[]}]
=======================================================

=======================================================
Timestamp: 2026-01-21T00:13:51.2994056Z
Method: GET
URL: /api/warehouses
Status: 200
Duration: 3 ms
UserId: 
Client IP: ::ffff:192.168.1.141
User-Agent: Dalvik/2.1.0 (Linux; U; Android 12; CTR-L91 Build/HUAWEICTR-L91)
Controller: Warehouses, Action: GetAll
Response Body: [{"id":1,"name":"Хуян","type":"Производство","isActive":true,"fromMovements":[],"toMovements":[],"fromRequests":[],"toRequests":[]}]
=======================================================

=======================================================
Timestamp: 2026-01-21T00:13:51.5343866Z
Method: GET
URL: /api/products
Status: 200
Duration: 2 ms
UserId: 
Client IP: ::ffff:192.168.1.141
User-Agent: Dalvik/2.1.0 (Linux; U; Android 12; CTR-L91 Build/HUAWEICTR-L91)
Controller: Products, Action: GetAll
Response Body: [{"id":1,"name":"Яблочко","description":"1548753264","code":"152","measuringUnit":"шт"}]
=======================================================

=======================================================
Timestamp: 2026-01-21T00:13:51.5351183Z
Method: GET
URL: /api/users
Status: 200
Duration: 2 ms
UserId: 
Client IP: ::ffff:192.168.1.141
User-Agent: Dalvik/2.1.0 (Linux; U; Android 12; CTR-L91 Build/HUAWEICTR-L91)
Controller: Users, Action: GetAll
Response Body: [{"id":2,"login":"adam","encryptedPassword":"$2a$11$7k1dXxf9I/3efRZ0fMivY.y8GdBpilmqMN08djBsYEcWj/zQcM2Xq","name":"Adam","surname":"First","email":"first@people.world","phone":"","createdAt":"2026-01-18T02:00:00.151037Z","roleId":null,"role":null,"alarmEvents":[],"sentPartRequests":[],"receivedPartRequests":[],"sentShiftTransfers":[],"receivedShiftTransfers":[]},{"id":3,"login":"admin","encryptedPassword":"5252","name":"Админ","surname":"Системный","email":"admin@example.com","phone":"+71234567890","createdAt":"2026-01-18T02:01:31.317309Z","roleId":null,"role":null,"alarmEvents":[],"sentPartRequests":[],"receivedPartRequests":[],"sentShiftTransfers":[],"receivedShiftTransfers":[]}]
=======================================================

=======================================================
Timestamp: 2026-01-21T00:13:51.5423418Z
Method: GET
URL: /api/products
Status: 200
Duration: 2 ms
UserId: 
Client IP: ::ffff:192.168.1.141
User-Agent: Dalvik/2.1.0 (Linux; U; Android 12; CTR-L91 Build/HUAWEICTR-L91)
Controller: Products, Action: GetAll
Response Body: [{"id":1,"name":"Яблочко","description":"1548753264","code":"152","measuringUnit":"шт"}]
=======================================================

=======================================================
Timestamp: 2026-01-21T00:13:51.5476088Z
Method: GET
URL: /api/warehouses
Status: 200
Duration: 1 ms
UserId: 
Client IP: ::ffff:192.168.1.141
User-Agent: Dalvik/2.1.0 (Linux; U; Android 12; CTR-L91 Build/HUAWEICTR-L91)
Controller: Warehouses, Action: GetAll
Response Body: [{"id":1,"name":"Хуян","type":"Производство","isActive":true,"fromMovements":[],"toMovements":[],"fromRequests":[],"toRequests":[]}]
=======================================================

=======================================================
Timestamp: 2026-01-21T00:13:51.5518602Z
Method: GET
URL: /api/warehouses
Status: 200
Duration: 3 ms
UserId: 
Client IP: ::ffff:192.168.1.141
User-Agent: Dalvik/2.1.0 (Linux; U; Android 12; CTR-L91 Build/HUAWEICTR-L91)
Controller: Warehouses, Action: GetAll
Response Body: [{"id":1,"name":"Хуян","type":"Производство","isActive":true,"fromMovements":[],"toMovements":[],"fromRequests":[],"toRequests":[]}]
=======================================================

=======================================================
Timestamp: 2026-01-21T00:13:51.5558355Z
Method: GET
URL: /api/products
Status: 200
Duration: 1 ms
UserId: 
Client IP: ::ffff:192.168.1.141
User-Agent: Dalvik/2.1.0 (Linux; U; Android 12; CTR-L91 Build/HUAWEICTR-L91)
Controller: Products, Action: GetAll
Response Body: [{"id":1,"name":"Яблочко","description":"1548753264","code":"152","measuringUnit":"шт"}]
=======================================================

=======================================================
Timestamp: 2026-01-21T00:13:51.5643377Z
Method: GET
URL: /api/users/search?name=adam
Status: 200
Duration: 5 ms
UserId: 
Client IP: ::ffff:192.168.1.141
User-Agent: Dalvik/2.1.0 (Linux; U; Android 12; CTR-L91 Build/HUAWEICTR-L91)
Controller: Users, Action: GetByNameOrSurname
Response Body: [{"id":2,"login":"adam","encryptedPassword":"$2a$11$7k1dXxf9I/3efRZ0fMivY.y8GdBpilmqMN08djBsYEcWj/zQcM2Xq","name":"Adam","surname":"First","email":"first@people.world","phone":"","createdAt":"2026-01-18T02:00:00.151037Z","roleId":null,"role":null,"alarmEvents":[],"sentPartRequests":[],"receivedPartRequests":[],"sentShiftTransfers":[],"receivedShiftTransfers":[]}]
=======================================================

=======================================================
Timestamp: 2026-01-21T00:13:52.0148997Z
Method: GET
URL: /api/products
Status: 200
Duration: 2 ms
UserId: 
Client IP: ::ffff:192.168.1.141
User-Agent: Dalvik/2.1.0 (Linux; U; Android 12; CTR-L91 Build/HUAWEICTR-L91)
Controller: Products, Action: GetAll
Response Body: [{"id":1,"name":"Яблочко","description":"1548753264","code":"152","measuringUnit":"шт"}]
=======================================================

=======================================================
Timestamp: 2026-01-21T00:13:52.0163981Z
Method: GET
URL: /api/materials
Status: 200
Duration: 3 ms
UserId: 
Client IP: ::ffff:192.168.1.141
User-Agent: Dalvik/2.1.0 (Linux; U; Android 12; CTR-L91 Build/HUAWEICTR-L91)
Controller: Materials, Action: GetAll
Response Body: [{"id":1,"name":"Косточка","description":"работает?","code":"12312","measuringUnit":"шт"},{"id":2,"name":"Бам сука","description":"","code":"","measuringUnit":"шт"}]
=======================================================

=======================================================
Timestamp: 2026-01-21T00:13:52.0202084Z
Method: GET
URL: /api/products
Status: 200
Duration: 2 ms
UserId: 
Client IP: ::ffff:192.168.1.141
User-Agent: Dalvik/2.1.0 (Linux; U; Android 12; CTR-L91 Build/HUAWEICTR-L91)
Controller: Products, Action: GetAll
Response Body: [{"id":1,"name":"Яблочко","description":"1548753264","code":"152","measuringUnit":"шт"}]
=======================================================

=======================================================
Timestamp: 2026-01-21T00:13:52.0198659Z
Method: GET
URL: /api/users
Status: 200
Duration: 7 ms
UserId: 
Client IP: ::ffff:192.168.1.141
User-Agent: Dalvik/2.1.0 (Linux; U; Android 12; CTR-L91 Build/HUAWEICTR-L91)
Controller: Users, Action: GetAll
Response Body: [{"id":2,"login":"adam","encryptedPassword":"$2a$11$7k1dXxf9I/3efRZ0fMivY.y8GdBpilmqMN08djBsYEcWj/zQcM2Xq","name":"Adam","surname":"First","email":"first@people.world","phone":"","createdAt":"2026-01-18T02:00:00.151037Z","roleId":null,"role":null,"alarmEvents":[],"sentPartRequests":[],"receivedPartRequests":[],"sentShiftTransfers":[],"receivedShiftTransfers":[]},{"id":3,"login":"admin","encryptedPassword":"5252","name":"Админ","surname":"Системный","email":"admin@example.com","phone":"+71234567890","createdAt":"2026-01-18T02:01:31.317309Z","roleId":null,"role":null,"alarmEvents":[],"sentPartRequests":[],"receivedPartRequests":[],"sentShiftTransfers":[],"receivedShiftTransfers":[]}]
=======================================================

=======================================================
Timestamp: 2026-01-21T00:13:52.0252775Z
Method: GET
URL: /api/warehouses
Status: 200
Duration: 4 ms
UserId: 
Client IP: ::ffff:192.168.1.141
User-Agent: Dalvik/2.1.0 (Linux; U; Android 12; CTR-L91 Build/HUAWEICTR-L91)
Controller: Warehouses, Action: GetAll
Response Body: [{"id":1,"name":"Хуян","type":"Производство","isActive":true,"fromMovements":[],"toMovements":[],"fromRequests":[],"toRequests":[]}]
=======================================================

=======================================================
Timestamp: 2026-01-21T00:13:52.0266931Z
Method: GET
URL: /api/warehouses
Status: 200
Duration: 2 ms
UserId: 
Client IP: ::ffff:192.168.1.141
User-Agent: Dalvik/2.1.0 (Linux; U; Android 12; CTR-L91 Build/HUAWEICTR-L91)
Controller: Warehouses, Action: GetAll
Response Body: [{"id":1,"name":"Хуян","type":"Производство","isActive":true,"fromMovements":[],"toMovements":[],"fromRequests":[],"toRequests":[]}]
=======================================================

=======================================================
Timestamp: 2026-01-21T00:13:52.0273336Z
Method: GET
URL: /api/warehouses
Status: 200
Duration: 1 ms
UserId: 
Client IP: ::ffff:192.168.1.141
User-Agent: Dalvik/2.1.0 (Linux; U; Android 12; CTR-L91 Build/HUAWEICTR-L91)
Controller: Warehouses, Action: GetAll
Response Body: [{"id":1,"name":"Хуян","type":"Производство","isActive":true,"fromMovements":[],"toMovements":[],"fromRequests":[],"toRequests":[]}]
=======================================================

=======================================================
Timestamp: 2026-01-21T00:13:52.0325544Z
Method: GET
URL: /api/products
Status: 200
Duration: 5 ms
UserId: 
Client IP: ::ffff:192.168.1.141
User-Agent: Dalvik/2.1.0 (Linux; U; Android 12; CTR-L91 Build/HUAWEICTR-L91)
Controller: Products, Action: GetAll
Response Body: [{"id":1,"name":"Яблочко","description":"1548753264","code":"152","measuringUnit":"шт"}]
=======================================================

=======================================================
Timestamp: 2026-01-21T00:13:52.1425695Z
Method: GET
URL: /api/materials
Status: 200
Duration: 5 ms
UserId: 
Client IP: ::ffff:192.168.1.141
User-Agent: Dalvik/2.1.0 (Linux; U; Android 12; CTR-L91 Build/HUAWEICTR-L91)
Controller: Materials, Action: GetAll
Response Body: [{"id":1,"name":"Косточка","description":"работает?","code":"12312","measuringUnit":"шт"},{"id":2,"name":"Бам сука","description":"","code":"","measuringUnit":"шт"}]
=======================================================

=======================================================
Timestamp: 2026-01-21T00:13:52.1732776Z
Method: GET
URL: /api/products
Status: 200
Duration: 1 ms
UserId: 
Client IP: ::ffff:192.168.1.141
User-Agent: Dalvik/2.1.0 (Linux; U; Android 12; CTR-L91 Build/HUAWEICTR-L91)
Controller: Products, Action: GetAll
Response Body: [{"id":1,"name":"Яблочко","description":"1548753264","code":"152","measuringUnit":"шт"}]
=======================================================

=======================================================
Timestamp: 2026-01-21T00:13:52.1742225Z
Method: GET
URL: /api/users
Status: 200
Duration: 1 ms
UserId: 
Client IP: ::ffff:192.168.1.141
User-Agent: Dalvik/2.1.0 (Linux; U; Android 12; CTR-L91 Build/HUAWEICTR-L91)
Controller: Users, Action: GetAll
Response Body: [{"id":2,"login":"adam","encryptedPassword":"$2a$11$7k1dXxf9I/3efRZ0fMivY.y8GdBpilmqMN08djBsYEcWj/zQcM2Xq","name":"Adam","surname":"First","email":"first@people.world","phone":"","createdAt":"2026-01-18T02:00:00.151037Z","roleId":null,"role":null,"alarmEvents":[],"sentPartRequests":[],"receivedPartRequests":[],"sentShiftTransfers":[],"receivedShiftTransfers":[]},{"id":3,"login":"admin","encryptedPassword":"5252","name":"Админ","surname":"Системный","email":"admin@example.com","phone":"+71234567890","createdAt":"2026-01-18T02:01:31.317309Z","roleId":null,"role":null,"alarmEvents":[],"sentPartRequests":[],"receivedPartRequests":[],"sentShiftTransfers":[],"receivedShiftTransfers":[]}]
=======================================================

=======================================================
Timestamp: 2026-01-21T00:13:52.1808756Z
Method: GET
URL: /api/materials
Status: 200
Duration: 1 ms
UserId: 
Client IP: ::ffff:192.168.1.141
User-Agent: Dalvik/2.1.0 (Linux; U; Android 12; CTR-L91 Build/HUAWEICTR-L91)
Controller: Materials, Action: GetAll
Response Body: [{"id":1,"name":"Косточка","description":"работает?","code":"12312","measuringUnit":"шт"},{"id":2,"name":"Бам сука","description":"","code":"","measuringUnit":"шт"}]
=======================================================

=======================================================
Timestamp: 2026-01-21T00:13:52.1842827Z
Method: GET
URL: /api/warehouses
Status: 200
Duration: 1 ms
UserId: 
Client IP: ::ffff:192.168.1.141
User-Agent: Dalvik/2.1.0 (Linux; U; Android 12; CTR-L91 Build/HUAWEICTR-L91)
Controller: Warehouses, Action: GetAll
Response Body: [{"id":1,"name":"Хуян","type":"Производство","isActive":true,"fromMovements":[],"toMovements":[],"fromRequests":[],"toRequests":[]}]
=======================================================

=======================================================
Timestamp: 2026-01-21T00:13:52.1876733Z
Method: GET
URL: /api/warehouses
Status: 200
Duration: 8 ms
UserId: 
Client IP: ::ffff:192.168.1.141
User-Agent: Dalvik/2.1.0 (Linux; U; Android 12; CTR-L91 Build/HUAWEICTR-L91)
Controller: Warehouses, Action: GetAll
Response Body: [{"id":1,"name":"Хуян","type":"Производство","isActive":true,"fromMovements":[],"toMovements":[],"fromRequests":[],"toRequests":[]}]
=======================================================

=======================================================
Timestamp: 2026-01-21T00:13:52.1896787Z
Method: GET
URL: /api/materials
Status: 200
Duration: 1 ms
UserId: 
Client IP: ::ffff:192.168.1.141
User-Agent: Dalvik/2.1.0 (Linux; U; Android 12; CTR-L91 Build/HUAWEICTR-L91)
Controller: Materials, Action: GetAll
Response Body: [{"id":1,"name":"Косточка","description":"работает?","code":"12312","measuringUnit":"шт"},{"id":2,"name":"Бам сука","description":"","code":"","measuringUnit":"шт"}]
=======================================================

=======================================================
Timestamp: 2026-01-21T00:13:52.1925222Z
Method: GET
URL: /api/users
Status: 200
Duration: 1 ms
UserId: 
Client IP: ::ffff:192.168.1.141
User-Agent: Dalvik/2.1.0 (Linux; U; Android 12; CTR-L91 Build/HUAWEICTR-L91)
Controller: Users, Action: GetAll
Response Body: [{"id":2,"login":"adam","encryptedPassword":"$2a$11$7k1dXxf9I/3efRZ0fMivY.y8GdBpilmqMN08djBsYEcWj/zQcM2Xq","name":"Adam","surname":"First","email":"first@people.world","phone":"","createdAt":"2026-01-18T02:00:00.151037Z","roleId":null,"role":null,"alarmEvents":[],"sentPartRequests":[],"receivedPartRequests":[],"sentShiftTransfers":[],"receivedShiftTransfers":[]},{"id":3,"login":"admin","encryptedPassword":"5252","name":"Админ","surname":"Системный","email":"admin@example.com","phone":"+71234567890","createdAt":"2026-01-18T02:01:31.317309Z","roleId":null,"role":null,"alarmEvents":[],"sentPartRequests":[],"receivedPartRequests":[],"sentShiftTransfers":[],"receivedShiftTransfers":[]}]
=======================================================

=======================================================
Timestamp: 2026-01-21T00:13:52.1934301Z
Method: GET
URL: /api/products
Status: 200
Duration: 1 ms
UserId: 
Client IP: ::ffff:192.168.1.141
User-Agent: Dalvik/2.1.0 (Linux; U; Android 12; CTR-L91 Build/HUAWEICTR-L91)
Controller: Products, Action: GetAll
Response Body: [{"id":1,"name":"Яблочко","description":"1548753264","code":"152","measuringUnit":"шт"}]
=======================================================

=======================================================
Timestamp: 2026-01-21T00:13:52.1941760Z
Method: GET
URL: /api/users/search?name=ad
Status: 200
Duration: 2 ms
UserId: 
Client IP: ::ffff:192.168.1.141
User-Agent: Dalvik/2.1.0 (Linux; U; Android 12; CTR-L91 Build/HUAWEICTR-L91)
Controller: Users, Action: GetByNameOrSurname
Response Body: [{"id":2,"login":"adam","encryptedPassword":"$2a$11$7k1dXxf9I/3efRZ0fMivY.y8GdBpilmqMN08djBsYEcWj/zQcM2Xq","name":"Adam","surname":"First","email":"first@people.world","phone":"","createdAt":"2026-01-18T02:00:00.151037Z","roleId":null,"role":null,"alarmEvents":[],"sentPartRequests":[],"receivedPartRequests":[],"sentShiftTransfers":[],"receivedShiftTransfers":[]}]
=======================================================

=======================================================
Timestamp: 2026-01-21T00:13:52.3668745Z
Method: GET
URL: /api/users
Status: 200
Duration: 1 ms
UserId: 
Client IP: ::ffff:192.168.1.141
User-Agent: Dalvik/2.1.0 (Linux; U; Android 12; CTR-L91 Build/HUAWEICTR-L91)
Controller: Users, Action: GetAll
Response Body: [{"id":2,"login":"adam","encryptedPassword":"$2a$11$7k1dXxf9I/3efRZ0fMivY.y8GdBpilmqMN08djBsYEcWj/zQcM2Xq","name":"Adam","surname":"First","email":"first@people.world","phone":"","createdAt":"2026-01-18T02:00:00.151037Z","roleId":null,"role":null,"alarmEvents":[],"sentPartRequests":[],"receivedPartRequests":[],"sentShiftTransfers":[],"receivedShiftTransfers":[]},{"id":3,"login":"admin","encryptedPassword":"5252","name":"Админ","surname":"Системный","email":"admin@example.com","phone":"+71234567890","createdAt":"2026-01-18T02:01:31.317309Z","roleId":null,"role":null,"alarmEvents":[],"sentPartRequests":[],"receivedPartRequests":[],"sentShiftTransfers":[],"receivedShiftTransfers":[]}]
=======================================================

=======================================================
Timestamp: 2026-01-21T00:13:52.3677876Z
Method: GET
URL: /api/products
Status: 200
Duration: 2 ms
UserId: 
Client IP: ::ffff:192.168.1.141
User-Agent: Dalvik/2.1.0 (Linux; U; Android 12; CTR-L91 Build/HUAWEICTR-L91)
Controller: Products, Action: GetAll
Response Body: [{"id":1,"name":"Яблочко","description":"1548753264","code":"152","measuringUnit":"шт"}]
=======================================================

=======================================================
Timestamp: 2026-01-21T00:13:52.3716519Z
Method: GET
URL: /api/warehouses
Status: 200
Duration: 1 ms
UserId: 
Client IP: ::ffff:192.168.1.141
User-Agent: Dalvik/2.1.0 (Linux; U; Android 12; CTR-L91 Build/HUAWEICTR-L91)
Controller: Warehouses, Action: GetAll
Response Body: [{"id":1,"name":"Хуян","type":"Производство","isActive":true,"fromMovements":[],"toMovements":[],"fromRequests":[],"toRequests":[]}]
=======================================================

=======================================================
Timestamp: 2026-01-21T00:13:52.3737940Z
Method: GET
URL: /api/materials
Status: 200
Duration: 1 ms
UserId: 
Client IP: ::ffff:192.168.1.141
User-Agent: Dalvik/2.1.0 (Linux; U; Android 12; CTR-L91 Build/HUAWEICTR-L91)
Controller: Materials, Action: GetAll
Response Body: [{"id":1,"name":"Косточка","description":"работает?","code":"12312","measuringUnit":"шт"},{"id":2,"name":"Бам сука","description":"","code":"","measuringUnit":"шт"}]
=======================================================

=======================================================
Timestamp: 2026-01-21T00:13:52.3763453Z
Method: GET
URL: /api/products
Status: 200
Duration: 1 ms
UserId: 
Client IP: ::ffff:192.168.1.141
User-Agent: Dalvik/2.1.0 (Linux; U; Android 12; CTR-L91 Build/HUAWEICTR-L91)
Controller: Products, Action: GetAll
Response Body: [{"id":1,"name":"Яблочко","description":"1548753264","code":"152","measuringUnit":"шт"}]
=======================================================

=======================================================
Timestamp: 2026-01-21T00:13:52.3799073Z
Method: GET
URL: /api/warehouses
Status: 200
Duration: 1 ms
UserId: 
Client IP: ::ffff:192.168.1.141
User-Agent: Dalvik/2.1.0 (Linux; U; Android 12; CTR-L91 Build/HUAWEICTR-L91)
Controller: Warehouses, Action: GetAll
Response Body: [{"id":1,"name":"Хуян","type":"Производство","isActive":true,"fromMovements":[],"toMovements":[],"fromRequests":[],"toRequests":[]}]
=======================================================

=======================================================
Timestamp: 2026-01-21T00:13:52.3845843Z
Method: GET
URL: /api/products
Status: 200
Duration: 2 ms
UserId: 
Client IP: ::ffff:192.168.1.141
User-Agent: Dalvik/2.1.0 (Linux; U; Android 12; CTR-L91 Build/HUAWEICTR-L91)
Controller: Products, Action: GetAll
Response Body: [{"id":1,"name":"Яблочко","description":"1548753264","code":"152","measuringUnit":"шт"}]
=======================================================

=======================================================
Timestamp: 2026-01-21T00:13:52.3859368Z
Method: GET
URL: /api/users
Status: 200
Duration: 1 ms
UserId: 
Client IP: ::ffff:192.168.1.141
User-Agent: Dalvik/2.1.0 (Linux; U; Android 12; CTR-L91 Build/HUAWEICTR-L91)
Controller: Users, Action: GetAll
Response Body: [{"id":2,"login":"adam","encryptedPassword":"$2a$11$7k1dXxf9I/3efRZ0fMivY.y8GdBpilmqMN08djBsYEcWj/zQcM2Xq","name":"Adam","surname":"First","email":"first@people.world","phone":"","createdAt":"2026-01-18T02:00:00.151037Z","roleId":null,"role":null,"alarmEvents":[],"sentPartRequests":[],"receivedPartRequests":[],"sentShiftTransfers":[],"receivedShiftTransfers":[]},{"id":3,"login":"admin","encryptedPassword":"5252","name":"Админ","surname":"Системный","email":"admin@example.com","phone":"+71234567890","createdAt":"2026-01-18T02:01:31.317309Z","roleId":null,"role":null,"alarmEvents":[],"sentPartRequests":[],"receivedPartRequests":[],"sentShiftTransfers":[],"receivedShiftTransfers":[]}]
=======================================================

=======================================================
Timestamp: 2026-01-21T00:13:52.3947004Z
Method: GET
URL: /api/users/search?name=a
Status: 200
Duration: 2 ms
UserId: 
Client IP: ::ffff:192.168.1.141
User-Agent: Dalvik/2.1.0 (Linux; U; Android 12; CTR-L91 Build/HUAWEICTR-L91)
Controller: Users, Action: GetByNameOrSurname
Response Body: [{"id":2,"login":"adam","encryptedPassword":"$2a$11$7k1dXxf9I/3efRZ0fMivY.y8GdBpilmqMN08djBsYEcWj/zQcM2Xq","name":"Adam","surname":"First","email":"first@people.world","phone":"","createdAt":"2026-01-18T02:00:00.151037Z","roleId":null,"role":null,"alarmEvents":[],"sentPartRequests":[],"receivedPartRequests":[],"sentShiftTransfers":[],"receivedShiftTransfers":[]}]
=======================================================

=======================================================
Timestamp: 2026-01-21T00:13:52.5177909Z
Method: GET
URL: /api/warehouses
Status: 200
Duration: 1 ms
UserId: 
Client IP: ::ffff:192.168.1.141
User-Agent: Dalvik/2.1.0 (Linux; U; Android 12; CTR-L91 Build/HUAWEICTR-L91)
Controller: Warehouses, Action: GetAll
Response Body: [{"id":1,"name":"Хуян","type":"Производство","isActive":true,"fromMovements":[],"toMovements":[],"fromRequests":[],"toRequests":[]}]
=======================================================

=======================================================
Timestamp: 2026-01-21T00:13:52.5198530Z
Method: GET
URL: /api/materials
Status: 200
Duration: 2 ms
UserId: 
Client IP: ::ffff:192.168.1.141
User-Agent: Dalvik/2.1.0 (Linux; U; Android 12; CTR-L91 Build/HUAWEICTR-L91)
Controller: Materials, Action: GetAll
Response Body: [{"id":1,"name":"Косточка","description":"работает?","code":"12312","measuringUnit":"шт"},{"id":2,"name":"Бам сука","description":"","code":"","measuringUnit":"шт"}]
=======================================================

=======================================================
Timestamp: 2026-01-21T00:13:52.5203120Z
Method: GET
URL: /api/products
Status: 200
Duration: 3 ms
UserId: 
Client IP: ::ffff:192.168.1.141
User-Agent: Dalvik/2.1.0 (Linux; U; Android 12; CTR-L91 Build/HUAWEICTR-L91)
Controller: Products, Action: GetAll
Response Body: [{"id":1,"name":"Яблочко","description":"1548753264","code":"152","measuringUnit":"шт"}]
=======================================================

=======================================================
Timestamp: 2026-01-21T00:13:52.5246067Z
Method: GET
URL: /api/warehouses
Status: 200
Duration: 1 ms
UserId: 
Client IP: ::ffff:192.168.1.141
User-Agent: Dalvik/2.1.0 (Linux; U; Android 12; CTR-L91 Build/HUAWEICTR-L91)
Controller: Warehouses, Action: GetAll
Response Body: [{"id":1,"name":"Хуян","type":"Производство","isActive":true,"fromMovements":[],"toMovements":[],"fromRequests":[],"toRequests":[]}]
=======================================================

=======================================================
Timestamp: 2026-01-21T00:13:52.5317768Z
Method: GET
URL: /api/users
Status: 200
Duration: 2 ms
UserId: 
Client IP: ::ffff:192.168.1.141
User-Agent: Dalvik/2.1.0 (Linux; U; Android 12; CTR-L91 Build/HUAWEICTR-L91)
Controller: Users, Action: GetAll
Response Body: [{"id":2,"login":"adam","encryptedPassword":"$2a$11$7k1dXxf9I/3efRZ0fMivY.y8GdBpilmqMN08djBsYEcWj/zQcM2Xq","name":"Adam","surname":"First","email":"first@people.world","phone":"","createdAt":"2026-01-18T02:00:00.151037Z","roleId":null,"role":null,"alarmEvents":[],"sentPartRequests":[],"receivedPartRequests":[],"sentShiftTransfers":[],"receivedShiftTransfers":[]},{"id":3,"login":"admin","encryptedPassword":"5252","name":"Админ","surname":"Системный","email":"admin@example.com","phone":"+71234567890","createdAt":"2026-01-18T02:01:31.317309Z","roleId":null,"role":null,"alarmEvents":[],"sentPartRequests":[],"receivedPartRequests":[],"sentShiftTransfers":[],"receivedShiftTransfers":[]}]
=======================================================

=======================================================
Timestamp: 2026-01-21T00:13:52.5323625Z
Method: GET
URL: /api/users
Status: 200
Duration: 2 ms
UserId: 
Client IP: ::ffff:192.168.1.141
User-Agent: Dalvik/2.1.0 (Linux; U; Android 12; CTR-L91 Build/HUAWEICTR-L91)
Controller: Users, Action: GetAll
Response Body: [{"id":2,"login":"adam","encryptedPassword":"$2a$11$7k1dXxf9I/3efRZ0fMivY.y8GdBpilmqMN08djBsYEcWj/zQcM2Xq","name":"Adam","surname":"First","email":"first@people.world","phone":"","createdAt":"2026-01-18T02:00:00.151037Z","roleId":null,"role":null,"alarmEvents":[],"sentPartRequests":[],"receivedPartRequests":[],"sentShiftTransfers":[],"receivedShiftTransfers":[]},{"id":3,"login":"admin","encryptedPassword":"5252","name":"Админ","surname":"Системный","email":"admin@example.com","phone":"+71234567890","createdAt":"2026-01-18T02:01:31.317309Z","roleId":null,"role":null,"alarmEvents":[],"sentPartRequests":[],"receivedPartRequests":[],"sentShiftTransfers":[],"receivedShiftTransfers":[]}]
=======================================================

=======================================================
Timestamp: 2026-01-21T00:13:54.7363986Z
Method: GET
URL: /api/products
Status: 200
Duration: 1 ms
UserId: 
Client IP: ::ffff:192.168.1.141
User-Agent: Dalvik/2.1.0 (Linux; U; Android 12; CTR-L91 Build/HUAWEICTR-L91)
Controller: Products, Action: GetAll
Response Body: [{"id":1,"name":"Яблочко","description":"1548753264","code":"152","measuringUnit":"шт"}]
=======================================================

=======================================================
Timestamp: 2026-01-21T00:13:54.7405604Z
Method: GET
URL: /api/materials
Status: 200
Duration: 1 ms
UserId: 
Client IP: ::ffff:192.168.1.141
User-Agent: Dalvik/2.1.0 (Linux; U; Android 12; CTR-L91 Build/HUAWEICTR-L91)
Controller: Materials, Action: GetAll
Response Body: [{"id":1,"name":"Косточка","description":"работает?","code":"12312","measuringUnit":"шт"},{"id":2,"name":"Бам сука","description":"","code":"","measuringUnit":"шт"}]
=======================================================

=======================================================
Timestamp: 2026-01-21T00:13:54.7425856Z
Method: GET
URL: /api/warehouses
Status: 200
Duration: 2 ms
UserId: 
Client IP: ::ffff:192.168.1.141
User-Agent: Dalvik/2.1.0 (Linux; U; Android 12; CTR-L91 Build/HUAWEICTR-L91)
Controller: Warehouses, Action: GetAll
Response Body: [{"id":1,"name":"Хуян","type":"Производство","isActive":true,"fromMovements":[],"toMovements":[],"fromRequests":[],"toRequests":[]}]
=======================================================

=======================================================
Timestamp: 2026-01-21T00:13:54.7453699Z
Method: GET
URL: /api/products
Status: 200
Duration: 2 ms
UserId: 
Client IP: ::ffff:192.168.1.141
User-Agent: Dalvik/2.1.0 (Linux; U; Android 12; CTR-L91 Build/HUAWEICTR-L91)
Controller: Products, Action: GetAll
Response Body: [{"id":1,"name":"Яблочко","description":"1548753264","code":"152","measuringUnit":"шт"}]
=======================================================

=======================================================
Timestamp: 2026-01-21T00:13:54.7508828Z
Method: GET
URL: /api/products
Status: 200
Duration: 1 ms
UserId: 
Client IP: ::ffff:192.168.1.141
User-Agent: Dalvik/2.1.0 (Linux; U; Android 12; CTR-L91 Build/HUAWEICTR-L91)
Controller: Products, Action: GetAll
Response Body: [{"id":1,"name":"Яблочко","description":"1548753264","code":"152","measuringUnit":"шт"}]
=======================================================

=======================================================
Timestamp: 2026-01-21T00:13:54.8588169Z
Method: GET
URL: /api/users
Status: 200
Duration: 2 ms
UserId: 
Client IP: ::ffff:192.168.1.141
User-Agent: Dalvik/2.1.0 (Linux; U; Android 12; CTR-L91 Build/HUAWEICTR-L91)
Controller: Users, Action: GetAll
Response Body: [{"id":2,"login":"adam","encryptedPassword":"$2a$11$7k1dXxf9I/3efRZ0fMivY.y8GdBpilmqMN08djBsYEcWj/zQcM2Xq","name":"Adam","surname":"First","email":"first@people.world","phone":"","createdAt":"2026-01-18T02:00:00.151037Z","roleId":null,"role":null,"alarmEvents":[],"sentPartRequests":[],"receivedPartRequests":[],"sentShiftTransfers":[],"receivedShiftTransfers":[]},{"id":3,"login":"admin","encryptedPassword":"5252","name":"Админ","surname":"Системный","email":"admin@example.com","phone":"+71234567890","createdAt":"2026-01-18T02:01:31.317309Z","roleId":null,"role":null,"alarmEvents":[],"sentPartRequests":[],"receivedPartRequests":[],"sentShiftTransfers":[],"receivedShiftTransfers":[]}]
=======================================================

=======================================================
Timestamp: 2026-01-21T00:13:54.8610573Z
Method: GET
URL: /api/warehouses
Status: 200
Duration: 3 ms
UserId: 
Client IP: ::ffff:192.168.1.141
User-Agent: Dalvik/2.1.0 (Linux; U; Android 12; CTR-L91 Build/HUAWEICTR-L91)
Controller: Warehouses, Action: GetAll
Response Body: [{"id":1,"name":"Хуян","type":"Производство","isActive":true,"fromMovements":[],"toMovements":[],"fromRequests":[],"toRequests":[]}]
=======================================================

=======================================================
Timestamp: 2026-01-21T00:13:54.9429664Z
Method: GET
URL: /api/products
Status: 200
Duration: 1 ms
UserId: 
Client IP: ::ffff:192.168.1.141
User-Agent: Dalvik/2.1.0 (Linux; U; Android 12; CTR-L91 Build/HUAWEICTR-L91)
Controller: Products, Action: GetAll
Response Body: [{"id":1,"name":"Яблочко","description":"1548753264","code":"152","measuringUnit":"шт"}]
=======================================================

=======================================================
Timestamp: 2026-01-21T00:13:55.0150517Z
Method: GET
URL: /api/users/search?name=%D0%B0%D0%B4
Status: 200
Duration: 72 ms
UserId: 
Client IP: ::ffff:192.168.1.141
User-Agent: Dalvik/2.1.0 (Linux; U; Android 12; CTR-L91 Build/HUAWEICTR-L91)
Controller: Users, Action: GetByNameOrSurname
Response Body: [{"id":3,"login":"admin","encryptedPassword":"5252","name":"Админ","surname":"Системный","email":"admin@example.com","phone":"+71234567890","createdAt":"2026-01-18T02:01:31.317309Z","roleId":null,"role":null,"alarmEvents":[],"sentPartRequests":[],"receivedPartRequests":[],"sentShiftTransfers":[],"receivedShiftTransfers":[]}]
=======================================================

=======================================================
Timestamp: 2026-01-21T00:13:55.0150717Z
Method: GET
URL: /api/users
Status: 200
Duration: 73 ms
UserId: 
Client IP: ::ffff:192.168.1.141
User-Agent: Dalvik/2.1.0 (Linux; U; Android 12; CTR-L91 Build/HUAWEICTR-L91)
Controller: Users, Action: GetAll
Response Body: [{"id":2,"login":"adam","encryptedPassword":"$2a$11$7k1dXxf9I/3efRZ0fMivY.y8GdBpilmqMN08djBsYEcWj/zQcM2Xq","name":"Adam","surname":"First","email":"first@people.world","phone":"","createdAt":"2026-01-18T02:00:00.151037Z","roleId":null,"role":null,"alarmEvents":[],"sentPartRequests":[],"receivedPartRequests":[],"sentShiftTransfers":[],"receivedShiftTransfers":[]},{"id":3,"login":"admin","encryptedPassword":"5252","name":"Админ","surname":"Системный","email":"admin@example.com","phone":"+71234567890","createdAt":"2026-01-18T02:01:31.317309Z","roleId":null,"role":null,"alarmEvents":[],"sentPartRequests":[],"receivedPartRequests":[],"sentShiftTransfers":[],"receivedShiftTransfers":[]}]
=======================================================

=======================================================
Timestamp: 2026-01-21T00:13:56.0736736Z
Method: GET
URL: /api/products
Status: 200
Duration: 1 ms
UserId: 
Client IP: ::ffff:192.168.1.141
User-Agent: Dalvik/2.1.0 (Linux; U; Android 12; CTR-L91 Build/HUAWEICTR-L91)
Controller: Products, Action: GetAll
Response Body: [{"id":1,"name":"Яблочко","description":"1548753264","code":"152","measuringUnit":"шт"}]
=======================================================

=======================================================
Timestamp: 2026-01-21T00:13:56.0918882Z
Method: GET
URL: /api/users/search?name=%D0%B0
Status: 200
Duration: 8 ms
UserId: 
Client IP: ::ffff:192.168.1.141
User-Agent: Dalvik/2.1.0 (Linux; U; Android 12; CTR-L91 Build/HUAWEICTR-L91)
Controller: Users, Action: GetByNameOrSurname
Response Body: [{"id":3,"login":"admin","encryptedPassword":"5252","name":"Админ","surname":"Системный","email":"admin@example.com","phone":"+71234567890","createdAt":"2026-01-18T02:01:31.317309Z","roleId":null,"role":null,"alarmEvents":[],"sentPartRequests":[],"receivedPartRequests":[],"sentShiftTransfers":[],"receivedShiftTransfers":[]}]
=======================================================

=======================================================
Timestamp: 2026-01-21T00:13:56.1246060Z
Method: GET
URL: /api/users
Status: 200
Duration: 1 ms
UserId: 
Client IP: ::ffff:192.168.1.141
User-Agent: Dalvik/2.1.0 (Linux; U; Android 12; CTR-L91 Build/HUAWEICTR-L91)
Controller: Users, Action: GetAll
Response Body: [{"id":2,"login":"adam","encryptedPassword":"$2a$11$7k1dXxf9I/3efRZ0fMivY.y8GdBpilmqMN08djBsYEcWj/zQcM2Xq","name":"Adam","surname":"First","email":"first@people.world","phone":"","createdAt":"2026-01-18T02:00:00.151037Z","roleId":null,"role":null,"alarmEvents":[],"sentPartRequests":[],"receivedPartRequests":[],"sentShiftTransfers":[],"receivedShiftTransfers":[]},{"id":3,"login":"admin","encryptedPassword":"5252","name":"Админ","surname":"Системный","email":"admin@example.com","phone":"+71234567890","createdAt":"2026-01-18T02:01:31.317309Z","roleId":null,"role":null,"alarmEvents":[],"sentPartRequests":[],"receivedPartRequests":[],"sentShiftTransfers":[],"receivedShiftTransfers":[]}]
=======================================================

=======================================================
Timestamp: 2026-01-21T00:13:56.1271744Z
Method: GET
URL: /api/warehouses
Status: 200
Duration: 1 ms
UserId: 
Client IP: ::ffff:192.168.1.141
User-Agent: Dalvik/2.1.0 (Linux; U; Android 12; CTR-L91 Build/HUAWEICTR-L91)
Controller: Warehouses, Action: GetAll
Response Body: [{"id":1,"name":"Хуян","type":"Производство","isActive":true,"fromMovements":[],"toMovements":[],"fromRequests":[],"toRequests":[]}]
=======================================================

=======================================================
Timestamp: 2026-01-21T00:13:56.1294809Z
Method: GET
URL: /api/materials
Status: 200
Duration: 2 ms
UserId: 
Client IP: ::ffff:192.168.1.141
User-Agent: Dalvik/2.1.0 (Linux; U; Android 12; CTR-L91 Build/HUAWEICTR-L91)
Controller: Materials, Action: GetAll
Response Body: [{"id":1,"name":"Косточка","description":"работает?","code":"12312","measuringUnit":"шт"},{"id":2,"name":"Бам сука","description":"","code":"","measuringUnit":"шт"}]
=======================================================

=======================================================
Timestamp: 2026-01-21T00:13:56.1315228Z
Method: GET
URL: /api/products
Status: 200
Duration: 1 ms
UserId: 
Client IP: ::ffff:192.168.1.141
User-Agent: Dalvik/2.1.0 (Linux; U; Android 12; CTR-L91 Build/HUAWEICTR-L91)
Controller: Products, Action: GetAll
Response Body: [{"id":1,"name":"Яблочко","description":"1548753264","code":"152","measuringUnit":"шт"}]
=======================================================

=======================================================
Timestamp: 2026-01-21T00:13:56.1352159Z
Method: GET
URL: /api/materials
Status: 200
Duration: 1 ms
UserId: 
Client IP: ::ffff:192.168.1.141
User-Agent: Dalvik/2.1.0 (Linux; U; Android 12; CTR-L91 Build/HUAWEICTR-L91)
Controller: Materials, Action: GetAll
Response Body: [{"id":1,"name":"Косточка","description":"работает?","code":"12312","measuringUnit":"шт"},{"id":2,"name":"Бам сука","description":"","code":"","measuringUnit":"шт"}]
=======================================================

=======================================================
Timestamp: 2026-01-21T00:13:56.1366539Z
Method: GET
URL: /api/products
Status: 200
Duration: 1 ms
UserId: 
Client IP: ::ffff:192.168.1.141
User-Agent: Dalvik/2.1.0 (Linux; U; Android 12; CTR-L91 Build/HUAWEICTR-L91)
Controller: Products, Action: GetAll
Response Body: [{"id":1,"name":"Яблочко","description":"1548753264","code":"152","measuringUnit":"шт"}]
=======================================================

=======================================================
Timestamp: 2026-01-21T00:13:56.1391728Z
Method: GET
URL: /api/users
Status: 200
Duration: 2 ms
UserId: 
Client IP: ::ffff:192.168.1.141
User-Agent: Dalvik/2.1.0 (Linux; U; Android 12; CTR-L91 Build/HUAWEICTR-L91)
Controller: Users, Action: GetAll
Response Body: [{"id":2,"login":"adam","encryptedPassword":"$2a$11$7k1dXxf9I/3efRZ0fMivY.y8GdBpilmqMN08djBsYEcWj/zQcM2Xq","name":"Adam","surname":"First","email":"first@people.world","phone":"","createdAt":"2026-01-18T02:00:00.151037Z","roleId":null,"role":null,"alarmEvents":[],"sentPartRequests":[],"receivedPartRequests":[],"sentShiftTransfers":[],"receivedShiftTransfers":[]},{"id":3,"login":"admin","encryptedPassword":"5252","name":"Админ","surname":"Системный","email":"admin@example.com","phone":"+71234567890","createdAt":"2026-01-18T02:01:31.317309Z","roleId":null,"role":null,"alarmEvents":[],"sentPartRequests":[],"receivedPartRequests":[],"sentShiftTransfers":[],"receivedShiftTransfers":[]}]
=======================================================

=======================================================
Timestamp: 2026-01-21T00:13:56.1407975Z
Method: GET
URL: /api/warehouses
Status: 200
Duration: 1 ms
UserId: 
Client IP: ::ffff:192.168.1.141
User-Agent: Dalvik/2.1.0 (Linux; U; Android 12; CTR-L91 Build/HUAWEICTR-L91)
Controller: Warehouses, Action: GetAll
Response Body: [{"id":1,"name":"Хуян","type":"Производство","isActive":true,"fromMovements":[],"toMovements":[],"fromRequests":[],"toRequests":[]}]
=======================================================

=======================================================
Timestamp: 2026-01-21T00:13:56.1409812Z
Method: GET
URL: /api/users
Status: 200
Duration: 1 ms
UserId: 
Client IP: ::ffff:192.168.1.141
User-Agent: Dalvik/2.1.0 (Linux; U; Android 12; CTR-L91 Build/HUAWEICTR-L91)
Controller: Users, Action: GetAll
Response Body: [{"id":2,"login":"adam","encryptedPassword":"$2a$11$7k1dXxf9I/3efRZ0fMivY.y8GdBpilmqMN08djBsYEcWj/zQcM2Xq","name":"Adam","surname":"First","email":"first@people.world","phone":"","createdAt":"2026-01-18T02:00:00.151037Z","roleId":null,"role":null,"alarmEvents":[],"sentPartRequests":[],"receivedPartRequests":[],"sentShiftTransfers":[],"receivedShiftTransfers":[]},{"id":3,"login":"admin","encryptedPassword":"5252","name":"Админ","surname":"Системный","email":"admin@example.com","phone":"+71234567890","createdAt":"2026-01-18T02:01:31.317309Z","roleId":null,"role":null,"alarmEvents":[],"sentPartRequests":[],"receivedPartRequests":[],"sentShiftTransfers":[],"receivedShiftTransfers":[]}]
=======================================================

=======================================================
Timestamp: 2026-01-21T00:13:56.8653832Z
Method: GET
URL: /api/products
Status: 200
Duration: 2 ms
UserId: 
Client IP: ::ffff:192.168.1.141
User-Agent: Dalvik/2.1.0 (Linux; U; Android 12; CTR-L91 Build/HUAWEICTR-L91)
Controller: Products, Action: GetAll
Response Body: [{"id":1,"name":"Яблочко","description":"1548753264","code":"152","measuringUnit":"шт"}]
=======================================================

=======================================================
Timestamp: 2026-01-21T00:13:56.8706864Z
Method: GET
URL: /api/warehouses
Status: 200
Duration: 3 ms
UserId: 
Client IP: ::ffff:192.168.1.141
User-Agent: Dalvik/2.1.0 (Linux; U; Android 12; CTR-L91 Build/HUAWEICTR-L91)
Controller: Warehouses, Action: GetAll
Response Body: [{"id":1,"name":"Хуян","type":"Производство","isActive":true,"fromMovements":[],"toMovements":[],"fromRequests":[],"toRequests":[]}]
=======================================================

=======================================================
Timestamp: 2026-01-21T00:13:56.8728707Z
Method: GET
URL: /api/materials
Status: 200
Duration: 10 ms
UserId: 
Client IP: ::ffff:192.168.1.141
User-Agent: Dalvik/2.1.0 (Linux; U; Android 12; CTR-L91 Build/HUAWEICTR-L91)
Controller: Materials, Action: GetAll
Response Body: [{"id":1,"name":"Косточка","description":"работает?","code":"12312","measuringUnit":"шт"},{"id":2,"name":"Бам сука","description":"","code":"","measuringUnit":"шт"}]
=======================================================

=======================================================
Timestamp: 2026-01-21T00:13:56.8824447Z
Method: GET
URL: /api/warehouses
Status: 200
Duration: 2 ms
UserId: 
Client IP: ::ffff:192.168.1.141
User-Agent: Dalvik/2.1.0 (Linux; U; Android 12; CTR-L91 Build/HUAWEICTR-L91)
Controller: Warehouses, Action: GetAll
Response Body: [{"id":1,"name":"Хуян","type":"Производство","isActive":true,"fromMovements":[],"toMovements":[],"fromRequests":[],"toRequests":[]}]
=======================================================

=======================================================
Timestamp: 2026-01-21T00:13:56.8733141Z
Method: GET
URL: /api/products
Status: 200
Duration: 4 ms
UserId: 
Client IP: ::ffff:192.168.1.141
User-Agent: Dalvik/2.1.0 (Linux; U; Android 12; CTR-L91 Build/HUAWEICTR-L91)
Controller: Products, Action: GetAll
Response Body: [{"id":1,"name":"Яблочко","description":"1548753264","code":"152","measuringUnit":"шт"}]
=======================================================

=======================================================
Timestamp: 2026-01-21T00:13:56.9947557Z
Method: GET
URL: /api/warehouses
Status: 200
Duration: 2 ms
UserId: 
Client IP: ::ffff:192.168.1.141
User-Agent: Dalvik/2.1.0 (Linux; U; Android 12; CTR-L91 Build/HUAWEICTR-L91)
Controller: Warehouses, Action: GetAll
Response Body: [{"id":1,"name":"Хуян","type":"Производство","isActive":true,"fromMovements":[],"toMovements":[],"fromRequests":[],"toRequests":[]}]
=======================================================

=======================================================
Timestamp: 2026-01-21T00:13:57.0017606Z
Method: GET
URL: /api/materials
Status: 200
Duration: 6 ms
UserId: 
Client IP: ::ffff:192.168.1.141
User-Agent: Dalvik/2.1.0 (Linux; U; Android 12; CTR-L91 Build/HUAWEICTR-L91)
Controller: Materials, Action: GetAll
Response Body: [{"id":1,"name":"Косточка","description":"работает?","code":"12312","measuringUnit":"шт"},{"id":2,"name":"Бам сука","description":"","code":"","measuringUnit":"шт"}]
=======================================================

=======================================================
Timestamp: 2026-01-21T00:13:57.0032031Z
Method: GET
URL: /api/warehouses
Status: 200
Duration: 6 ms
UserId: 
Client IP: ::ffff:192.168.1.141
User-Agent: Dalvik/2.1.0 (Linux; U; Android 12; CTR-L91 Build/HUAWEICTR-L91)
Controller: Warehouses, Action: GetAll
Response Body: [{"id":1,"name":"Хуян","type":"Производство","isActive":true,"fromMovements":[],"toMovements":[],"fromRequests":[],"toRequests":[]}]
=======================================================

=======================================================
Timestamp: 2026-01-21T00:13:57.0081509Z
Method: GET
URL: /api/warehouses
Status: 200
Duration: 1 ms
UserId: 
Client IP: ::ffff:192.168.1.141
User-Agent: Dalvik/2.1.0 (Linux; U; Android 12; CTR-L91 Build/HUAWEICTR-L91)
Controller: Warehouses, Action: GetAll
Response Body: [{"id":1,"name":"Хуян","type":"Производство","isActive":true,"fromMovements":[],"toMovements":[],"fromRequests":[],"toRequests":[]}]
=======================================================

=======================================================
Timestamp: 2026-01-21T00:13:57.0096271Z
Method: GET
URL: /api/products
Status: 200
Duration: 2 ms
UserId: 
Client IP: ::ffff:192.168.1.141
User-Agent: Dalvik/2.1.0 (Linux; U; Android 12; CTR-L91 Build/HUAWEICTR-L91)
Controller: Products, Action: GetAll
Response Body: [{"id":1,"name":"Яблочко","description":"1548753264","code":"152","measuringUnit":"шт"}]
=======================================================

=======================================================
Timestamp: 2026-01-21T00:13:57.0132427Z
Method: GET
URL: /api/users
Status: 200
Duration: 2 ms
UserId: 
Client IP: ::ffff:192.168.1.141
User-Agent: Dalvik/2.1.0 (Linux; U; Android 12; CTR-L91 Build/HUAWEICTR-L91)
Controller: Users, Action: GetAll
Response Body: [{"id":2,"login":"adam","encryptedPassword":"$2a$11$7k1dXxf9I/3efRZ0fMivY.y8GdBpilmqMN08djBsYEcWj/zQcM2Xq","name":"Adam","surname":"First","email":"first@people.world","phone":"","createdAt":"2026-01-18T02:00:00.151037Z","roleId":null,"role":null,"alarmEvents":[],"sentPartRequests":[],"receivedPartRequests":[],"sentShiftTransfers":[],"receivedShiftTransfers":[]},{"id":3,"login":"admin","encryptedPassword":"5252","name":"Админ","surname":"Системный","email":"admin@example.com","phone":"+71234567890","createdAt":"2026-01-18T02:01:31.317309Z","roleId":null,"role":null,"alarmEvents":[],"sentPartRequests":[],"receivedPartRequests":[],"sentShiftTransfers":[],"receivedShiftTransfers":[]}]
=======================================================

=======================================================
Timestamp: 2026-01-21T00:13:57.0139371Z
Method: GET
URL: /api/users/search?name=%D1%81%D0%B8
Status: 200
Duration: 2 ms
UserId: 
Client IP: ::ffff:192.168.1.141
User-Agent: Dalvik/2.1.0 (Linux; U; Android 12; CTR-L91 Build/HUAWEICTR-L91)
Controller: Users, Action: GetByNameOrSurname
Response Body: []
=======================================================

=======================================================
Timestamp: 2026-01-21T00:13:57.1313609Z
Method: GET
URL: /api/products
Status: 200
Duration: 1 ms
UserId: 
Client IP: ::ffff:192.168.1.141
User-Agent: Dalvik/2.1.0 (Linux; U; Android 12; CTR-L91 Build/HUAWEICTR-L91)
Controller: Products, Action: GetAll
Response Body: [{"id":1,"name":"Яблочко","description":"1548753264","code":"152","measuringUnit":"шт"}]
=======================================================

=======================================================
Timestamp: 2026-01-21T00:13:57.1332234Z
Method: GET
URL: /api/users
Status: 200
Duration: 3 ms
UserId: 
Client IP: ::ffff:192.168.1.141
User-Agent: Dalvik/2.1.0 (Linux; U; Android 12; CTR-L91 Build/HUAWEICTR-L91)
Controller: Users, Action: GetAll
Response Body: [{"id":2,"login":"adam","encryptedPassword":"$2a$11$7k1dXxf9I/3efRZ0fMivY.y8GdBpilmqMN08djBsYEcWj/zQcM2Xq","name":"Adam","surname":"First","email":"first@people.world","phone":"","createdAt":"2026-01-18T02:00:00.151037Z","roleId":null,"role":null,"alarmEvents":[],"sentPartRequests":[],"receivedPartRequests":[],"sentShiftTransfers":[],"receivedShiftTransfers":[]},{"id":3,"login":"admin","encryptedPassword":"5252","name":"Админ","surname":"Системный","email":"admin@example.com","phone":"+71234567890","createdAt":"2026-01-18T02:01:31.317309Z","roleId":null,"role":null,"alarmEvents":[],"sentPartRequests":[],"receivedPartRequests":[],"sentShiftTransfers":[],"receivedShiftTransfers":[]}]
=======================================================

=======================================================
Timestamp: 2026-01-21T00:13:57.1375710Z
Method: GET
URL: /api/warehouses
Status: 200
Duration: 4 ms
UserId: 
Client IP: ::ffff:192.168.1.141
User-Agent: Dalvik/2.1.0 (Linux; U; Android 12; CTR-L91 Build/HUAWEICTR-L91)
Controller: Warehouses, Action: GetAll
Response Body: [{"id":1,"name":"Хуян","type":"Производство","isActive":true,"fromMovements":[],"toMovements":[],"fromRequests":[],"toRequests":[]}]
=======================================================

=======================================================
Timestamp: 2026-01-21T00:13:57.1401440Z
Method: GET
URL: /api/products
Status: 200
Duration: 4 ms
UserId: 
Client IP: ::ffff:192.168.1.141
User-Agent: Dalvik/2.1.0 (Linux; U; Android 12; CTR-L91 Build/HUAWEICTR-L91)
Controller: Products, Action: GetAll
Response Body: [{"id":1,"name":"Яблочко","description":"1548753264","code":"152","measuringUnit":"шт"}]
=======================================================

=======================================================
Timestamp: 2026-01-21T00:13:57.1404620Z
Method: GET
URL: /api/warehouses
Status: 200
Duration: 1 ms
UserId: 
Client IP: ::ffff:192.168.1.141
User-Agent: Dalvik/2.1.0 (Linux; U; Android 12; CTR-L91 Build/HUAWEICTR-L91)
Controller: Warehouses, Action: GetAll
Response Body: [{"id":1,"name":"Хуян","type":"Производство","isActive":true,"fromMovements":[],"toMovements":[],"fromRequests":[],"toRequests":[]}]
=======================================================

=======================================================
Timestamp: 2026-01-21T00:13:57.1435771Z
Method: GET
URL: /api/products
Status: 200
Duration: 1 ms
UserId: 
Client IP: ::ffff:192.168.1.141
User-Agent: Dalvik/2.1.0 (Linux; U; Android 12; CTR-L91 Build/HUAWEICTR-L91)
Controller: Products, Action: GetAll
Response Body: [{"id":1,"name":"Яблочко","description":"1548753264","code":"152","measuringUnit":"шт"}]
=======================================================

=======================================================
Timestamp: 2026-01-21T00:13:57.1442190Z
Method: GET
URL: /api/users/search?name=%D1%81%D0%B8%D1%81
Status: 200
Duration: 1 ms
UserId: 
Client IP: ::ffff:192.168.1.141
User-Agent: Dalvik/2.1.0 (Linux; U; Android 12; CTR-L91 Build/HUAWEICTR-L91)
Controller: Users, Action: GetByNameOrSurname
Response Body: []
=======================================================

=======================================================
Timestamp: 2026-01-21T00:13:57.1504801Z
Method: GET
URL: /api/warehouses
Status: 200
Duration: 8 ms
UserId: 
Client IP: ::ffff:192.168.1.141
User-Agent: Dalvik/2.1.0 (Linux; U; Android 12; CTR-L91 Build/HUAWEICTR-L91)
Controller: Warehouses, Action: GetAll
Response Body: [{"id":1,"name":"Хуян","type":"Производство","isActive":true,"fromMovements":[],"toMovements":[],"fromRequests":[],"toRequests":[]}]
=======================================================

=======================================================
Timestamp: 2026-01-21T00:13:57.1511583Z
Method: GET
URL: /api/materials
Status: 200
Duration: 2 ms
UserId: 
Client IP: ::ffff:192.168.1.141
User-Agent: Dalvik/2.1.0 (Linux; U; Android 12; CTR-L91 Build/HUAWEICTR-L91)
Controller: Materials, Action: GetAll
Response Body: [{"id":1,"name":"Косточка","description":"работает?","code":"12312","measuringUnit":"шт"},{"id":2,"name":"Бам сука","description":"","code":"","measuringUnit":"шт"}]
=======================================================

=======================================================
Timestamp: 2026-01-21T00:13:57.8070519Z
Method: GET
URL: /api/warehouses
Status: 200
Duration: 2 ms
UserId: 
Client IP: ::ffff:192.168.1.141
User-Agent: Dalvik/2.1.0 (Linux; U; Android 12; CTR-L91 Build/HUAWEICTR-L91)
Controller: Warehouses, Action: GetAll
Response Body: [{"id":1,"name":"Хуян","type":"Производство","isActive":true,"fromMovements":[],"toMovements":[],"fromRequests":[],"toRequests":[]}]
=======================================================

=======================================================
Timestamp: 2026-01-21T00:13:57.8124910Z
Method: GET
URL: /api/products
Status: 200
Duration: 1 ms
UserId: 
Client IP: ::ffff:192.168.1.141
User-Agent: Dalvik/2.1.0 (Linux; U; Android 12; CTR-L91 Build/HUAWEICTR-L91)
Controller: Products, Action: GetAll
Response Body: [{"id":1,"name":"Яблочко","description":"1548753264","code":"152","measuringUnit":"шт"}]
=======================================================

=======================================================
Timestamp: 2026-01-21T00:13:57.8156664Z
Method: GET
URL: /api/users/search?name=%D1%81%D0%B8
Status: 200
Duration: 2 ms
UserId: 
Client IP: ::ffff:192.168.1.141
User-Agent: Dalvik/2.1.0 (Linux; U; Android 12; CTR-L91 Build/HUAWEICTR-L91)
Controller: Users, Action: GetByNameOrSurname
Response Body: []
=======================================================

=======================================================
Timestamp: 2026-01-21T00:13:57.8187501Z
Method: GET
URL: /api/products
Status: 200
Duration: 1 ms
UserId: 
Client IP: ::ffff:192.168.1.141
User-Agent: Dalvik/2.1.0 (Linux; U; Android 12; CTR-L91 Build/HUAWEICTR-L91)
Controller: Products, Action: GetAll
Response Body: [{"id":1,"name":"Яблочко","description":"1548753264","code":"152","measuringUnit":"шт"}]
=======================================================

=======================================================
Timestamp: 2026-01-21T00:13:57.8235293Z
Method: GET
URL: /api/users
Status: 200
Duration: 1 ms
UserId: 
Client IP: ::ffff:192.168.1.141
User-Agent: Dalvik/2.1.0 (Linux; U; Android 12; CTR-L91 Build/HUAWEICTR-L91)
Controller: Users, Action: GetAll
Response Body: [{"id":2,"login":"adam","encryptedPassword":"$2a$11$7k1dXxf9I/3efRZ0fMivY.y8GdBpilmqMN08djBsYEcWj/zQcM2Xq","name":"Adam","surname":"First","email":"first@people.world","phone":"","createdAt":"2026-01-18T02:00:00.151037Z","roleId":null,"role":null,"alarmEvents":[],"sentPartRequests":[],"receivedPartRequests":[],"sentShiftTransfers":[],"receivedShiftTransfers":[]},{"id":3,"login":"admin","encryptedPassword":"5252","name":"Админ","surname":"Системный","email":"admin@example.com","phone":"+71234567890","createdAt":"2026-01-18T02:01:31.317309Z","roleId":null,"role":null,"alarmEvents":[],"sentPartRequests":[],"receivedPartRequests":[],"sentShiftTransfers":[],"receivedShiftTransfers":[]}]
=======================================================

=======================================================
Timestamp: 2026-01-21T00:13:57.8247659Z
Method: GET
URL: /api/materials
Status: 200
Duration: 15 ms
UserId: 
Client IP: ::ffff:192.168.1.141
User-Agent: Dalvik/2.1.0 (Linux; U; Android 12; CTR-L91 Build/HUAWEICTR-L91)
Controller: Materials, Action: GetAll
Response Body: [{"id":1,"name":"Косточка","description":"работает?","code":"12312","measuringUnit":"шт"},{"id":2,"name":"Бам сука","description":"","code":"","measuringUnit":"шт"}]
=======================================================

=======================================================
Timestamp: 2026-01-21T00:13:57.9786819Z
Method: GET
URL: /api/users
Status: 200
Duration: 1 ms
UserId: 
Client IP: ::ffff:192.168.1.141
User-Agent: Dalvik/2.1.0 (Linux; U; Android 12; CTR-L91 Build/HUAWEICTR-L91)
Controller: Users, Action: GetAll
Response Body: [{"id":2,"login":"adam","encryptedPassword":"$2a$11$7k1dXxf9I/3efRZ0fMivY.y8GdBpilmqMN08djBsYEcWj/zQcM2Xq","name":"Adam","surname":"First","email":"first@people.world","phone":"","createdAt":"2026-01-18T02:00:00.151037Z","roleId":null,"role":null,"alarmEvents":[],"sentPartRequests":[],"receivedPartRequests":[],"sentShiftTransfers":[],"receivedShiftTransfers":[]},{"id":3,"login":"admin","encryptedPassword":"5252","name":"Админ","surname":"Системный","email":"admin@example.com","phone":"+71234567890","createdAt":"2026-01-18T02:01:31.317309Z","roleId":null,"role":null,"alarmEvents":[],"sentPartRequests":[],"receivedPartRequests":[],"sentShiftTransfers":[],"receivedShiftTransfers":[]}]
=======================================================

=======================================================
Timestamp: 2026-01-21T00:13:57.9809101Z
Method: GET
URL: /api/products
Status: 200
Duration: 1 ms
UserId: 
Client IP: ::ffff:192.168.1.141
User-Agent: Dalvik/2.1.0 (Linux; U; Android 12; CTR-L91 Build/HUAWEICTR-L91)
Controller: Products, Action: GetAll
Response Body: [{"id":1,"name":"Яблочко","description":"1548753264","code":"152","measuringUnit":"шт"}]
=======================================================

=======================================================
Timestamp: 2026-01-21T00:13:57.9818658Z
Method: GET
URL: /api/warehouses
Status: 200
Duration: 1 ms
UserId: 
Client IP: ::ffff:192.168.1.141
User-Agent: Dalvik/2.1.0 (Linux; U; Android 12; CTR-L91 Build/HUAWEICTR-L91)
Controller: Warehouses, Action: GetAll
Response Body: [{"id":1,"name":"Хуян","type":"Производство","isActive":true,"fromMovements":[],"toMovements":[],"fromRequests":[],"toRequests":[]}]
=======================================================

=======================================================
Timestamp: 2026-01-21T00:13:57.9833386Z
Method: GET
URL: /api/materials
Status: 200
Duration: 1 ms
UserId: 
Client IP: ::ffff:192.168.1.141
User-Agent: Dalvik/2.1.0 (Linux; U; Android 12; CTR-L91 Build/HUAWEICTR-L91)
Controller: Materials, Action: GetAll
Response Body: [{"id":1,"name":"Косточка","description":"работает?","code":"12312","measuringUnit":"шт"},{"id":2,"name":"Бам сука","description":"","code":"","measuringUnit":"шт"}]
=======================================================

=======================================================
Timestamp: 2026-01-21T00:13:57.9851697Z
Method: GET
URL: /api/products
Status: 200
Duration: 1 ms
UserId: 
Client IP: ::ffff:192.168.1.141
User-Agent: Dalvik/2.1.0 (Linux; U; Android 12; CTR-L91 Build/HUAWEICTR-L91)
Controller: Products, Action: GetAll
Response Body: [{"id":1,"name":"Яблочко","description":"1548753264","code":"152","measuringUnit":"шт"}]
=======================================================

=======================================================
Timestamp: 2026-01-21T00:13:57.9882279Z
Method: GET
URL: /api/warehouses
Status: 200
Duration: 0 ms
UserId: 
Client IP: ::ffff:192.168.1.141
User-Agent: Dalvik/2.1.0 (Linux; U; Android 12; CTR-L91 Build/HUAWEICTR-L91)
Controller: Warehouses, Action: GetAll
Response Body: [{"id":1,"name":"Хуян","type":"Производство","isActive":true,"fromMovements":[],"toMovements":[],"fromRequests":[],"toRequests":[]}]
=======================================================

=======================================================
Timestamp: 2026-01-21T00:13:57.9892191Z
Method: GET
URL: /api/warehouses
Status: 200
Duration: 1 ms
UserId: 
Client IP: ::ffff:192.168.1.141
User-Agent: Dalvik/2.1.0 (Linux; U; Android 12; CTR-L91 Build/HUAWEICTR-L91)
Controller: Warehouses, Action: GetAll
Response Body: [{"id":1,"name":"Хуян","type":"Производство","isActive":true,"fromMovements":[],"toMovements":[],"fromRequests":[],"toRequests":[]}]
=======================================================

=======================================================
Timestamp: 2026-01-21T00:13:57.9922310Z
Method: GET
URL: /api/materials
Status: 200
Duration: 1 ms
UserId: 
Client IP: ::ffff:192.168.1.141
User-Agent: Dalvik/2.1.0 (Linux; U; Android 12; CTR-L91 Build/HUAWEICTR-L91)
Controller: Materials, Action: GetAll
Response Body: [{"id":1,"name":"Косточка","description":"работает?","code":"12312","measuringUnit":"шт"},{"id":2,"name":"Бам сука","description":"","code":"","measuringUnit":"шт"}]
=======================================================

=======================================================
Timestamp: 2026-01-21T00:13:57.9933270Z
Method: GET
URL: /api/products
Status: 200
Duration: 1 ms
UserId: 
Client IP: ::ffff:192.168.1.141
User-Agent: Dalvik/2.1.0 (Linux; U; Android 12; CTR-L91 Build/HUAWEICTR-L91)
Controller: Products, Action: GetAll
Response Body: [{"id":1,"name":"Яблочко","description":"1548753264","code":"152","measuringUnit":"шт"}]
=======================================================

=======================================================
Timestamp: 2026-01-21T00:13:57.9937580Z
Method: GET
URL: /api/users
Status: 200
Duration: 1 ms
UserId: 
Client IP: ::ffff:192.168.1.141
User-Agent: Dalvik/2.1.0 (Linux; U; Android 12; CTR-L91 Build/HUAWEICTR-L91)
Controller: Users, Action: GetAll
Response Body: [{"id":2,"login":"adam","encryptedPassword":"$2a$11$7k1dXxf9I/3efRZ0fMivY.y8GdBpilmqMN08djBsYEcWj/zQcM2Xq","name":"Adam","surname":"First","email":"first@people.world","phone":"","createdAt":"2026-01-18T02:00:00.151037Z","roleId":null,"role":null,"alarmEvents":[],"sentPartRequests":[],"receivedPartRequests":[],"sentShiftTransfers":[],"receivedShiftTransfers":[]},{"id":3,"login":"admin","encryptedPassword":"5252","name":"Админ","surname":"Системный","email":"admin@example.com","phone":"+71234567890","createdAt":"2026-01-18T02:01:31.317309Z","roleId":null,"role":null,"alarmEvents":[],"sentPartRequests":[],"receivedPartRequests":[],"sentShiftTransfers":[],"receivedShiftTransfers":[]}]
=======================================================

=======================================================
Timestamp: 2026-01-21T00:13:57.9957809Z
Method: GET
URL: /api/users/search?name=%D1%81
Status: 200
Duration: 2 ms
UserId: 
Client IP: ::ffff:192.168.1.141
User-Agent: Dalvik/2.1.0 (Linux; U; Android 12; CTR-L91 Build/HUAWEICTR-L91)
Controller: Users, Action: GetByNameOrSurname
Response Body: []
=======================================================

=======================================================
Timestamp: 2026-01-21T00:13:58.1578529Z
Method: GET
URL: /api/products
Status: 200
Duration: 2 ms
UserId: 
Client IP: ::ffff:192.168.1.141
User-Agent: Dalvik/2.1.0 (Linux; U; Android 12; CTR-L91 Build/HUAWEICTR-L91)
Controller: Products, Action: GetAll
Response Body: [{"id":1,"name":"Яблочко","description":"1548753264","code":"152","measuringUnit":"шт"}]
=======================================================

=======================================================
Timestamp: 2026-01-21T00:13:58.1635110Z
Method: GET
URL: /api/warehouses
Status: 200
Duration: 4 ms
UserId: 
Client IP: ::ffff:192.168.1.141
User-Agent: Dalvik/2.1.0 (Linux; U; Android 12; CTR-L91 Build/HUAWEICTR-L91)
Controller: Warehouses, Action: GetAll
Response Body: [{"id":1,"name":"Хуян","type":"Производство","isActive":true,"fromMovements":[],"toMovements":[],"fromRequests":[],"toRequests":[]}]
=======================================================

=======================================================
Timestamp: 2026-01-21T00:13:58.1657633Z
Method: GET
URL: /api/products
Status: 200
Duration: 3 ms
UserId: 
Client IP: ::ffff:192.168.1.141
User-Agent: Dalvik/2.1.0 (Linux; U; Android 12; CTR-L91 Build/HUAWEICTR-L91)
Controller: Products, Action: GetAll
Response Body: [{"id":1,"name":"Яблочко","description":"1548753264","code":"152","measuringUnit":"шт"}]
=======================================================

=======================================================
Timestamp: 2026-01-21T00:13:58.1743213Z
Method: GET
URL: /api/products
Status: 200
Duration: 1 ms
UserId: 
Client IP: ::ffff:192.168.1.141
User-Agent: Dalvik/2.1.0 (Linux; U; Android 12; CTR-L91 Build/HUAWEICTR-L91)
Controller: Products, Action: GetAll
Response Body: [{"id":1,"name":"Яблочко","description":"1548753264","code":"152","measuringUnit":"шт"}]
=======================================================

=======================================================
Timestamp: 2026-01-21T00:14:00.1234015Z
Method: GET
URL: /api/products
Status: 200
Duration: 3 ms
UserId: 
Client IP: ::ffff:192.168.1.141
User-Agent: Dalvik/2.1.0 (Linux; U; Android 12; CTR-L91 Build/HUAWEICTR-L91)
Controller: Products, Action: GetAll
Response Body: [{"id":1,"name":"Яблочко","description":"1548753264","code":"152","measuringUnit":"шт"}]
=======================================================

=======================================================
Timestamp: 2026-01-21T00:14:00.1320258Z
Method: GET
URL: /api/warehouses
Status: 200
Duration: 3 ms
UserId: 
Client IP: ::ffff:192.168.1.141
User-Agent: Dalvik/2.1.0 (Linux; U; Android 12; CTR-L91 Build/HUAWEICTR-L91)
Controller: Warehouses, Action: GetAll
Response Body: [{"id":1,"name":"Хуян","type":"Производство","isActive":true,"fromMovements":[],"toMovements":[],"fromRequests":[],"toRequests":[]}]
=======================================================

=======================================================
Timestamp: 2026-01-21T00:14:00.1351925Z
Method: GET
URL: /api/users
Status: 200
Duration: 6 ms
UserId: 
Client IP: ::ffff:192.168.1.141
User-Agent: Dalvik/2.1.0 (Linux; U; Android 12; CTR-L91 Build/HUAWEICTR-L91)
Controller: Users, Action: GetAll
Response Body: [{"id":2,"login":"adam","encryptedPassword":"$2a$11$7k1dXxf9I/3efRZ0fMivY.y8GdBpilmqMN08djBsYEcWj/zQcM2Xq","name":"Adam","surname":"First","email":"first@people.world","phone":"","createdAt":"2026-01-18T02:00:00.151037Z","roleId":null,"role":null,"alarmEvents":[],"sentPartRequests":[],"receivedPartRequests":[],"sentShiftTransfers":[],"receivedShiftTransfers":[]},{"id":3,"login":"admin","encryptedPassword":"5252","name":"Админ","surname":"Системный","email":"admin@example.com","phone":"+71234567890","createdAt":"2026-01-18T02:01:31.317309Z","roleId":null,"role":null,"alarmEvents":[],"sentPartRequests":[],"receivedPartRequests":[],"sentShiftTransfers":[],"receivedShiftTransfers":[]}]
=======================================================

=======================================================
Timestamp: 2026-01-21T00:14:00.1383244Z
Method: GET
URL: /api/products
Status: 200
Duration: 1 ms
UserId: 
Client IP: ::ffff:192.168.1.141
User-Agent: Dalvik/2.1.0 (Linux; U; Android 12; CTR-L91 Build/HUAWEICTR-L91)
Controller: Products, Action: GetAll
Response Body: [{"id":1,"name":"Яблочко","description":"1548753264","code":"152","measuringUnit":"шт"}]
=======================================================

=======================================================
Timestamp: 2026-01-21T00:14:00.1416132Z
Method: GET
URL: /api/users
Status: 200
Duration: 2 ms
UserId: 
Client IP: ::ffff:192.168.1.141
User-Agent: Dalvik/2.1.0 (Linux; U; Android 12; CTR-L91 Build/HUAWEICTR-L91)
Controller: Users, Action: GetAll
Response Body: [{"id":2,"login":"adam","encryptedPassword":"$2a$11$7k1dXxf9I/3efRZ0fMivY.y8GdBpilmqMN08djBsYEcWj/zQcM2Xq","name":"Adam","surname":"First","email":"first@people.world","phone":"","createdAt":"2026-01-18T02:00:00.151037Z","roleId":null,"role":null,"alarmEvents":[],"sentPartRequests":[],"receivedPartRequests":[],"sentShiftTransfers":[],"receivedShiftTransfers":[]},{"id":3,"login":"admin","encryptedPassword":"5252","name":"Админ","surname":"Системный","email":"admin@example.com","phone":"+71234567890","createdAt":"2026-01-18T02:01:31.317309Z","roleId":null,"role":null,"alarmEvents":[],"sentPartRequests":[],"receivedPartRequests":[],"sentShiftTransfers":[],"receivedShiftTransfers":[]}]
=======================================================

=======================================================
Timestamp: 2026-01-21T00:14:00.1453074Z
Method: GET
URL: /api/users/search?name=f
Status: 200
Duration: 2 ms
UserId: 
Client IP: ::ffff:192.168.1.141
User-Agent: Dalvik/2.1.0 (Linux; U; Android 12; CTR-L91 Build/HUAWEICTR-L91)
Controller: Users, Action: GetByNameOrSurname
Response Body: []
=======================================================

=======================================================
Timestamp: 2026-01-21T00:14:00.1440036Z
Method: GET
URL: /api/warehouses
Status: 200
Duration: 10 ms
UserId: 
Client IP: ::ffff:192.168.1.141
User-Agent: Dalvik/2.1.0 (Linux; U; Android 12; CTR-L91 Build/HUAWEICTR-L91)
Controller: Warehouses, Action: GetAll
Response Body: [{"id":1,"name":"Хуян","type":"Производство","isActive":true,"fromMovements":[],"toMovements":[],"fromRequests":[],"toRequests":[]}]
=======================================================

=======================================================
Timestamp: 2026-01-21T00:14:00.2842283Z
Method: GET
URL: /api/users
Status: 200
Duration: 1 ms
UserId: 
Client IP: ::ffff:192.168.1.141
User-Agent: Dalvik/2.1.0 (Linux; U; Android 12; CTR-L91 Build/HUAWEICTR-L91)
Controller: Users, Action: GetAll
Response Body: [{"id":2,"login":"adam","encryptedPassword":"$2a$11$7k1dXxf9I/3efRZ0fMivY.y8GdBpilmqMN08djBsYEcWj/zQcM2Xq","name":"Adam","surname":"First","email":"first@people.world","phone":"","createdAt":"2026-01-18T02:00:00.151037Z","roleId":null,"role":null,"alarmEvents":[],"sentPartRequests":[],"receivedPartRequests":[],"sentShiftTransfers":[],"receivedShiftTransfers":[]},{"id":3,"login":"admin","encryptedPassword":"5252","name":"Админ","surname":"Системный","email":"admin@example.com","phone":"+71234567890","createdAt":"2026-01-18T02:01:31.317309Z","roleId":null,"role":null,"alarmEvents":[],"sentPartRequests":[],"receivedPartRequests":[],"sentShiftTransfers":[],"receivedShiftTransfers":[]}]
=======================================================

=======================================================
Timestamp: 2026-01-21T00:14:00.2857573Z
Method: GET
URL: /api/products
Status: 200
Duration: 1 ms
UserId: 
Client IP: ::ffff:192.168.1.141
User-Agent: Dalvik/2.1.0 (Linux; U; Android 12; CTR-L91 Build/HUAWEICTR-L91)
Controller: Products, Action: GetAll
Response Body: [{"id":1,"name":"Яблочко","description":"1548753264","code":"152","measuringUnit":"шт"}]
=======================================================

=======================================================
Timestamp: 2026-01-21T00:14:00.2880352Z
Method: GET
URL: /api/warehouses
Status: 200
Duration: 1 ms
UserId: 
Client IP: ::ffff:192.168.1.141
User-Agent: Dalvik/2.1.0 (Linux; U; Android 12; CTR-L91 Build/HUAWEICTR-L91)
Controller: Warehouses, Action: GetAll
Response Body: [{"id":1,"name":"Хуян","type":"Производство","isActive":true,"fromMovements":[],"toMovements":[],"fromRequests":[],"toRequests":[]}]
=======================================================

=======================================================
Timestamp: 2026-01-21T00:14:00.2885561Z
Method: GET
URL: /api/materials
Status: 200
Duration: 1 ms
UserId: 
Client IP: ::ffff:192.168.1.141
User-Agent: Dalvik/2.1.0 (Linux; U; Android 12; CTR-L91 Build/HUAWEICTR-L91)
Controller: Materials, Action: GetAll
Response Body: [{"id":1,"name":"Косточка","description":"работает?","code":"12312","measuringUnit":"шт"},{"id":2,"name":"Бам сука","description":"","code":"","measuringUnit":"шт"}]
=======================================================

=======================================================
Timestamp: 2026-01-21T00:14:00.2918562Z
Method: GET
URL: /api/products
Status: 200
Duration: 1 ms
UserId: 
Client IP: ::ffff:192.168.1.141
User-Agent: Dalvik/2.1.0 (Linux; U; Android 12; CTR-L91 Build/HUAWEICTR-L91)
Controller: Products, Action: GetAll
Response Body: [{"id":1,"name":"Яблочко","description":"1548753264","code":"152","measuringUnit":"шт"}]
=======================================================

=======================================================
Timestamp: 2026-01-21T00:14:00.2929151Z
Method: GET
URL: /api/warehouses
Status: 200
Duration: 1 ms
UserId: 
Client IP: ::ffff:192.168.1.141
User-Agent: Dalvik/2.1.0 (Linux; U; Android 12; CTR-L91 Build/HUAWEICTR-L91)
Controller: Warehouses, Action: GetAll
Response Body: [{"id":1,"name":"Хуян","type":"Производство","isActive":true,"fromMovements":[],"toMovements":[],"fromRequests":[],"toRequests":[]}]
=======================================================

=======================================================
Timestamp: 2026-01-21T00:14:00.2965136Z
Method: GET
URL: /api/materials
Status: 200
Duration: 1 ms
UserId: 
Client IP: ::ffff:192.168.1.141
User-Agent: Dalvik/2.1.0 (Linux; U; Android 12; CTR-L91 Build/HUAWEICTR-L91)
Controller: Materials, Action: GetAll
Response Body: [{"id":1,"name":"Косточка","description":"работает?","code":"12312","measuringUnit":"шт"},{"id":2,"name":"Бам сука","description":"","code":"","measuringUnit":"шт"}]
=======================================================

=======================================================
Timestamp: 2026-01-21T00:14:00.2999187Z
Method: GET
URL: /api/warehouses
Status: 200
Duration: 1 ms
UserId: 
Client IP: ::ffff:192.168.1.141
User-Agent: Dalvik/2.1.0 (Linux; U; Android 12; CTR-L91 Build/HUAWEICTR-L91)
Controller: Warehouses, Action: GetAll
Response Body: [{"id":1,"name":"Хуян","type":"Производство","isActive":true,"fromMovements":[],"toMovements":[],"fromRequests":[],"toRequests":[]}]
=======================================================

=======================================================
Timestamp: 2026-01-21T00:14:00.3030568Z
Method: GET
URL: /api/users
Status: 200
Duration: 2 ms
UserId: 
Client IP: ::ffff:192.168.1.141
User-Agent: Dalvik/2.1.0 (Linux; U; Android 12; CTR-L91 Build/HUAWEICTR-L91)
Controller: Users, Action: GetAll
Response Body: [{"id":2,"login":"adam","encryptedPassword":"$2a$11$7k1dXxf9I/3efRZ0fMivY.y8GdBpilmqMN08djBsYEcWj/zQcM2Xq","name":"Adam","surname":"First","email":"first@people.world","phone":"","createdAt":"2026-01-18T02:00:00.151037Z","roleId":null,"role":null,"alarmEvents":[],"sentPartRequests":[],"receivedPartRequests":[],"sentShiftTransfers":[],"receivedShiftTransfers":[]},{"id":3,"login":"admin","encryptedPassword":"5252","name":"Админ","surname":"Системный","email":"admin@example.com","phone":"+71234567890","createdAt":"2026-01-18T02:01:31.317309Z","roleId":null,"role":null,"alarmEvents":[],"sentPartRequests":[],"receivedPartRequests":[],"sentShiftTransfers":[],"receivedShiftTransfers":[]}]
=======================================================

=======================================================
Timestamp: 2026-01-21T00:14:00.4168212Z
Method: GET
URL: /api/products
Status: 200
Duration: 0 ms
UserId: 
Client IP: ::ffff:192.168.1.141
User-Agent: Dalvik/2.1.0 (Linux; U; Android 12; CTR-L91 Build/HUAWEICTR-L91)
Controller: Products, Action: GetAll
Response Body: [{"id":1,"name":"Яблочко","description":"1548753264","code":"152","measuringUnit":"шт"}]
=======================================================

=======================================================
Timestamp: 2026-01-21T00:14:00.4226980Z
Method: GET
URL: /api/warehouses
Status: 200
Duration: 1 ms
UserId: 
Client IP: ::ffff:192.168.1.141
User-Agent: Dalvik/2.1.0 (Linux; U; Android 12; CTR-L91 Build/HUAWEICTR-L91)
Controller: Warehouses, Action: GetAll
Response Body: [{"id":1,"name":"Хуян","type":"Производство","isActive":true,"fromMovements":[],"toMovements":[],"fromRequests":[],"toRequests":[]}]
=======================================================

=======================================================
Timestamp: 2026-01-21T00:14:00.4223441Z
Method: GET
URL: /api/warehouses
Status: 200
Duration: 6 ms
UserId: 
Client IP: ::ffff:192.168.1.141
User-Agent: Dalvik/2.1.0 (Linux; U; Android 12; CTR-L91 Build/HUAWEICTR-L91)
Controller: Warehouses, Action: GetAll
Response Body: [{"id":1,"name":"Хуян","type":"Производство","isActive":true,"fromMovements":[],"toMovements":[],"fromRequests":[],"toRequests":[]}]
=======================================================

=======================================================
Timestamp: 2026-01-21T00:14:00.4285649Z
Method: GET
URL: /api/warehouses
Status: 200
Duration: 1 ms
UserId: 
Client IP: ::ffff:192.168.1.141
User-Agent: Dalvik/2.1.0 (Linux; U; Android 12; CTR-L91 Build/HUAWEICTR-L91)
Controller: Warehouses, Action: GetAll
Response Body: [{"id":1,"name":"Хуян","type":"Производство","isActive":true,"fromMovements":[],"toMovements":[],"fromRequests":[],"toRequests":[]}]
=======================================================

=======================================================
Timestamp: 2026-01-21T00:14:00.4421840Z
Method: GET
URL: /api/products
Status: 200
Duration: 1 ms
UserId: 
Client IP: ::ffff:192.168.1.141
User-Agent: Dalvik/2.1.0 (Linux; U; Android 12; CTR-L91 Build/HUAWEICTR-L91)
Controller: Products, Action: GetAll
Response Body: [{"id":1,"name":"Яблочко","description":"1548753264","code":"152","measuringUnit":"шт"}]
=======================================================

=======================================================
Timestamp: 2026-01-21T00:14:00.4428713Z
Method: GET
URL: /api/users
Status: 200
Duration: 3 ms
UserId: 
Client IP: ::ffff:192.168.1.141
User-Agent: Dalvik/2.1.0 (Linux; U; Android 12; CTR-L91 Build/HUAWEICTR-L91)
Controller: Users, Action: GetAll
Response Body: [{"id":2,"login":"adam","encryptedPassword":"$2a$11$7k1dXxf9I/3efRZ0fMivY.y8GdBpilmqMN08djBsYEcWj/zQcM2Xq","name":"Adam","surname":"First","email":"first@people.world","phone":"","createdAt":"2026-01-18T02:00:00.151037Z","roleId":null,"role":null,"alarmEvents":[],"sentPartRequests":[],"receivedPartRequests":[],"sentShiftTransfers":[],"receivedShiftTransfers":[]},{"id":3,"login":"admin","encryptedPassword":"5252","name":"Админ","surname":"Системный","email":"admin@example.com","phone":"+71234567890","createdAt":"2026-01-18T02:01:31.317309Z","roleId":null,"role":null,"alarmEvents":[],"sentPartRequests":[],"receivedPartRequests":[],"sentShiftTransfers":[],"receivedShiftTransfers":[]}]
=======================================================

=======================================================
Timestamp: 2026-01-21T00:14:01.0188578Z
Method: GET
URL: /api/products
Status: 200
Duration: 0 ms
UserId: 
Client IP: ::ffff:192.168.1.141
User-Agent: Dalvik/2.1.0 (Linux; U; Android 12; CTR-L91 Build/HUAWEICTR-L91)
Controller: Products, Action: GetAll
Response Body: [{"id":1,"name":"Яблочко","description":"1548753264","code":"152","measuringUnit":"шт"}]
=======================================================

=======================================================
Timestamp: 2026-01-21T00:14:01.0229167Z
Method: GET
URL: /api/products
Status: 200
Duration: 1 ms
UserId: 
Client IP: ::ffff:192.168.1.141
User-Agent: Dalvik/2.1.0 (Linux; U; Android 12; CTR-L91 Build/HUAWEICTR-L91)
Controller: Products, Action: GetAll
Response Body: [{"id":1,"name":"Яблочко","description":"1548753264","code":"152","measuringUnit":"шт"}]
=======================================================

=======================================================
Timestamp: 2026-01-21T00:14:01.0214425Z
Method: GET
URL: /api/materials
Status: 200
Duration: 1 ms
UserId: 
Client IP: ::ffff:192.168.1.141
User-Agent: Dalvik/2.1.0 (Linux; U; Android 12; CTR-L91 Build/HUAWEICTR-L91)
Controller: Materials, Action: GetAll
Response Body: [{"id":1,"name":"Косточка","description":"работает?","code":"12312","measuringUnit":"шт"},{"id":2,"name":"Бам сука","description":"","code":"","measuringUnit":"шт"}]
=======================================================

=======================================================
Timestamp: 2026-01-21T00:14:01.0556784Z
Method: GET
URL: /api/users
Status: 200
Duration: 0 ms
UserId: 
Client IP: ::ffff:192.168.1.141
User-Agent: Dalvik/2.1.0 (Linux; U; Android 12; CTR-L91 Build/HUAWEICTR-L91)
Controller: Users, Action: GetAll
Response Body: [{"id":2,"login":"adam","encryptedPassword":"$2a$11$7k1dXxf9I/3efRZ0fMivY.y8GdBpilmqMN08djBsYEcWj/zQcM2Xq","name":"Adam","surname":"First","email":"first@people.world","phone":"","createdAt":"2026-01-18T02:00:00.151037Z","roleId":null,"role":null,"alarmEvents":[],"sentPartRequests":[],"receivedPartRequests":[],"sentShiftTransfers":[],"receivedShiftTransfers":[]},{"id":3,"login":"admin","encryptedPassword":"5252","name":"Админ","surname":"Системный","email":"admin@example.com","phone":"+71234567890","createdAt":"2026-01-18T02:01:31.317309Z","roleId":null,"role":null,"alarmEvents":[],"sentPartRequests":[],"receivedPartRequests":[],"sentShiftTransfers":[],"receivedShiftTransfers":[]}]
=======================================================

=======================================================
Timestamp: 2026-01-21T00:14:01.0563498Z
Method: GET
URL: /api/materials
Status: 200
Duration: 1 ms
UserId: 
Client IP: ::ffff:192.168.1.141
User-Agent: Dalvik/2.1.0 (Linux; U; Android 12; CTR-L91 Build/HUAWEICTR-L91)
Controller: Materials, Action: GetAll
Response Body: [{"id":1,"name":"Косточка","description":"работает?","code":"12312","measuringUnit":"шт"},{"id":2,"name":"Бам сука","description":"","code":"","measuringUnit":"шт"}]
=======================================================

=======================================================
Timestamp: 2026-01-21T00:14:01.0564982Z
Method: GET
URL: /api/warehouses
Status: 200
Duration: 1 ms
UserId: 
Client IP: ::ffff:192.168.1.141
User-Agent: Dalvik/2.1.0 (Linux; U; Android 12; CTR-L91 Build/HUAWEICTR-L91)
Controller: Warehouses, Action: GetAll
Response Body: [{"id":1,"name":"Хуян","type":"Производство","isActive":true,"fromMovements":[],"toMovements":[],"fromRequests":[],"toRequests":[]}]
=======================================================

=======================================================
Timestamp: 2026-01-21T00:14:01.0583020Z
Method: GET
URL: /api/products
Status: 200
Duration: 1 ms
UserId: 
Client IP: ::ffff:192.168.1.141
User-Agent: Dalvik/2.1.0 (Linux; U; Android 12; CTR-L91 Build/HUAWEICTR-L91)
Controller: Products, Action: GetAll
Response Body: [{"id":1,"name":"Яблочко","description":"1548753264","code":"152","measuringUnit":"шт"}]
=======================================================

=======================================================
Timestamp: 2026-01-21T00:14:01.0599794Z
Method: GET
URL: /api/products
Status: 200
Duration: 1 ms
UserId: 
Client IP: ::ffff:192.168.1.141
User-Agent: Dalvik/2.1.0 (Linux; U; Android 12; CTR-L91 Build/HUAWEICTR-L91)
Controller: Products, Action: GetAll
Response Body: [{"id":1,"name":"Яблочко","description":"1548753264","code":"152","measuringUnit":"шт"}]
=======================================================

=======================================================
Timestamp: 2026-01-21T00:14:01.0624062Z
Method: GET
URL: /api/warehouses
Status: 200
Duration: 1 ms
UserId: 
Client IP: ::ffff:192.168.1.141
User-Agent: Dalvik/2.1.0 (Linux; U; Android 12; CTR-L91 Build/HUAWEICTR-L91)
Controller: Warehouses, Action: GetAll
Response Body: [{"id":1,"name":"Хуян","type":"Производство","isActive":true,"fromMovements":[],"toMovements":[],"fromRequests":[],"toRequests":[]}]
=======================================================

=======================================================
Timestamp: 2026-01-21T00:14:01.0670146Z
Method: GET
URL: /api/warehouses
Status: 200
Duration: 1 ms
UserId: 
Client IP: ::ffff:192.168.1.141
User-Agent: Dalvik/2.1.0 (Linux; U; Android 12; CTR-L91 Build/HUAWEICTR-L91)
Controller: Warehouses, Action: GetAll
Response Body: [{"id":1,"name":"Хуян","type":"Производство","isActive":true,"fromMovements":[],"toMovements":[],"fromRequests":[],"toRequests":[]}]
=======================================================

=======================================================
Timestamp: 2026-01-21T00:14:01.0693584Z
Method: GET
URL: /api/products
Status: 200
Duration: 1 ms
UserId: 
Client IP: ::ffff:192.168.1.141
User-Agent: Dalvik/2.1.0 (Linux; U; Android 12; CTR-L91 Build/HUAWEICTR-L91)
Controller: Products, Action: GetAll
Response Body: [{"id":1,"name":"Яблочко","description":"1548753264","code":"152","measuringUnit":"шт"}]
=======================================================

=======================================================
Timestamp: 2026-01-21T00:14:01.0706535Z
Method: GET
URL: /api/materials
Status: 200
Duration: 3 ms
UserId: 
Client IP: ::ffff:192.168.1.141
User-Agent: Dalvik/2.1.0 (Linux; U; Android 12; CTR-L91 Build/HUAWEICTR-L91)
Controller: Materials, Action: GetAll
Response Body: [{"id":1,"name":"Косточка","description":"работает?","code":"12312","measuringUnit":"шт"},{"id":2,"name":"Бам сука","description":"","code":"","measuringUnit":"шт"}]
=======================================================

=======================================================
Timestamp: 2026-01-21T00:14:01.0789673Z
Method: GET
URL: /api/users
Status: 200
Duration: 1 ms
UserId: 
Client IP: ::ffff:192.168.1.141
User-Agent: Dalvik/2.1.0 (Linux; U; Android 12; CTR-L91 Build/HUAWEICTR-L91)
Controller: Users, Action: GetAll
Response Body: [{"id":2,"login":"adam","encryptedPassword":"$2a$11$7k1dXxf9I/3efRZ0fMivY.y8GdBpilmqMN08djBsYEcWj/zQcM2Xq","name":"Adam","surname":"First","email":"first@people.world","phone":"","createdAt":"2026-01-18T02:00:00.151037Z","roleId":null,"role":null,"alarmEvents":[],"sentPartRequests":[],"receivedPartRequests":[],"sentShiftTransfers":[],"receivedShiftTransfers":[]},{"id":3,"login":"admin","encryptedPassword":"5252","name":"Админ","surname":"Системный","email":"admin@example.com","phone":"+71234567890","createdAt":"2026-01-18T02:01:31.317309Z","roleId":null,"role":null,"alarmEvents":[],"sentPartRequests":[],"receivedPartRequests":[],"sentShiftTransfers":[],"receivedShiftTransfers":[]}]
=======================================================

=======================================================
Timestamp: 2026-01-21T00:14:01.0804648Z
Method: GET
URL: /api/users/search?name=f
Status: 200
Duration: 2 ms
UserId: 
Client IP: ::ffff:192.168.1.141
User-Agent: Dalvik/2.1.0 (Linux; U; Android 12; CTR-L91 Build/HUAWEICTR-L91)
Controller: Users, Action: GetByNameOrSurname
Response Body: []
=======================================================

=======================================================
Timestamp: 2026-01-21T00:14:01.2333028Z
Method: GET
URL: /api/products
Status: 200
Duration: 1 ms
UserId: 
Client IP: ::ffff:192.168.1.141
User-Agent: Dalvik/2.1.0 (Linux; U; Android 12; CTR-L91 Build/HUAWEICTR-L91)
Controller: Products, Action: GetAll
Response Body: [{"id":1,"name":"Яблочко","description":"1548753264","code":"152","measuringUnit":"шт"}]
=======================================================

=======================================================
Timestamp: 2026-01-21T00:14:01.2345375Z
Method: GET
URL: /api/warehouses
Status: 200
Duration: 1 ms
UserId: 
Client IP: ::ffff:192.168.1.141
User-Agent: Dalvik/2.1.0 (Linux; U; Android 12; CTR-L91 Build/HUAWEICTR-L91)
Controller: Warehouses, Action: GetAll
Response Body: [{"id":1,"name":"Хуян","type":"Производство","isActive":true,"fromMovements":[],"toMovements":[],"fromRequests":[],"toRequests":[]}]
=======================================================

=======================================================
Timestamp: 2026-01-21T00:14:01.2378125Z
Method: GET
URL: /api/products
Status: 200
Duration: 2 ms
UserId: 
Client IP: ::ffff:192.168.1.141
User-Agent: Dalvik/2.1.0 (Linux; U; Android 12; CTR-L91 Build/HUAWEICTR-L91)
Controller: Products, Action: GetAll
Response Body: [{"id":1,"name":"Яблочко","description":"1548753264","code":"152","measuringUnit":"шт"}]
=======================================================

=======================================================
Timestamp: 2026-01-21T00:14:01.2399674Z
Method: GET
URL: /api/materials
Status: 200
Duration: 7 ms
UserId: 
Client IP: ::ffff:192.168.1.141
User-Agent: Dalvik/2.1.0 (Linux; U; Android 12; CTR-L91 Build/HUAWEICTR-L91)
Controller: Materials, Action: GetAll
Response Body: [{"id":1,"name":"Косточка","description":"работает?","code":"12312","measuringUnit":"шт"},{"id":2,"name":"Бам сука","description":"","code":"","measuringUnit":"шт"}]
=======================================================

=======================================================
Timestamp: 2026-01-21T00:14:01.2417107Z
Method: GET
URL: /api/products
Status: 200
Duration: 0 ms
UserId: 
Client IP: ::ffff:192.168.1.141
User-Agent: Dalvik/2.1.0 (Linux; U; Android 12; CTR-L91 Build/HUAWEICTR-L91)
Controller: Products, Action: GetAll
Response Body: [{"id":1,"name":"Яблочко","description":"1548753264","code":"152","measuringUnit":"шт"}]
=======================================================

=======================================================
Timestamp: 2026-01-21T00:14:01.2491890Z
Method: GET
URL: /api/users
Status: 200
Duration: 4 ms
UserId: 
Client IP: ::ffff:192.168.1.141
User-Agent: Dalvik/2.1.0 (Linux; U; Android 12; CTR-L91 Build/HUAWEICTR-L91)
Controller: Users, Action: GetAll
Response Body: [{"id":2,"login":"adam","encryptedPassword":"$2a$11$7k1dXxf9I/3efRZ0fMivY.y8GdBpilmqMN08djBsYEcWj/zQcM2Xq","name":"Adam","surname":"First","email":"first@people.world","phone":"","createdAt":"2026-01-18T02:00:00.151037Z","roleId":null,"role":null,"alarmEvents":[],"sentPartRequests":[],"receivedPartRequests":[],"sentShiftTransfers":[],"receivedShiftTransfers":[]},{"id":3,"login":"admin","encryptedPassword":"5252","name":"Админ","surname":"Системный","email":"admin@example.com","phone":"+71234567890","createdAt":"2026-01-18T02:01:31.317309Z","roleId":null,"role":null,"alarmEvents":[],"sentPartRequests":[],"receivedPartRequests":[],"sentShiftTransfers":[],"receivedShiftTransfers":[]}]
=======================================================

=======================================================
Timestamp: 2026-01-21T00:14:01.2491793Z
Method: GET
URL: /api/users
Status: 200
Duration: 2 ms
UserId: 
Client IP: ::ffff:192.168.1.141
User-Agent: Dalvik/2.1.0 (Linux; U; Android 12; CTR-L91 Build/HUAWEICTR-L91)
Controller: Users, Action: GetAll
Response Body: [{"id":2,"login":"adam","encryptedPassword":"$2a$11$7k1dXxf9I/3efRZ0fMivY.y8GdBpilmqMN08djBsYEcWj/zQcM2Xq","name":"Adam","surname":"First","email":"first@people.world","phone":"","createdAt":"2026-01-18T02:00:00.151037Z","roleId":null,"role":null,"alarmEvents":[],"sentPartRequests":[],"receivedPartRequests":[],"sentShiftTransfers":[],"receivedShiftTransfers":[]},{"id":3,"login":"admin","encryptedPassword":"5252","name":"Админ","surname":"Системный","email":"admin@example.com","phone":"+71234567890","createdAt":"2026-01-18T02:01:31.317309Z","roleId":null,"role":null,"alarmEvents":[],"sentPartRequests":[],"receivedPartRequests":[],"sentShiftTransfers":[],"receivedShiftTransfers":[]}]
=======================================================

=======================================================
Timestamp: 2026-01-21T00:14:02.5620646Z
Method: GET
URL: /api/materials
Status: 200
Duration: 1 ms
UserId: 
Client IP: ::ffff:192.168.1.141
User-Agent: Dalvik/2.1.0 (Linux; U; Android 12; CTR-L91 Build/HUAWEICTR-L91)
Controller: Materials, Action: GetAll
Response Body: [{"id":1,"name":"Косточка","description":"работает?","code":"12312","measuringUnit":"шт"},{"id":2,"name":"Бам сука","description":"","code":"","measuringUnit":"шт"}]
=======================================================

=======================================================
Timestamp: 2026-01-21T00:14:02.5649060Z
Method: GET
URL: /api/warehouses
Status: 200
Duration: 2 ms
UserId: 
Client IP: ::ffff:192.168.1.141
User-Agent: Dalvik/2.1.0 (Linux; U; Android 12; CTR-L91 Build/HUAWEICTR-L91)
Controller: Warehouses, Action: GetAll
Response Body: [{"id":1,"name":"Хуян","type":"Производство","isActive":true,"fromMovements":[],"toMovements":[],"fromRequests":[],"toRequests":[]}]
=======================================================

=======================================================
Timestamp: 2026-01-21T00:14:02.5650460Z
Method: GET
URL: /api/products
Status: 200
Duration: 2 ms
UserId: 
Client IP: ::ffff:192.168.1.141
User-Agent: Dalvik/2.1.0 (Linux; U; Android 12; CTR-L91 Build/HUAWEICTR-L91)
Controller: Products, Action: GetAll
Response Body: [{"id":1,"name":"Яблочко","description":"1548753264","code":"152","measuringUnit":"шт"}]
=======================================================

=======================================================
Timestamp: 2026-01-21T00:14:02.5689766Z
Method: GET
URL: /api/materials
Status: 200
Duration: 1 ms
UserId: 
Client IP: ::ffff:192.168.1.141
User-Agent: Dalvik/2.1.0 (Linux; U; Android 12; CTR-L91 Build/HUAWEICTR-L91)
Controller: Materials, Action: GetAll
Response Body: [{"id":1,"name":"Косточка","description":"работает?","code":"12312","measuringUnit":"шт"},{"id":2,"name":"Бам сука","description":"","code":"","measuringUnit":"шт"}]
=======================================================

=======================================================
Timestamp: 2026-01-21T00:14:02.5694630Z
Method: GET
URL: /api/warehouses
Status: 200
Duration: 1 ms
UserId: 
Client IP: ::ffff:192.168.1.141
User-Agent: Dalvik/2.1.0 (Linux; U; Android 12; CTR-L91 Build/HUAWEICTR-L91)
Controller: Warehouses, Action: GetAll
Response Body: [{"id":1,"name":"Хуян","type":"Производство","isActive":true,"fromMovements":[],"toMovements":[],"fromRequests":[],"toRequests":[]}]
=======================================================

=======================================================
Timestamp: 2026-01-21T00:14:02.5708069Z
Method: GET
URL: /api/users
Status: 200
Duration: 1 ms
UserId: 
Client IP: ::ffff:192.168.1.141
User-Agent: Dalvik/2.1.0 (Linux; U; Android 12; CTR-L91 Build/HUAWEICTR-L91)
Controller: Users, Action: GetAll
Response Body: [{"id":2,"login":"adam","encryptedPassword":"$2a$11$7k1dXxf9I/3efRZ0fMivY.y8GdBpilmqMN08djBsYEcWj/zQcM2Xq","name":"Adam","surname":"First","email":"first@people.world","phone":"","createdAt":"2026-01-18T02:00:00.151037Z","roleId":null,"role":null,"alarmEvents":[],"sentPartRequests":[],"receivedPartRequests":[],"sentShiftTransfers":[],"receivedShiftTransfers":[]},{"id":3,"login":"admin","encryptedPassword":"5252","name":"Админ","surname":"Системный","email":"admin@example.com","phone":"+71234567890","createdAt":"2026-01-18T02:01:31.317309Z","roleId":null,"role":null,"alarmEvents":[],"sentPartRequests":[],"receivedPartRequests":[],"sentShiftTransfers":[],"receivedShiftTransfers":[]}]
=======================================================

=======================================================
Timestamp: 2026-01-21T00:14:02.5729276Z
Method: GET
URL: /api/warehouses
Status: 200
Duration: 3 ms
UserId: 
Client IP: ::ffff:192.168.1.141
User-Agent: Dalvik/2.1.0 (Linux; U; Android 12; CTR-L91 Build/HUAWEICTR-L91)
Controller: Warehouses, Action: GetAll
Response Body: [{"id":1,"name":"Хуян","type":"Производство","isActive":true,"fromMovements":[],"toMovements":[],"fromRequests":[],"toRequests":[]}]
=======================================================

=======================================================
Timestamp: 2026-01-21T00:14:02.5729353Z
Method: GET
URL: /api/users/search?name=f
Status: 200
Duration: 2 ms
UserId: 
Client IP: ::ffff:192.168.1.141
User-Agent: Dalvik/2.1.0 (Linux; U; Android 12; CTR-L91 Build/HUAWEICTR-L91)
Controller: Users, Action: GetByNameOrSurname
Response Body: []
=======================================================

=======================================================
Timestamp: 2026-01-21T00:14:02.5730375Z
Method: GET
URL: /api/products
Status: 200
Duration: 3 ms
UserId: 
Client IP: ::ffff:192.168.1.141
User-Agent: Dalvik/2.1.0 (Linux; U; Android 12; CTR-L91 Build/HUAWEICTR-L91)
Controller: Products, Action: GetAll
Response Body: [{"id":1,"name":"Яблочко","description":"1548753264","code":"152","measuringUnit":"шт"}]
=======================================================

=======================================================
Timestamp: 2026-01-21T00:14:02.7147560Z
Method: GET
URL: /api/users
Status: 200
Duration: 2 ms
UserId: 
Client IP: ::ffff:192.168.1.141
User-Agent: Dalvik/2.1.0 (Linux; U; Android 12; CTR-L91 Build/HUAWEICTR-L91)
Controller: Users, Action: GetAll
Response Body: [{"id":2,"login":"adam","encryptedPassword":"$2a$11$7k1dXxf9I/3efRZ0fMivY.y8GdBpilmqMN08djBsYEcWj/zQcM2Xq","name":"Adam","surname":"First","email":"first@people.world","phone":"","createdAt":"2026-01-18T02:00:00.151037Z","roleId":null,"role":null,"alarmEvents":[],"sentPartRequests":[],"receivedPartRequests":[],"sentShiftTransfers":[],"receivedShiftTransfers":[]},{"id":3,"login":"admin","encryptedPassword":"5252","name":"Админ","surname":"Системный","email":"admin@example.com","phone":"+71234567890","createdAt":"2026-01-18T02:01:31.317309Z","roleId":null,"role":null,"alarmEvents":[],"sentPartRequests":[],"receivedPartRequests":[],"sentShiftTransfers":[],"receivedShiftTransfers":[]}]
=======================================================

=======================================================
Timestamp: 2026-01-21T00:14:02.7203165Z
Method: GET
URL: /api/materials
Status: 200
Duration: 5 ms
UserId: 
Client IP: ::ffff:192.168.1.141
User-Agent: Dalvik/2.1.0 (Linux; U; Android 12; CTR-L91 Build/HUAWEICTR-L91)
Controller: Materials, Action: GetAll
Response Body: [{"id":1,"name":"Косточка","description":"работает?","code":"12312","measuringUnit":"шт"},{"id":2,"name":"Бам сука","description":"","code":"","measuringUnit":"шт"}]
=======================================================

=======================================================
Timestamp: 2026-01-21T00:14:02.7221616Z
Method: GET
URL: /api/warehouses
Status: 200
Duration: 1 ms
UserId: 
Client IP: ::ffff:192.168.1.141
User-Agent: Dalvik/2.1.0 (Linux; U; Android 12; CTR-L91 Build/HUAWEICTR-L91)
Controller: Warehouses, Action: GetAll
Response Body: [{"id":1,"name":"Хуян","type":"Производство","isActive":true,"fromMovements":[],"toMovements":[],"fromRequests":[],"toRequests":[]}]
=======================================================

=======================================================
Timestamp: 2026-01-21T00:14:02.7227365Z
Method: GET
URL: /api/materials
Status: 200
Duration: 0 ms
UserId: 
Client IP: ::ffff:192.168.1.141
User-Agent: Dalvik/2.1.0 (Linux; U; Android 12; CTR-L91 Build/HUAWEICTR-L91)
Controller: Materials, Action: GetAll
Response Body: [{"id":1,"name":"Косточка","description":"работает?","code":"12312","measuringUnit":"шт"},{"id":2,"name":"Бам сука","description":"","code":"","measuringUnit":"шт"}]
=======================================================

=======================================================
Timestamp: 2026-01-21T00:14:02.7254146Z
Method: GET
URL: /api/users/search?name=fi
Status: 200
Duration: 2 ms
UserId: 
Client IP: ::ffff:192.168.1.141
User-Agent: Dalvik/2.1.0 (Linux; U; Android 12; CTR-L91 Build/HUAWEICTR-L91)
Controller: Users, Action: GetByNameOrSurname
Response Body: []
=======================================================

=======================================================
Timestamp: 2026-01-21T00:14:02.7261512Z
Method: GET
URL: /api/users
Status: 200
Duration: 1 ms
UserId: 
Client IP: ::ffff:192.168.1.141
User-Agent: Dalvik/2.1.0 (Linux; U; Android 12; CTR-L91 Build/HUAWEICTR-L91)
Controller: Users, Action: GetAll
Response Body: [{"id":2,"login":"adam","encryptedPassword":"$2a$11$7k1dXxf9I/3efRZ0fMivY.y8GdBpilmqMN08djBsYEcWj/zQcM2Xq","name":"Adam","surname":"First","email":"first@people.world","phone":"","createdAt":"2026-01-18T02:00:00.151037Z","roleId":null,"role":null,"alarmEvents":[],"sentPartRequests":[],"receivedPartRequests":[],"sentShiftTransfers":[],"receivedShiftTransfers":[]},{"id":3,"login":"admin","encryptedPassword":"5252","name":"Админ","surname":"Системный","email":"admin@example.com","phone":"+71234567890","createdAt":"2026-01-18T02:01:31.317309Z","roleId":null,"role":null,"alarmEvents":[],"sentPartRequests":[],"receivedPartRequests":[],"sentShiftTransfers":[],"receivedShiftTransfers":[]}]
=======================================================

=======================================================
Timestamp: 2026-01-21T00:14:02.7271785Z
Method: GET
URL: /api/products
Status: 200
Duration: 1 ms
UserId: 
Client IP: ::ffff:192.168.1.141
User-Agent: Dalvik/2.1.0 (Linux; U; Android 12; CTR-L91 Build/HUAWEICTR-L91)
Controller: Products, Action: GetAll
Response Body: [{"id":1,"name":"Яблочко","description":"1548753264","code":"152","measuringUnit":"шт"}]
=======================================================

=======================================================
Timestamp: 2026-01-21T00:14:04.0704284Z
Method: GET
URL: /api/users
Status: 200
Duration: 1 ms
UserId: 
Client IP: ::ffff:192.168.1.141
User-Agent: Dalvik/2.1.0 (Linux; U; Android 12; CTR-L91 Build/HUAWEICTR-L91)
Controller: Users, Action: GetAll
Response Body: [{"id":2,"login":"adam","encryptedPassword":"$2a$11$7k1dXxf9I/3efRZ0fMivY.y8GdBpilmqMN08djBsYEcWj/zQcM2Xq","name":"Adam","surname":"First","email":"first@people.world","phone":"","createdAt":"2026-01-18T02:00:00.151037Z","roleId":null,"role":null,"alarmEvents":[],"sentPartRequests":[],"receivedPartRequests":[],"sentShiftTransfers":[],"receivedShiftTransfers":[]},{"id":3,"login":"admin","encryptedPassword":"5252","name":"Админ","surname":"Системный","email":"admin@example.com","phone":"+71234567890","createdAt":"2026-01-18T02:01:31.317309Z","roleId":null,"role":null,"alarmEvents":[],"sentPartRequests":[],"receivedPartRequests":[],"sentShiftTransfers":[],"receivedShiftTransfers":[]}]
=======================================================

=======================================================
Timestamp: 2026-01-21T00:14:04.0712877Z
Method: GET
URL: /api/products
Status: 200
Duration: 0 ms
UserId: 
Client IP: ::ffff:192.168.1.141
User-Agent: Dalvik/2.1.0 (Linux; U; Android 12; CTR-L91 Build/HUAWEICTR-L91)
Controller: Products, Action: GetAll
Response Body: [{"id":1,"name":"Яблочко","description":"1548753264","code":"152","measuringUnit":"шт"}]
=======================================================

=======================================================
Timestamp: 2026-01-21T00:14:04.0746427Z
Method: GET
URL: /api/warehouses
Status: 200
Duration: 1 ms
UserId: 
Client IP: ::ffff:192.168.1.141
User-Agent: Dalvik/2.1.0 (Linux; U; Android 12; CTR-L91 Build/HUAWEICTR-L91)
Controller: Warehouses, Action: GetAll
Response Body: [{"id":1,"name":"Хуян","type":"Производство","isActive":true,"fromMovements":[],"toMovements":[],"fromRequests":[],"toRequests":[]}]
=======================================================

=======================================================
Timestamp: 2026-01-21T00:14:04.0796064Z
Method: GET
URL: /api/materials
Status: 200
Duration: 1 ms
UserId: 
Client IP: ::ffff:192.168.1.141
User-Agent: Dalvik/2.1.0 (Linux; U; Android 12; CTR-L91 Build/HUAWEICTR-L91)
Controller: Materials, Action: GetAll
Response Body: [{"id":1,"name":"Косточка","description":"работает?","code":"12312","measuringUnit":"шт"},{"id":2,"name":"Бам сука","description":"","code":"","measuringUnit":"шт"}]
=======================================================

=======================================================
Timestamp: 2026-01-21T00:14:04.0833050Z
Method: GET
URL: /api/warehouses
Status: 200
Duration: 1 ms
UserId: 
Client IP: ::ffff:192.168.1.141
User-Agent: Dalvik/2.1.0 (Linux; U; Android 12; CTR-L91 Build/HUAWEICTR-L91)
Controller: Warehouses, Action: GetAll
Response Body: [{"id":1,"name":"Хуян","type":"Производство","isActive":true,"fromMovements":[],"toMovements":[],"fromRequests":[],"toRequests":[]}]
=======================================================

=======================================================
Timestamp: 2026-01-21T00:14:04.0835649Z
Method: GET
URL: /api/products
Status: 200
Duration: 1 ms
UserId: 
Client IP: ::ffff:192.168.1.141
User-Agent: Dalvik/2.1.0 (Linux; U; Android 12; CTR-L91 Build/HUAWEICTR-L91)
Controller: Products, Action: GetAll
Response Body: [{"id":1,"name":"Яблочко","description":"1548753264","code":"152","measuringUnit":"шт"}]
=======================================================

=======================================================
Timestamp: 2026-01-21T00:14:04.0849711Z
Method: GET
URL: /api/warehouses
Status: 200
Duration: 0 ms
UserId: 
Client IP: ::ffff:192.168.1.141
User-Agent: Dalvik/2.1.0 (Linux; U; Android 12; CTR-L91 Build/HUAWEICTR-L91)
Controller: Warehouses, Action: GetAll
Response Body: [{"id":1,"name":"Хуян","type":"Производство","isActive":true,"fromMovements":[],"toMovements":[],"fromRequests":[],"toRequests":[]}]
=======================================================

=======================================================
Timestamp: 2026-01-21T00:14:04.0866761Z
Method: GET
URL: /api/materials
Status: 200
Duration: 1 ms
UserId: 
Client IP: ::ffff:192.168.1.141
User-Agent: Dalvik/2.1.0 (Linux; U; Android 12; CTR-L91 Build/HUAWEICTR-L91)
Controller: Materials, Action: GetAll
Response Body: [{"id":1,"name":"Косточка","description":"работает?","code":"12312","measuringUnit":"шт"},{"id":2,"name":"Бам сука","description":"","code":"","measuringUnit":"шт"}]
=======================================================

=======================================================
Timestamp: 2026-01-21T00:14:04.0875353Z
Method: GET
URL: /api/products
Status: 200
Duration: 1 ms
UserId: 
Client IP: ::ffff:192.168.1.141
User-Agent: Dalvik/2.1.0 (Linux; U; Android 12; CTR-L91 Build/HUAWEICTR-L91)
Controller: Products, Action: GetAll
Response Body: [{"id":1,"name":"Яблочко","description":"1548753264","code":"152","measuringUnit":"шт"}]
=======================================================

=======================================================
Timestamp: 2026-01-21T00:14:04.0932366Z
Method: GET
URL: /api/users
Status: 200
Duration: 1 ms
UserId: 
Client IP: ::ffff:192.168.1.141
User-Agent: Dalvik/2.1.0 (Linux; U; Android 12; CTR-L91 Build/HUAWEICTR-L91)
Controller: Users, Action: GetAll
Response Body: [{"id":2,"login":"adam","encryptedPassword":"$2a$11$7k1dXxf9I/3efRZ0fMivY.y8GdBpilmqMN08djBsYEcWj/zQcM2Xq","name":"Adam","surname":"First","email":"first@people.world","phone":"","createdAt":"2026-01-18T02:00:00.151037Z","roleId":null,"role":null,"alarmEvents":[],"sentPartRequests":[],"receivedPartRequests":[],"sentShiftTransfers":[],"receivedShiftTransfers":[]},{"id":3,"login":"admin","encryptedPassword":"5252","name":"Админ","surname":"Системный","email":"admin@example.com","phone":"+71234567890","createdAt":"2026-01-18T02:01:31.317309Z","roleId":null,"role":null,"alarmEvents":[],"sentPartRequests":[],"receivedPartRequests":[],"sentShiftTransfers":[],"receivedShiftTransfers":[]}]
=======================================================

=======================================================
Timestamp: 2026-01-21T00:14:04.0940374Z
Method: GET
URL: /api/users/search?name=f
Status: 200
Duration: 1 ms
UserId: 
Client IP: ::ffff:192.168.1.141
User-Agent: Dalvik/2.1.0 (Linux; U; Android 12; CTR-L91 Build/HUAWEICTR-L91)
Controller: Users, Action: GetByNameOrSurname
Response Body: []
=======================================================

=======================================================
Timestamp: 2026-01-21T00:14:04.2814690Z
Method: GET
URL: /api/materials
Status: 200
Duration: 1 ms
UserId: 
Client IP: ::ffff:192.168.1.141
User-Agent: Dalvik/2.1.0 (Linux; U; Android 12; CTR-L91 Build/HUAWEICTR-L91)
Controller: Materials, Action: GetAll
Response Body: [{"id":1,"name":"Косточка","description":"работает?","code":"12312","measuringUnit":"шт"},{"id":2,"name":"Бам сука","description":"","code":"","measuringUnit":"шт"}]
=======================================================

=======================================================
Timestamp: 2026-01-21T00:14:04.2824508Z
Method: GET
URL: /api/products
Status: 200
Duration: 2 ms
UserId: 
Client IP: ::ffff:192.168.1.141
User-Agent: Dalvik/2.1.0 (Linux; U; Android 12; CTR-L91 Build/HUAWEICTR-L91)
Controller: Products, Action: GetAll
Response Body: [{"id":1,"name":"Яблочко","description":"1548753264","code":"152","measuringUnit":"шт"}]
=======================================================

=======================================================
Timestamp: 2026-01-21T00:14:04.2860617Z
Method: GET
URL: /api/products
Status: 200
Duration: 2 ms
UserId: 
Client IP: ::ffff:192.168.1.141
User-Agent: Dalvik/2.1.0 (Linux; U; Android 12; CTR-L91 Build/HUAWEICTR-L91)
Controller: Products, Action: GetAll
Response Body: [{"id":1,"name":"Яблочко","description":"1548753264","code":"152","measuringUnit":"шт"}]
=======================================================

=======================================================
Timestamp: 2026-01-21T00:14:04.2901941Z
Method: GET
URL: /api/warehouses
Status: 200
Duration: 3 ms
UserId: 
Client IP: ::ffff:192.168.1.141
User-Agent: Dalvik/2.1.0 (Linux; U; Android 12; CTR-L91 Build/HUAWEICTR-L91)
Controller: Warehouses, Action: GetAll
Response Body: [{"id":1,"name":"Хуян","type":"Производство","isActive":true,"fromMovements":[],"toMovements":[],"fromRequests":[],"toRequests":[]}]
=======================================================

=======================================================
Timestamp: 2026-01-21T00:14:04.2927566Z
Method: GET
URL: /api/users
Status: 200
Duration: 1 ms
UserId: 
Client IP: ::ffff:192.168.1.141
User-Agent: Dalvik/2.1.0 (Linux; U; Android 12; CTR-L91 Build/HUAWEICTR-L91)
Controller: Users, Action: GetAll
Response Body: [{"id":2,"login":"adam","encryptedPassword":"$2a$11$7k1dXxf9I/3efRZ0fMivY.y8GdBpilmqMN08djBsYEcWj/zQcM2Xq","name":"Adam","surname":"First","email":"first@people.world","phone":"","createdAt":"2026-01-18T02:00:00.151037Z","roleId":null,"role":null,"alarmEvents":[],"sentPartRequests":[],"receivedPartRequests":[],"sentShiftTransfers":[],"receivedShiftTransfers":[]},{"id":3,"login":"admin","encryptedPassword":"5252","name":"Админ","surname":"Системный","email":"admin@example.com","phone":"+71234567890","createdAt":"2026-01-18T02:01:31.317309Z","roleId":null,"role":null,"alarmEvents":[],"sentPartRequests":[],"receivedPartRequests":[],"sentShiftTransfers":[],"receivedShiftTransfers":[]}]
=======================================================

=======================================================
Timestamp: 2026-01-21T00:14:05.2911401Z
Method: GET
URL: /api/products
Status: 200
Duration: 0 ms
UserId: 
Client IP: ::ffff:192.168.1.141
User-Agent: Dalvik/2.1.0 (Linux; U; Android 12; CTR-L91 Build/HUAWEICTR-L91)
Controller: Products, Action: GetAll
Response Body: [{"id":1,"name":"Яблочко","description":"1548753264","code":"152","measuringUnit":"шт"}]
=======================================================

=======================================================
Timestamp: 2026-01-21T00:14:05.2962605Z
Method: GET
URL: /api/materials
Status: 200
Duration: 1 ms
UserId: 
Client IP: ::ffff:192.168.1.141
User-Agent: Dalvik/2.1.0 (Linux; U; Android 12; CTR-L91 Build/HUAWEICTR-L91)
Controller: Materials, Action: GetAll
Response Body: [{"id":1,"name":"Косточка","description":"работает?","code":"12312","measuringUnit":"шт"},{"id":2,"name":"Бам сука","description":"","code":"","measuringUnit":"шт"}]
=======================================================

=======================================================
Timestamp: 2026-01-21T00:14:05.3090951Z
Method: GET
URL: /api/users/search?name=d
Status: 200
Duration: 7 ms
UserId: 
Client IP: ::ffff:192.168.1.141
User-Agent: Dalvik/2.1.0 (Linux; U; Android 12; CTR-L91 Build/HUAWEICTR-L91)
Controller: Users, Action: GetByNameOrSurname
Response Body: [{"id":2,"login":"adam","encryptedPassword":"$2a$11$7k1dXxf9I/3efRZ0fMivY.y8GdBpilmqMN08djBsYEcWj/zQcM2Xq","name":"Adam","surname":"First","email":"first@people.world","phone":"","createdAt":"2026-01-18T02:00:00.151037Z","roleId":null,"role":null,"alarmEvents":[],"sentPartRequests":[],"receivedPartRequests":[],"sentShiftTransfers":[],"receivedShiftTransfers":[]}]
=======================================================

=======================================================
Timestamp: 2026-01-21T00:14:05.3098919Z
Method: GET
URL: /api/users/search?name=dh
Status: 200
Duration: 1 ms
UserId: 
Client IP: ::ffff:192.168.1.141
User-Agent: Dalvik/2.1.0 (Linux; U; Android 12; CTR-L91 Build/HUAWEICTR-L91)
Controller: Users, Action: GetByNameOrSurname
Response Body: []
=======================================================

=======================================================
Timestamp: 2026-01-21T00:14:05.4978106Z
Method: GET
URL: /api/users
Status: 200
Duration: 1 ms
UserId: 
Client IP: ::ffff:192.168.1.141
User-Agent: Dalvik/2.1.0 (Linux; U; Android 12; CTR-L91 Build/HUAWEICTR-L91)
Controller: Users, Action: GetAll
Response Body: [{"id":2,"login":"adam","encryptedPassword":"$2a$11$7k1dXxf9I/3efRZ0fMivY.y8GdBpilmqMN08djBsYEcWj/zQcM2Xq","name":"Adam","surname":"First","email":"first@people.world","phone":"","createdAt":"2026-01-18T02:00:00.151037Z","roleId":null,"role":null,"alarmEvents":[],"sentPartRequests":[],"receivedPartRequests":[],"sentShiftTransfers":[],"receivedShiftTransfers":[]},{"id":3,"login":"admin","encryptedPassword":"5252","name":"Админ","surname":"Системный","email":"admin@example.com","phone":"+71234567890","createdAt":"2026-01-18T02:01:31.317309Z","roleId":null,"role":null,"alarmEvents":[],"sentPartRequests":[],"receivedPartRequests":[],"sentShiftTransfers":[],"receivedShiftTransfers":[]}]
=======================================================

=======================================================
Timestamp: 2026-01-21T00:14:05.4991227Z
Method: GET
URL: /api/products
Status: 200
Duration: 1 ms
UserId: 
Client IP: ::ffff:192.168.1.141
User-Agent: Dalvik/2.1.0 (Linux; U; Android 12; CTR-L91 Build/HUAWEICTR-L91)
Controller: Products, Action: GetAll
Response Body: [{"id":1,"name":"Яблочко","description":"1548753264","code":"152","measuringUnit":"шт"}]
=======================================================

=======================================================
Timestamp: 2026-01-21T00:14:05.5212051Z
Method: GET
URL: /api/products
Status: 200
Duration: 0 ms
UserId: 
Client IP: ::ffff:192.168.1.141
User-Agent: Dalvik/2.1.0 (Linux; U; Android 12; CTR-L91 Build/HUAWEICTR-L91)
Controller: Products, Action: GetAll
Response Body: [{"id":1,"name":"Яблочко","description":"1548753264","code":"152","measuringUnit":"шт"}]
=======================================================

=======================================================
Timestamp: 2026-01-21T00:14:05.5211129Z
Method: GET
URL: /api/materials
Status: 200
Duration: 1 ms
UserId: 
Client IP: ::ffff:192.168.1.141
User-Agent: Dalvik/2.1.0 (Linux; U; Android 12; CTR-L91 Build/HUAWEICTR-L91)
Controller: Materials, Action: GetAll
Response Body: [{"id":1,"name":"Косточка","description":"работает?","code":"12312","measuringUnit":"шт"},{"id":2,"name":"Бам сука","description":"","code":"","measuringUnit":"шт"}]
=======================================================

=======================================================
Timestamp: 2026-01-21T00:14:05.5298072Z
Method: GET
URL: /api/users/search?name=dhh
Status: 200
Duration: 3 ms
UserId: 
Client IP: ::ffff:192.168.1.141
User-Agent: Dalvik/2.1.0 (Linux; U; Android 12; CTR-L91 Build/HUAWEICTR-L91)
Controller: Users, Action: GetByNameOrSurname
Response Body: []
=======================================================

=======================================================
Timestamp: 2026-01-21T00:14:05.5305783Z
Method: GET
URL: /api/users
Status: 200
Duration: 2 ms
UserId: 
Client IP: ::ffff:192.168.1.141
User-Agent: Dalvik/2.1.0 (Linux; U; Android 12; CTR-L91 Build/HUAWEICTR-L91)
Controller: Users, Action: GetAll
Response Body: [{"id":2,"login":"adam","encryptedPassword":"$2a$11$7k1dXxf9I/3efRZ0fMivY.y8GdBpilmqMN08djBsYEcWj/zQcM2Xq","name":"Adam","surname":"First","email":"first@people.world","phone":"","createdAt":"2026-01-18T02:00:00.151037Z","roleId":null,"role":null,"alarmEvents":[],"sentPartRequests":[],"receivedPartRequests":[],"sentShiftTransfers":[],"receivedShiftTransfers":[]},{"id":3,"login":"admin","encryptedPassword":"5252","name":"Админ","surname":"Системный","email":"admin@example.com","phone":"+71234567890","createdAt":"2026-01-18T02:01:31.317309Z","roleId":null,"role":null,"alarmEvents":[],"sentPartRequests":[],"receivedPartRequests":[],"sentShiftTransfers":[],"receivedShiftTransfers":[]}]
=======================================================

=======================================================
Timestamp: 2026-01-21T00:14:05.6838828Z
Method: GET
URL: /api/products
Status: 200
Duration: 1 ms
UserId: 
Client IP: ::ffff:192.168.1.141
User-Agent: Dalvik/2.1.0 (Linux; U; Android 12; CTR-L91 Build/HUAWEICTR-L91)
Controller: Products, Action: GetAll
Response Body: [{"id":1,"name":"Яблочко","description":"1548753264","code":"152","measuringUnit":"шт"}]
=======================================================

=======================================================
Timestamp: 2026-01-21T00:14:05.6859918Z
Method: GET
URL: /api/warehouses
Status: 200
Duration: 1 ms
UserId: 
Client IP: ::ffff:192.168.1.141
User-Agent: Dalvik/2.1.0 (Linux; U; Android 12; CTR-L91 Build/HUAWEICTR-L91)
Controller: Warehouses, Action: GetAll
Response Body: [{"id":1,"name":"Хуян","type":"Производство","isActive":true,"fromMovements":[],"toMovements":[],"fromRequests":[],"toRequests":[]}]
=======================================================

=======================================================
Timestamp: 2026-01-21T00:14:05.6882208Z
Method: GET
URL: /api/materials
Status: 200
Duration: 2 ms
UserId: 
Client IP: ::ffff:192.168.1.141
User-Agent: Dalvik/2.1.0 (Linux; U; Android 12; CTR-L91 Build/HUAWEICTR-L91)
Controller: Materials, Action: GetAll
Response Body: [{"id":1,"name":"Косточка","description":"работает?","code":"12312","measuringUnit":"шт"},{"id":2,"name":"Бам сука","description":"","code":"","measuringUnit":"шт"}]
=======================================================

=======================================================
Timestamp: 2026-01-21T00:14:05.6899952Z
Method: GET
URL: /api/products
Status: 200
Duration: 1 ms
UserId: 
Client IP: ::ffff:192.168.1.141
User-Agent: Dalvik/2.1.0 (Linux; U; Android 12; CTR-L91 Build/HUAWEICTR-L91)
Controller: Products, Action: GetAll
Response Body: [{"id":1,"name":"Яблочко","description":"1548753264","code":"152","measuringUnit":"шт"}]
=======================================================

=======================================================
Timestamp: 2026-01-21T00:14:05.6929426Z
Method: GET
URL: /api/warehouses
Status: 200
Duration: 1 ms
UserId: 
Client IP: ::ffff:192.168.1.141
User-Agent: Dalvik/2.1.0 (Linux; U; Android 12; CTR-L91 Build/HUAWEICTR-L91)
Controller: Warehouses, Action: GetAll
Response Body: [{"id":1,"name":"Хуян","type":"Производство","isActive":true,"fromMovements":[],"toMovements":[],"fromRequests":[],"toRequests":[]}]
=======================================================

=======================================================
Timestamp: 2026-01-21T00:14:05.6949657Z
Method: GET
URL: /api/warehouses
Status: 200
Duration: 2 ms
UserId: 
Client IP: ::ffff:192.168.1.141
User-Agent: Dalvik/2.1.0 (Linux; U; Android 12; CTR-L91 Build/HUAWEICTR-L91)
Controller: Warehouses, Action: GetAll
Response Body: [{"id":1,"name":"Хуян","type":"Производство","isActive":true,"fromMovements":[],"toMovements":[],"fromRequests":[],"toRequests":[]}]
=======================================================

=======================================================
Timestamp: 2026-01-21T00:14:05.6990894Z
Method: GET
URL: /api/materials
Status: 200
Duration: 2 ms
UserId: 
Client IP: ::ffff:192.168.1.141
User-Agent: Dalvik/2.1.0 (Linux; U; Android 12; CTR-L91 Build/HUAWEICTR-L91)
Controller: Materials, Action: GetAll
Response Body: [{"id":1,"name":"Косточка","description":"работает?","code":"12312","measuringUnit":"шт"},{"id":2,"name":"Бам сука","description":"","code":"","measuringUnit":"шт"}]
=======================================================

=======================================================
Timestamp: 2026-01-21T00:14:05.7003997Z
Method: GET
URL: /api/users
Status: 200
Duration: 1 ms
UserId: 
Client IP: ::ffff:192.168.1.141
User-Agent: Dalvik/2.1.0 (Linux; U; Android 12; CTR-L91 Build/HUAWEICTR-L91)
Controller: Users, Action: GetAll
Response Body: [{"id":2,"login":"adam","encryptedPassword":"$2a$11$7k1dXxf9I/3efRZ0fMivY.y8GdBpilmqMN08djBsYEcWj/zQcM2Xq","name":"Adam","surname":"First","email":"first@people.world","phone":"","createdAt":"2026-01-18T02:00:00.151037Z","roleId":null,"role":null,"alarmEvents":[],"sentPartRequests":[],"receivedPartRequests":[],"sentShiftTransfers":[],"receivedShiftTransfers":[]},{"id":3,"login":"admin","encryptedPassword":"5252","name":"Админ","surname":"Системный","email":"admin@example.com","phone":"+71234567890","createdAt":"2026-01-18T02:01:31.317309Z","roleId":null,"role":null,"alarmEvents":[],"sentPartRequests":[],"receivedPartRequests":[],"sentShiftTransfers":[],"receivedShiftTransfers":[]}]
=======================================================

=======================================================
Timestamp: 2026-01-21T00:14:05.7055372Z
Method: GET
URL: /api/users/search?name=dhhd
Status: 200
Duration: 1 ms
UserId: 
Client IP: ::ffff:192.168.1.141
User-Agent: Dalvik/2.1.0 (Linux; U; Android 12; CTR-L91 Build/HUAWEICTR-L91)
Controller: Users, Action: GetByNameOrSurname
Response Body: []
=======================================================

=======================================================
Timestamp: 2026-01-21T00:14:05.8506972Z
Method: GET
URL: /api/warehouses
Status: 200
Duration: 1 ms
UserId: 
Client IP: ::ffff:192.168.1.141
User-Agent: Dalvik/2.1.0 (Linux; U; Android 12; CTR-L91 Build/HUAWEICTR-L91)
Controller: Warehouses, Action: GetAll
Response Body: [{"id":1,"name":"Хуян","type":"Производство","isActive":true,"fromMovements":[],"toMovements":[],"fromRequests":[],"toRequests":[]}]
=======================================================

=======================================================
Timestamp: 2026-01-21T00:14:05.8514039Z
Method: GET
URL: /api/materials
Status: 200
Duration: 1 ms
UserId: 
Client IP: ::ffff:192.168.1.141
User-Agent: Dalvik/2.1.0 (Linux; U; Android 12; CTR-L91 Build/HUAWEICTR-L91)
Controller: Materials, Action: GetAll
Response Body: [{"id":1,"name":"Косточка","description":"работает?","code":"12312","measuringUnit":"шт"},{"id":2,"name":"Бам сука","description":"","code":"","measuringUnit":"шт"}]
=======================================================

=======================================================
Timestamp: 2026-01-21T00:14:05.8532335Z
Method: GET
URL: /api/products
Status: 200
Duration: 2 ms
UserId: 
Client IP: ::ffff:192.168.1.141
User-Agent: Dalvik/2.1.0 (Linux; U; Android 12; CTR-L91 Build/HUAWEICTR-L91)
Controller: Products, Action: GetAll
Response Body: [{"id":1,"name":"Яблочко","description":"1548753264","code":"152","measuringUnit":"шт"}]
=======================================================

=======================================================
Timestamp: 2026-01-21T00:14:05.8532777Z
Method: GET
URL: /api/products
Status: 200
Duration: 0 ms
UserId: 
Client IP: ::ffff:192.168.1.141
User-Agent: Dalvik/2.1.0 (Linux; U; Android 12; CTR-L91 Build/HUAWEICTR-L91)
Controller: Products, Action: GetAll
Response Body: [{"id":1,"name":"Яблочко","description":"1548753264","code":"152","measuringUnit":"шт"}]
=======================================================

=======================================================
Timestamp: 2026-01-21T00:14:05.8545595Z
Method: GET
URL: /api/users
Status: 200
Duration: 4 ms
UserId: 
Client IP: ::ffff:192.168.1.141
User-Agent: Dalvik/2.1.0 (Linux; U; Android 12; CTR-L91 Build/HUAWEICTR-L91)
Controller: Users, Action: GetAll
Response Body: [{"id":2,"login":"adam","encryptedPassword":"$2a$11$7k1dXxf9I/3efRZ0fMivY.y8GdBpilmqMN08djBsYEcWj/zQcM2Xq","name":"Adam","surname":"First","email":"first@people.world","phone":"","createdAt":"2026-01-18T02:00:00.151037Z","roleId":null,"role":null,"alarmEvents":[],"sentPartRequests":[],"receivedPartRequests":[],"sentShiftTransfers":[],"receivedShiftTransfers":[]},{"id":3,"login":"admin","encryptedPassword":"5252","name":"Админ","surname":"Системный","email":"admin@example.com","phone":"+71234567890","createdAt":"2026-01-18T02:01:31.317309Z","roleId":null,"role":null,"alarmEvents":[],"sentPartRequests":[],"receivedPartRequests":[],"sentShiftTransfers":[],"receivedShiftTransfers":[]}]
=======================================================

=======================================================
Timestamp: 2026-01-21T00:14:05.8588635Z
Method: GET
URL: /api/warehouses
Status: 200
Duration: 1 ms
UserId: 
Client IP: ::ffff:192.168.1.141
User-Agent: Dalvik/2.1.0 (Linux; U; Android 12; CTR-L91 Build/HUAWEICTR-L91)
Controller: Warehouses, Action: GetAll
Response Body: [{"id":1,"name":"Хуян","type":"Производство","isActive":true,"fromMovements":[],"toMovements":[],"fromRequests":[],"toRequests":[]}]
=======================================================

=======================================================
Timestamp: 2026-01-21T00:14:05.8599488Z
Method: GET
URL: /api/warehouses
Status: 200
Duration: 1 ms
UserId: 
Client IP: ::ffff:192.168.1.141
User-Agent: Dalvik/2.1.0 (Linux; U; Android 12; CTR-L91 Build/HUAWEICTR-L91)
Controller: Warehouses, Action: GetAll
Response Body: [{"id":1,"name":"Хуян","type":"Производство","isActive":true,"fromMovements":[],"toMovements":[],"fromRequests":[],"toRequests":[]}]
=======================================================

=======================================================
Timestamp: 2026-01-21T00:14:05.8632820Z
Method: GET
URL: /api/products
Status: 200
Duration: 3 ms
UserId: 
Client IP: ::ffff:192.168.1.141
User-Agent: Dalvik/2.1.0 (Linux; U; Android 12; CTR-L91 Build/HUAWEICTR-L91)
Controller: Products, Action: GetAll
Response Body: [{"id":1,"name":"Яблочко","description":"1548753264","code":"152","measuringUnit":"шт"}]
=======================================================

=======================================================
Timestamp: 2026-01-21T00:14:05.8655856Z
Method: GET
URL: /api/users
Status: 200
Duration: 4 ms
UserId: 
Client IP: ::ffff:192.168.1.141
User-Agent: Dalvik/2.1.0 (Linux; U; Android 12; CTR-L91 Build/HUAWEICTR-L91)
Controller: Users, Action: GetAll
Response Body: [{"id":2,"login":"adam","encryptedPassword":"$2a$11$7k1dXxf9I/3efRZ0fMivY.y8GdBpilmqMN08djBsYEcWj/zQcM2Xq","name":"Adam","surname":"First","email":"first@people.world","phone":"","createdAt":"2026-01-18T02:00:00.151037Z","roleId":null,"role":null,"alarmEvents":[],"sentPartRequests":[],"receivedPartRequests":[],"sentShiftTransfers":[],"receivedShiftTransfers":[]},{"id":3,"login":"admin","encryptedPassword":"5252","name":"Админ","surname":"Системный","email":"admin@example.com","phone":"+71234567890","createdAt":"2026-01-18T02:01:31.317309Z","roleId":null,"role":null,"alarmEvents":[],"sentPartRequests":[],"receivedPartRequests":[],"sentShiftTransfers":[],"receivedShiftTransfers":[]}]
=======================================================

=======================================================
Timestamp: 2026-01-21T00:14:05.8663888Z
Method: GET
URL: /api/users/search?name=dhhdh
Status: 200
Duration: 2 ms
UserId: 
Client IP: ::ffff:192.168.1.141
User-Agent: Dalvik/2.1.0 (Linux; U; Android 12; CTR-L91 Build/HUAWEICTR-L91)
Controller: Users, Action: GetByNameOrSurname
Response Body: []
=======================================================

=======================================================
Timestamp: 2026-01-21T00:14:05.9230976Z
Method: GET
URL: /api/products
Status: 200
Duration: 1 ms
UserId: 
Client IP: ::ffff:192.168.1.141
User-Agent: Dalvik/2.1.0 (Linux; U; Android 12; CTR-L91 Build/HUAWEICTR-L91)
Controller: Products, Action: GetAll
Response Body: [{"id":1,"name":"Яблочко","description":"1548753264","code":"152","measuringUnit":"шт"}]
=======================================================

=======================================================
Timestamp: 2026-01-21T00:14:05.9239552Z
Method: GET
URL: /api/users
Status: 200
Duration: 1 ms
UserId: 
Client IP: ::ffff:192.168.1.141
User-Agent: Dalvik/2.1.0 (Linux; U; Android 12; CTR-L91 Build/HUAWEICTR-L91)
Controller: Users, Action: GetAll
Response Body: [{"id":2,"login":"adam","encryptedPassword":"$2a$11$7k1dXxf9I/3efRZ0fMivY.y8GdBpilmqMN08djBsYEcWj/zQcM2Xq","name":"Adam","surname":"First","email":"first@people.world","phone":"","createdAt":"2026-01-18T02:00:00.151037Z","roleId":null,"role":null,"alarmEvents":[],"sentPartRequests":[],"receivedPartRequests":[],"sentShiftTransfers":[],"receivedShiftTransfers":[]},{"id":3,"login":"admin","encryptedPassword":"5252","name":"Админ","surname":"Системный","email":"admin@example.com","phone":"+71234567890","createdAt":"2026-01-18T02:01:31.317309Z","roleId":null,"role":null,"alarmEvents":[],"sentPartRequests":[],"receivedPartRequests":[],"sentShiftTransfers":[],"receivedShiftTransfers":[]}]
=======================================================

=======================================================
Timestamp: 2026-01-21T00:14:05.9246617Z
Method: GET
URL: /api/warehouses
Status: 200
Duration: 1 ms
UserId: 
Client IP: ::ffff:192.168.1.141
User-Agent: Dalvik/2.1.0 (Linux; U; Android 12; CTR-L91 Build/HUAWEICTR-L91)
Controller: Warehouses, Action: GetAll
Response Body: [{"id":1,"name":"Хуян","type":"Производство","isActive":true,"fromMovements":[],"toMovements":[],"fromRequests":[],"toRequests":[]}]
=======================================================

=======================================================
Timestamp: 2026-01-21T00:14:05.9272623Z
Method: GET
URL: /api/products
Status: 200
Duration: 1 ms
UserId: 
Client IP: ::ffff:192.168.1.141
User-Agent: Dalvik/2.1.0 (Linux; U; Android 12; CTR-L91 Build/HUAWEICTR-L91)
Controller: Products, Action: GetAll
Response Body: [{"id":1,"name":"Яблочко","description":"1548753264","code":"152","measuringUnit":"шт"}]
=======================================================

=======================================================
Timestamp: 2026-01-21T00:14:05.9276570Z
Method: GET
URL: /api/materials
Status: 200
Duration: 2 ms
UserId: 
Client IP: ::ffff:192.168.1.141
User-Agent: Dalvik/2.1.0 (Linux; U; Android 12; CTR-L91 Build/HUAWEICTR-L91)
Controller: Materials, Action: GetAll
Response Body: [{"id":1,"name":"Косточка","description":"работает?","code":"12312","measuringUnit":"шт"},{"id":2,"name":"Бам сука","description":"","code":"","measuringUnit":"шт"}]
=======================================================

=======================================================
Timestamp: 2026-01-21T00:14:05.9293048Z
Method: GET
URL: /api/warehouses
Status: 200
Duration: 1 ms
UserId: 
Client IP: ::ffff:192.168.1.141
User-Agent: Dalvik/2.1.0 (Linux; U; Android 12; CTR-L91 Build/HUAWEICTR-L91)
Controller: Warehouses, Action: GetAll
Response Body: [{"id":1,"name":"Хуян","type":"Производство","isActive":true,"fromMovements":[],"toMovements":[],"fromRequests":[],"toRequests":[]}]
=======================================================

=======================================================
Timestamp: 2026-01-21T00:14:05.9300717Z
Method: GET
URL: /api/materials
Status: 200
Duration: 0 ms
UserId: 
Client IP: ::ffff:192.168.1.141
User-Agent: Dalvik/2.1.0 (Linux; U; Android 12; CTR-L91 Build/HUAWEICTR-L91)
Controller: Materials, Action: GetAll
Response Body: [{"id":1,"name":"Косточка","description":"работает?","code":"12312","measuringUnit":"шт"},{"id":2,"name":"Бам сука","description":"","code":"","measuringUnit":"шт"}]
=======================================================

=======================================================
Timestamp: 2026-01-21T00:14:05.9309985Z
Method: GET
URL: /api/products
Status: 200
Duration: 0 ms
UserId: 
Client IP: ::ffff:192.168.1.141
User-Agent: Dalvik/2.1.0 (Linux; U; Android 12; CTR-L91 Build/HUAWEICTR-L91)
Controller: Products, Action: GetAll
Response Body: [{"id":1,"name":"Яблочко","description":"1548753264","code":"152","measuringUnit":"шт"}]
=======================================================

=======================================================
Timestamp: 2026-01-21T00:14:05.9329966Z
Method: GET
URL: /api/warehouses
Status: 200
Duration: 2 ms
UserId: 
Client IP: ::ffff:192.168.1.141
User-Agent: Dalvik/2.1.0 (Linux; U; Android 12; CTR-L91 Build/HUAWEICTR-L91)
Controller: Warehouses, Action: GetAll
Response Body: [{"id":1,"name":"Хуян","type":"Производство","isActive":true,"fromMovements":[],"toMovements":[],"fromRequests":[],"toRequests":[]}]
=======================================================

=======================================================
Timestamp: 2026-01-21T00:14:05.9352031Z
Method: GET
URL: /api/users
Status: 200
Duration: 1 ms
UserId: 
Client IP: ::ffff:192.168.1.141
User-Agent: Dalvik/2.1.0 (Linux; U; Android 12; CTR-L91 Build/HUAWEICTR-L91)
Controller: Users, Action: GetAll
Response Body: [{"id":2,"login":"adam","encryptedPassword":"$2a$11$7k1dXxf9I/3efRZ0fMivY.y8GdBpilmqMN08djBsYEcWj/zQcM2Xq","name":"Adam","surname":"First","email":"first@people.world","phone":"","createdAt":"2026-01-18T02:00:00.151037Z","roleId":null,"role":null,"alarmEvents":[],"sentPartRequests":[],"receivedPartRequests":[],"sentShiftTransfers":[],"receivedShiftTransfers":[]},{"id":3,"login":"admin","encryptedPassword":"5252","name":"Админ","surname":"Системный","email":"admin@example.com","phone":"+71234567890","createdAt":"2026-01-18T02:01:31.317309Z","roleId":null,"role":null,"alarmEvents":[],"sentPartRequests":[],"receivedPartRequests":[],"sentShiftTransfers":[],"receivedShiftTransfers":[]}]
=======================================================

=======================================================
Timestamp: 2026-01-21T00:14:05.9377257Z
Method: GET
URL: /api/users/search?name=dhhdhd
Status: 200
Duration: 2 ms
UserId: 
Client IP: ::ffff:192.168.1.141
User-Agent: Dalvik/2.1.0 (Linux; U; Android 12; CTR-L91 Build/HUAWEICTR-L91)
Controller: Users, Action: GetByNameOrSurname
Response Body: []
=======================================================

=======================================================
Timestamp: 2026-01-21T00:14:06.0681415Z
Method: GET
URL: /api/products
Status: 200
Duration: 1 ms
UserId: 
Client IP: ::ffff:192.168.1.141
User-Agent: Dalvik/2.1.0 (Linux; U; Android 12; CTR-L91 Build/HUAWEICTR-L91)
Controller: Products, Action: GetAll
Response Body: [{"id":1,"name":"Яблочко","description":"1548753264","code":"152","measuringUnit":"шт"}]
=======================================================

=======================================================
Timestamp: 2026-01-21T00:14:06.0713196Z
Method: GET
URL: /api/warehouses
Status: 200
Duration: 3 ms
UserId: 
Client IP: ::ffff:192.168.1.141
User-Agent: Dalvik/2.1.0 (Linux; U; Android 12; CTR-L91 Build/HUAWEICTR-L91)
Controller: Warehouses, Action: GetAll
Response Body: [{"id":1,"name":"Хуян","type":"Производство","isActive":true,"fromMovements":[],"toMovements":[],"fromRequests":[],"toRequests":[]}]
=======================================================

=======================================================
Timestamp: 2026-01-21T00:14:06.0720168Z
Method: GET
URL: /api/products
Status: 200
Duration: 1 ms
UserId: 
Client IP: ::ffff:192.168.1.141
User-Agent: Dalvik/2.1.0 (Linux; U; Android 12; CTR-L91 Build/HUAWEICTR-L91)
Controller: Products, Action: GetAll
Response Body: [{"id":1,"name":"Яблочко","description":"1548753264","code":"152","measuringUnit":"шт"}]
=======================================================

=======================================================
Timestamp: 2026-01-21T00:14:06.0747255Z
Method: GET
URL: /api/warehouses
Status: 200
Duration: 1 ms
UserId: 
Client IP: ::ffff:192.168.1.141
User-Agent: Dalvik/2.1.0 (Linux; U; Android 12; CTR-L91 Build/HUAWEICTR-L91)
Controller: Warehouses, Action: GetAll
Response Body: [{"id":1,"name":"Хуян","type":"Производство","isActive":true,"fromMovements":[],"toMovements":[],"fromRequests":[],"toRequests":[]}]
=======================================================

=======================================================
Timestamp: 2026-01-21T00:14:06.0753487Z
Method: GET
URL: /api/users
Status: 200
Duration: 2 ms
UserId: 
Client IP: ::ffff:192.168.1.141
User-Agent: Dalvik/2.1.0 (Linux; U; Android 12; CTR-L91 Build/HUAWEICTR-L91)
Controller: Users, Action: GetAll
Response Body: [{"id":2,"login":"adam","encryptedPassword":"$2a$11$7k1dXxf9I/3efRZ0fMivY.y8GdBpilmqMN08djBsYEcWj/zQcM2Xq","name":"Adam","surname":"First","email":"first@people.world","phone":"","createdAt":"2026-01-18T02:00:00.151037Z","roleId":null,"role":null,"alarmEvents":[],"sentPartRequests":[],"receivedPartRequests":[],"sentShiftTransfers":[],"receivedShiftTransfers":[]},{"id":3,"login":"admin","encryptedPassword":"5252","name":"Админ","surname":"Системный","email":"admin@example.com","phone":"+71234567890","createdAt":"2026-01-18T02:01:31.317309Z","roleId":null,"role":null,"alarmEvents":[],"sentPartRequests":[],"receivedPartRequests":[],"sentShiftTransfers":[],"receivedShiftTransfers":[]}]
=======================================================

=======================================================
Timestamp: 2026-01-21T00:14:06.0754128Z
Method: GET
URL: /api/materials
Status: 200
Duration: 1 ms
UserId: 
Client IP: ::ffff:192.168.1.141
User-Agent: Dalvik/2.1.0 (Linux; U; Android 12; CTR-L91 Build/HUAWEICTR-L91)
Controller: Materials, Action: GetAll
Response Body: [{"id":1,"name":"Косточка","description":"работает?","code":"12312","measuringUnit":"шт"},{"id":2,"name":"Бам сука","description":"","code":"","measuringUnit":"шт"}]
=======================================================

=======================================================
Timestamp: 2026-01-21T00:14:06.0756742Z
Method: GET
URL: /api/warehouses
Status: 200
Duration: 1 ms
UserId: 
Client IP: ::ffff:192.168.1.141
User-Agent: Dalvik/2.1.0 (Linux; U; Android 12; CTR-L91 Build/HUAWEICTR-L91)
Controller: Warehouses, Action: GetAll
Response Body: [{"id":1,"name":"Хуян","type":"Производство","isActive":true,"fromMovements":[],"toMovements":[],"fromRequests":[],"toRequests":[]}]
=======================================================

=======================================================
Timestamp: 2026-01-21T00:14:06.0826688Z
Method: GET
URL: /api/products
Status: 200
Duration: 1 ms
UserId: 
Client IP: ::ffff:192.168.1.141
User-Agent: Dalvik/2.1.0 (Linux; U; Android 12; CTR-L91 Build/HUAWEICTR-L91)
Controller: Products, Action: GetAll
Response Body: [{"id":1,"name":"Яблочко","description":"1548753264","code":"152","measuringUnit":"шт"}]
=======================================================

=======================================================
Timestamp: 2026-01-21T00:14:06.0843913Z
Method: GET
URL: /api/users/search?name=dhhdhdh
Status: 200
Duration: 1 ms
UserId: 
Client IP: ::ffff:192.168.1.141
User-Agent: Dalvik/2.1.0 (Linux; U; Android 12; CTR-L91 Build/HUAWEICTR-L91)
Controller: Users, Action: GetByNameOrSurname
Response Body: []
=======================================================

=======================================================
Timestamp: 2026-01-21T00:14:06.0855606Z
Method: GET
URL: /api/users
Status: 200
Duration: 1 ms
UserId: 
Client IP: ::ffff:192.168.1.141
User-Agent: Dalvik/2.1.0 (Linux; U; Android 12; CTR-L91 Build/HUAWEICTR-L91)
Controller: Users, Action: GetAll
Response Body: [{"id":2,"login":"adam","encryptedPassword":"$2a$11$7k1dXxf9I/3efRZ0fMivY.y8GdBpilmqMN08djBsYEcWj/zQcM2Xq","name":"Adam","surname":"First","email":"first@people.world","phone":"","createdAt":"2026-01-18T02:00:00.151037Z","roleId":null,"role":null,"alarmEvents":[],"sentPartRequests":[],"receivedPartRequests":[],"sentShiftTransfers":[],"receivedShiftTransfers":[]},{"id":3,"login":"admin","encryptedPassword":"5252","name":"Админ","surname":"Системный","email":"admin@example.com","phone":"+71234567890","createdAt":"2026-01-18T02:01:31.317309Z","roleId":null,"role":null,"alarmEvents":[],"sentPartRequests":[],"receivedPartRequests":[],"sentShiftTransfers":[],"receivedShiftTransfers":[]}]
=======================================================

=======================================================
Timestamp: 2026-01-21T00:14:06.1643917Z
Method: GET
URL: /api/users
Status: 200
Duration: 1 ms
UserId: 
Client IP: ::ffff:192.168.1.141
User-Agent: Dalvik/2.1.0 (Linux; U; Android 12; CTR-L91 Build/HUAWEICTR-L91)
Controller: Users, Action: GetAll
Response Body: [{"id":2,"login":"adam","encryptedPassword":"$2a$11$7k1dXxf9I/3efRZ0fMivY.y8GdBpilmqMN08djBsYEcWj/zQcM2Xq","name":"Adam","surname":"First","email":"first@people.world","phone":"","createdAt":"2026-01-18T02:00:00.151037Z","roleId":null,"role":null,"alarmEvents":[],"sentPartRequests":[],"receivedPartRequests":[],"sentShiftTransfers":[],"receivedShiftTransfers":[]},{"id":3,"login":"admin","encryptedPassword":"5252","name":"Админ","surname":"Системный","email":"admin@example.com","phone":"+71234567890","createdAt":"2026-01-18T02:01:31.317309Z","roleId":null,"role":null,"alarmEvents":[],"sentPartRequests":[],"receivedPartRequests":[],"sentShiftTransfers":[],"receivedShiftTransfers":[]}]
=======================================================

=======================================================
Timestamp: 2026-01-21T00:14:06.1652689Z
Method: GET
URL: /api/products
Status: 200
Duration: 1 ms
UserId: 
Client IP: ::ffff:192.168.1.141
User-Agent: Dalvik/2.1.0 (Linux; U; Android 12; CTR-L91 Build/HUAWEICTR-L91)
Controller: Products, Action: GetAll
Response Body: [{"id":1,"name":"Яблочко","description":"1548753264","code":"152","measuringUnit":"шт"}]
=======================================================

=======================================================
Timestamp: 2026-01-21T00:14:06.1683398Z
Method: GET
URL: /api/warehouses
Status: 200
Duration: 1 ms
UserId: 
Client IP: ::ffff:192.168.1.141
User-Agent: Dalvik/2.1.0 (Linux; U; Android 12; CTR-L91 Build/HUAWEICTR-L91)
Controller: Warehouses, Action: GetAll
Response Body: [{"id":1,"name":"Хуян","type":"Производство","isActive":true,"fromMovements":[],"toMovements":[],"fromRequests":[],"toRequests":[]}]
=======================================================

=======================================================
Timestamp: 2026-01-21T00:14:06.1699521Z
Method: GET
URL: /api/materials
Status: 200
Duration: 1 ms
UserId: 
Client IP: ::ffff:192.168.1.141
User-Agent: Dalvik/2.1.0 (Linux; U; Android 12; CTR-L91 Build/HUAWEICTR-L91)
Controller: Materials, Action: GetAll
Response Body: [{"id":1,"name":"Косточка","description":"работает?","code":"12312","measuringUnit":"шт"},{"id":2,"name":"Бам сука","description":"","code":"","measuringUnit":"шт"}]
=======================================================

=======================================================
Timestamp: 2026-01-21T00:14:06.1710158Z
Method: GET
URL: /api/products
Status: 200
Duration: 1 ms
UserId: 
Client IP: ::ffff:192.168.1.141
User-Agent: Dalvik/2.1.0 (Linux; U; Android 12; CTR-L91 Build/HUAWEICTR-L91)
Controller: Products, Action: GetAll
Response Body: [{"id":1,"name":"Яблочко","description":"1548753264","code":"152","measuringUnit":"шт"}]
=======================================================

=======================================================
Timestamp: 2026-01-21T00:14:06.1741979Z
Method: GET
URL: /api/warehouses
Status: 200
Duration: 1 ms
UserId: 
Client IP: ::ffff:192.168.1.141
User-Agent: Dalvik/2.1.0 (Linux; U; Android 12; CTR-L91 Build/HUAWEICTR-L91)
Controller: Warehouses, Action: GetAll
Response Body: [{"id":1,"name":"Хуян","type":"Производство","isActive":true,"fromMovements":[],"toMovements":[],"fromRequests":[],"toRequests":[]}]
=======================================================

=======================================================
Timestamp: 2026-01-21T00:14:06.1749841Z
Method: GET
URL: /api/warehouses
Status: 200
Duration: 1 ms
UserId: 
Client IP: ::ffff:192.168.1.141
User-Agent: Dalvik/2.1.0 (Linux; U; Android 12; CTR-L91 Build/HUAWEICTR-L91)
Controller: Warehouses, Action: GetAll
Response Body: [{"id":1,"name":"Хуян","type":"Производство","isActive":true,"fromMovements":[],"toMovements":[],"fromRequests":[],"toRequests":[]}]
=======================================================

=======================================================
Timestamp: 2026-01-21T00:14:06.1764368Z
Method: GET
URL: /api/materials
Status: 200
Duration: 1 ms
UserId: 
Client IP: ::ffff:192.168.1.141
User-Agent: Dalvik/2.1.0 (Linux; U; Android 12; CTR-L91 Build/HUAWEICTR-L91)
Controller: Materials, Action: GetAll
Response Body: [{"id":1,"name":"Косточка","description":"работает?","code":"12312","measuringUnit":"шт"},{"id":2,"name":"Бам сука","description":"","code":"","measuringUnit":"шт"}]
=======================================================

=======================================================
Timestamp: 2026-01-21T00:14:06.1780522Z
Method: GET
URL: /api/products
Status: 200
Duration: 1 ms
UserId: 
Client IP: ::ffff:192.168.1.141
User-Agent: Dalvik/2.1.0 (Linux; U; Android 12; CTR-L91 Build/HUAWEICTR-L91)
Controller: Products, Action: GetAll
Response Body: [{"id":1,"name":"Яблочко","description":"1548753264","code":"152","measuringUnit":"шт"}]
=======================================================

=======================================================
Timestamp: 2026-01-21T00:14:06.1800304Z
Method: GET
URL: /api/users
Status: 200
Duration: 2 ms
UserId: 
Client IP: ::ffff:192.168.1.141
User-Agent: Dalvik/2.1.0 (Linux; U; Android 12; CTR-L91 Build/HUAWEICTR-L91)
Controller: Users, Action: GetAll
Response Body: [{"id":2,"login":"adam","encryptedPassword":"$2a$11$7k1dXxf9I/3efRZ0fMivY.y8GdBpilmqMN08djBsYEcWj/zQcM2Xq","name":"Adam","surname":"First","email":"first@people.world","phone":"","createdAt":"2026-01-18T02:00:00.151037Z","roleId":null,"role":null,"alarmEvents":[],"sentPartRequests":[],"receivedPartRequests":[],"sentShiftTransfers":[],"receivedShiftTransfers":[]},{"id":3,"login":"admin","encryptedPassword":"5252","name":"Админ","surname":"Системный","email":"admin@example.com","phone":"+71234567890","createdAt":"2026-01-18T02:01:31.317309Z","roleId":null,"role":null,"alarmEvents":[],"sentPartRequests":[],"receivedPartRequests":[],"sentShiftTransfers":[],"receivedShiftTransfers":[]}]
=======================================================

=======================================================
Timestamp: 2026-01-21T00:14:06.1856681Z
Method: GET
URL: /api/users/search?name=dhhdhdhd
Status: 200
Duration: 1 ms
UserId: 
Client IP: ::ffff:192.168.1.141
User-Agent: Dalvik/2.1.0 (Linux; U; Android 12; CTR-L91 Build/HUAWEICTR-L91)
Controller: Users, Action: GetByNameOrSurname
Response Body: []
=======================================================

=======================================================
Timestamp: 2026-01-21T00:14:06.3316586Z
Method: GET
URL: /api/materials
Status: 200
Duration: 1 ms
UserId: 
Client IP: ::ffff:192.168.1.141
User-Agent: Dalvik/2.1.0 (Linux; U; Android 12; CTR-L91 Build/HUAWEICTR-L91)
Controller: Materials, Action: GetAll
Response Body: [{"id":1,"name":"Косточка","description":"работает?","code":"12312","measuringUnit":"шт"},{"id":2,"name":"Бам сука","description":"","code":"","measuringUnit":"шт"}]
=======================================================

=======================================================
Timestamp: 2026-01-21T00:14:06.3336279Z
Method: GET
URL: /api/users
Status: 200
Duration: 1 ms
UserId: 
Client IP: ::ffff:192.168.1.141
User-Agent: Dalvik/2.1.0 (Linux; U; Android 12; CTR-L91 Build/HUAWEICTR-L91)
Controller: Users, Action: GetAll
Response Body: [{"id":2,"login":"adam","encryptedPassword":"$2a$11$7k1dXxf9I/3efRZ0fMivY.y8GdBpilmqMN08djBsYEcWj/zQcM2Xq","name":"Adam","surname":"First","email":"first@people.world","phone":"","createdAt":"2026-01-18T02:00:00.151037Z","roleId":null,"role":null,"alarmEvents":[],"sentPartRequests":[],"receivedPartRequests":[],"sentShiftTransfers":[],"receivedShiftTransfers":[]},{"id":3,"login":"admin","encryptedPassword":"5252","name":"Админ","surname":"Системный","email":"admin@example.com","phone":"+71234567890","createdAt":"2026-01-18T02:01:31.317309Z","roleId":null,"role":null,"alarmEvents":[],"sentPartRequests":[],"receivedPartRequests":[],"sentShiftTransfers":[],"receivedShiftTransfers":[]}]
=======================================================

=======================================================
Timestamp: 2026-01-21T00:14:06.3359389Z
Method: GET
URL: /api/warehouses
Status: 200
Duration: 2 ms
UserId: 
Client IP: ::ffff:192.168.1.141
User-Agent: Dalvik/2.1.0 (Linux; U; Android 12; CTR-L91 Build/HUAWEICTR-L91)
Controller: Warehouses, Action: GetAll
Response Body: [{"id":1,"name":"Хуян","type":"Производство","isActive":true,"fromMovements":[],"toMovements":[],"fromRequests":[],"toRequests":[]}]
=======================================================

=======================================================
Timestamp: 2026-01-21T00:14:06.3372224Z
Method: GET
URL: /api/materials
Status: 200
Duration: 0 ms
UserId: 
Client IP: ::ffff:192.168.1.141
User-Agent: Dalvik/2.1.0 (Linux; U; Android 12; CTR-L91 Build/HUAWEICTR-L91)
Controller: Materials, Action: GetAll
Response Body: [{"id":1,"name":"Косточка","description":"работает?","code":"12312","measuringUnit":"шт"},{"id":2,"name":"Бам сука","description":"","code":"","measuringUnit":"шт"}]
=======================================================

=======================================================
Timestamp: 2026-01-21T00:14:06.3376249Z
Method: GET
URL: /api/warehouses
Status: 200
Duration: 1 ms
UserId: 
Client IP: ::ffff:192.168.1.141
User-Agent: Dalvik/2.1.0 (Linux; U; Android 12; CTR-L91 Build/HUAWEICTR-L91)
Controller: Warehouses, Action: GetAll
Response Body: [{"id":1,"name":"Хуян","type":"Производство","isActive":true,"fromMovements":[],"toMovements":[],"fromRequests":[],"toRequests":[]}]
=======================================================

=======================================================
Timestamp: 2026-01-21T00:14:06.3432298Z
Method: GET
URL: /api/users
Status: 200
Duration: 1 ms
UserId: 
Client IP: ::ffff:192.168.1.141
User-Agent: Dalvik/2.1.0 (Linux; U; Android 12; CTR-L91 Build/HUAWEICTR-L91)
Controller: Users, Action: GetAll
Response Body: [{"id":2,"login":"adam","encryptedPassword":"$2a$11$7k1dXxf9I/3efRZ0fMivY.y8GdBpilmqMN08djBsYEcWj/zQcM2Xq","name":"Adam","surname":"First","email":"first@people.world","phone":"","createdAt":"2026-01-18T02:00:00.151037Z","roleId":null,"role":null,"alarmEvents":[],"sentPartRequests":[],"receivedPartRequests":[],"sentShiftTransfers":[],"receivedShiftTransfers":[]},{"id":3,"login":"admin","encryptedPassword":"5252","name":"Админ","surname":"Системный","email":"admin@example.com","phone":"+71234567890","createdAt":"2026-01-18T02:01:31.317309Z","roleId":null,"role":null,"alarmEvents":[],"sentPartRequests":[],"receivedPartRequests":[],"sentShiftTransfers":[],"receivedShiftTransfers":[]}]
=======================================================

=======================================================
Timestamp: 2026-01-21T00:14:06.3436541Z
Method: GET
URL: /api/users/search?name=dhhdhdhdh
Status: 200
Duration: 1 ms
UserId: 
Client IP: ::ffff:192.168.1.141
User-Agent: Dalvik/2.1.0 (Linux; U; Android 12; CTR-L91 Build/HUAWEICTR-L91)
Controller: Users, Action: GetByNameOrSurname
Response Body: []
=======================================================

=======================================================
Timestamp: 2026-01-21T00:14:06.3949049Z
Method: GET
URL: /api/users
Status: 200
Duration: 1 ms
UserId: 
Client IP: ::ffff:192.168.1.141
User-Agent: Dalvik/2.1.0 (Linux; U; Android 12; CTR-L91 Build/HUAWEICTR-L91)
Controller: Users, Action: GetAll
Response Body: [{"id":2,"login":"adam","encryptedPassword":"$2a$11$7k1dXxf9I/3efRZ0fMivY.y8GdBpilmqMN08djBsYEcWj/zQcM2Xq","name":"Adam","surname":"First","email":"first@people.world","phone":"","createdAt":"2026-01-18T02:00:00.151037Z","roleId":null,"role":null,"alarmEvents":[],"sentPartRequests":[],"receivedPartRequests":[],"sentShiftTransfers":[],"receivedShiftTransfers":[]},{"id":3,"login":"admin","encryptedPassword":"5252","name":"Админ","surname":"Системный","email":"admin@example.com","phone":"+71234567890","createdAt":"2026-01-18T02:01:31.317309Z","roleId":null,"role":null,"alarmEvents":[],"sentPartRequests":[],"receivedPartRequests":[],"sentShiftTransfers":[],"receivedShiftTransfers":[]}]
=======================================================

=======================================================
Timestamp: 2026-01-21T00:14:06.3989523Z
Method: GET
URL: /api/materials
Status: 200
Duration: 4 ms
UserId: 
Client IP: ::ffff:192.168.1.141
User-Agent: Dalvik/2.1.0 (Linux; U; Android 12; CTR-L91 Build/HUAWEICTR-L91)
Controller: Materials, Action: GetAll
Response Body: [{"id":1,"name":"Косточка","description":"работает?","code":"12312","measuringUnit":"шт"},{"id":2,"name":"Бам сука","description":"","code":"","measuringUnit":"шт"}]
=======================================================

=======================================================
Timestamp: 2026-01-21T00:14:06.3994659Z
Method: GET
URL: /api/products
Status: 200
Duration: 1 ms
UserId: 
Client IP: ::ffff:192.168.1.141
User-Agent: Dalvik/2.1.0 (Linux; U; Android 12; CTR-L91 Build/HUAWEICTR-L91)
Controller: Products, Action: GetAll
Response Body: [{"id":1,"name":"Яблочко","description":"1548753264","code":"152","measuringUnit":"шт"}]
=======================================================

=======================================================
Timestamp: 2026-01-21T00:14:06.4005463Z
Method: GET
URL: /api/warehouses
Status: 200
Duration: 0 ms
UserId: 
Client IP: ::ffff:192.168.1.141
User-Agent: Dalvik/2.1.0 (Linux; U; Android 12; CTR-L91 Build/HUAWEICTR-L91)
Controller: Warehouses, Action: GetAll
Response Body: [{"id":1,"name":"Хуян","type":"Производство","isActive":true,"fromMovements":[],"toMovements":[],"fromRequests":[],"toRequests":[]}]
=======================================================

=======================================================
Timestamp: 2026-01-21T00:14:06.4024297Z
Method: GET
URL: /api/warehouses
Status: 200
Duration: 1 ms
UserId: 
Client IP: ::ffff:192.168.1.141
User-Agent: Dalvik/2.1.0 (Linux; U; Android 12; CTR-L91 Build/HUAWEICTR-L91)
Controller: Warehouses, Action: GetAll
Response Body: [{"id":1,"name":"Хуян","type":"Производство","isActive":true,"fromMovements":[],"toMovements":[],"fromRequests":[],"toRequests":[]}]
=======================================================

=======================================================
Timestamp: 2026-01-21T00:14:06.4037740Z
Method: GET
URL: /api/products
Status: 200
Duration: 0 ms
UserId: 
Client IP: ::ffff:192.168.1.141
User-Agent: Dalvik/2.1.0 (Linux; U; Android 12; CTR-L91 Build/HUAWEICTR-L91)
Controller: Products, Action: GetAll
Response Body: [{"id":1,"name":"Яблочко","description":"1548753264","code":"152","measuringUnit":"шт"}]
=======================================================

=======================================================
Timestamp: 2026-01-21T00:14:06.4071865Z
Method: GET
URL: /api/users
Status: 200
Duration: 1 ms
UserId: 
Client IP: ::ffff:192.168.1.141
User-Agent: Dalvik/2.1.0 (Linux; U; Android 12; CTR-L91 Build/HUAWEICTR-L91)
Controller: Users, Action: GetAll
Response Body: [{"id":2,"login":"adam","encryptedPassword":"$2a$11$7k1dXxf9I/3efRZ0fMivY.y8GdBpilmqMN08djBsYEcWj/zQcM2Xq","name":"Adam","surname":"First","email":"first@people.world","phone":"","createdAt":"2026-01-18T02:00:00.151037Z","roleId":null,"role":null,"alarmEvents":[],"sentPartRequests":[],"receivedPartRequests":[],"sentShiftTransfers":[],"receivedShiftTransfers":[]},{"id":3,"login":"admin","encryptedPassword":"5252","name":"Админ","surname":"Системный","email":"admin@example.com","phone":"+71234567890","createdAt":"2026-01-18T02:01:31.317309Z","roleId":null,"role":null,"alarmEvents":[],"sentPartRequests":[],"receivedPartRequests":[],"sentShiftTransfers":[],"receivedShiftTransfers":[]}]
=======================================================

=======================================================
Timestamp: 2026-01-21T00:14:06.4074858Z
Method: GET
URL: /api/materials
Status: 200
Duration: 0 ms
UserId: 
Client IP: ::ffff:192.168.1.141
User-Agent: Dalvik/2.1.0 (Linux; U; Android 12; CTR-L91 Build/HUAWEICTR-L91)
Controller: Materials, Action: GetAll
Response Body: [{"id":1,"name":"Косточка","description":"работает?","code":"12312","measuringUnit":"шт"},{"id":2,"name":"Бам сука","description":"","code":"","measuringUnit":"шт"}]
=======================================================

=======================================================
Timestamp: 2026-01-21T00:14:06.4073988Z
Method: GET
URL: /api/users/search?name=dhhdhdhdhd
Status: 200
Duration: 1 ms
UserId: 
Client IP: ::ffff:192.168.1.141
User-Agent: Dalvik/2.1.0 (Linux; U; Android 12; CTR-L91 Build/HUAWEICTR-L91)
Controller: Users, Action: GetByNameOrSurname
Response Body: []
=======================================================

=======================================================
Timestamp: 2026-01-21T00:14:06.5292948Z
Method: GET
URL: /api/materials
Status: 200
Duration: 1 ms
UserId: 
Client IP: ::ffff:192.168.1.141
User-Agent: Dalvik/2.1.0 (Linux; U; Android 12; CTR-L91 Build/HUAWEICTR-L91)
Controller: Materials, Action: GetAll
Response Body: [{"id":1,"name":"Косточка","description":"работает?","code":"12312","measuringUnit":"шт"},{"id":2,"name":"Бам сука","description":"","code":"","measuringUnit":"шт"}]
=======================================================

=======================================================
Timestamp: 2026-01-21T00:14:06.5310835Z
Method: GET
URL: /api/products
Status: 200
Duration: 2 ms
UserId: 
Client IP: ::ffff:192.168.1.141
User-Agent: Dalvik/2.1.0 (Linux; U; Android 12; CTR-L91 Build/HUAWEICTR-L91)
Controller: Products, Action: GetAll
Response Body: [{"id":1,"name":"Яблочко","description":"1548753264","code":"152","measuringUnit":"шт"}]
=======================================================

=======================================================
Timestamp: 2026-01-21T00:14:06.5310714Z
Method: GET
URL: /api/users
Status: 200
Duration: 2 ms
UserId: 
Client IP: ::ffff:192.168.1.141
User-Agent: Dalvik/2.1.0 (Linux; U; Android 12; CTR-L91 Build/HUAWEICTR-L91)
Controller: Users, Action: GetAll
Response Body: [{"id":2,"login":"adam","encryptedPassword":"$2a$11$7k1dXxf9I/3efRZ0fMivY.y8GdBpilmqMN08djBsYEcWj/zQcM2Xq","name":"Adam","surname":"First","email":"first@people.world","phone":"","createdAt":"2026-01-18T02:00:00.151037Z","roleId":null,"role":null,"alarmEvents":[],"sentPartRequests":[],"receivedPartRequests":[],"sentShiftTransfers":[],"receivedShiftTransfers":[]},{"id":3,"login":"admin","encryptedPassword":"5252","name":"Админ","surname":"Системный","email":"admin@example.com","phone":"+71234567890","createdAt":"2026-01-18T02:01:31.317309Z","roleId":null,"role":null,"alarmEvents":[],"sentPartRequests":[],"receivedPartRequests":[],"sentShiftTransfers":[],"receivedShiftTransfers":[]}]
=======================================================

=======================================================
Timestamp: 2026-01-21T00:14:06.5321765Z
Method: GET
URL: /api/warehouses
Status: 200
Duration: 1 ms
UserId: 
Client IP: ::ffff:192.168.1.141
User-Agent: Dalvik/2.1.0 (Linux; U; Android 12; CTR-L91 Build/HUAWEICTR-L91)
Controller: Warehouses, Action: GetAll
Response Body: [{"id":1,"name":"Хуян","type":"Производство","isActive":true,"fromMovements":[],"toMovements":[],"fromRequests":[],"toRequests":[]}]
=======================================================

=======================================================
Timestamp: 2026-01-21T00:14:06.5328766Z
Method: GET
URL: /api/materials
Status: 200
Duration: 2 ms
UserId: 
Client IP: ::ffff:192.168.1.141
User-Agent: Dalvik/2.1.0 (Linux; U; Android 12; CTR-L91 Build/HUAWEICTR-L91)
Controller: Materials, Action: GetAll
Response Body: [{"id":1,"name":"Косточка","description":"работает?","code":"12312","measuringUnit":"шт"},{"id":2,"name":"Бам сука","description":"","code":"","measuringUnit":"шт"}]
=======================================================

=======================================================
Timestamp: 2026-01-21T00:14:06.5346757Z
Method: GET
URL: /api/warehouses
Status: 200
Duration: 1 ms
UserId: 
Client IP: ::ffff:192.168.1.141
User-Agent: Dalvik/2.1.0 (Linux; U; Android 12; CTR-L91 Build/HUAWEICTR-L91)
Controller: Warehouses, Action: GetAll
Response Body: [{"id":1,"name":"Хуян","type":"Производство","isActive":true,"fromMovements":[],"toMovements":[],"fromRequests":[],"toRequests":[]}]
=======================================================

=======================================================
Timestamp: 2026-01-21T00:14:06.5529465Z
Method: GET
URL: /api/products
Status: 200
Duration: 1 ms
UserId: 
Client IP: ::ffff:192.168.1.141
User-Agent: Dalvik/2.1.0 (Linux; U; Android 12; CTR-L91 Build/HUAWEICTR-L91)
Controller: Products, Action: GetAll
Response Body: [{"id":1,"name":"Яблочко","description":"1548753264","code":"152","measuringUnit":"шт"}]
=======================================================

=======================================================
Timestamp: 2026-01-21T00:14:06.5553710Z
Method: GET
URL: /api/users/search?name=dhhdhdhdhdh
Status: 200
Duration: 1 ms
UserId: 
Client IP: ::ffff:192.168.1.141
User-Agent: Dalvik/2.1.0 (Linux; U; Android 12; CTR-L91 Build/HUAWEICTR-L91)
Controller: Users, Action: GetByNameOrSurname
Response Body: []
=======================================================

=======================================================
Timestamp: 2026-01-21T00:14:06.6755862Z
Method: GET
URL: /api/users
Status: 200
Duration: 1 ms
UserId: 
Client IP: ::ffff:192.168.1.141
User-Agent: Dalvik/2.1.0 (Linux; U; Android 12; CTR-L91 Build/HUAWEICTR-L91)
Controller: Users, Action: GetAll
Response Body: [{"id":2,"login":"adam","encryptedPassword":"$2a$11$7k1dXxf9I/3efRZ0fMivY.y8GdBpilmqMN08djBsYEcWj/zQcM2Xq","name":"Adam","surname":"First","email":"first@people.world","phone":"","createdAt":"2026-01-18T02:00:00.151037Z","roleId":null,"role":null,"alarmEvents":[],"sentPartRequests":[],"receivedPartRequests":[],"sentShiftTransfers":[],"receivedShiftTransfers":[]},{"id":3,"login":"admin","encryptedPassword":"5252","name":"Админ","surname":"Системный","email":"admin@example.com","phone":"+71234567890","createdAt":"2026-01-18T02:01:31.317309Z","roleId":null,"role":null,"alarmEvents":[],"sentPartRequests":[],"receivedPartRequests":[],"sentShiftTransfers":[],"receivedShiftTransfers":[]}]
=======================================================

=======================================================
Timestamp: 2026-01-21T00:14:06.6759951Z
Method: GET
URL: /api/products
Status: 200
Duration: 0 ms
UserId: 
Client IP: ::ffff:192.168.1.141
User-Agent: Dalvik/2.1.0 (Linux; U; Android 12; CTR-L91 Build/HUAWEICTR-L91)
Controller: Products, Action: GetAll
Response Body: [{"id":1,"name":"Яблочко","description":"1548753264","code":"152","measuringUnit":"шт"}]
=======================================================

=======================================================
Timestamp: 2026-01-21T00:14:06.6770327Z
Method: GET
URL: /api/warehouses
Status: 200
Duration: 0 ms
UserId: 
Client IP: ::ffff:192.168.1.141
User-Agent: Dalvik/2.1.0 (Linux; U; Android 12; CTR-L91 Build/HUAWEICTR-L91)
Controller: Warehouses, Action: GetAll
Response Body: [{"id":1,"name":"Хуян","type":"Производство","isActive":true,"fromMovements":[],"toMovements":[],"fromRequests":[],"toRequests":[]}]
=======================================================

=======================================================
Timestamp: 2026-01-21T00:14:06.6792518Z
Method: GET
URL: /api/materials
Status: 200
Duration: 1 ms
UserId: 
Client IP: ::ffff:192.168.1.141
User-Agent: Dalvik/2.1.0 (Linux; U; Android 12; CTR-L91 Build/HUAWEICTR-L91)
Controller: Materials, Action: GetAll
Response Body: [{"id":1,"name":"Косточка","description":"работает?","code":"12312","measuringUnit":"шт"},{"id":2,"name":"Бам сука","description":"","code":"","measuringUnit":"шт"}]
=======================================================

=======================================================
Timestamp: 2026-01-21T00:14:06.6814788Z
Method: GET
URL: /api/products
Status: 200
Duration: 0 ms
UserId: 
Client IP: ::ffff:192.168.1.141
User-Agent: Dalvik/2.1.0 (Linux; U; Android 12; CTR-L91 Build/HUAWEICTR-L91)
Controller: Products, Action: GetAll
Response Body: [{"id":1,"name":"Яблочко","description":"1548753264","code":"152","measuringUnit":"шт"}]
=======================================================

=======================================================
Timestamp: 2026-01-21T00:14:06.6842944Z
Method: GET
URL: /api/warehouses
Status: 200
Duration: 0 ms
UserId: 
Client IP: ::ffff:192.168.1.141
User-Agent: Dalvik/2.1.0 (Linux; U; Android 12; CTR-L91 Build/HUAWEICTR-L91)
Controller: Warehouses, Action: GetAll
Response Body: [{"id":1,"name":"Хуян","type":"Производство","isActive":true,"fromMovements":[],"toMovements":[],"fromRequests":[],"toRequests":[]}]
=======================================================

=======================================================
Timestamp: 2026-01-21T00:14:06.6885360Z
Method: GET
URL: /api/warehouses
Status: 200
Duration: 0 ms
UserId: 
Client IP: ::ffff:192.168.1.141
User-Agent: Dalvik/2.1.0 (Linux; U; Android 12; CTR-L91 Build/HUAWEICTR-L91)
Controller: Warehouses, Action: GetAll
Response Body: [{"id":1,"name":"Хуян","type":"Производство","isActive":true,"fromMovements":[],"toMovements":[],"fromRequests":[],"toRequests":[]}]
=======================================================

=======================================================
Timestamp: 2026-01-21T00:14:06.6889369Z
Method: GET
URL: /api/materials
Status: 200
Duration: 0 ms
UserId: 
Client IP: ::ffff:192.168.1.141
User-Agent: Dalvik/2.1.0 (Linux; U; Android 12; CTR-L91 Build/HUAWEICTR-L91)
Controller: Materials, Action: GetAll
Response Body: [{"id":1,"name":"Косточка","description":"работает?","code":"12312","measuringUnit":"шт"},{"id":2,"name":"Бам сука","description":"","code":"","measuringUnit":"шт"}]
=======================================================

=======================================================
Timestamp: 2026-01-21T00:14:06.6915726Z
Method: GET
URL: /api/products
Status: 200
Duration: 0 ms
UserId: 
Client IP: ::ffff:192.168.1.141
User-Agent: Dalvik/2.1.0 (Linux; U; Android 12; CTR-L91 Build/HUAWEICTR-L91)
Controller: Products, Action: GetAll
Response Body: [{"id":1,"name":"Яблочко","description":"1548753264","code":"152","measuringUnit":"шт"}]
=======================================================

=======================================================
Timestamp: 2026-01-21T00:14:06.6959714Z
Method: GET
URL: /api/users/search?name=dhhdhdhdhdhd
Status: 200
Duration: 1 ms
UserId: 
Client IP: ::ffff:192.168.1.141
User-Agent: Dalvik/2.1.0 (Linux; U; Android 12; CTR-L91 Build/HUAWEICTR-L91)
Controller: Users, Action: GetByNameOrSurname
Response Body: []
=======================================================

=======================================================
Timestamp: 2026-01-21T00:14:06.6994624Z
Method: GET
URL: /api/users
Status: 200
Duration: 1 ms
UserId: 
Client IP: ::ffff:192.168.1.141
User-Agent: Dalvik/2.1.0 (Linux; U; Android 12; CTR-L91 Build/HUAWEICTR-L91)
Controller: Users, Action: GetAll
Response Body: [{"id":2,"login":"adam","encryptedPassword":"$2a$11$7k1dXxf9I/3efRZ0fMivY.y8GdBpilmqMN08djBsYEcWj/zQcM2Xq","name":"Adam","surname":"First","email":"first@people.world","phone":"","createdAt":"2026-01-18T02:00:00.151037Z","roleId":null,"role":null,"alarmEvents":[],"sentPartRequests":[],"receivedPartRequests":[],"sentShiftTransfers":[],"receivedShiftTransfers":[]},{"id":3,"login":"admin","encryptedPassword":"5252","name":"Админ","surname":"Системный","email":"admin@example.com","phone":"+71234567890","createdAt":"2026-01-18T02:01:31.317309Z","roleId":null,"role":null,"alarmEvents":[],"sentPartRequests":[],"receivedPartRequests":[],"sentShiftTransfers":[],"receivedShiftTransfers":[]}]
=======================================================

=======================================================
Timestamp: 2026-01-21T00:14:06.7919169Z
Method: GET
URL: /api/users
Status: 200
Duration: 1 ms
UserId: 
Client IP: ::ffff:192.168.1.141
User-Agent: Dalvik/2.1.0 (Linux; U; Android 12; CTR-L91 Build/HUAWEICTR-L91)
Controller: Users, Action: GetAll
Response Body: [{"id":2,"login":"adam","encryptedPassword":"$2a$11$7k1dXxf9I/3efRZ0fMivY.y8GdBpilmqMN08djBsYEcWj/zQcM2Xq","name":"Adam","surname":"First","email":"first@people.world","phone":"","createdAt":"2026-01-18T02:00:00.151037Z","roleId":null,"role":null,"alarmEvents":[],"sentPartRequests":[],"receivedPartRequests":[],"sentShiftTransfers":[],"receivedShiftTransfers":[]},{"id":3,"login":"admin","encryptedPassword":"5252","name":"Админ","surname":"Системный","email":"admin@example.com","phone":"+71234567890","createdAt":"2026-01-18T02:01:31.317309Z","roleId":null,"role":null,"alarmEvents":[],"sentPartRequests":[],"receivedPartRequests":[],"sentShiftTransfers":[],"receivedShiftTransfers":[]}]
=======================================================

=======================================================
Timestamp: 2026-01-21T00:14:06.7940611Z
Method: GET
URL: /api/materials
Status: 200
Duration: 1 ms
UserId: 
Client IP: ::ffff:192.168.1.141
User-Agent: Dalvik/2.1.0 (Linux; U; Android 12; CTR-L91 Build/HUAWEICTR-L91)
Controller: Materials, Action: GetAll
Response Body: [{"id":1,"name":"Косточка","description":"работает?","code":"12312","measuringUnit":"шт"},{"id":2,"name":"Бам сука","description":"","code":"","measuringUnit":"шт"}]
=======================================================

=======================================================
Timestamp: 2026-01-21T00:14:06.7952607Z
Method: GET
URL: /api/products
Status: 200
Duration: 1 ms
UserId: 
Client IP: ::ffff:192.168.1.141
User-Agent: Dalvik/2.1.0 (Linux; U; Android 12; CTR-L91 Build/HUAWEICTR-L91)
Controller: Products, Action: GetAll
Response Body: [{"id":1,"name":"Яблочко","description":"1548753264","code":"152","measuringUnit":"шт"}]
=======================================================

=======================================================
Timestamp: 2026-01-21T00:14:06.7957606Z
Method: GET
URL: /api/warehouses
Status: 200
Duration: 1 ms
UserId: 
Client IP: ::ffff:192.168.1.141
User-Agent: Dalvik/2.1.0 (Linux; U; Android 12; CTR-L91 Build/HUAWEICTR-L91)
Controller: Warehouses, Action: GetAll
Response Body: [{"id":1,"name":"Хуян","type":"Производство","isActive":true,"fromMovements":[],"toMovements":[],"fromRequests":[],"toRequests":[]}]
=======================================================

=======================================================
Timestamp: 2026-01-21T00:14:06.7979269Z
Method: GET
URL: /api/products
Status: 200
Duration: 1 ms
UserId: 
Client IP: ::ffff:192.168.1.141
User-Agent: Dalvik/2.1.0 (Linux; U; Android 12; CTR-L91 Build/HUAWEICTR-L91)
Controller: Products, Action: GetAll
Response Body: [{"id":1,"name":"Яблочко","description":"1548753264","code":"152","measuringUnit":"шт"}]
=======================================================

=======================================================
Timestamp: 2026-01-21T00:14:06.7994476Z
Method: GET
URL: /api/warehouses
Status: 200
Duration: 1 ms
UserId: 
Client IP: ::ffff:192.168.1.141
User-Agent: Dalvik/2.1.0 (Linux; U; Android 12; CTR-L91 Build/HUAWEICTR-L91)
Controller: Warehouses, Action: GetAll
Response Body: [{"id":1,"name":"Хуян","type":"Производство","isActive":true,"fromMovements":[],"toMovements":[],"fromRequests":[],"toRequests":[]}]
=======================================================

=======================================================
Timestamp: 2026-01-21T00:14:06.8016022Z
Method: GET
URL: /api/products
Status: 200
Duration: 1 ms
UserId: 
Client IP: ::ffff:192.168.1.141
User-Agent: Dalvik/2.1.0 (Linux; U; Android 12; CTR-L91 Build/HUAWEICTR-L91)
Controller: Products, Action: GetAll
Response Body: [{"id":1,"name":"Яблочко","description":"1548753264","code":"152","measuringUnit":"шт"}]
=======================================================

=======================================================
Timestamp: 2026-01-21T00:14:06.8040842Z
Method: GET
URL: /api/users
Status: 200
Duration: 1 ms
UserId: 
Client IP: ::ffff:192.168.1.141
User-Agent: Dalvik/2.1.0 (Linux; U; Android 12; CTR-L91 Build/HUAWEICTR-L91)
Controller: Users, Action: GetAll
Response Body: [{"id":2,"login":"adam","encryptedPassword":"$2a$11$7k1dXxf9I/3efRZ0fMivY.y8GdBpilmqMN08djBsYEcWj/zQcM2Xq","name":"Adam","surname":"First","email":"first@people.world","phone":"","createdAt":"2026-01-18T02:00:00.151037Z","roleId":null,"role":null,"alarmEvents":[],"sentPartRequests":[],"receivedPartRequests":[],"sentShiftTransfers":[],"receivedShiftTransfers":[]},{"id":3,"login":"admin","encryptedPassword":"5252","name":"Админ","surname":"Системный","email":"admin@example.com","phone":"+71234567890","createdAt":"2026-01-18T02:01:31.317309Z","roleId":null,"role":null,"alarmEvents":[],"sentPartRequests":[],"receivedPartRequests":[],"sentShiftTransfers":[],"receivedShiftTransfers":[]}]
=======================================================

=======================================================
Timestamp: 2026-01-21T00:14:06.9254407Z
Method: GET
URL: /api/users
Status: 200
Duration: 1 ms
UserId: 
Client IP: ::ffff:192.168.1.141
User-Agent: Dalvik/2.1.0 (Linux; U; Android 12; CTR-L91 Build/HUAWEICTR-L91)
Controller: Users, Action: GetAll
Response Body: [{"id":2,"login":"adam","encryptedPassword":"$2a$11$7k1dXxf9I/3efRZ0fMivY.y8GdBpilmqMN08djBsYEcWj/zQcM2Xq","name":"Adam","surname":"First","email":"first@people.world","phone":"","createdAt":"2026-01-18T02:00:00.151037Z","roleId":null,"role":null,"alarmEvents":[],"sentPartRequests":[],"receivedPartRequests":[],"sentShiftTransfers":[],"receivedShiftTransfers":[]},{"id":3,"login":"admin","encryptedPassword":"5252","name":"Админ","surname":"Системный","email":"admin@example.com","phone":"+71234567890","createdAt":"2026-01-18T02:01:31.317309Z","roleId":null,"role":null,"alarmEvents":[],"sentPartRequests":[],"receivedPartRequests":[],"sentShiftTransfers":[],"receivedShiftTransfers":[]}]
=======================================================

=======================================================
Timestamp: 2026-01-21T00:14:06.9267219Z
Method: GET
URL: /api/products
Status: 200
Duration: 0 ms
UserId: 
Client IP: ::ffff:192.168.1.141
User-Agent: Dalvik/2.1.0 (Linux; U; Android 12; CTR-L91 Build/HUAWEICTR-L91)
Controller: Products, Action: GetAll
Response Body: [{"id":1,"name":"Яблочко","description":"1548753264","code":"152","measuringUnit":"шт"}]
=======================================================

=======================================================
Timestamp: 2026-01-21T00:14:06.9288685Z
Method: GET
URL: /api/warehouses
Status: 200
Duration: 1 ms
UserId: 
Client IP: ::ffff:192.168.1.141
User-Agent: Dalvik/2.1.0 (Linux; U; Android 12; CTR-L91 Build/HUAWEICTR-L91)
Controller: Warehouses, Action: GetAll
Response Body: [{"id":1,"name":"Хуян","type":"Производство","isActive":true,"fromMovements":[],"toMovements":[],"fromRequests":[],"toRequests":[]}]
=======================================================

=======================================================
Timestamp: 2026-01-21T00:14:06.9298443Z
Method: GET
URL: /api/materials
Status: 200
Duration: 0 ms
UserId: 
Client IP: ::ffff:192.168.1.141
User-Agent: Dalvik/2.1.0 (Linux; U; Android 12; CTR-L91 Build/HUAWEICTR-L91)
Controller: Materials, Action: GetAll
Response Body: [{"id":1,"name":"Косточка","description":"работает?","code":"12312","measuringUnit":"шт"},{"id":2,"name":"Бам сука","description":"","code":"","measuringUnit":"шт"}]
=======================================================

=======================================================
Timestamp: 2026-01-21T00:14:06.9299490Z
Method: GET
URL: /api/products
Status: 200
Duration: 0 ms
UserId: 
Client IP: ::ffff:192.168.1.141
User-Agent: Dalvik/2.1.0 (Linux; U; Android 12; CTR-L91 Build/HUAWEICTR-L91)
Controller: Products, Action: GetAll
Response Body: [{"id":1,"name":"Яблочко","description":"1548753264","code":"152","measuringUnit":"шт"}]
=======================================================

=======================================================
Timestamp: 2026-01-21T00:14:06.9483796Z
Method: GET
URL: /api/warehouses
Status: 200
Duration: 0 ms
UserId: 
Client IP: ::ffff:192.168.1.141
User-Agent: Dalvik/2.1.0 (Linux; U; Android 12; CTR-L91 Build/HUAWEICTR-L91)
Controller: Warehouses, Action: GetAll
Response Body: [{"id":1,"name":"Хуян","type":"Производство","isActive":true,"fromMovements":[],"toMovements":[],"fromRequests":[],"toRequests":[]}]
=======================================================

=======================================================
Timestamp: 2026-01-21T00:14:07.0051040Z
Method: GET
URL: /api/warehouses
Status: 200
Duration: 0 ms
UserId: 
Client IP: ::ffff:192.168.1.141
User-Agent: Dalvik/2.1.0 (Linux; U; Android 12; CTR-L91 Build/HUAWEICTR-L91)
Controller: Warehouses, Action: GetAll
Response Body: [{"id":1,"name":"Хуян","type":"Производство","isActive":true,"fromMovements":[],"toMovements":[],"fromRequests":[],"toRequests":[]}]
=======================================================

=======================================================
Timestamp: 2026-01-21T00:14:07.0108444Z
Method: GET
URL: /api/materials
Status: 200
Duration: 0 ms
UserId: 
Client IP: ::ffff:192.168.1.141
User-Agent: Dalvik/2.1.0 (Linux; U; Android 12; CTR-L91 Build/HUAWEICTR-L91)
Controller: Materials, Action: GetAll
Response Body: [{"id":1,"name":"Косточка","description":"работает?","code":"12312","measuringUnit":"шт"},{"id":2,"name":"Бам сука","description":"","code":"","measuringUnit":"шт"}]
=======================================================

=======================================================
Timestamp: 2026-01-21T00:14:07.0146236Z
Method: GET
URL: /api/products
Status: 200
Duration: 0 ms
UserId: 
Client IP: ::ffff:192.168.1.141
User-Agent: Dalvik/2.1.0 (Linux; U; Android 12; CTR-L91 Build/HUAWEICTR-L91)
Controller: Products, Action: GetAll
Response Body: [{"id":1,"name":"Яблочко","description":"1548753264","code":"152","measuringUnit":"шт"}]
=======================================================

=======================================================
Timestamp: 2026-01-21T00:14:07.0201020Z
Method: GET
URL: /api/users
Status: 200
Duration: 1 ms
UserId: 
Client IP: ::ffff:192.168.1.141
User-Agent: Dalvik/2.1.0 (Linux; U; Android 12; CTR-L91 Build/HUAWEICTR-L91)
Controller: Users, Action: GetAll
Response Body: [{"id":2,"login":"adam","encryptedPassword":"$2a$11$7k1dXxf9I/3efRZ0fMivY.y8GdBpilmqMN08djBsYEcWj/zQcM2Xq","name":"Adam","surname":"First","email":"first@people.world","phone":"","createdAt":"2026-01-18T02:00:00.151037Z","roleId":null,"role":null,"alarmEvents":[],"sentPartRequests":[],"receivedPartRequests":[],"sentShiftTransfers":[],"receivedShiftTransfers":[]},{"id":3,"login":"admin","encryptedPassword":"5252","name":"Админ","surname":"Системный","email":"admin@example.com","phone":"+71234567890","createdAt":"2026-01-18T02:01:31.317309Z","roleId":null,"role":null,"alarmEvents":[],"sentPartRequests":[],"receivedPartRequests":[],"sentShiftTransfers":[],"receivedShiftTransfers":[]}]
=======================================================

=======================================================
Timestamp: 2026-01-21T00:14:07.0212890Z
Method: GET
URL: /api/users/search?name=dhhdhdhdhdhdhd
Status: 200
Duration: 1 ms
UserId: 
Client IP: ::ffff:192.168.1.141
User-Agent: Dalvik/2.1.0 (Linux; U; Android 12; CTR-L91 Build/HUAWEICTR-L91)
Controller: Users, Action: GetByNameOrSurname
Response Body: []
=======================================================

=======================================================
Timestamp: 2026-01-21T00:14:07.1725964Z
Method: GET
URL: /api/users
Status: 200
Duration: 1 ms
UserId: 
Client IP: ::ffff:192.168.1.141
User-Agent: Dalvik/2.1.0 (Linux; U; Android 12; CTR-L91 Build/HUAWEICTR-L91)
Controller: Users, Action: GetAll
Response Body: [{"id":2,"login":"adam","encryptedPassword":"$2a$11$7k1dXxf9I/3efRZ0fMivY.y8GdBpilmqMN08djBsYEcWj/zQcM2Xq","name":"Adam","surname":"First","email":"first@people.world","phone":"","createdAt":"2026-01-18T02:00:00.151037Z","roleId":null,"role":null,"alarmEvents":[],"sentPartRequests":[],"receivedPartRequests":[],"sentShiftTransfers":[],"receivedShiftTransfers":[]},{"id":3,"login":"admin","encryptedPassword":"5252","name":"Админ","surname":"Системный","email":"admin@example.com","phone":"+71234567890","createdAt":"2026-01-18T02:01:31.317309Z","roleId":null,"role":null,"alarmEvents":[],"sentPartRequests":[],"receivedPartRequests":[],"sentShiftTransfers":[],"receivedShiftTransfers":[]}]
=======================================================

=======================================================
Timestamp: 2026-01-21T00:14:07.1743985Z
Method: GET
URL: /api/products
Status: 200
Duration: 0 ms
UserId: 
Client IP: ::ffff:192.168.1.141
User-Agent: Dalvik/2.1.0 (Linux; U; Android 12; CTR-L91 Build/HUAWEICTR-L91)
Controller: Products, Action: GetAll
Response Body: [{"id":1,"name":"Яблочко","description":"1548753264","code":"152","measuringUnit":"шт"}]
=======================================================

=======================================================
Timestamp: 2026-01-21T00:14:07.1761408Z
Method: GET
URL: /api/warehouses
Status: 200
Duration: 1 ms
UserId: 
Client IP: ::ffff:192.168.1.141
User-Agent: Dalvik/2.1.0 (Linux; U; Android 12; CTR-L91 Build/HUAWEICTR-L91)
Controller: Warehouses, Action: GetAll
Response Body: [{"id":1,"name":"Хуян","type":"Производство","isActive":true,"fromMovements":[],"toMovements":[],"fromRequests":[],"toRequests":[]}]
=======================================================

=======================================================
Timestamp: 2026-01-21T00:14:07.1793687Z
Method: GET
URL: /api/materials
Status: 200
Duration: 1 ms
UserId: 
Client IP: ::ffff:192.168.1.141
User-Agent: Dalvik/2.1.0 (Linux; U; Android 12; CTR-L91 Build/HUAWEICTR-L91)
Controller: Materials, Action: GetAll
Response Body: [{"id":1,"name":"Косточка","description":"работает?","code":"12312","measuringUnit":"шт"},{"id":2,"name":"Бам сука","description":"","code":"","measuringUnit":"шт"}]
=======================================================

=======================================================
Timestamp: 2026-01-21T00:14:07.1810760Z
Method: GET
URL: /api/products
Status: 200
Duration: 0 ms
UserId: 
Client IP: ::ffff:192.168.1.141
User-Agent: Dalvik/2.1.0 (Linux; U; Android 12; CTR-L91 Build/HUAWEICTR-L91)
Controller: Products, Action: GetAll
Response Body: [{"id":1,"name":"Яблочко","description":"1548753264","code":"152","measuringUnit":"шт"}]
=======================================================

=======================================================
Timestamp: 2026-01-21T00:14:07.1820376Z
Method: GET
URL: /api/warehouses
Status: 200
Duration: 0 ms
UserId: 
Client IP: ::ffff:192.168.1.141
User-Agent: Dalvik/2.1.0 (Linux; U; Android 12; CTR-L91 Build/HUAWEICTR-L91)
Controller: Warehouses, Action: GetAll
Response Body: [{"id":1,"name":"Хуян","type":"Производство","isActive":true,"fromMovements":[],"toMovements":[],"fromRequests":[],"toRequests":[]}]
=======================================================

=======================================================
Timestamp: 2026-01-21T00:14:07.1847587Z
Method: GET
URL: /api/warehouses
Status: 200
Duration: 1 ms
UserId: 
Client IP: ::ffff:192.168.1.141
User-Agent: Dalvik/2.1.0 (Linux; U; Android 12; CTR-L91 Build/HUAWEICTR-L91)
Controller: Warehouses, Action: GetAll
Response Body: [{"id":1,"name":"Хуян","type":"Производство","isActive":true,"fromMovements":[],"toMovements":[],"fromRequests":[],"toRequests":[]}]
=======================================================

=======================================================
Timestamp: 2026-01-21T00:14:07.1856887Z
Method: GET
URL: /api/materials
Status: 200
Duration: 0 ms
UserId: 
Client IP: ::ffff:192.168.1.141
User-Agent: Dalvik/2.1.0 (Linux; U; Android 12; CTR-L91 Build/HUAWEICTR-L91)
Controller: Materials, Action: GetAll
Response Body: [{"id":1,"name":"Косточка","description":"работает?","code":"12312","measuringUnit":"шт"},{"id":2,"name":"Бам сука","description":"","code":"","measuringUnit":"шт"}]
=======================================================

=======================================================
Timestamp: 2026-01-21T00:14:07.1870640Z
Method: GET
URL: /api/products
Status: 200
Duration: 0 ms
UserId: 
Client IP: ::ffff:192.168.1.141
User-Agent: Dalvik/2.1.0 (Linux; U; Android 12; CTR-L91 Build/HUAWEICTR-L91)
Controller: Products, Action: GetAll
Response Body: [{"id":1,"name":"Яблочко","description":"1548753264","code":"152","measuringUnit":"шт"}]
=======================================================

=======================================================
Timestamp: 2026-01-21T00:14:07.1905872Z
Method: GET
URL: /api/users
Status: 200
Duration: 1 ms
UserId: 
Client IP: ::ffff:192.168.1.141
User-Agent: Dalvik/2.1.0 (Linux; U; Android 12; CTR-L91 Build/HUAWEICTR-L91)
Controller: Users, Action: GetAll
Response Body: [{"id":2,"login":"adam","encryptedPassword":"$2a$11$7k1dXxf9I/3efRZ0fMivY.y8GdBpilmqMN08djBsYEcWj/zQcM2Xq","name":"Adam","surname":"First","email":"first@people.world","phone":"","createdAt":"2026-01-18T02:00:00.151037Z","roleId":null,"role":null,"alarmEvents":[],"sentPartRequests":[],"receivedPartRequests":[],"sentShiftTransfers":[],"receivedShiftTransfers":[]},{"id":3,"login":"admin","encryptedPassword":"5252","name":"Админ","surname":"Системный","email":"admin@example.com","phone":"+71234567890","createdAt":"2026-01-18T02:01:31.317309Z","roleId":null,"role":null,"alarmEvents":[],"sentPartRequests":[],"receivedPartRequests":[],"sentShiftTransfers":[],"receivedShiftTransfers":[]}]
=======================================================

=======================================================
Timestamp: 2026-01-21T00:14:07.1930567Z
Method: GET
URL: /api/users/search?name=dhhdhdhdhdhdhdd
Status: 200
Duration: 1 ms
UserId: 
Client IP: ::ffff:192.168.1.141
User-Agent: Dalvik/2.1.0 (Linux; U; Android 12; CTR-L91 Build/HUAWEICTR-L91)
Controller: Users, Action: GetByNameOrSurname
Response Body: []
=======================================================

=======================================================
Timestamp: 2026-01-21T00:14:07.7717965Z
Method: GET
URL: /api/users
Status: 200
Duration: 2 ms
UserId: 
Client IP: ::ffff:192.168.1.141
User-Agent: Dalvik/2.1.0 (Linux; U; Android 12; CTR-L91 Build/HUAWEICTR-L91)
Controller: Users, Action: GetAll
Response Body: [{"id":2,"login":"adam","encryptedPassword":"$2a$11$7k1dXxf9I/3efRZ0fMivY.y8GdBpilmqMN08djBsYEcWj/zQcM2Xq","name":"Adam","surname":"First","email":"first@people.world","phone":"","createdAt":"2026-01-18T02:00:00.151037Z","roleId":null,"role":null,"alarmEvents":[],"sentPartRequests":[],"receivedPartRequests":[],"sentShiftTransfers":[],"receivedShiftTransfers":[]},{"id":3,"login":"admin","encryptedPassword":"5252","name":"Админ","surname":"Системный","email":"admin@example.com","phone":"+71234567890","createdAt":"2026-01-18T02:01:31.317309Z","roleId":null,"role":null,"alarmEvents":[],"sentPartRequests":[],"receivedPartRequests":[],"sentShiftTransfers":[],"receivedShiftTransfers":[]}]
=======================================================

=======================================================
Timestamp: 2026-01-21T00:14:07.7722116Z
Method: GET
URL: /api/products
Status: 200
Duration: 1 ms
UserId: 
Client IP: ::ffff:192.168.1.141
User-Agent: Dalvik/2.1.0 (Linux; U; Android 12; CTR-L91 Build/HUAWEICTR-L91)
Controller: Products, Action: GetAll
Response Body: [{"id":1,"name":"Яблочко","description":"1548753264","code":"152","measuringUnit":"шт"}]
=======================================================

=======================================================
Timestamp: 2026-01-21T00:14:07.7757453Z
Method: GET
URL: /api/warehouses
Status: 200
Duration: 1 ms
UserId: 
Client IP: ::ffff:192.168.1.141
User-Agent: Dalvik/2.1.0 (Linux; U; Android 12; CTR-L91 Build/HUAWEICTR-L91)
Controller: Warehouses, Action: GetAll
Response Body: [{"id":1,"name":"Хуян","type":"Производство","isActive":true,"fromMovements":[],"toMovements":[],"fromRequests":[],"toRequests":[]}]
=======================================================

=======================================================
Timestamp: 2026-01-21T00:14:07.7774854Z
Method: GET
URL: /api/materials
Status: 200
Duration: 1 ms
UserId: 
Client IP: ::ffff:192.168.1.141
User-Agent: Dalvik/2.1.0 (Linux; U; Android 12; CTR-L91 Build/HUAWEICTR-L91)
Controller: Materials, Action: GetAll
Response Body: [{"id":1,"name":"Косточка","description":"работает?","code":"12312","measuringUnit":"шт"},{"id":2,"name":"Бам сука","description":"","code":"","measuringUnit":"шт"}]
=======================================================

=======================================================
Timestamp: 2026-01-21T00:14:07.7802254Z
Method: GET
URL: /api/products
Status: 200
Duration: 2 ms
UserId: 
Client IP: ::ffff:192.168.1.141
User-Agent: Dalvik/2.1.0 (Linux; U; Android 12; CTR-L91 Build/HUAWEICTR-L91)
Controller: Products, Action: GetAll
Response Body: [{"id":1,"name":"Яблочко","description":"1548753264","code":"152","measuringUnit":"шт"}]
=======================================================

=======================================================
Timestamp: 2026-01-21T00:14:07.7837599Z
Method: GET
URL: /api/warehouses
Status: 200
Duration: 2 ms
UserId: 
Client IP: ::ffff:192.168.1.141
User-Agent: Dalvik/2.1.0 (Linux; U; Android 12; CTR-L91 Build/HUAWEICTR-L91)
Controller: Warehouses, Action: GetAll
Response Body: [{"id":1,"name":"Хуян","type":"Производство","isActive":true,"fromMovements":[],"toMovements":[],"fromRequests":[],"toRequests":[]}]
=======================================================

=======================================================
Timestamp: 2026-01-21T00:14:07.7854493Z
Method: GET
URL: /api/warehouses
Status: 200
Duration: 2 ms
UserId: 
Client IP: ::ffff:192.168.1.141
User-Agent: Dalvik/2.1.0 (Linux; U; Android 12; CTR-L91 Build/HUAWEICTR-L91)
Controller: Warehouses, Action: GetAll
Response Body: [{"id":1,"name":"Хуян","type":"Производство","isActive":true,"fromMovements":[],"toMovements":[],"fromRequests":[],"toRequests":[]}]
=======================================================

=======================================================
Timestamp: 2026-01-21T00:14:07.7868598Z
Method: GET
URL: /api/materials
Status: 200
Duration: 1 ms
UserId: 
Client IP: ::ffff:192.168.1.141
User-Agent: Dalvik/2.1.0 (Linux; U; Android 12; CTR-L91 Build/HUAWEICTR-L91)
Controller: Materials, Action: GetAll
Response Body: [{"id":1,"name":"Косточка","description":"работает?","code":"12312","measuringUnit":"шт"},{"id":2,"name":"Бам сука","description":"","code":"","measuringUnit":"шт"}]
=======================================================

=======================================================
Timestamp: 2026-01-21T00:14:07.7874192Z
Method: GET
URL: /api/products
Status: 200
Duration: 2 ms
UserId: 
Client IP: ::ffff:192.168.1.141
User-Agent: Dalvik/2.1.0 (Linux; U; Android 12; CTR-L91 Build/HUAWEICTR-L91)
Controller: Products, Action: GetAll
Response Body: [{"id":1,"name":"Яблочко","description":"1548753264","code":"152","measuringUnit":"шт"}]
=======================================================

=======================================================
Timestamp: 2026-01-21T00:14:07.7889068Z
Method: GET
URL: /api/users
Status: 200
Duration: 1 ms
UserId: 
Client IP: ::ffff:192.168.1.141
User-Agent: Dalvik/2.1.0 (Linux; U; Android 12; CTR-L91 Build/HUAWEICTR-L91)
Controller: Users, Action: GetAll
Response Body: [{"id":2,"login":"adam","encryptedPassword":"$2a$11$7k1dXxf9I/3efRZ0fMivY.y8GdBpilmqMN08djBsYEcWj/zQcM2Xq","name":"Adam","surname":"First","email":"first@people.world","phone":"","createdAt":"2026-01-18T02:00:00.151037Z","roleId":null,"role":null,"alarmEvents":[],"sentPartRequests":[],"receivedPartRequests":[],"sentShiftTransfers":[],"receivedShiftTransfers":[]},{"id":3,"login":"admin","encryptedPassword":"5252","name":"Админ","surname":"Системный","email":"admin@example.com","phone":"+71234567890","createdAt":"2026-01-18T02:01:31.317309Z","roleId":null,"role":null,"alarmEvents":[],"sentPartRequests":[],"receivedPartRequests":[],"sentShiftTransfers":[],"receivedShiftTransfers":[]}]
=======================================================

=======================================================
Timestamp: 2026-01-21T00:14:07.7919703Z
Method: GET
URL: /api/users
Status: 200
Duration: 1 ms
UserId: 
Client IP: ::ffff:192.168.1.141
User-Agent: Dalvik/2.1.0 (Linux; U; Android 12; CTR-L91 Build/HUAWEICTR-L91)
Controller: Users, Action: GetAll
Response Body: [{"id":2,"login":"adam","encryptedPassword":"$2a$11$7k1dXxf9I/3efRZ0fMivY.y8GdBpilmqMN08djBsYEcWj/zQcM2Xq","name":"Adam","surname":"First","email":"first@people.world","phone":"","createdAt":"2026-01-18T02:00:00.151037Z","roleId":null,"role":null,"alarmEvents":[],"sentPartRequests":[],"receivedPartRequests":[],"sentShiftTransfers":[],"receivedShiftTransfers":[]},{"id":3,"login":"admin","encryptedPassword":"5252","name":"Админ","surname":"Системный","email":"admin@example.com","phone":"+71234567890","createdAt":"2026-01-18T02:01:31.317309Z","roleId":null,"role":null,"alarmEvents":[],"sentPartRequests":[],"receivedPartRequests":[],"sentShiftTransfers":[],"receivedShiftTransfers":[]}]
=======================================================

=======================================================
Timestamp: 2026-01-21T00:14:23.2595547Z
Method: GET
URL: /api/products
Status: 200
Duration: 2 ms
UserId: 
Client IP: ::ffff:192.168.1.141
User-Agent: Dalvik/2.1.0 (Linux; U; Android 12; CTR-L91 Build/HUAWEICTR-L91)
Controller: Products, Action: GetAll
Response Body: [{"id":1,"name":"Яблочко","description":"1548753264","code":"152","measuringUnit":"шт"}]
=======================================================

=======================================================
Timestamp: 2026-01-21T00:14:23.2604626Z
Method: GET
URL: /api/materials
Status: 200
Duration: 2 ms
UserId: 
Client IP: ::ffff:192.168.1.141
User-Agent: Dalvik/2.1.0 (Linux; U; Android 12; CTR-L91 Build/HUAWEICTR-L91)
Controller: Materials, Action: GetAll
Response Body: [{"id":1,"name":"Косточка","description":"работает?","code":"12312","measuringUnit":"шт"},{"id":2,"name":"Бам сука","description":"","code":"","measuringUnit":"шт"}]
=======================================================

=======================================================
Timestamp: 2026-01-21T00:14:23.2635977Z
Method: GET
URL: /api/products
Status: 200
Duration: 3 ms
UserId: 
Client IP: ::ffff:192.168.1.141
User-Agent: Dalvik/2.1.0 (Linux; U; Android 12; CTR-L91 Build/HUAWEICTR-L91)
Controller: Products, Action: GetAll
Response Body: [{"id":1,"name":"Яблочко","description":"1548753264","code":"152","measuringUnit":"шт"}]
=======================================================

=======================================================
Timestamp: 2026-01-21T00:14:23.2689322Z
Method: GET
URL: /api/warehouses
Status: 200
Duration: 2 ms
UserId: 
Client IP: ::ffff:192.168.1.141
User-Agent: Dalvik/2.1.0 (Linux; U; Android 12; CTR-L91 Build/HUAWEICTR-L91)
Controller: Warehouses, Action: GetAll
Response Body: [{"id":1,"name":"Хуян","type":"Производство","isActive":true,"fromMovements":[],"toMovements":[],"fromRequests":[],"toRequests":[]}]
=======================================================

=======================================================
Timestamp: 2026-01-21T00:14:23.2707619Z
Method: GET
URL: /api/products
Status: 200
Duration: 1 ms
UserId: 
Client IP: ::ffff:192.168.1.141
User-Agent: Dalvik/2.1.0 (Linux; U; Android 12; CTR-L91 Build/HUAWEICTR-L91)
Controller: Products, Action: GetAll
Response Body: [{"id":1,"name":"Яблочко","description":"1548753264","code":"152","measuringUnit":"шт"}]
=======================================================

=======================================================
Timestamp: 2026-01-21T00:14:23.2711454Z
Method: GET
URL: /api/users
Status: 200
Duration: 2 ms
UserId: 
Client IP: ::ffff:192.168.1.141
User-Agent: Dalvik/2.1.0 (Linux; U; Android 12; CTR-L91 Build/HUAWEICTR-L91)
Controller: Users, Action: GetAll
Response Body: [{"id":2,"login":"adam","encryptedPassword":"$2a$11$7k1dXxf9I/3efRZ0fMivY.y8GdBpilmqMN08djBsYEcWj/zQcM2Xq","name":"Adam","surname":"First","email":"first@people.world","phone":"","createdAt":"2026-01-18T02:00:00.151037Z","roleId":null,"role":null,"alarmEvents":[],"sentPartRequests":[],"receivedPartRequests":[],"sentShiftTransfers":[],"receivedShiftTransfers":[]},{"id":3,"login":"admin","encryptedPassword":"5252","name":"Админ","surname":"Системный","email":"admin@example.com","phone":"+71234567890","createdAt":"2026-01-18T02:01:31.317309Z","roleId":null,"role":null,"alarmEvents":[],"sentPartRequests":[],"receivedPartRequests":[],"sentShiftTransfers":[],"receivedShiftTransfers":[]}]
=======================================================

=======================================================
Timestamp: 2026-01-21T00:14:23.2715224Z
Method: GET
URL: /api/materials
Status: 200
Duration: 2 ms
UserId: 
Client IP: ::ffff:192.168.1.141
User-Agent: Dalvik/2.1.0 (Linux; U; Android 12; CTR-L91 Build/HUAWEICTR-L91)
Controller: Materials, Action: GetAll
Response Body: [{"id":1,"name":"Косточка","description":"работает?","code":"12312","measuringUnit":"шт"},{"id":2,"name":"Бам сука","description":"","code":"","measuringUnit":"шт"}]
=======================================================

=======================================================
Timestamp: 2026-01-21T00:14:23.2737815Z
Method: GET
URL: /api/users
Status: 200
Duration: 1 ms
UserId: 
Client IP: ::ffff:192.168.1.141
User-Agent: Dalvik/2.1.0 (Linux; U; Android 12; CTR-L91 Build/HUAWEICTR-L91)
Controller: Users, Action: GetAll
Response Body: [{"id":2,"login":"adam","encryptedPassword":"$2a$11$7k1dXxf9I/3efRZ0fMivY.y8GdBpilmqMN08djBsYEcWj/zQcM2Xq","name":"Adam","surname":"First","email":"first@people.world","phone":"","createdAt":"2026-01-18T02:00:00.151037Z","roleId":null,"role":null,"alarmEvents":[],"sentPartRequests":[],"receivedPartRequests":[],"sentShiftTransfers":[],"receivedShiftTransfers":[]},{"id":3,"login":"admin","encryptedPassword":"5252","name":"Админ","surname":"Системный","email":"admin@example.com","phone":"+71234567890","createdAt":"2026-01-18T02:01:31.317309Z","roleId":null,"role":null,"alarmEvents":[],"sentPartRequests":[],"receivedPartRequests":[],"sentShiftTransfers":[],"receivedShiftTransfers":[]}]
=======================================================

=======================================================
Timestamp: 2026-01-21T00:14:23.2751383Z
Method: GET
URL: /api/warehouses
Status: 200
Duration: 18 ms
UserId: 
Client IP: ::ffff:192.168.1.141
User-Agent: Dalvik/2.1.0 (Linux; U; Android 12; CTR-L91 Build/HUAWEICTR-L91)
Controller: Warehouses, Action: GetAll
Response Body: [{"id":1,"name":"Хуян","type":"Производство","isActive":true,"fromMovements":[],"toMovements":[],"fromRequests":[],"toRequests":[]}]
=======================================================

=======================================================
Timestamp: 2026-01-21T00:14:23.4542176Z
Method: GET
URL: /api/users
Status: 200
Duration: 1 ms
UserId: 
Client IP: ::ffff:192.168.1.141
User-Agent: Dalvik/2.1.0 (Linux; U; Android 12; CTR-L91 Build/HUAWEICTR-L91)
Controller: Users, Action: GetAll
Response Body: [{"id":2,"login":"adam","encryptedPassword":"$2a$11$7k1dXxf9I/3efRZ0fMivY.y8GdBpilmqMN08djBsYEcWj/zQcM2Xq","name":"Adam","surname":"First","email":"first@people.world","phone":"","createdAt":"2026-01-18T02:00:00.151037Z","roleId":null,"role":null,"alarmEvents":[],"sentPartRequests":[],"receivedPartRequests":[],"sentShiftTransfers":[],"receivedShiftTransfers":[]},{"id":3,"login":"admin","encryptedPassword":"5252","name":"Админ","surname":"Системный","email":"admin@example.com","phone":"+71234567890","createdAt":"2026-01-18T02:01:31.317309Z","roleId":null,"role":null,"alarmEvents":[],"sentPartRequests":[],"receivedPartRequests":[],"sentShiftTransfers":[],"receivedShiftTransfers":[]}]
=======================================================

=======================================================
Timestamp: 2026-01-21T00:14:23.4546431Z
Method: GET
URL: /api/products
Status: 200
Duration: 0 ms
UserId: 
Client IP: ::ffff:192.168.1.141
User-Agent: Dalvik/2.1.0 (Linux; U; Android 12; CTR-L91 Build/HUAWEICTR-L91)
Controller: Products, Action: GetAll
Response Body: [{"id":1,"name":"Яблочко","description":"1548753264","code":"152","measuringUnit":"шт"}]
=======================================================

=======================================================
Timestamp: 2026-01-21T00:14:23.4547685Z
Method: GET
URL: /api/users
Status: 200
Duration: 1 ms
UserId: 
Client IP: ::ffff:192.168.1.141
User-Agent: Dalvik/2.1.0 (Linux; U; Android 12; CTR-L91 Build/HUAWEICTR-L91)
Controller: Users, Action: GetAll
Response Body: [{"id":2,"login":"adam","encryptedPassword":"$2a$11$7k1dXxf9I/3efRZ0fMivY.y8GdBpilmqMN08djBsYEcWj/zQcM2Xq","name":"Adam","surname":"First","email":"first@people.world","phone":"","createdAt":"2026-01-18T02:00:00.151037Z","roleId":null,"role":null,"alarmEvents":[],"sentPartRequests":[],"receivedPartRequests":[],"sentShiftTransfers":[],"receivedShiftTransfers":[]},{"id":3,"login":"admin","encryptedPassword":"5252","name":"Админ","surname":"Системный","email":"admin@example.com","phone":"+71234567890","createdAt":"2026-01-18T02:01:31.317309Z","roleId":null,"role":null,"alarmEvents":[],"sentPartRequests":[],"receivedPartRequests":[],"sentShiftTransfers":[],"receivedShiftTransfers":[]}]
=======================================================

=======================================================
Timestamp: 2026-01-21T00:14:23.4575311Z
Method: GET
URL: /api/materials
Status: 200
Duration: 0 ms
UserId: 
Client IP: ::ffff:192.168.1.141
User-Agent: Dalvik/2.1.0 (Linux; U; Android 12; CTR-L91 Build/HUAWEICTR-L91)
Controller: Materials, Action: GetAll
Response Body: [{"id":1,"name":"Косточка","description":"работает?","code":"12312","measuringUnit":"шт"},{"id":2,"name":"Бам сука","description":"","code":"","measuringUnit":"шт"}]
=======================================================

=======================================================
Timestamp: 2026-01-21T00:14:23.4620750Z
Method: GET
URL: /api/products
Status: 200
Duration: 1 ms
UserId: 
Client IP: ::ffff:192.168.1.141
User-Agent: Dalvik/2.1.0 (Linux; U; Android 12; CTR-L91 Build/HUAWEICTR-L91)
Controller: Products, Action: GetAll
Response Body: [{"id":1,"name":"Яблочко","description":"1548753264","code":"152","measuringUnit":"шт"}]
=======================================================

=======================================================
Timestamp: 2026-01-21T00:14:23.4631590Z
Method: GET
URL: /api/warehouses
Status: 200
Duration: 0 ms
UserId: 
Client IP: ::ffff:192.168.1.141
User-Agent: Dalvik/2.1.0 (Linux; U; Android 12; CTR-L91 Build/HUAWEICTR-L91)
Controller: Warehouses, Action: GetAll
Response Body: [{"id":1,"name":"Хуян","type":"Производство","isActive":true,"fromMovements":[],"toMovements":[],"fromRequests":[],"toRequests":[]}]
=======================================================

=======================================================
Timestamp: 2026-01-21T00:14:23.4636799Z
Method: GET
URL: /api/warehouses
Status: 200
Duration: 0 ms
UserId: 
Client IP: ::ffff:192.168.1.141
User-Agent: Dalvik/2.1.0 (Linux; U; Android 12; CTR-L91 Build/HUAWEICTR-L91)
Controller: Warehouses, Action: GetAll
Response Body: [{"id":1,"name":"Хуян","type":"Производство","isActive":true,"fromMovements":[],"toMovements":[],"fromRequests":[],"toRequests":[]}]
=======================================================

=======================================================
Timestamp: 2026-01-21T00:14:23.4655810Z
Method: GET
URL: /api/materials
Status: 200
Duration: 0 ms
UserId: 
Client IP: ::ffff:192.168.1.141
User-Agent: Dalvik/2.1.0 (Linux; U; Android 12; CTR-L91 Build/HUAWEICTR-L91)
Controller: Materials, Action: GetAll
Response Body: [{"id":1,"name":"Косточка","description":"работает?","code":"12312","measuringUnit":"шт"},{"id":2,"name":"Бам сука","description":"","code":"","measuringUnit":"шт"}]
=======================================================

=======================================================
Timestamp: 2026-01-21T00:14:23.4705095Z
Method: GET
URL: /api/products
Status: 200
Duration: 1 ms
UserId: 
Client IP: ::ffff:192.168.1.141
User-Agent: Dalvik/2.1.0 (Linux; U; Android 12; CTR-L91 Build/HUAWEICTR-L91)
Controller: Products, Action: GetAll
Response Body: [{"id":1,"name":"Яблочко","description":"1548753264","code":"152","measuringUnit":"шт"}]
=======================================================

=======================================================
Timestamp: 2026-01-21T00:14:23.4711966Z
Method: GET
URL: /api/users
Status: 200
Duration: 1 ms
UserId: 
Client IP: ::ffff:192.168.1.141
User-Agent: Dalvik/2.1.0 (Linux; U; Android 12; CTR-L91 Build/HUAWEICTR-L91)
Controller: Users, Action: GetAll
Response Body: [{"id":2,"login":"adam","encryptedPassword":"$2a$11$7k1dXxf9I/3efRZ0fMivY.y8GdBpilmqMN08djBsYEcWj/zQcM2Xq","name":"Adam","surname":"First","email":"first@people.world","phone":"","createdAt":"2026-01-18T02:00:00.151037Z","roleId":null,"role":null,"alarmEvents":[],"sentPartRequests":[],"receivedPartRequests":[],"sentShiftTransfers":[],"receivedShiftTransfers":[]},{"id":3,"login":"admin","encryptedPassword":"5252","name":"Админ","surname":"Системный","email":"admin@example.com","phone":"+71234567890","createdAt":"2026-01-18T02:01:31.317309Z","roleId":null,"role":null,"alarmEvents":[],"sentPartRequests":[],"receivedPartRequests":[],"sentShiftTransfers":[],"receivedShiftTransfers":[]}]
=======================================================

=======================================================
Timestamp: 2026-01-21T00:14:23.4750070Z
Method: GET
URL: /api/roles
Status: 200
Duration: 1 ms
UserId: 
Client IP: ::ffff:192.168.1.141
User-Agent: Dalvik/2.1.0 (Linux; U; Android 12; CTR-L91 Build/HUAWEICTR-L91)
Controller: Roles, Action: GetAll
Response Body: []
=======================================================

=======================================================
Timestamp: 2026-01-21T00:14:38.5635291Z
Method: GET
URL: /api/users
Status: 200
Duration: 1 ms
UserId: 
Client IP: ::ffff:192.168.1.141
User-Agent: Dalvik/2.1.0 (Linux; U; Android 12; CTR-L91 Build/HUAWEICTR-L91)
Controller: Users, Action: GetAll
Response Body: [{"id":2,"login":"adam","encryptedPassword":"$2a$11$7k1dXxf9I/3efRZ0fMivY.y8GdBpilmqMN08djBsYEcWj/zQcM2Xq","name":"Adam","surname":"First","email":"first@people.world","phone":"","createdAt":"2026-01-18T02:00:00.151037Z","roleId":null,"role":null,"alarmEvents":[],"sentPartRequests":[],"receivedPartRequests":[],"sentShiftTransfers":[],"receivedShiftTransfers":[]},{"id":3,"login":"admin","encryptedPassword":"5252","name":"Админ","surname":"Системный","email":"admin@example.com","phone":"+71234567890","createdAt":"2026-01-18T02:01:31.317309Z","roleId":null,"role":null,"alarmEvents":[],"sentPartRequests":[],"receivedPartRequests":[],"sentShiftTransfers":[],"receivedShiftTransfers":[]}]
=======================================================

=======================================================
Timestamp: 2026-01-21T00:14:42.1192681Z
Method: GET
URL: /api/users
Status: 200
Duration: 1 ms
UserId: 
Client IP: ::ffff:192.168.1.141
User-Agent: Dalvik/2.1.0 (Linux; U; Android 12; CTR-L91 Build/HUAWEICTR-L91)
Controller: Users, Action: GetAll
Response Body: [{"id":2,"login":"adam","encryptedPassword":"$2a$11$7k1dXxf9I/3efRZ0fMivY.y8GdBpilmqMN08djBsYEcWj/zQcM2Xq","name":"Adam","surname":"First","email":"first@people.world","phone":"","createdAt":"2026-01-18T02:00:00.151037Z","roleId":null,"role":null,"alarmEvents":[],"sentPartRequests":[],"receivedPartRequests":[],"sentShiftTransfers":[],"receivedShiftTransfers":[]},{"id":3,"login":"admin","encryptedPassword":"5252","name":"Админ","surname":"Системный","email":"admin@example.com","phone":"+71234567890","createdAt":"2026-01-18T02:01:31.317309Z","roleId":null,"role":null,"alarmEvents":[],"sentPartRequests":[],"receivedPartRequests":[],"sentShiftTransfers":[],"receivedShiftTransfers":[]}]
=======================================================

=======================================================
Timestamp: 2026-01-21T00:14:46.6350439Z
Method: GET
URL: /api/users
Status: 200
Duration: 2 ms
UserId: 
Client IP: ::ffff:192.168.1.141
User-Agent: Dalvik/2.1.0 (Linux; U; Android 12; CTR-L91 Build/HUAWEICTR-L91)
Controller: Users, Action: GetAll
Response Body: [{"id":2,"login":"adam","encryptedPassword":"$2a$11$7k1dXxf9I/3efRZ0fMivY.y8GdBpilmqMN08djBsYEcWj/zQcM2Xq","name":"Adam","surname":"First","email":"first@people.world","phone":"","createdAt":"2026-01-18T02:00:00.151037Z","roleId":null,"role":null,"alarmEvents":[],"sentPartRequests":[],"receivedPartRequests":[],"sentShiftTransfers":[],"receivedShiftTransfers":[]},{"id":3,"login":"admin","encryptedPassword":"5252","name":"Админ","surname":"Системный","email":"admin@example.com","phone":"+71234567890","createdAt":"2026-01-18T02:01:31.317309Z","roleId":null,"role":null,"alarmEvents":[],"sentPartRequests":[],"receivedPartRequests":[],"sentShiftTransfers":[],"receivedShiftTransfers":[]}]
=======================================================

=======================================================
Timestamp: 2026-01-21T00:15:04.7901731Z
Method: GET
URL: /api/users
Status: 200
Duration: 1 ms
UserId: 
Client IP: ::ffff:192.168.1.141
User-Agent: Dalvik/2.1.0 (Linux; U; Android 12; CTR-L91 Build/HUAWEICTR-L91)
Controller: Users, Action: GetAll
Response Body: [{"id":2,"login":"adam","encryptedPassword":"$2a$11$7k1dXxf9I/3efRZ0fMivY.y8GdBpilmqMN08djBsYEcWj/zQcM2Xq","name":"Adam","surname":"First","email":"first@people.world","phone":"","createdAt":"2026-01-18T02:00:00.151037Z","roleId":null,"role":null,"alarmEvents":[],"sentPartRequests":[],"receivedPartRequests":[],"sentShiftTransfers":[],"receivedShiftTransfers":[]},{"id":3,"login":"admin","encryptedPassword":"5252","name":"Админ","surname":"Системный","email":"admin@example.com","phone":"+71234567890","createdAt":"2026-01-18T02:01:31.317309Z","roleId":null,"role":null,"alarmEvents":[],"sentPartRequests":[],"receivedPartRequests":[],"sentShiftTransfers":[],"receivedShiftTransfers":[]}]
=======================================================

=======================================================
Timestamp: 2026-01-21T00:15:05.8862687Z
Method: GET
URL: /api/users
Status: 200
Duration: 2 ms
UserId: 
Client IP: ::ffff:192.168.1.141
User-Agent: Dalvik/2.1.0 (Linux; U; Android 12; CTR-L91 Build/HUAWEICTR-L91)
Controller: Users, Action: GetAll
Response Body: [{"id":2,"login":"adam","encryptedPassword":"$2a$11$7k1dXxf9I/3efRZ0fMivY.y8GdBpilmqMN08djBsYEcWj/zQcM2Xq","name":"Adam","surname":"First","email":"first@people.world","phone":"","createdAt":"2026-01-18T02:00:00.151037Z","roleId":null,"role":null,"alarmEvents":[],"sentPartRequests":[],"receivedPartRequests":[],"sentShiftTransfers":[],"receivedShiftTransfers":[]},{"id":3,"login":"admin","encryptedPassword":"5252","name":"Админ","surname":"Системный","email":"admin@example.com","phone":"+71234567890","createdAt":"2026-01-18T02:01:31.317309Z","roleId":null,"role":null,"alarmEvents":[],"sentPartRequests":[],"receivedPartRequests":[],"sentShiftTransfers":[],"receivedShiftTransfers":[]}]
=======================================================

=======================================================
Timestamp: 2026-01-21T00:15:05.8899743Z
Method: GET
URL: /api/products
Status: 200
Duration: 2 ms
UserId: 
Client IP: ::ffff:192.168.1.141
User-Agent: Dalvik/2.1.0 (Linux; U; Android 12; CTR-L91 Build/HUAWEICTR-L91)
Controller: Products, Action: GetAll
Response Body: [{"id":1,"name":"Яблочко","description":"1548753264","code":"152","measuringUnit":"шт"}]
=======================================================

=======================================================
Timestamp: 2026-01-21T00:15:05.8901408Z
Method: GET
URL: /api/warehouses
Status: 200
Duration: 1 ms
UserId: 
Client IP: ::ffff:192.168.1.141
User-Agent: Dalvik/2.1.0 (Linux; U; Android 12; CTR-L91 Build/HUAWEICTR-L91)
Controller: Warehouses, Action: GetAll
Response Body: [{"id":1,"name":"Хуян","type":"Производство","isActive":true,"fromMovements":[],"toMovements":[],"fromRequests":[],"toRequests":[]}]
=======================================================

=======================================================
Timestamp: 2026-01-21T00:15:05.8907872Z
Method: GET
URL: /api/products
Status: 200
Duration: 3 ms
UserId: 
Client IP: ::ffff:192.168.1.141
User-Agent: Dalvik/2.1.0 (Linux; U; Android 12; CTR-L91 Build/HUAWEICTR-L91)
Controller: Products, Action: GetAll
Response Body: [{"id":1,"name":"Яблочко","description":"1548753264","code":"152","measuringUnit":"шт"}]
=======================================================

=======================================================
Timestamp: 2026-01-21T00:15:05.8922121Z
Method: GET
URL: /api/materials
Status: 200
Duration: 3 ms
UserId: 
Client IP: ::ffff:192.168.1.141
User-Agent: Dalvik/2.1.0 (Linux; U; Android 12; CTR-L91 Build/HUAWEICTR-L91)
Controller: Materials, Action: GetAll
Response Body: [{"id":1,"name":"Косточка","description":"работает?","code":"12312","measuringUnit":"шт"},{"id":2,"name":"Бам сука","description":"","code":"","measuringUnit":"шт"}]
=======================================================

=======================================================
Timestamp: 2026-01-21T00:15:05.8930598Z
Method: GET
URL: /api/warehouses
Status: 200
Duration: 0 ms
UserId: 
Client IP: ::ffff:192.168.1.141
User-Agent: Dalvik/2.1.0 (Linux; U; Android 12; CTR-L91 Build/HUAWEICTR-L91)
Controller: Warehouses, Action: GetAll
Response Body: [{"id":1,"name":"Хуян","type":"Производство","isActive":true,"fromMovements":[],"toMovements":[],"fromRequests":[],"toRequests":[]}]
=======================================================

=======================================================
Timestamp: 2026-01-21T00:15:05.8955046Z
Method: GET
URL: /api/materials
Status: 200
Duration: 1 ms
UserId: 
Client IP: ::ffff:192.168.1.141
User-Agent: Dalvik/2.1.0 (Linux; U; Android 12; CTR-L91 Build/HUAWEICTR-L91)
Controller: Materials, Action: GetAll
Response Body: [{"id":1,"name":"Косточка","description":"работает?","code":"12312","measuringUnit":"шт"},{"id":2,"name":"Бам сука","description":"","code":"","measuringUnit":"шт"}]
=======================================================

=======================================================
Timestamp: 2026-01-21T00:15:05.8955468Z
Method: GET
URL: /api/products
Status: 200
Duration: 1 ms
UserId: 
Client IP: ::ffff:192.168.1.141
User-Agent: Dalvik/2.1.0 (Linux; U; Android 12; CTR-L91 Build/HUAWEICTR-L91)
Controller: Products, Action: GetAll
Response Body: [{"id":1,"name":"Яблочко","description":"1548753264","code":"152","measuringUnit":"шт"}]
=======================================================

=======================================================
Timestamp: 2026-01-21T00:15:05.8960626Z
Method: GET
URL: /api/warehouses
Status: 200
Duration: 1 ms
UserId: 
Client IP: ::ffff:192.168.1.141
User-Agent: Dalvik/2.1.0 (Linux; U; Android 12; CTR-L91 Build/HUAWEICTR-L91)
Controller: Warehouses, Action: GetAll
Response Body: [{"id":1,"name":"Хуян","type":"Производство","isActive":true,"fromMovements":[],"toMovements":[],"fromRequests":[],"toRequests":[]}]
=======================================================

=======================================================
Timestamp: 2026-01-21T00:15:05.9014490Z
Method: GET
URL: /api/users
Status: 200
Duration: 1 ms
UserId: 
Client IP: ::ffff:192.168.1.141
User-Agent: Dalvik/2.1.0 (Linux; U; Android 12; CTR-L91 Build/HUAWEICTR-L91)
Controller: Users, Action: GetAll
Response Body: [{"id":2,"login":"adam","encryptedPassword":"$2a$11$7k1dXxf9I/3efRZ0fMivY.y8GdBpilmqMN08djBsYEcWj/zQcM2Xq","name":"Adam","surname":"First","email":"first@people.world","phone":"","createdAt":"2026-01-18T02:00:00.151037Z","roleId":null,"role":null,"alarmEvents":[],"sentPartRequests":[],"receivedPartRequests":[],"sentShiftTransfers":[],"receivedShiftTransfers":[]},{"id":3,"login":"admin","encryptedPassword":"5252","name":"Админ","surname":"Системный","email":"admin@example.com","phone":"+71234567890","createdAt":"2026-01-18T02:01:31.317309Z","roleId":null,"role":null,"alarmEvents":[],"sentPartRequests":[],"receivedPartRequests":[],"sentShiftTransfers":[],"receivedShiftTransfers":[]}]
=======================================================

=======================================================
Timestamp: 2026-01-21T00:15:05.9056450Z
Method: GET
URL: /api/users
Status: 200
Duration: 2 ms
UserId: 
Client IP: ::ffff:192.168.1.141
User-Agent: Dalvik/2.1.0 (Linux; U; Android 12; CTR-L91 Build/HUAWEICTR-L91)
Controller: Users, Action: GetAll
Response Body: [{"id":2,"login":"adam","encryptedPassword":"$2a$11$7k1dXxf9I/3efRZ0fMivY.y8GdBpilmqMN08djBsYEcWj/zQcM2Xq","name":"Adam","surname":"First","email":"first@people.world","phone":"","createdAt":"2026-01-18T02:00:00.151037Z","roleId":null,"role":null,"alarmEvents":[],"sentPartRequests":[],"receivedPartRequests":[],"sentShiftTransfers":[],"receivedShiftTransfers":[]},{"id":3,"login":"admin","encryptedPassword":"5252","name":"Админ","surname":"Системный","email":"admin@example.com","phone":"+71234567890","createdAt":"2026-01-18T02:01:31.317309Z","roleId":null,"role":null,"alarmEvents":[],"sentPartRequests":[],"receivedPartRequests":[],"sentShiftTransfers":[],"receivedShiftTransfers":[]}]
=======================================================

=======================================================
Timestamp: 2026-01-21T00:15:06.0533164Z
Method: GET
URL: /api/users
Status: 200
Duration: 1 ms
UserId: 
Client IP: ::ffff:192.168.1.141
User-Agent: Dalvik/2.1.0 (Linux; U; Android 12; CTR-L91 Build/HUAWEICTR-L91)
Controller: Users, Action: GetAll
Response Body: [{"id":2,"login":"adam","encryptedPassword":"$2a$11$7k1dXxf9I/3efRZ0fMivY.y8GdBpilmqMN08djBsYEcWj/zQcM2Xq","name":"Adam","surname":"First","email":"first@people.world","phone":"","createdAt":"2026-01-18T02:00:00.151037Z","roleId":null,"role":null,"alarmEvents":[],"sentPartRequests":[],"receivedPartRequests":[],"sentShiftTransfers":[],"receivedShiftTransfers":[]},{"id":3,"login":"admin","encryptedPassword":"5252","name":"Админ","surname":"Системный","email":"admin@example.com","phone":"+71234567890","createdAt":"2026-01-18T02:01:31.317309Z","roleId":null,"role":null,"alarmEvents":[],"sentPartRequests":[],"receivedPartRequests":[],"sentShiftTransfers":[],"receivedShiftTransfers":[]}]
=======================================================

=======================================================
Timestamp: 2026-01-21T00:15:06.0547613Z
Method: GET
URL: /api/users
Status: 200
Duration: 3 ms
UserId: 
Client IP: ::ffff:192.168.1.141
User-Agent: Dalvik/2.1.0 (Linux; U; Android 12; CTR-L91 Build/HUAWEICTR-L91)
Controller: Users, Action: GetAll
Response Body: [{"id":2,"login":"adam","encryptedPassword":"$2a$11$7k1dXxf9I/3efRZ0fMivY.y8GdBpilmqMN08djBsYEcWj/zQcM2Xq","name":"Adam","surname":"First","email":"first@people.world","phone":"","createdAt":"2026-01-18T02:00:00.151037Z","roleId":null,"role":null,"alarmEvents":[],"sentPartRequests":[],"receivedPartRequests":[],"sentShiftTransfers":[],"receivedShiftTransfers":[]},{"id":3,"login":"admin","encryptedPassword":"5252","name":"Админ","surname":"Системный","email":"admin@example.com","phone":"+71234567890","createdAt":"2026-01-18T02:01:31.317309Z","roleId":null,"role":null,"alarmEvents":[],"sentPartRequests":[],"receivedPartRequests":[],"sentShiftTransfers":[],"receivedShiftTransfers":[]}]
=======================================================

=======================================================
Timestamp: 2026-01-21T00:15:06.0552180Z
Method: GET
URL: /api/products
Status: 200
Duration: 2 ms
UserId: 
Client IP: ::ffff:192.168.1.141
User-Agent: Dalvik/2.1.0 (Linux; U; Android 12; CTR-L91 Build/HUAWEICTR-L91)
Controller: Products, Action: GetAll
Response Body: [{"id":1,"name":"Яблочко","description":"1548753264","code":"152","measuringUnit":"шт"}]
=======================================================

=======================================================
Timestamp: 2026-01-21T00:15:06.0559347Z
Method: GET
URL: /api/warehouses
Status: 200
Duration: 1 ms
UserId: 
Client IP: ::ffff:192.168.1.141
User-Agent: Dalvik/2.1.0 (Linux; U; Android 12; CTR-L91 Build/HUAWEICTR-L91)
Controller: Warehouses, Action: GetAll
Response Body: [{"id":1,"name":"Хуян","type":"Производство","isActive":true,"fromMovements":[],"toMovements":[],"fromRequests":[],"toRequests":[]}]
=======================================================

=======================================================
Timestamp: 2026-01-21T00:15:06.0574977Z
Method: GET
URL: /api/materials
Status: 200
Duration: 0 ms
UserId: 
Client IP: ::ffff:192.168.1.141
User-Agent: Dalvik/2.1.0 (Linux; U; Android 12; CTR-L91 Build/HUAWEICTR-L91)
Controller: Materials, Action: GetAll
Response Body: [{"id":1,"name":"Косточка","description":"работает?","code":"12312","measuringUnit":"шт"},{"id":2,"name":"Бам сука","description":"","code":"","measuringUnit":"шт"}]
=======================================================

=======================================================
Timestamp: 2026-01-21T00:15:06.0594009Z
Method: GET
URL: /api/products
Status: 200
Duration: 1 ms
UserId: 
Client IP: ::ffff:192.168.1.141
User-Agent: Dalvik/2.1.0 (Linux; U; Android 12; CTR-L91 Build/HUAWEICTR-L91)
Controller: Products, Action: GetAll
Response Body: [{"id":1,"name":"Яблочко","description":"1548753264","code":"152","measuringUnit":"шт"}]
=======================================================

=======================================================
Timestamp: 2026-01-21T00:15:06.0616135Z
Method: GET
URL: /api/materials
Status: 200
Duration: 0 ms
UserId: 
Client IP: ::ffff:192.168.1.141
User-Agent: Dalvik/2.1.0 (Linux; U; Android 12; CTR-L91 Build/HUAWEICTR-L91)
Controller: Materials, Action: GetAll
Response Body: [{"id":1,"name":"Косточка","description":"работает?","code":"12312","measuringUnit":"шт"},{"id":2,"name":"Бам сука","description":"","code":"","measuringUnit":"шт"}]
=======================================================

=======================================================
Timestamp: 2026-01-21T00:15:06.0662935Z
Method: GET
URL: /api/products
Status: 200
Duration: 2 ms
UserId: 
Client IP: ::ffff:192.168.1.141
User-Agent: Dalvik/2.1.0 (Linux; U; Android 12; CTR-L91 Build/HUAWEICTR-L91)
Controller: Products, Action: GetAll
Response Body: [{"id":1,"name":"Яблочко","description":"1548753264","code":"152","measuringUnit":"шт"}]
=======================================================

=======================================================
Timestamp: 2026-01-21T00:15:06.0674013Z
Method: GET
URL: /api/users
Status: 200
Duration: 1 ms
UserId: 
Client IP: ::ffff:192.168.1.141
User-Agent: Dalvik/2.1.0 (Linux; U; Android 12; CTR-L91 Build/HUAWEICTR-L91)
Controller: Users, Action: GetAll
Response Body: [{"id":2,"login":"adam","encryptedPassword":"$2a$11$7k1dXxf9I/3efRZ0fMivY.y8GdBpilmqMN08djBsYEcWj/zQcM2Xq","name":"Adam","surname":"First","email":"first@people.world","phone":"","createdAt":"2026-01-18T02:00:00.151037Z","roleId":null,"role":null,"alarmEvents":[],"sentPartRequests":[],"receivedPartRequests":[],"sentShiftTransfers":[],"receivedShiftTransfers":[]},{"id":3,"login":"admin","encryptedPassword":"5252","name":"Админ","surname":"Системный","email":"admin@example.com","phone":"+71234567890","createdAt":"2026-01-18T02:01:31.317309Z","roleId":null,"role":null,"alarmEvents":[],"sentPartRequests":[],"receivedPartRequests":[],"sentShiftTransfers":[],"receivedShiftTransfers":[]}]
=======================================================

=======================================================
Timestamp: 2026-01-21T00:15:06.0695719Z
Method: GET
URL: /api/roles
Status: 200
Duration: 1 ms
UserId: 
Client IP: ::ffff:192.168.1.141
User-Agent: Dalvik/2.1.0 (Linux; U; Android 12; CTR-L91 Build/HUAWEICTR-L91)
Controller: Roles, Action: GetAll
Response Body: []
=======================================================

=======================================================
Timestamp: 2026-01-21T00:15:13.2482131Z
Method: GET
URL: /api/users
Status: 200
Duration: 1 ms
UserId: 
Client IP: ::ffff:192.168.1.141
User-Agent: Dalvik/2.1.0 (Linux; U; Android 12; CTR-L91 Build/HUAWEICTR-L91)
Controller: Users, Action: GetAll
Response Body: [{"id":2,"login":"adam","encryptedPassword":"$2a$11$7k1dXxf9I/3efRZ0fMivY.y8GdBpilmqMN08djBsYEcWj/zQcM2Xq","name":"Adam","surname":"First","email":"first@people.world","phone":"","createdAt":"2026-01-18T02:00:00.151037Z","roleId":null,"role":null,"alarmEvents":[],"sentPartRequests":[],"receivedPartRequests":[],"sentShiftTransfers":[],"receivedShiftTransfers":[]},{"id":3,"login":"admin","encryptedPassword":"5252","name":"Админ","surname":"Системный","email":"admin@example.com","phone":"+71234567890","createdAt":"2026-01-18T02:01:31.317309Z","roleId":null,"role":null,"alarmEvents":[],"sentPartRequests":[],"receivedPartRequests":[],"sentShiftTransfers":[],"receivedShiftTransfers":[]}]
=======================================================

=======================================================
Timestamp: 2026-01-21T00:15:13.2523726Z
Method: GET
URL: /api/users
Status: 200
Duration: 2 ms
UserId: 
Client IP: ::ffff:192.168.1.141
User-Agent: Dalvik/2.1.0 (Linux; U; Android 12; CTR-L91 Build/HUAWEICTR-L91)
Controller: Users, Action: GetAll
Response Body: [{"id":2,"login":"adam","encryptedPassword":"$2a$11$7k1dXxf9I/3efRZ0fMivY.y8GdBpilmqMN08djBsYEcWj/zQcM2Xq","name":"Adam","surname":"First","email":"first@people.world","phone":"","createdAt":"2026-01-18T02:00:00.151037Z","roleId":null,"role":null,"alarmEvents":[],"sentPartRequests":[],"receivedPartRequests":[],"sentShiftTransfers":[],"receivedShiftTransfers":[]},{"id":3,"login":"admin","encryptedPassword":"5252","name":"Админ","surname":"Системный","email":"admin@example.com","phone":"+71234567890","createdAt":"2026-01-18T02:01:31.317309Z","roleId":null,"role":null,"alarmEvents":[],"sentPartRequests":[],"receivedPartRequests":[],"sentShiftTransfers":[],"receivedShiftTransfers":[]}]
=======================================================

=======================================================
Timestamp: 2026-01-21T00:15:13.2545467Z
Method: GET
URL: /api/materials
Status: 200
Duration: 1 ms
UserId: 
Client IP: ::ffff:192.168.1.141
User-Agent: Dalvik/2.1.0 (Linux; U; Android 12; CTR-L91 Build/HUAWEICTR-L91)
Controller: Materials, Action: GetAll
Response Body: [{"id":1,"name":"Косточка","description":"работает?","code":"12312","measuringUnit":"шт"},{"id":2,"name":"Бам сука","description":"","code":"","measuringUnit":"шт"}]
=======================================================

=======================================================
Timestamp: 2026-01-21T00:15:13.2526146Z
Method: GET
URL: /api/users
Status: 200
Duration: 2 ms
UserId: 
Client IP: ::ffff:192.168.1.141
User-Agent: Dalvik/2.1.0 (Linux; U; Android 12; CTR-L91 Build/HUAWEICTR-L91)
Controller: Users, Action: GetAll
Response Body: [{"id":2,"login":"adam","encryptedPassword":"$2a$11$7k1dXxf9I/3efRZ0fMivY.y8GdBpilmqMN08djBsYEcWj/zQcM2Xq","name":"Adam","surname":"First","email":"first@people.world","phone":"","createdAt":"2026-01-18T02:00:00.151037Z","roleId":null,"role":null,"alarmEvents":[],"sentPartRequests":[],"receivedPartRequests":[],"sentShiftTransfers":[],"receivedShiftTransfers":[]},{"id":3,"login":"admin","encryptedPassword":"5252","name":"Админ","surname":"Системный","email":"admin@example.com","phone":"+71234567890","createdAt":"2026-01-18T02:01:31.317309Z","roleId":null,"role":null,"alarmEvents":[],"sentPartRequests":[],"receivedPartRequests":[],"sentShiftTransfers":[],"receivedShiftTransfers":[]}]
=======================================================

=======================================================
Timestamp: 2026-01-21T00:15:13.2566868Z
Method: GET
URL: /api/products
Status: 200
Duration: 1 ms
UserId: 
Client IP: ::ffff:192.168.1.141
User-Agent: Dalvik/2.1.0 (Linux; U; Android 12; CTR-L91 Build/HUAWEICTR-L91)
Controller: Products, Action: GetAll
Response Body: [{"id":1,"name":"Яблочко","description":"1548753264","code":"152","measuringUnit":"шт"}]
=======================================================

=======================================================
Timestamp: 2026-01-21T00:15:13.2566447Z
Method: GET
URL: /api/materials
Status: 200
Duration: 1 ms
UserId: 
Client IP: ::ffff:192.168.1.141
User-Agent: Dalvik/2.1.0 (Linux; U; Android 12; CTR-L91 Build/HUAWEICTR-L91)
Controller: Materials, Action: GetAll
Response Body: [{"id":1,"name":"Косточка","description":"работает?","code":"12312","measuringUnit":"шт"},{"id":2,"name":"Бам сука","description":"","code":"","measuringUnit":"шт"}]
=======================================================

=======================================================
Timestamp: 2026-01-21T00:15:13.2593242Z
Method: GET
URL: /api/warehouses
Status: 200
Duration: 1 ms
UserId: 
Client IP: ::ffff:192.168.1.141
User-Agent: Dalvik/2.1.0 (Linux; U; Android 12; CTR-L91 Build/HUAWEICTR-L91)
Controller: Warehouses, Action: GetAll
Response Body: [{"id":1,"name":"Хуян","type":"Производство","isActive":true,"fromMovements":[],"toMovements":[],"fromRequests":[],"toRequests":[]}]
=======================================================

=======================================================
Timestamp: 2026-01-21T00:15:13.2596667Z
Method: GET
URL: /api/warehouses
Status: 200
Duration: 0 ms
UserId: 
Client IP: ::ffff:192.168.1.141
User-Agent: Dalvik/2.1.0 (Linux; U; Android 12; CTR-L91 Build/HUAWEICTR-L91)
Controller: Warehouses, Action: GetAll
Response Body: [{"id":1,"name":"Хуян","type":"Производство","isActive":true,"fromMovements":[],"toMovements":[],"fromRequests":[],"toRequests":[]}]
=======================================================

=======================================================
Timestamp: 2026-01-21T00:15:13.2604426Z
Method: GET
URL: /api/products
Status: 200
Duration: 1 ms
UserId: 
Client IP: ::ffff:192.168.1.141
User-Agent: Dalvik/2.1.0 (Linux; U; Android 12; CTR-L91 Build/HUAWEICTR-L91)
Controller: Products, Action: GetAll
Response Body: [{"id":1,"name":"Яблочко","description":"1548753264","code":"152","measuringUnit":"шт"}]
=======================================================

=======================================================
Timestamp: 2026-01-21T00:15:13.2635942Z
Method: GET
URL: /api/users
Status: 200
Duration: 1 ms
UserId: 
Client IP: ::ffff:192.168.1.141
User-Agent: Dalvik/2.1.0 (Linux; U; Android 12; CTR-L91 Build/HUAWEICTR-L91)
Controller: Users, Action: GetAll
Response Body: [{"id":2,"login":"adam","encryptedPassword":"$2a$11$7k1dXxf9I/3efRZ0fMivY.y8GdBpilmqMN08djBsYEcWj/zQcM2Xq","name":"Adam","surname":"First","email":"first@people.world","phone":"","createdAt":"2026-01-18T02:00:00.151037Z","roleId":null,"role":null,"alarmEvents":[],"sentPartRequests":[],"receivedPartRequests":[],"sentShiftTransfers":[],"receivedShiftTransfers":[]},{"id":3,"login":"admin","encryptedPassword":"5252","name":"Админ","surname":"Системный","email":"admin@example.com","phone":"+71234567890","createdAt":"2026-01-18T02:01:31.317309Z","roleId":null,"role":null,"alarmEvents":[],"sentPartRequests":[],"receivedPartRequests":[],"sentShiftTransfers":[],"receivedShiftTransfers":[]}]
=======================================================

=======================================================
Timestamp: 2026-01-21T00:15:13.3983583Z
Method: GET
URL: /api/roles
Status: 200
Duration: 1 ms
UserId: 
Client IP: ::ffff:192.168.1.141
User-Agent: Dalvik/2.1.0 (Linux; U; Android 12; CTR-L91 Build/HUAWEICTR-L91)
Controller: Roles, Action: GetAll
Response Body: []
=======================================================

=======================================================
Timestamp: 2026-01-21T00:15:18.2144411Z
Method: GET
URL: /api/products
Status: 200
Duration: 2 ms
UserId: 
Client IP: ::ffff:192.168.1.141
User-Agent: Dalvik/2.1.0 (Linux; U; Android 12; CTR-L91 Build/HUAWEICTR-L91)
Controller: Products, Action: GetAll
Response Body: [{"id":1,"name":"Яблочко","description":"1548753264","code":"152","measuringUnit":"шт"}]
=======================================================

=======================================================
Timestamp: 2026-01-21T00:15:18.2157476Z
Method: GET
URL: /api/users
Status: 200
Duration: 2 ms
UserId: 
Client IP: ::ffff:192.168.1.141
User-Agent: Dalvik/2.1.0 (Linux; U; Android 12; CTR-L91 Build/HUAWEICTR-L91)
Controller: Users, Action: GetAll
Response Body: [{"id":2,"login":"adam","encryptedPassword":"$2a$11$7k1dXxf9I/3efRZ0fMivY.y8GdBpilmqMN08djBsYEcWj/zQcM2Xq","name":"Adam","surname":"First","email":"first@people.world","phone":"","createdAt":"2026-01-18T02:00:00.151037Z","roleId":null,"role":null,"alarmEvents":[],"sentPartRequests":[],"receivedPartRequests":[],"sentShiftTransfers":[],"receivedShiftTransfers":[]},{"id":3,"login":"admin","encryptedPassword":"5252","name":"Админ","surname":"Системный","email":"admin@example.com","phone":"+71234567890","createdAt":"2026-01-18T02:01:31.317309Z","roleId":null,"role":null,"alarmEvents":[],"sentPartRequests":[],"receivedPartRequests":[],"sentShiftTransfers":[],"receivedShiftTransfers":[]}]
=======================================================

=======================================================
Timestamp: 2026-01-21T00:15:18.2197627Z
Method: GET
URL: /api/users
Status: 200
Duration: 2 ms
UserId: 
Client IP: ::ffff:192.168.1.141
User-Agent: Dalvik/2.1.0 (Linux; U; Android 12; CTR-L91 Build/HUAWEICTR-L91)
Controller: Users, Action: GetAll
Response Body: [{"id":2,"login":"adam","encryptedPassword":"$2a$11$7k1dXxf9I/3efRZ0fMivY.y8GdBpilmqMN08djBsYEcWj/zQcM2Xq","name":"Adam","surname":"First","email":"first@people.world","phone":"","createdAt":"2026-01-18T02:00:00.151037Z","roleId":null,"role":null,"alarmEvents":[],"sentPartRequests":[],"receivedPartRequests":[],"sentShiftTransfers":[],"receivedShiftTransfers":[]},{"id":3,"login":"admin","encryptedPassword":"5252","name":"Админ","surname":"Системный","email":"admin@example.com","phone":"+71234567890","createdAt":"2026-01-18T02:01:31.317309Z","roleId":null,"role":null,"alarmEvents":[],"sentPartRequests":[],"receivedPartRequests":[],"sentShiftTransfers":[],"receivedShiftTransfers":[]}]
=======================================================

=======================================================
Timestamp: 2026-01-21T00:15:18.2238970Z
Method: GET
URL: /api/materials
Status: 200
Duration: 2 ms
UserId: 
Client IP: ::ffff:192.168.1.141
User-Agent: Dalvik/2.1.0 (Linux; U; Android 12; CTR-L91 Build/HUAWEICTR-L91)
Controller: Materials, Action: GetAll
Response Body: [{"id":1,"name":"Косточка","description":"работает?","code":"12312","measuringUnit":"шт"},{"id":2,"name":"Бам сука","description":"","code":"","measuringUnit":"шт"}]
=======================================================

=======================================================
Timestamp: 2026-01-21T00:15:18.2251389Z
Method: GET
URL: /api/products
Status: 200
Duration: 2 ms
UserId: 
Client IP: ::ffff:192.168.1.141
User-Agent: Dalvik/2.1.0 (Linux; U; Android 12; CTR-L91 Build/HUAWEICTR-L91)
Controller: Products, Action: GetAll
Response Body: [{"id":1,"name":"Яблочко","description":"1548753264","code":"152","measuringUnit":"шт"}]
=======================================================

=======================================================
Timestamp: 2026-01-21T00:15:18.2264106Z
Method: GET
URL: /api/products
Status: 200
Duration: 0 ms
UserId: 
Client IP: ::ffff:192.168.1.141
User-Agent: Dalvik/2.1.0 (Linux; U; Android 12; CTR-L91 Build/HUAWEICTR-L91)
Controller: Products, Action: GetAll
Response Body: [{"id":1,"name":"Яблочко","description":"1548753264","code":"152","measuringUnit":"шт"}]
=======================================================

=======================================================
Timestamp: 2026-01-21T00:15:18.2274645Z
Method: GET
URL: /api/warehouses
Status: 200
Duration: 1 ms
UserId: 
Client IP: ::ffff:192.168.1.141
User-Agent: Dalvik/2.1.0 (Linux; U; Android 12; CTR-L91 Build/HUAWEICTR-L91)
Controller: Warehouses, Action: GetAll
Response Body: [{"id":1,"name":"Хуян","type":"Производство","isActive":true,"fromMovements":[],"toMovements":[],"fromRequests":[],"toRequests":[]}]
=======================================================

=======================================================
Timestamp: 2026-01-21T00:15:18.2283949Z
Method: GET
URL: /api/warehouses
Status: 200
Duration: 1 ms
UserId: 
Client IP: ::ffff:192.168.1.141
User-Agent: Dalvik/2.1.0 (Linux; U; Android 12; CTR-L91 Build/HUAWEICTR-L91)
Controller: Warehouses, Action: GetAll
Response Body: [{"id":1,"name":"Хуян","type":"Производство","isActive":true,"fromMovements":[],"toMovements":[],"fromRequests":[],"toRequests":[]}]
=======================================================

=======================================================
Timestamp: 2026-01-21T00:15:18.2292342Z
Method: GET
URL: /api/users
Status: 200
Duration: 1 ms
UserId: 
Client IP: ::ffff:192.168.1.141
User-Agent: Dalvik/2.1.0 (Linux; U; Android 12; CTR-L91 Build/HUAWEICTR-L91)
Controller: Users, Action: GetAll
Response Body: [{"id":2,"login":"adam","encryptedPassword":"$2a$11$7k1dXxf9I/3efRZ0fMivY.y8GdBpilmqMN08djBsYEcWj/zQcM2Xq","name":"Adam","surname":"First","email":"first@people.world","phone":"","createdAt":"2026-01-18T02:00:00.151037Z","roleId":null,"role":null,"alarmEvents":[],"sentPartRequests":[],"receivedPartRequests":[],"sentShiftTransfers":[],"receivedShiftTransfers":[]},{"id":3,"login":"admin","encryptedPassword":"5252","name":"Админ","surname":"Системный","email":"admin@example.com","phone":"+71234567890","createdAt":"2026-01-18T02:01:31.317309Z","roleId":null,"role":null,"alarmEvents":[],"sentPartRequests":[],"receivedPartRequests":[],"sentShiftTransfers":[],"receivedShiftTransfers":[]}]
=======================================================

=======================================================
Timestamp: 2026-01-21T00:15:18.5672975Z
Method: PUT
URL: /api/users/2
Status: 200
Duration: 338 ms
UserId: 
Client IP: ::ffff:192.168.1.141
User-Agent: Dalvik/2.1.0 (Linux; U; Android 12; CTR-L91 Build/HUAWEICTR-L91)
Controller: Users, Action: UpdateUser
Response Body: {"message":"User updated successfully","user":{"id":2,"login":"adam","encryptedPassword":"$2a$11$O2LDI/XqHSjEV.y0jbJDHue4R0XDH6BPWvHIEVQgkwoQDO5X3ZVLW","name":"Adam","surname":"First","email":"first@people.world","phone":"","createdAt":"2026-01-18T02:00:00.151037Z","roleId":null,"role":null,"alarmEvents":[],"sentPartRequests":[],"receivedPartRequests":[],"sentShiftTransfers":[],"receivedShiftTransfers":[]}}
=======================================================

=======================================================
Timestamp: 2026-01-21T00:15:18.6829690Z
Method: GET
URL: /api/users
Status: 200
Duration: 1 ms
UserId: 
Client IP: ::ffff:192.168.1.141
User-Agent: Dalvik/2.1.0 (Linux; U; Android 12; CTR-L91 Build/HUAWEICTR-L91)
Controller: Users, Action: GetAll
Response Body: [{"id":2,"login":"adam","encryptedPassword":"$2a$11$O2LDI/XqHSjEV.y0jbJDHue4R0XDH6BPWvHIEVQgkwoQDO5X3ZVLW","name":"Adam","surname":"First","email":"first@people.world","phone":"","createdAt":"2026-01-18T02:00:00.151037Z","roleId":null,"role":null,"alarmEvents":[],"sentPartRequests":[],"receivedPartRequests":[],"sentShiftTransfers":[],"receivedShiftTransfers":[]},{"id":3,"login":"admin","encryptedPassword":"5252","name":"Админ","surname":"Системный","email":"admin@example.com","phone":"+71234567890","createdAt":"2026-01-18T02:01:31.317309Z","roleId":null,"role":null,"alarmEvents":[],"sentPartRequests":[],"receivedPartRequests":[],"sentShiftTransfers":[],"receivedShiftTransfers":[]}]
=======================================================

=======================================================
Timestamp: 2026-01-21T00:15:18.6832318Z
Method: GET
URL: /api/users
Status: 200
Duration: 1 ms
UserId: 
Client IP: ::ffff:192.168.1.141
User-Agent: Dalvik/2.1.0 (Linux; U; Android 12; CTR-L91 Build/HUAWEICTR-L91)
Controller: Users, Action: GetAll
Response Body: [{"id":2,"login":"adam","encryptedPassword":"$2a$11$O2LDI/XqHSjEV.y0jbJDHue4R0XDH6BPWvHIEVQgkwoQDO5X3ZVLW","name":"Adam","surname":"First","email":"first@people.world","phone":"","createdAt":"2026-01-18T02:00:00.151037Z","roleId":null,"role":null,"alarmEvents":[],"sentPartRequests":[],"receivedPartRequests":[],"sentShiftTransfers":[],"receivedShiftTransfers":[]},{"id":3,"login":"admin","encryptedPassword":"5252","name":"Админ","surname":"Системный","email":"admin@example.com","phone":"+71234567890","createdAt":"2026-01-18T02:01:31.317309Z","roleId":null,"role":null,"alarmEvents":[],"sentPartRequests":[],"receivedPartRequests":[],"sentShiftTransfers":[],"receivedShiftTransfers":[]}]
=======================================================

=======================================================
Timestamp: 2026-01-21T00:15:18.6848610Z
Method: GET
URL: /api/users
Status: 200
Duration: 1 ms
UserId: 
Client IP: ::ffff:192.168.1.141
User-Agent: Dalvik/2.1.0 (Linux; U; Android 12; CTR-L91 Build/HUAWEICTR-L91)
Controller: Users, Action: GetAll
Response Body: [{"id":2,"login":"adam","encryptedPassword":"$2a$11$O2LDI/XqHSjEV.y0jbJDHue4R0XDH6BPWvHIEVQgkwoQDO5X3ZVLW","name":"Adam","surname":"First","email":"first@people.world","phone":"","createdAt":"2026-01-18T02:00:00.151037Z","roleId":null,"role":null,"alarmEvents":[],"sentPartRequests":[],"receivedPartRequests":[],"sentShiftTransfers":[],"receivedShiftTransfers":[]},{"id":3,"login":"admin","encryptedPassword":"5252","name":"Админ","surname":"Системный","email":"admin@example.com","phone":"+71234567890","createdAt":"2026-01-18T02:01:31.317309Z","roleId":null,"role":null,"alarmEvents":[],"sentPartRequests":[],"receivedPartRequests":[],"sentShiftTransfers":[],"receivedShiftTransfers":[]}]
=======================================================

=======================================================
Timestamp: 2026-01-21T00:15:18.6877129Z
Method: GET
URL: /api/products
Status: 200
Duration: 0 ms
UserId: 
Client IP: ::ffff:192.168.1.141
User-Agent: Dalvik/2.1.0 (Linux; U; Android 12; CTR-L91 Build/HUAWEICTR-L91)
Controller: Products, Action: GetAll
Response Body: [{"id":1,"name":"Яблочко","description":"1548753264","code":"152","measuringUnit":"шт"}]
=======================================================

=======================================================
Timestamp: 2026-01-21T00:15:18.6877465Z
Method: GET
URL: /api/warehouses
Status: 200
Duration: 1 ms
UserId: 
Client IP: ::ffff:192.168.1.141
User-Agent: Dalvik/2.1.0 (Linux; U; Android 12; CTR-L91 Build/HUAWEICTR-L91)
Controller: Warehouses, Action: GetAll
Response Body: [{"id":1,"name":"Хуян","type":"Производство","isActive":true,"fromMovements":[],"toMovements":[],"fromRequests":[],"toRequests":[]}]
=======================================================

=======================================================
Timestamp: 2026-01-21T00:15:18.6909363Z
Method: GET
URL: /api/products
Status: 200
Duration: 1 ms
UserId: 
Client IP: ::ffff:192.168.1.141
User-Agent: Dalvik/2.1.0 (Linux; U; Android 12; CTR-L91 Build/HUAWEICTR-L91)
Controller: Products, Action: GetAll
Response Body: [{"id":1,"name":"Яблочко","description":"1548753264","code":"152","measuringUnit":"шт"}]
=======================================================

=======================================================
Timestamp: 2026-01-21T00:15:18.6915797Z
Method: GET
URL: /api/materials
Status: 200
Duration: 0 ms
UserId: 
Client IP: ::ffff:192.168.1.141
User-Agent: Dalvik/2.1.0 (Linux; U; Android 12; CTR-L91 Build/HUAWEICTR-L91)
Controller: Materials, Action: GetAll
Response Body: [{"id":1,"name":"Косточка","description":"работает?","code":"12312","measuringUnit":"шт"},{"id":2,"name":"Бам сука","description":"","code":"","measuringUnit":"шт"}]
=======================================================

=======================================================
Timestamp: 2026-01-21T00:15:18.6938151Z
Method: GET
URL: /api/warehouses
Status: 200
Duration: 0 ms
UserId: 
Client IP: ::ffff:192.168.1.141
User-Agent: Dalvik/2.1.0 (Linux; U; Android 12; CTR-L91 Build/HUAWEICTR-L91)
Controller: Warehouses, Action: GetAll
Response Body: [{"id":1,"name":"Хуян","type":"Производство","isActive":true,"fromMovements":[],"toMovements":[],"fromRequests":[],"toRequests":[]}]
=======================================================

=======================================================
Timestamp: 2026-01-21T00:15:18.6992365Z
Method: GET
URL: /api/materials
Status: 200
Duration: 1 ms
UserId: 
Client IP: ::ffff:192.168.1.141
User-Agent: Dalvik/2.1.0 (Linux; U; Android 12; CTR-L91 Build/HUAWEICTR-L91)
Controller: Materials, Action: GetAll
Response Body: [{"id":1,"name":"Косточка","description":"работает?","code":"12312","measuringUnit":"шт"},{"id":2,"name":"Бам сука","description":"","code":"","measuringUnit":"шт"}]
=======================================================

=======================================================
Timestamp: 2026-01-21T00:15:18.6996541Z
Method: GET
URL: /api/warehouses
Status: 200
Duration: 1 ms
UserId: 
Client IP: ::ffff:192.168.1.141
User-Agent: Dalvik/2.1.0 (Linux; U; Android 12; CTR-L91 Build/HUAWEICTR-L91)
Controller: Warehouses, Action: GetAll
Response Body: [{"id":1,"name":"Хуян","type":"Производство","isActive":true,"fromMovements":[],"toMovements":[],"fromRequests":[],"toRequests":[]}]
=======================================================

=======================================================
Timestamp: 2026-01-21T00:15:18.7008136Z
Method: GET
URL: /api/products
Status: 200
Duration: 1 ms
UserId: 
Client IP: ::ffff:192.168.1.141
User-Agent: Dalvik/2.1.0 (Linux; U; Android 12; CTR-L91 Build/HUAWEICTR-L91)
Controller: Products, Action: GetAll
Response Body: [{"id":1,"name":"Яблочко","description":"1548753264","code":"152","measuringUnit":"шт"}]
=======================================================

=======================================================
Timestamp: 2026-01-21T00:15:18.7032614Z
Method: GET
URL: /api/users
Status: 200
Duration: 1 ms
UserId: 
Client IP: ::ffff:192.168.1.141
User-Agent: Dalvik/2.1.0 (Linux; U; Android 12; CTR-L91 Build/HUAWEICTR-L91)
Controller: Users, Action: GetAll
Response Body: [{"id":2,"login":"adam","encryptedPassword":"$2a$11$O2LDI/XqHSjEV.y0jbJDHue4R0XDH6BPWvHIEVQgkwoQDO5X3ZVLW","name":"Adam","surname":"First","email":"first@people.world","phone":"","createdAt":"2026-01-18T02:00:00.151037Z","roleId":null,"role":null,"alarmEvents":[],"sentPartRequests":[],"receivedPartRequests":[],"sentShiftTransfers":[],"receivedShiftTransfers":[]},{"id":3,"login":"admin","encryptedPassword":"5252","name":"Админ","surname":"Системный","email":"admin@example.com","phone":"+71234567890","createdAt":"2026-01-18T02:01:31.317309Z","roleId":null,"role":null,"alarmEvents":[],"sentPartRequests":[],"receivedPartRequests":[],"sentShiftTransfers":[],"receivedShiftTransfers":[]}]
=======================================================

=======================================================
Timestamp: 2026-01-21T00:15:18.7051579Z
Method: GET
URL: /api/users
Status: 200
Duration: 1 ms
UserId: 
Client IP: ::ffff:192.168.1.141
User-Agent: Dalvik/2.1.0 (Linux; U; Android 12; CTR-L91 Build/HUAWEICTR-L91)
Controller: Users, Action: GetAll
Response Body: [{"id":2,"login":"adam","encryptedPassword":"$2a$11$O2LDI/XqHSjEV.y0jbJDHue4R0XDH6BPWvHIEVQgkwoQDO5X3ZVLW","name":"Adam","surname":"First","email":"first@people.world","phone":"","createdAt":"2026-01-18T02:00:00.151037Z","roleId":null,"role":null,"alarmEvents":[],"sentPartRequests":[],"receivedPartRequests":[],"sentShiftTransfers":[],"receivedShiftTransfers":[]},{"id":3,"login":"admin","encryptedPassword":"5252","name":"Админ","surname":"Системный","email":"admin@example.com","phone":"+71234567890","createdAt":"2026-01-18T02:01:31.317309Z","roleId":null,"role":null,"alarmEvents":[],"sentPartRequests":[],"receivedPartRequests":[],"sentShiftTransfers":[],"receivedShiftTransfers":[]}]
=======================================================

=======================================================
Timestamp: 2026-01-21T00:15:30.2708280Z
Method: GET
URL: /api/users
Status: 200
Duration: 2 ms
UserId: 
Client IP: ::ffff:192.168.1.141
User-Agent: Dalvik/2.1.0 (Linux; U; Android 12; CTR-L91 Build/HUAWEICTR-L91)
Controller: Users, Action: GetAll
Response Body: [{"id":2,"login":"adam","encryptedPassword":"$2a$11$O2LDI/XqHSjEV.y0jbJDHue4R0XDH6BPWvHIEVQgkwoQDO5X3ZVLW","name":"Adam","surname":"First","email":"first@people.world","phone":"","createdAt":"2026-01-18T02:00:00.151037Z","roleId":null,"role":null,"alarmEvents":[],"sentPartRequests":[],"receivedPartRequests":[],"sentShiftTransfers":[],"receivedShiftTransfers":[]},{"id":3,"login":"admin","encryptedPassword":"5252","name":"Админ","surname":"Системный","email":"admin@example.com","phone":"+71234567890","createdAt":"2026-01-18T02:01:31.317309Z","roleId":null,"role":null,"alarmEvents":[],"sentPartRequests":[],"receivedPartRequests":[],"sentShiftTransfers":[],"receivedShiftTransfers":[]}]
=======================================================

=======================================================
Timestamp: 2026-01-21T00:15:31.0509965Z
Method: GET
URL: /api/users
Status: 200
Duration: 1 ms
UserId: 
Client IP: ::ffff:192.168.1.141
User-Agent: Dalvik/2.1.0 (Linux; U; Android 12; CTR-L91 Build/HUAWEICTR-L91)
Controller: Users, Action: GetAll
Response Body: [{"id":2,"login":"adam","encryptedPassword":"$2a$11$O2LDI/XqHSjEV.y0jbJDHue4R0XDH6BPWvHIEVQgkwoQDO5X3ZVLW","name":"Adam","surname":"First","email":"first@people.world","phone":"","createdAt":"2026-01-18T02:00:00.151037Z","roleId":null,"role":null,"alarmEvents":[],"sentPartRequests":[],"receivedPartRequests":[],"sentShiftTransfers":[],"receivedShiftTransfers":[]},{"id":3,"login":"admin","encryptedPassword":"5252","name":"Админ","surname":"Системный","email":"admin@example.com","phone":"+71234567890","createdAt":"2026-01-18T02:01:31.317309Z","roleId":null,"role":null,"alarmEvents":[],"sentPartRequests":[],"receivedPartRequests":[],"sentShiftTransfers":[],"receivedShiftTransfers":[]}]
=======================================================

=======================================================
Timestamp: 2026-01-21T00:15:31.2975494Z
Method: GET
URL: /api/users
Status: 200
Duration: 1 ms
UserId: 
Client IP: ::ffff:192.168.1.141
User-Agent: Dalvik/2.1.0 (Linux; U; Android 12; CTR-L91 Build/HUAWEICTR-L91)
Controller: Users, Action: GetAll
Response Body: [{"id":2,"login":"adam","encryptedPassword":"$2a$11$O2LDI/XqHSjEV.y0jbJDHue4R0XDH6BPWvHIEVQgkwoQDO5X3ZVLW","name":"Adam","surname":"First","email":"first@people.world","phone":"","createdAt":"2026-01-18T02:00:00.151037Z","roleId":null,"role":null,"alarmEvents":[],"sentPartRequests":[],"receivedPartRequests":[],"sentShiftTransfers":[],"receivedShiftTransfers":[]},{"id":3,"login":"admin","encryptedPassword":"5252","name":"Админ","surname":"Системный","email":"admin@example.com","phone":"+71234567890","createdAt":"2026-01-18T02:01:31.317309Z","roleId":null,"role":null,"alarmEvents":[],"sentPartRequests":[],"receivedPartRequests":[],"sentShiftTransfers":[],"receivedShiftTransfers":[]}]
=======================================================

=======================================================
Timestamp: 2026-01-21T00:15:31.5310089Z
Method: GET
URL: /api/users
Status: 200
Duration: 1 ms
UserId: 
Client IP: ::ffff:192.168.1.141
User-Agent: Dalvik/2.1.0 (Linux; U; Android 12; CTR-L91 Build/HUAWEICTR-L91)
Controller: Users, Action: GetAll
Response Body: [{"id":2,"login":"adam","encryptedPassword":"$2a$11$O2LDI/XqHSjEV.y0jbJDHue4R0XDH6BPWvHIEVQgkwoQDO5X3ZVLW","name":"Adam","surname":"First","email":"first@people.world","phone":"","createdAt":"2026-01-18T02:00:00.151037Z","roleId":null,"role":null,"alarmEvents":[],"sentPartRequests":[],"receivedPartRequests":[],"sentShiftTransfers":[],"receivedShiftTransfers":[]},{"id":3,"login":"admin","encryptedPassword":"5252","name":"Админ","surname":"Системный","email":"admin@example.com","phone":"+71234567890","createdAt":"2026-01-18T02:01:31.317309Z","roleId":null,"role":null,"alarmEvents":[],"sentPartRequests":[],"receivedPartRequests":[],"sentShiftTransfers":[],"receivedShiftTransfers":[]}]
=======================================================

=======================================================
Timestamp: 2026-01-21T12:03:51.1583611Z
Method: GET
URL: /api/users
Status: 200
Duration: 566 ms
UserId: 
Client IP: ::1
User-Agent: 
Controller: Users, Action: GetAll
Response Body: [{"id":2,"login":"adam","encryptedPassword":"$2a$11$O2LDI/XqHSjEV.y0jbJDHue4R0XDH6BPWvHIEVQgkwoQDO5X3ZVLW","name":"Adam","surname":"First","email":"first@people.world","phone":"","createdAt":"2026-01-18T02:00:00.151037Z","roleId":null,"role":null,"alarmEvents":[],"sentPartRequests":[],"receivedPartRequests":[],"sentShiftTransfers":[],"receivedShiftTransfers":[]},{"id":3,"login":"admin","encryptedPassword":"5252","name":"Админ","surname":"Системный","email":"admin@example.com","phone":"+71234567890","createdAt":"2026-01-18T02:01:31.317309Z","roleId":null,"role":null,"alarmEvents":[],"sentPartRequests":[],"receivedPartRequests":[],"sentShiftTransfers":[],"receivedShiftTransfers":[]}]
=======================================================

=======================================================
Timestamp: 2026-01-21T12:03:53.2632414Z
Method: GET
URL: /api/database/check
Status: 200
Duration: 188 ms
UserId: 
Client IP: ::1
User-Agent: 
Controller: Database, Action: CheckDatabase
Response Body: {"success":true,"message":"Подключение к базе данных успешно","usersCount":2,"users":[{"id":3,"login":"admin","email":"admin@example.com","name":"Админ Системный","isPasswordEncrypted":true,"passwordLength":4},{"id":2,"login":"adam","email":"first@people.world","name":"Adam First","isPasswordEncrypted":false,"passwordLength":60}]}
=======================================================

=======================================================
Timestamp: 2026-01-21T12:03:58.1276581Z
Method: GET
URL: /api/products
Status: 200
Duration: 21 ms
UserId: 
Client IP: ::1
User-Agent: 
Controller: Products, Action: GetAll
Response Body: [{"id":1,"name":"Яблочко","description":"1548753264","code":"152","measuringUnit":"шт"}]
=======================================================

=======================================================
Timestamp: 2026-01-21T12:03:58.1913070Z
Method: GET
URL: /api/products
Status: 200
Duration: 89 ms
UserId: 
Client IP: ::1
User-Agent: 
Controller: Products, Action: GetAll
Response Body: [{"id":1,"name":"Яблочко","description":"1548753264","code":"152","measuringUnit":"шт"}]
=======================================================

=======================================================
Timestamp: 2026-01-21T12:04:05.7025158Z
Method: GET
URL: /api/products
Status: 200
Duration: 5 ms
UserId: 
Client IP: ::1
User-Agent: 
Controller: Products, Action: GetAll
Response Body: [{"id":1,"name":"Яблочко","description":"1548753264","code":"152","measuringUnit":"шт"}]
=======================================================

=======================================================
Timestamp: 2026-01-21T12:04:05.7110279Z
Method: GET
URL: /api/materials
Status: 200
Duration: 168 ms
UserId: 
Client IP: ::1
User-Agent: 
Controller: Materials, Action: GetAll
Response Body: [{"id":1,"name":"Косточка","description":"работает?","code":"12312","measuringUnit":"шт"},{"id":2,"name":"Бам сука","description":"","code":"","measuringUnit":"шт"}]
=======================================================

=======================================================
Timestamp: 2026-01-21T12:04:05.7120087Z
Method: GET
URL: /api/materials
Status: 200
Duration: 3 ms
UserId: 
Client IP: ::1
User-Agent: 
Controller: Materials, Action: GetAll
Response Body: [{"id":1,"name":"Косточка","description":"работает?","code":"12312","measuringUnit":"шт"},{"id":2,"name":"Бам сука","description":"","code":"","measuringUnit":"шт"}]
=======================================================

=======================================================
Timestamp: 2026-01-21T12:04:08.4359948Z
Method: GET
URL: /api/materials
Status: 200
Duration: 2 ms
UserId: 
Client IP: ::1
User-Agent: 
Controller: Materials, Action: GetAll
Response Body: [{"id":1,"name":"Косточка","description":"работает?","code":"12312","measuringUnit":"шт"},{"id":2,"name":"Бам сука","description":"","code":"","measuringUnit":"шт"}]
=======================================================

=======================================================
Timestamp: 2026-01-21T12:04:08.4367936Z
Method: GET
URL: /api/products
Status: 200
Duration: 1 ms
UserId: 
Client IP: ::1
User-Agent: 
Controller: Products, Action: GetAll
Response Body: [{"id":1,"name":"Яблочко","description":"1548753264","code":"152","measuringUnit":"шт"}]
=======================================================

=======================================================
Timestamp: 2026-01-21T12:04:08.4794964Z
Method: GET
URL: /api/warehouses
Status: 200
Duration: 52 ms
UserId: 
Client IP: ::1
User-Agent: 
Controller: Warehouses, Action: GetAll
Response Body: [{"id":1,"name":"Хуян","type":"Производство","isActive":true,"fromMovements":[],"toMovements":[],"fromRequests":[],"toRequests":[]}]
=======================================================

=======================================================
Timestamp: 2026-01-21T12:04:08.4795767Z
Method: GET
URL: /api/warehouses
Status: 200
Duration: 36 ms
UserId: 
Client IP: ::1
User-Agent: 
Controller: Warehouses, Action: GetAll
Response Body: [{"id":1,"name":"Хуян","type":"Производство","isActive":true,"fromMovements":[],"toMovements":[],"fromRequests":[],"toRequests":[]}]
=======================================================

=======================================================
Timestamp: 2026-01-21T12:04:15.1149140Z
Method: GET
URL: /api/users
Status: 200
Duration: 8 ms
UserId: 
Client IP: ::1
User-Agent: 
Controller: Users, Action: GetAll
Response Body: [{"id":2,"login":"adam","encryptedPassword":"$2a$11$O2LDI/XqHSjEV.y0jbJDHue4R0XDH6BPWvHIEVQgkwoQDO5X3ZVLW","name":"Adam","surname":"First","email":"first@people.world","phone":"","createdAt":"2026-01-18T02:00:00.151037Z","roleId":null,"role":null,"alarmEvents":[],"sentPartRequests":[],"receivedPartRequests":[],"sentShiftTransfers":[],"receivedShiftTransfers":[]},{"id":3,"login":"admin","encryptedPassword":"5252","name":"Админ","surname":"Системный","email":"admin@example.com","phone":"+71234567890","createdAt":"2026-01-18T02:01:31.317309Z","roleId":null,"role":null,"alarmEvents":[],"sentPartRequests":[],"receivedPartRequests":[],"sentShiftTransfers":[],"receivedShiftTransfers":[]}]
=======================================================

=======================================================
Timestamp: 2026-01-21T12:04:15.1180403Z
Method: GET
URL: /api/warehouses
Status: 200
Duration: 5 ms
UserId: 
Client IP: ::1
User-Agent: 
Controller: Warehouses, Action: GetAll
Response Body: [{"id":1,"name":"Хуян","type":"Производство","isActive":true,"fromMovements":[],"toMovements":[],"fromRequests":[],"toRequests":[]}]
=======================================================

=======================================================
Timestamp: 2026-01-21T12:04:15.1212975Z
Method: GET
URL: /api/materials
Status: 200
Duration: 3 ms
UserId: 
Client IP: ::1
User-Agent: 
Controller: Materials, Action: GetAll
Response Body: [{"id":1,"name":"Косточка","description":"работает?","code":"12312","measuringUnit":"шт"},{"id":2,"name":"Бам сука","description":"","code":"","measuringUnit":"шт"}]
=======================================================

=======================================================
Timestamp: 2026-01-21T12:04:15.1272027Z
Method: GET
URL: /api/products
Status: 200
Duration: 2 ms
UserId: 
Client IP: ::1
User-Agent: 
Controller: Products, Action: GetAll
Response Body: [{"id":1,"name":"Яблочко","description":"1548753264","code":"152","measuringUnit":"шт"}]
=======================================================

=======================================================
Timestamp: 2026-01-21T12:04:15.1311368Z
Method: GET
URL: /api/users
Status: 200
Duration: 4 ms
UserId: 
Client IP: ::1
User-Agent: 
Controller: Users, Action: GetAll
Response Body: [{"id":2,"login":"adam","encryptedPassword":"$2a$11$O2LDI/XqHSjEV.y0jbJDHue4R0XDH6BPWvHIEVQgkwoQDO5X3ZVLW","name":"Adam","surname":"First","email":"first@people.world","phone":"","createdAt":"2026-01-18T02:00:00.151037Z","roleId":null,"role":null,"alarmEvents":[],"sentPartRequests":[],"receivedPartRequests":[],"sentShiftTransfers":[],"receivedShiftTransfers":[]},{"id":3,"login":"admin","encryptedPassword":"5252","name":"Админ","surname":"Системный","email":"admin@example.com","phone":"+71234567890","createdAt":"2026-01-18T02:01:31.317309Z","roleId":null,"role":null,"alarmEvents":[],"sentPartRequests":[],"receivedPartRequests":[],"sentShiftTransfers":[],"receivedShiftTransfers":[]}]
=======================================================

=======================================================
Timestamp: 2026-01-21T12:04:15.2208025Z
Method: GET
URL: /api/materials
Status: 200
Duration: 1 ms
UserId: 
Client IP: ::1
User-Agent: 
Controller: Materials, Action: GetAll
Response Body: [{"id":1,"name":"Косточка","description":"работает?","code":"12312","measuringUnit":"шт"},{"id":2,"name":"Бам сука","description":"","code":"","measuringUnit":"шт"}]
=======================================================

=======================================================
Timestamp: 2026-01-21T12:04:15.2468034Z
Method: GET
URL: /api/users
Status: 200
Duration: 1 ms
UserId: 
Client IP: ::1
User-Agent: 
Controller: Users, Action: GetAll
Response Body: [{"id":2,"login":"adam","encryptedPassword":"$2a$11$O2LDI/XqHSjEV.y0jbJDHue4R0XDH6BPWvHIEVQgkwoQDO5X3ZVLW","name":"Adam","surname":"First","email":"first@people.world","phone":"","createdAt":"2026-01-18T02:00:00.151037Z","roleId":null,"role":null,"alarmEvents":[],"sentPartRequests":[],"receivedPartRequests":[],"sentShiftTransfers":[],"receivedShiftTransfers":[]},{"id":3,"login":"admin","encryptedPassword":"5252","name":"Админ","surname":"Системный","email":"admin@example.com","phone":"+71234567890","createdAt":"2026-01-18T02:01:31.317309Z","roleId":null,"role":null,"alarmEvents":[],"sentPartRequests":[],"receivedPartRequests":[],"sentShiftTransfers":[],"receivedShiftTransfers":[]}]
=======================================================

=======================================================
Timestamp: 2026-01-21T12:04:15.2529758Z
Method: GET
URL: /api/products
Status: 200
Duration: 3 ms
UserId: 
Client IP: ::1
User-Agent: 
Controller: Products, Action: GetAll
Response Body: [{"id":1,"name":"Яблочко","description":"1548753264","code":"152","measuringUnit":"шт"}]
=======================================================

=======================================================
Timestamp: 2026-01-21T12:04:15.2934168Z
Method: GET
URL: /api/roles
Status: 200
Duration: 17 ms
UserId: 
Client IP: ::1
User-Agent: 
Controller: Roles, Action: GetAll
Response Body: []
=======================================================

=======================================================
Timestamp: 2026-01-21T12:04:15.3271421Z
Method: GET
URL: /api/warehouses
Status: 200
Duration: 1 ms
UserId: 
Client IP: ::1
User-Agent: 
Controller: Warehouses, Action: GetAll
Response Body: [{"id":1,"name":"Хуян","type":"Производство","isActive":true,"fromMovements":[],"toMovements":[],"fromRequests":[],"toRequests":[]}]
=======================================================

=======================================================
Timestamp: 2026-01-21T12:04:20.2397251Z
Method: GET
URL: /api/work-reports/user/3
Status: 404
Duration: 0 ms
UserId: 
Client IP: ::1
User-Agent: 
=======================================================

=======================================================
Timestamp: 2026-01-21T12:04:20.2486374Z
Method: GET
URL: /api/work-reports/user/3
Status: 404
Duration: 8 ms
UserId: 
Client IP: ::1
User-Agent: 
=======================================================

=======================================================
Timestamp: 2026-01-21T12:04:22.8818626Z
Method: GET
URL: /api/work-reports/user/3
Status: 404
Duration: 0 ms
UserId: 
Client IP: ::1
User-Agent: 
=======================================================

=======================================================
Timestamp: 2026-01-21T12:04:22.9962175Z
Method: POST
URL: /api/work-reports/start
Status: 404
Duration: 0 ms
UserId: 
Client IP: ::1
User-Agent: 
=======================================================

=======================================================
Timestamp: 2026-01-21T12:04:25.5375900Z
Method: POST
URL: /api/work-reports/start
Status: 404
Duration: 0 ms
UserId: 
Client IP: ::1
User-Agent: 
=======================================================

=======================================================
Timestamp: 2026-01-21T12:04:25.5432589Z
Method: GET
URL: /api/work-reports/user/3
Status: 404
Duration: 0 ms
UserId: 
Client IP: ::1
User-Agent: 
=======================================================

=======================================================
Timestamp: 2026-01-21T12:04:26.0143594Z
Method: GET
URL: /api/work-reports/user/3
Status: 404
Duration: 0 ms
UserId: 
Client IP: ::1
User-Agent: 
=======================================================

=======================================================
Timestamp: 2026-01-21T12:04:26.0164797Z
Method: POST
URL: /api/work-reports/start
Status: 404
Duration: 0 ms
UserId: 
Client IP: ::1
User-Agent: 
=======================================================

=======================================================
Timestamp: 2026-01-21T12:04:26.5351961Z
Method: GET
URL: /api/work-reports/user/3
Status: 404
Duration: 0 ms
UserId: 
Client IP: ::1
User-Agent: 
=======================================================

=======================================================
Timestamp: 2026-01-21T12:04:26.5364921Z
Method: POST
URL: /api/work-reports/start
Status: 404
Duration: 0 ms
UserId: 
Client IP: ::1
User-Agent: 
=======================================================

=======================================================
Timestamp: 2026-01-21T12:04:28.3271046Z
Method: GET
URL: /api/work-reports/user/3
Status: 404
Duration: 0 ms
UserId: 
Client IP: ::1
User-Agent: 
=======================================================

=======================================================
Timestamp: 2026-01-21T12:04:29.3163501Z
Method: GET
URL: /api/work-reports/user/3
Status: 404
Duration: 0 ms
UserId: 
Client IP: ::1
User-Agent: 
=======================================================

=======================================================
Timestamp: 2026-01-21T12:04:29.3164140Z
Method: GET
URL: /api/work-reports/user/3
Status: 404
Duration: 0 ms
UserId: 
Client IP: ::1
User-Agent: 
=======================================================

=======================================================
Timestamp: 2026-01-21T12:04:29.9109942Z
Method: GET
URL: /api/work-reports/user/3
Status: 404
Duration: 0 ms
UserId: 
Client IP: ::1
User-Agent: 
=======================================================

=======================================================
Timestamp: 2026-01-21T12:04:29.9116900Z
Method: GET
URL: /api/work-reports/user/3
Status: 404
Duration: 0 ms
UserId: 
Client IP: ::1
User-Agent: 
=======================================================

=======================================================
Timestamp: 2026-01-21T12:04:30.3516415Z
Method: GET
URL: /api/work-reports/user/3
Status: 404
Duration: 0 ms
UserId: 
Client IP: ::1
User-Agent: 
=======================================================

=======================================================
Timestamp: 2026-01-21T12:04:30.3520771Z
Method: GET
URL: /api/work-reports/user/3
Status: 404
Duration: 0 ms
UserId: 
Client IP: ::1
User-Agent: 
=======================================================

=======================================================
Timestamp: 2026-01-21T12:04:34.2808428Z
Method: GET
URL: /api/database/check
Status: 200
Duration: 72 ms
UserId: 
Client IP: ::1
User-Agent: 
Controller: Database, Action: CheckDatabase
Response Body: {"success":true,"message":"Подключение к базе данных успешно","usersCount":2,"users":[{"id":3,"login":"admin","email":"admin@example.com","name":"Админ Системный","isPasswordEncrypted":true,"passwordLength":4},{"id":2,"login":"adam","email":"first@people.world","name":"Adam First","isPasswordEncrypted":false,"passwordLength":60}]}
=======================================================

=======================================================
Timestamp: 2026-01-21T12:05:02.2528856Z
Method: GET
URL: /api/database/check
Status: 200
Duration: 63 ms
UserId: 
Client IP: ::1
User-Agent: 
Controller: Database, Action: CheckDatabase
Response Body: {"success":true,"message":"Подключение к базе данных успешно","usersCount":2,"users":[{"id":3,"login":"admin","email":"admin@example.com","name":"Админ Системный","isPasswordEncrypted":true,"passwordLength":4},{"id":2,"login":"adam","email":"first@people.world","name":"Adam First","isPasswordEncrypted":false,"passwordLength":60}]}
=======================================================

=======================================================
Timestamp: 2026-01-21T12:05:05.1650379Z
Method: GET
URL: /api/database/check
Status: 200
Duration: 61 ms
UserId: 
Client IP: ::1
User-Agent: 
Controller: Database, Action: CheckDatabase
Response Body: {"success":true,"message":"Подключение к базе данных успешно","usersCount":2,"users":[{"id":3,"login":"admin","email":"admin@example.com","name":"Админ Системный","isPasswordEncrypted":true,"passwordLength":4},{"id":2,"login":"adam","email":"first@people.world","name":"Adam First","isPasswordEncrypted":false,"passwordLength":60}]}
=======================================================

=======================================================
Timestamp: 2026-01-21T12:05:14.1252465Z
Method: GET
URL: /api/database/check
Status: 200
Duration: 62 ms
UserId: 
Client IP: ::1
User-Agent: 
Controller: Database, Action: CheckDatabase
Response Body: {"success":true,"message":"Подключение к базе данных успешно","usersCount":2,"users":[{"id":3,"login":"admin","email":"admin@example.com","name":"Админ Системный","isPasswordEncrypted":true,"passwordLength":4},{"id":2,"login":"adam","email":"first@people.world","name":"Adam First","isPasswordEncrypted":false,"passwordLength":60}]}
=======================================================

=======================================================
Timestamp: 2026-01-21T12:05:15.7244895Z
Method: GET
URL: /api/database/check
Status: 200
Duration: 67 ms
UserId: 
Client IP: ::1
User-Agent: 
Controller: Database, Action: CheckDatabase
Response Body: {"success":true,"message":"Подключение к базе данных успешно","usersCount":2,"users":[{"id":3,"login":"admin","email":"admin@example.com","name":"Админ Системный","isPasswordEncrypted":true,"passwordLength":4},{"id":2,"login":"adam","email":"first@people.world","name":"Adam First","isPasswordEncrypted":false,"passwordLength":60}]}
=======================================================

=======================================================
Timestamp: 2026-01-21T12:05:17.7240008Z
Method: GET
URL: /api/database/check
Status: 200
Duration: 72 ms
UserId: 
Client IP: ::1
User-Agent: 
Controller: Database, Action: CheckDatabase
Response Body: {"success":true,"message":"Подключение к базе данных успешно","usersCount":2,"users":[{"id":3,"login":"admin","email":"admin@example.com","name":"Админ Системный","isPasswordEncrypted":true,"passwordLength":4},{"id":2,"login":"adam","email":"first@people.world","name":"Adam First","isPasswordEncrypted":false,"passwordLength":60}]}
=======================================================

=======================================================
Timestamp: 2026-01-21T12:05:27.5675835Z
Method: GET
URL: /api/warehouses
Status: 200
Duration: 1 ms
UserId: 
Client IP: ::1
User-Agent: 
Controller: Warehouses, Action: GetAll
Response Body: [{"id":1,"name":"Хуян","type":"Производство","isActive":true,"fromMovements":[],"toMovements":[],"fromRequests":[],"toRequests":[]}]
=======================================================

=======================================================
Timestamp: 2026-01-21T12:05:27.5678159Z
Method: GET
URL: /api/users
Status: 200
Duration: 2 ms
UserId: 
Client IP: ::1
User-Agent: 
Controller: Users, Action: GetAll
Response Body: [{"id":2,"login":"adam","encryptedPassword":"$2a$11$O2LDI/XqHSjEV.y0jbJDHue4R0XDH6BPWvHIEVQgkwoQDO5X3ZVLW","name":"Adam","surname":"First","email":"first@people.world","phone":"","createdAt":"2026-01-18T02:00:00.151037Z","roleId":null,"role":null,"alarmEvents":[],"sentPartRequests":[],"receivedPartRequests":[],"sentShiftTransfers":[],"receivedShiftTransfers":[]},{"id":3,"login":"admin","encryptedPassword":"5252","name":"Админ","surname":"Системный","email":"admin@example.com","phone":"+71234567890","createdAt":"2026-01-18T02:01:31.317309Z","roleId":null,"role":null,"alarmEvents":[],"sentPartRequests":[],"receivedPartRequests":[],"sentShiftTransfers":[],"receivedShiftTransfers":[]}]
=======================================================

=======================================================
Timestamp: 2026-01-21T12:05:27.5738062Z
Method: GET
URL: /api/products
Status: 200
Duration: 1 ms
UserId: 
Client IP: ::1
User-Agent: 
Controller: Products, Action: GetAll
Response Body: [{"id":1,"name":"Яблочко","description":"1548753264","code":"152","measuringUnit":"шт"}]
=======================================================

=======================================================
Timestamp: 2026-01-21T12:05:27.5744312Z
Method: GET
URL: /api/materials
Status: 200
Duration: 1 ms
UserId: 
Client IP: ::1
User-Agent: 
Controller: Materials, Action: GetAll
Response Body: [{"id":1,"name":"Косточка","description":"работает?","code":"12312","measuringUnit":"шт"},{"id":2,"name":"Бам сука","description":"","code":"","measuringUnit":"шт"}]
=======================================================

=======================================================
Timestamp: 2026-01-21T12:05:27.5830832Z
Method: GET
URL: /api/users
Status: 200
Duration: 4 ms
UserId: 
Client IP: ::1
User-Agent: 
Controller: Users, Action: GetAll
Response Body: [{"id":2,"login":"adam","encryptedPassword":"$2a$11$O2LDI/XqHSjEV.y0jbJDHue4R0XDH6BPWvHIEVQgkwoQDO5X3ZVLW","name":"Adam","surname":"First","email":"first@people.world","phone":"","createdAt":"2026-01-18T02:00:00.151037Z","roleId":null,"role":null,"alarmEvents":[],"sentPartRequests":[],"receivedPartRequests":[],"sentShiftTransfers":[],"receivedShiftTransfers":[]},{"id":3,"login":"admin","encryptedPassword":"5252","name":"Админ","surname":"Системный","email":"admin@example.com","phone":"+71234567890","createdAt":"2026-01-18T02:01:31.317309Z","roleId":null,"role":null,"alarmEvents":[],"sentPartRequests":[],"receivedPartRequests":[],"sentShiftTransfers":[],"receivedShiftTransfers":[]}]
=======================================================

=======================================================
Timestamp: 2026-01-21T12:05:27.7173474Z
Method: GET
URL: /api/users
Status: 200
Duration: 2 ms
UserId: 
Client IP: ::1
User-Agent: 
Controller: Users, Action: GetAll
Response Body: [{"id":2,"login":"adam","encryptedPassword":"$2a$11$O2LDI/XqHSjEV.y0jbJDHue4R0XDH6BPWvHIEVQgkwoQDO5X3ZVLW","name":"Adam","surname":"First","email":"first@people.world","phone":"","createdAt":"2026-01-18T02:00:00.151037Z","roleId":null,"role":null,"alarmEvents":[],"sentPartRequests":[],"receivedPartRequests":[],"sentShiftTransfers":[],"receivedShiftTransfers":[]},{"id":3,"login":"admin","encryptedPassword":"5252","name":"Админ","surname":"Системный","email":"admin@example.com","phone":"+71234567890","createdAt":"2026-01-18T02:01:31.317309Z","roleId":null,"role":null,"alarmEvents":[],"sentPartRequests":[],"receivedPartRequests":[],"sentShiftTransfers":[],"receivedShiftTransfers":[]}]
=======================================================

=======================================================
Timestamp: 2026-01-21T12:05:27.7450885Z
Method: GET
URL: /api/materials
Status: 200
Duration: 1 ms
UserId: 
Client IP: ::1
User-Agent: 
Controller: Materials, Action: GetAll
Response Body: [{"id":1,"name":"Косточка","description":"работает?","code":"12312","measuringUnit":"шт"},{"id":2,"name":"Бам сука","description":"","code":"","measuringUnit":"шт"}]
=======================================================

=======================================================
Timestamp: 2026-01-21T12:05:27.7451465Z
Method: GET
URL: /api/warehouses
Status: 200
Duration: 1 ms
UserId: 
Client IP: ::1
User-Agent: 
Controller: Warehouses, Action: GetAll
Response Body: [{"id":1,"name":"Хуян","type":"Производство","isActive":true,"fromMovements":[],"toMovements":[],"fromRequests":[],"toRequests":[]}]
=======================================================

=======================================================
Timestamp: 2026-01-21T12:05:27.7457853Z
Method: GET
URL: /api/products
Status: 200
Duration: 1 ms
UserId: 
Client IP: ::1
User-Agent: 
Controller: Products, Action: GetAll
Response Body: [{"id":1,"name":"Яблочко","description":"1548753264","code":"152","measuringUnit":"шт"}]
=======================================================

=======================================================
Timestamp: 2026-01-21T12:05:27.7786988Z
Method: GET
URL: /api/roles
Status: 200
Duration: 2 ms
UserId: 
Client IP: ::1
User-Agent: 
Controller: Roles, Action: GetAll
Response Body: []
=======================================================

=======================================================
Timestamp: 2026-01-21T12:05:31.8835688Z
Method: GET
URL: /api/materials
Status: 200
Duration: 1 ms
UserId: 
Client IP: ::1
User-Agent: 
Controller: Materials, Action: GetAll
Response Body: [{"id":1,"name":"Косточка","description":"работает?","code":"12312","measuringUnit":"шт"},{"id":2,"name":"Бам сука","description":"","code":"","measuringUnit":"шт"}]
=======================================================

=======================================================
Timestamp: 2026-01-21T12:05:31.8846808Z
Method: GET
URL: /api/users
Status: 200
Duration: 1 ms
UserId: 
Client IP: ::1
User-Agent: 
Controller: Users, Action: GetAll
Response Body: [{"id":2,"login":"adam","encryptedPassword":"$2a$11$O2LDI/XqHSjEV.y0jbJDHue4R0XDH6BPWvHIEVQgkwoQDO5X3ZVLW","name":"Adam","surname":"First","email":"first@people.world","phone":"","createdAt":"2026-01-18T02:00:00.151037Z","roleId":null,"role":null,"alarmEvents":[],"sentPartRequests":[],"receivedPartRequests":[],"sentShiftTransfers":[],"receivedShiftTransfers":[]},{"id":3,"login":"admin","encryptedPassword":"5252","name":"Админ","surname":"Системный","email":"admin@example.com","phone":"+71234567890","createdAt":"2026-01-18T02:01:31.317309Z","roleId":null,"role":null,"alarmEvents":[],"sentPartRequests":[],"receivedPartRequests":[],"sentShiftTransfers":[],"receivedShiftTransfers":[]}]
=======================================================

=======================================================
Timestamp: 2026-01-21T12:05:31.8865350Z
Method: GET
URL: /api/warehouses
Status: 200
Duration: 1 ms
UserId: 
Client IP: ::1
User-Agent: 
Controller: Warehouses, Action: GetAll
Response Body: [{"id":1,"name":"Хуян","type":"Производство","isActive":true,"fromMovements":[],"toMovements":[],"fromRequests":[],"toRequests":[]}]
=======================================================

=======================================================
Timestamp: 2026-01-21T12:05:31.8877259Z
Method: GET
URL: /api/materials
Status: 200
Duration: 1 ms
UserId: 
Client IP: ::1
User-Agent: 
Controller: Materials, Action: GetAll
Response Body: [{"id":1,"name":"Косточка","description":"работает?","code":"12312","measuringUnit":"шт"},{"id":2,"name":"Бам сука","description":"","code":"","measuringUnit":"шт"}]
=======================================================

=======================================================
Timestamp: 2026-01-21T12:05:31.8919233Z
Method: GET
URL: /api/products
Status: 200
Duration: 1 ms
UserId: 
Client IP: ::1
User-Agent: 
Controller: Products, Action: GetAll
Response Body: [{"id":1,"name":"Яблочко","description":"1548753264","code":"152","measuringUnit":"шт"}]
=======================================================

=======================================================
Timestamp: 2026-01-21T12:05:31.8933277Z
Method: GET
URL: /api/materials
Status: 200
Duration: 1 ms
UserId: 
Client IP: ::1
User-Agent: 
Controller: Materials, Action: GetAll
Response Body: [{"id":1,"name":"Косточка","description":"работает?","code":"12312","measuringUnit":"шт"},{"id":2,"name":"Бам сука","description":"","code":"","measuringUnit":"шт"}]
=======================================================

=======================================================
Timestamp: 2026-01-21T12:05:34.5896133Z
Method: GET
URL: /api/materials
Status: 200
Duration: 1 ms
UserId: 
Client IP: ::1
User-Agent: 
Controller: Materials, Action: GetAll
Response Body: [{"id":1,"name":"Косточка","description":"работает?","code":"12312","measuringUnit":"шт"},{"id":2,"name":"Бам сука","description":"","code":"","measuringUnit":"шт"}]
=======================================================

=======================================================
Timestamp: 2026-01-21T12:05:34.5897587Z
Method: GET
URL: /api/warehouses
Status: 200
Duration: 2 ms
UserId: 
Client IP: ::1
User-Agent: 
Controller: Warehouses, Action: GetAll
Response Body: [{"id":1,"name":"Хуян","type":"Производство","isActive":true,"fromMovements":[],"toMovements":[],"fromRequests":[],"toRequests":[]}]
=======================================================

=======================================================
Timestamp: 2026-01-21T12:05:34.5912825Z
Method: GET
URL: /api/users
Status: 200
Duration: 1 ms
UserId: 
Client IP: ::1
User-Agent: 
Controller: Users, Action: GetAll
Response Body: [{"id":2,"login":"adam","encryptedPassword":"$2a$11$O2LDI/XqHSjEV.y0jbJDHue4R0XDH6BPWvHIEVQgkwoQDO5X3ZVLW","name":"Adam","surname":"First","email":"first@people.world","phone":"","createdAt":"2026-01-18T02:00:00.151037Z","roleId":null,"role":null,"alarmEvents":[],"sentPartRequests":[],"receivedPartRequests":[],"sentShiftTransfers":[],"receivedShiftTransfers":[]},{"id":3,"login":"admin","encryptedPassword":"5252","name":"Админ","surname":"Системный","email":"admin@example.com","phone":"+71234567890","createdAt":"2026-01-18T02:01:31.317309Z","roleId":null,"role":null,"alarmEvents":[],"sentPartRequests":[],"receivedPartRequests":[],"sentShiftTransfers":[],"receivedShiftTransfers":[]}]
=======================================================

=======================================================
Timestamp: 2026-01-21T12:05:34.5952306Z
Method: GET
URL: /api/warehouses
Status: 200
Duration: 1 ms
UserId: 
Client IP: ::1
User-Agent: 
Controller: Warehouses, Action: GetAll
Response Body: [{"id":1,"name":"Хуян","type":"Производство","isActive":true,"fromMovements":[],"toMovements":[],"fromRequests":[],"toRequests":[]}]
=======================================================

=======================================================
Timestamp: 2026-01-21T12:05:34.5983828Z
Method: GET
URL: /api/materials
Status: 200
Duration: 1 ms
UserId: 
Client IP: ::1
User-Agent: 
Controller: Materials, Action: GetAll
Response Body: [{"id":1,"name":"Косточка","description":"работает?","code":"12312","measuringUnit":"шт"},{"id":2,"name":"Бам сука","description":"","code":"","measuringUnit":"шт"}]
=======================================================

=======================================================
Timestamp: 2026-01-21T12:05:34.6015190Z
Method: GET
URL: /api/warehouses
Status: 200
Duration: 1 ms
UserId: 
Client IP: ::1
User-Agent: 
Controller: Warehouses, Action: GetAll
Response Body: [{"id":1,"name":"Хуян","type":"Производство","isActive":true,"fromMovements":[],"toMovements":[],"fromRequests":[],"toRequests":[]}]
=======================================================

=======================================================
Timestamp: 2026-01-21T12:05:34.6026408Z
Method: GET
URL: /api/products
Status: 200
Duration: 1 ms
UserId: 
Client IP: ::1
User-Agent: 
Controller: Products, Action: GetAll
Response Body: [{"id":1,"name":"Яблочко","description":"1548753264","code":"152","measuringUnit":"шт"}]
=======================================================

=======================================================
Timestamp: 2026-01-21T12:05:37.9828202Z
Method: GET
URL: /api/work-reports/user/3
Status: 404
Duration: 0 ms
UserId: 
Client IP: ::1
User-Agent: 
=======================================================

=======================================================
Timestamp: 2026-01-21T12:05:37.9849496Z
Method: GET
URL: /api/work-reports/user/3
Status: 404
Duration: 0 ms
UserId: 
Client IP: ::1
User-Agent: 
=======================================================

=======================================================
Timestamp: 2026-01-21T12:05:40.6963087Z
Method: GET
URL: /api/products
Status: 200
Duration: 1 ms
UserId: 
Client IP: ::1
User-Agent: 
Controller: Products, Action: GetAll
Response Body: [{"id":1,"name":"Яблочко","description":"1548753264","code":"152","measuringUnit":"шт"}]
=======================================================

=======================================================
Timestamp: 2026-01-21T12:05:40.6988721Z
Method: GET
URL: /api/materials
Status: 200
Duration: 1 ms
UserId: 
Client IP: ::1
User-Agent: 
Controller: Materials, Action: GetAll
Response Body: [{"id":1,"name":"Косточка","description":"работает?","code":"12312","measuringUnit":"шт"},{"id":2,"name":"Бам сука","description":"","code":"","measuringUnit":"шт"}]
=======================================================

=======================================================
Timestamp: 2026-01-21T12:05:40.7010583Z
Method: GET
URL: /api/users
Status: 200
Duration: 1 ms
UserId: 
Client IP: ::1
User-Agent: 
Controller: Users, Action: GetAll
Response Body: [{"id":2,"login":"adam","encryptedPassword":"$2a$11$O2LDI/XqHSjEV.y0jbJDHue4R0XDH6BPWvHIEVQgkwoQDO5X3ZVLW","name":"Adam","surname":"First","email":"first@people.world","phone":"","createdAt":"2026-01-18T02:00:00.151037Z","roleId":null,"role":null,"alarmEvents":[],"sentPartRequests":[],"receivedPartRequests":[],"sentShiftTransfers":[],"receivedShiftTransfers":[]},{"id":3,"login":"admin","encryptedPassword":"5252","name":"Админ","surname":"Системный","email":"admin@example.com","phone":"+71234567890","createdAt":"2026-01-18T02:01:31.317309Z","roleId":null,"role":null,"alarmEvents":[],"sentPartRequests":[],"receivedPartRequests":[],"sentShiftTransfers":[],"receivedShiftTransfers":[]}]
=======================================================

=======================================================
Timestamp: 2026-01-21T12:05:40.7041932Z
Method: GET
URL: /api/warehouses
Status: 200
Duration: 1 ms
UserId: 
Client IP: ::1
User-Agent: 
Controller: Warehouses, Action: GetAll
Response Body: [{"id":1,"name":"Хуян","type":"Производство","isActive":true,"fromMovements":[],"toMovements":[],"fromRequests":[],"toRequests":[]}]
=======================================================

=======================================================
Timestamp: 2026-01-21T12:05:40.7059220Z
Method: GET
URL: /api/materials
Status: 200
Duration: 1 ms
UserId: 
Client IP: ::1
User-Agent: 
Controller: Materials, Action: GetAll
Response Body: [{"id":1,"name":"Косточка","description":"работает?","code":"12312","measuringUnit":"шт"},{"id":2,"name":"Бам сука","description":"","code":"","measuringUnit":"шт"}]
=======================================================

=======================================================
Timestamp: 2026-01-21T12:05:40.7111733Z
Method: GET
URL: /api/products
Status: 200
Duration: 1 ms
UserId: 
Client IP: ::1
User-Agent: 
Controller: Products, Action: GetAll
Response Body: [{"id":1,"name":"Яблочко","description":"1548753264","code":"152","measuringUnit":"шт"}]
=======================================================

=======================================================
Timestamp: 2026-01-21T12:05:40.7136330Z
Method: GET
URL: /api/products
Status: 200
Duration: 2 ms
UserId: 
Client IP: ::1
User-Agent: 
Controller: Products, Action: GetAll
Response Body: [{"id":1,"name":"Яблочко","description":"1548753264","code":"152","measuringUnit":"шт"}]
=======================================================

=======================================================
Timestamp: 2026-01-21T12:05:43.0833534Z
Method: GET
URL: /api/products
Status: 200
Duration: 1 ms
UserId: 
Client IP: ::1
User-Agent: 
Controller: Products, Action: GetAll
Response Body: [{"id":1,"name":"Яблочко","description":"1548753264","code":"152","measuringUnit":"шт"}]
=======================================================

=======================================================
Timestamp: 2026-01-21T12:05:43.0846185Z
Method: GET
URL: /api/warehouses
Status: 200
Duration: 1 ms
UserId: 
Client IP: ::1
User-Agent: 
Controller: Warehouses, Action: GetAll
Response Body: [{"id":1,"name":"Хуян","type":"Производство","isActive":true,"fromMovements":[],"toMovements":[],"fromRequests":[],"toRequests":[]}]
=======================================================

=======================================================
Timestamp: 2026-01-21T12:05:43.0862499Z
Method: GET
URL: /api/materials
Status: 200
Duration: 2 ms
UserId: 
Client IP: ::1
User-Agent: 
Controller: Materials, Action: GetAll
Response Body: [{"id":1,"name":"Косточка","description":"работает?","code":"12312","measuringUnit":"шт"},{"id":2,"name":"Бам сука","description":"","code":"","measuringUnit":"шт"}]
=======================================================

=======================================================
Timestamp: 2026-01-21T12:05:43.0887102Z
Method: GET
URL: /api/users
Status: 200
Duration: 2 ms
UserId: 
Client IP: ::1
User-Agent: 
Controller: Users, Action: GetAll
Response Body: [{"id":2,"login":"adam","encryptedPassword":"$2a$11$O2LDI/XqHSjEV.y0jbJDHue4R0XDH6BPWvHIEVQgkwoQDO5X3ZVLW","name":"Adam","surname":"First","email":"first@people.world","phone":"","createdAt":"2026-01-18T02:00:00.151037Z","roleId":null,"role":null,"alarmEvents":[],"sentPartRequests":[],"receivedPartRequests":[],"sentShiftTransfers":[],"receivedShiftTransfers":[]},{"id":3,"login":"admin","encryptedPassword":"5252","name":"Админ","surname":"Системный","email":"admin@example.com","phone":"+71234567890","createdAt":"2026-01-18T02:01:31.317309Z","roleId":null,"role":null,"alarmEvents":[],"sentPartRequests":[],"receivedPartRequests":[],"sentShiftTransfers":[],"receivedShiftTransfers":[]}]
=======================================================

=======================================================
Timestamp: 2026-01-21T12:05:43.0906225Z
Method: GET
URL: /api/warehouses
Status: 200
Duration: 1 ms
UserId: 
Client IP: ::1
User-Agent: 
Controller: Warehouses, Action: GetAll
Response Body: [{"id":1,"name":"Хуян","type":"Производство","isActive":true,"fromMovements":[],"toMovements":[],"fromRequests":[],"toRequests":[]}]
=======================================================

=======================================================
Timestamp: 2026-01-21T12:05:43.0938079Z
Method: GET
URL: /api/materials
Status: 200
Duration: 1 ms
UserId: 
Client IP: ::1
User-Agent: 
Controller: Materials, Action: GetAll
Response Body: [{"id":1,"name":"Косточка","description":"работает?","code":"12312","measuringUnit":"шт"},{"id":2,"name":"Бам сука","description":"","code":"","measuringUnit":"шт"}]
=======================================================

=======================================================
Timestamp: 2026-01-21T12:05:43.0962580Z
Method: GET
URL: /api/products
Status: 200
Duration: 1 ms
UserId: 
Client IP: ::1
User-Agent: 
Controller: Products, Action: GetAll
Response Body: [{"id":1,"name":"Яблочко","description":"1548753264","code":"152","measuringUnit":"шт"}]
=======================================================

=======================================================
Timestamp: 2026-01-21T12:05:43.0966142Z
Method: GET
URL: /api/products
Status: 200
Duration: 1 ms
UserId: 
Client IP: ::1
User-Agent: 
Controller: Products, Action: GetAll
Response Body: [{"id":1,"name":"Яблочко","description":"1548753264","code":"152","measuringUnit":"шт"}]
=======================================================

=======================================================
Timestamp: 2026-01-21T12:05:55.8853588Z
Method: GET
URL: /api/products
Status: 200
Duration: 1 ms
UserId: 
Client IP: ::1
User-Agent: 
Controller: Products, Action: GetAll
Response Body: [{"id":1,"name":"Яблочко","description":"1548753264","code":"152","measuringUnit":"шт"}]
=======================================================

=======================================================
Timestamp: 2026-01-21T12:05:55.8863318Z
Method: GET
URL: /api/warehouses
Status: 200
Duration: 0 ms
UserId: 
Client IP: ::1
User-Agent: 
Controller: Warehouses, Action: GetAll
Response Body: [{"id":1,"name":"Хуян","type":"Производство","isActive":true,"fromMovements":[],"toMovements":[],"fromRequests":[],"toRequests":[]}]
=======================================================

=======================================================
Timestamp: 2026-01-21T12:05:55.8863422Z
Method: GET
URL: /api/products
Status: 200
Duration: 1 ms
UserId: 
Client IP: ::1
User-Agent: 
Controller: Products, Action: GetAll
Response Body: [{"id":1,"name":"Яблочко","description":"1548753264","code":"152","measuringUnit":"шт"}]
=======================================================

=======================================================
Timestamp: 2026-01-21T12:05:55.8942190Z
Method: GET
URL: /api/materials
Status: 200
Duration: 2 ms
UserId: 
Client IP: ::1
User-Agent: 
Controller: Materials, Action: GetAll
Response Body: [{"id":1,"name":"Косточка","description":"работает?","code":"12312","measuringUnit":"шт"},{"id":2,"name":"Бам сука","description":"","code":"","measuringUnit":"шт"}]
=======================================================

=======================================================
Timestamp: 2026-01-21T12:05:55.8963067Z
Method: GET
URL: /api/users
Status: 200
Duration: 2 ms
UserId: 
Client IP: ::1
User-Agent: 
Controller: Users, Action: GetAll
Response Body: [{"id":2,"login":"adam","encryptedPassword":"$2a$11$O2LDI/XqHSjEV.y0jbJDHue4R0XDH6BPWvHIEVQgkwoQDO5X3ZVLW","name":"Adam","surname":"First","email":"first@people.world","phone":"","createdAt":"2026-01-18T02:00:00.151037Z","roleId":null,"role":null,"alarmEvents":[],"sentPartRequests":[],"receivedPartRequests":[],"sentShiftTransfers":[],"receivedShiftTransfers":[]},{"id":3,"login":"admin","encryptedPassword":"5252","name":"Админ","surname":"Системный","email":"admin@example.com","phone":"+71234567890","createdAt":"2026-01-18T02:01:31.317309Z","roleId":null,"role":null,"alarmEvents":[],"sentPartRequests":[],"receivedPartRequests":[],"sentShiftTransfers":[],"receivedShiftTransfers":[]}]
=======================================================

=======================================================
Timestamp: 2026-01-21T12:05:55.8973444Z
Method: GET
URL: /api/warehouses
Status: 200
Duration: 2 ms
UserId: 
Client IP: ::1
User-Agent: 
Controller: Warehouses, Action: GetAll
Response Body: [{"id":1,"name":"Хуян","type":"Производство","isActive":true,"fromMovements":[],"toMovements":[],"fromRequests":[],"toRequests":[]}]
=======================================================

=======================================================
Timestamp: 2026-01-21T12:05:55.9019174Z
Method: GET
URL: /api/materials
Status: 200
Duration: 1 ms
UserId: 
Client IP: ::1
User-Agent: 
Controller: Materials, Action: GetAll
Response Body: [{"id":1,"name":"Косточка","description":"работает?","code":"12312","measuringUnit":"шт"},{"id":2,"name":"Бам сука","description":"","code":"","measuringUnit":"шт"}]
=======================================================

=======================================================
Timestamp: 2026-01-21T12:05:55.9028765Z
Method: GET
URL: /api/products
Status: 200
Duration: 1 ms
UserId: 
Client IP: ::1
User-Agent: 
Controller: Products, Action: GetAll
Response Body: [{"id":1,"name":"Яблочко","description":"1548753264","code":"152","measuringUnit":"шт"}]
=======================================================

=======================================================
Timestamp: 2026-01-21T12:05:55.9053750Z
Method: GET
URL: /api/products
Status: 200
Duration: 1 ms
UserId: 
Client IP: ::1
User-Agent: 
Controller: Products, Action: GetAll
Response Body: [{"id":1,"name":"Яблочко","description":"1548753264","code":"152","measuringUnit":"шт"}]
=======================================================

=======================================================
Timestamp: 2026-01-21T12:05:58.6753588Z
Method: GET
URL: /api/products
Status: 200
Duration: 1 ms
UserId: 
Client IP: ::1
User-Agent: 
Controller: Products, Action: GetAll
Response Body: [{"id":1,"name":"Яблочко","description":"1548753264","code":"152","measuringUnit":"шт"}]
=======================================================

=======================================================
Timestamp: 2026-01-21T12:05:58.6764179Z
Method: GET
URL: /api/warehouses
Status: 200
Duration: 1 ms
UserId: 
Client IP: ::1
User-Agent: 
Controller: Warehouses, Action: GetAll
Response Body: [{"id":1,"name":"Хуян","type":"Производство","isActive":true,"fromMovements":[],"toMovements":[],"fromRequests":[],"toRequests":[]}]
=======================================================

=======================================================
Timestamp: 2026-01-21T12:05:58.6792851Z
Method: GET
URL: /api/warehouses
Status: 200
Duration: 1 ms
UserId: 
Client IP: ::1
User-Agent: 
Controller: Warehouses, Action: GetAll
Response Body: [{"id":1,"name":"Хуян","type":"Производство","isActive":true,"fromMovements":[],"toMovements":[],"fromRequests":[],"toRequests":[]}]
=======================================================

=======================================================
Timestamp: 2026-01-21T12:05:58.6832531Z
Method: GET
URL: /api/materials
Status: 200
Duration: 1 ms
UserId: 
Client IP: ::1
User-Agent: 
Controller: Materials, Action: GetAll
Response Body: [{"id":1,"name":"Косточка","description":"работает?","code":"12312","measuringUnit":"шт"},{"id":2,"name":"Бам сука","description":"","code":"","measuringUnit":"шт"}]
=======================================================

=======================================================
Timestamp: 2026-01-21T12:05:58.6851455Z
Method: GET
URL: /api/users
Status: 200
Duration: 1 ms
UserId: 
Client IP: ::1
User-Agent: 
Controller: Users, Action: GetAll
Response Body: [{"id":2,"login":"adam","encryptedPassword":"$2a$11$O2LDI/XqHSjEV.y0jbJDHue4R0XDH6BPWvHIEVQgkwoQDO5X3ZVLW","name":"Adam","surname":"First","email":"first@people.world","phone":"","createdAt":"2026-01-18T02:00:00.151037Z","roleId":null,"role":null,"alarmEvents":[],"sentPartRequests":[],"receivedPartRequests":[],"sentShiftTransfers":[],"receivedShiftTransfers":[]},{"id":3,"login":"admin","encryptedPassword":"5252","name":"Админ","surname":"Системный","email":"admin@example.com","phone":"+71234567890","createdAt":"2026-01-18T02:01:31.317309Z","roleId":null,"role":null,"alarmEvents":[],"sentPartRequests":[],"receivedPartRequests":[],"sentShiftTransfers":[],"receivedShiftTransfers":[]}]
=======================================================

=======================================================
Timestamp: 2026-01-21T12:05:58.6866056Z
Method: GET
URL: /api/warehouses
Status: 200
Duration: 1 ms
UserId: 
Client IP: ::1
User-Agent: 
Controller: Warehouses, Action: GetAll
Response Body: [{"id":1,"name":"Хуян","type":"Производство","isActive":true,"fromMovements":[],"toMovements":[],"fromRequests":[],"toRequests":[]}]
=======================================================

=======================================================
Timestamp: 2026-01-21T12:05:58.6933247Z
Method: GET
URL: /api/materials
Status: 200
Duration: 2 ms
UserId: 
Client IP: ::1
User-Agent: 
Controller: Materials, Action: GetAll
Response Body: [{"id":1,"name":"Косточка","description":"работает?","code":"12312","measuringUnit":"шт"},{"id":2,"name":"Бам сука","description":"","code":"","measuringUnit":"шт"}]
=======================================================

=======================================================
Timestamp: 2026-01-21T12:05:58.6970967Z
Method: GET
URL: /api/warehouses
Status: 200
Duration: 2 ms
UserId: 
Client IP: ::1
User-Agent: 
Controller: Warehouses, Action: GetAll
Response Body: [{"id":1,"name":"Хуян","type":"Производство","isActive":true,"fromMovements":[],"toMovements":[],"fromRequests":[],"toRequests":[]}]
=======================================================

=======================================================
Timestamp: 2026-01-21T12:05:58.6974888Z
Method: GET
URL: /api/products
Status: 200
Duration: 3 ms
UserId: 
Client IP: ::1
User-Agent: 
Controller: Products, Action: GetAll
Response Body: [{"id":1,"name":"Яблочко","description":"1548753264","code":"152","measuringUnit":"шт"}]
=======================================================

=======================================================
Timestamp: 2026-01-21T12:06:02.0014145Z
Method: GET
URL: /api/warehouses
Status: 200
Duration: 1 ms
UserId: 
Client IP: ::1
User-Agent: 
Controller: Warehouses, Action: GetAll
Response Body: [{"id":1,"name":"Хуян","type":"Производство","isActive":true,"fromMovements":[],"toMovements":[],"fromRequests":[],"toRequests":[]}]
=======================================================

=======================================================
Timestamp: 2026-01-21T12:06:02.0021467Z
Method: GET
URL: /api/users
Status: 200
Duration: 2 ms
UserId: 
Client IP: ::1
User-Agent: 
Controller: Users, Action: GetAll
Response Body: [{"id":2,"login":"adam","encryptedPassword":"$2a$11$O2LDI/XqHSjEV.y0jbJDHue4R0XDH6BPWvHIEVQgkwoQDO5X3ZVLW","name":"Adam","surname":"First","email":"first@people.world","phone":"","createdAt":"2026-01-18T02:00:00.151037Z","roleId":null,"role":null,"alarmEvents":[],"sentPartRequests":[],"receivedPartRequests":[],"sentShiftTransfers":[],"receivedShiftTransfers":[]},{"id":3,"login":"admin","encryptedPassword":"5252","name":"Админ","surname":"Системный","email":"admin@example.com","phone":"+71234567890","createdAt":"2026-01-18T02:01:31.317309Z","roleId":null,"role":null,"alarmEvents":[],"sentPartRequests":[],"receivedPartRequests":[],"sentShiftTransfers":[],"receivedShiftTransfers":[]}]
=======================================================

=======================================================
Timestamp: 2026-01-21T12:06:02.0040785Z
Method: GET
URL: /api/products
Status: 200
Duration: 1 ms
UserId: 
Client IP: ::1
User-Agent: 
Controller: Products, Action: GetAll
Response Body: [{"id":1,"name":"Яблочко","description":"1548753264","code":"152","measuringUnit":"шт"}]
=======================================================

=======================================================
Timestamp: 2026-01-21T12:06:02.0059243Z
Method: GET
URL: /api/products
Status: 200
Duration: 1 ms
UserId: 
Client IP: ::1
User-Agent: 
Controller: Products, Action: GetAll
Response Body: [{"id":1,"name":"Яблочко","description":"1548753264","code":"152","measuringUnit":"шт"}]
=======================================================

=======================================================
Timestamp: 2026-01-21T12:06:02.0107077Z
Method: GET
URL: /api/warehouses
Status: 200
Duration: 1 ms
UserId: 
Client IP: ::1
User-Agent: 
Controller: Warehouses, Action: GetAll
Response Body: [{"id":1,"name":"Хуян","type":"Производство","isActive":true,"fromMovements":[],"toMovements":[],"fromRequests":[],"toRequests":[]}]
=======================================================

=======================================================
Timestamp: 2026-01-21T12:06:02.0140270Z
Method: GET
URL: /api/materials
Status: 200
Duration: 1 ms
UserId: 
Client IP: ::1
User-Agent: 
Controller: Materials, Action: GetAll
Response Body: [{"id":1,"name":"Косточка","description":"работает?","code":"12312","measuringUnit":"шт"},{"id":2,"name":"Бам сука","description":"","code":"","measuringUnit":"шт"}]
=======================================================

=======================================================
Timestamp: 2026-01-21T12:06:02.0157115Z
Method: GET
URL: /api/warehouses
Status: 200
Duration: 1 ms
UserId: 
Client IP: ::1
User-Agent: 
Controller: Warehouses, Action: GetAll
Response Body: [{"id":1,"name":"Хуян","type":"Производство","isActive":true,"fromMovements":[],"toMovements":[],"fromRequests":[],"toRequests":[]}]
=======================================================

=======================================================
Timestamp: 2026-01-21T12:06:02.0165475Z
Method: GET
URL: /api/users
Status: 200
Duration: 2 ms
UserId: 
Client IP: ::1
User-Agent: 
Controller: Users, Action: GetAll
Response Body: [{"id":2,"login":"adam","encryptedPassword":"$2a$11$O2LDI/XqHSjEV.y0jbJDHue4R0XDH6BPWvHIEVQgkwoQDO5X3ZVLW","name":"Adam","surname":"First","email":"first@people.world","phone":"","createdAt":"2026-01-18T02:00:00.151037Z","roleId":null,"role":null,"alarmEvents":[],"sentPartRequests":[],"receivedPartRequests":[],"sentShiftTransfers":[],"receivedShiftTransfers":[]},{"id":3,"login":"admin","encryptedPassword":"5252","name":"Админ","surname":"Системный","email":"admin@example.com","phone":"+71234567890","createdAt":"2026-01-18T02:01:31.317309Z","roleId":null,"role":null,"alarmEvents":[],"sentPartRequests":[],"receivedPartRequests":[],"sentShiftTransfers":[],"receivedShiftTransfers":[]}]
=======================================================

=======================================================
Timestamp: 2026-01-21T12:06:02.0206148Z
Method: GET
URL: /api/materials
Status: 200
Duration: 1 ms
UserId: 
Client IP: ::1
User-Agent: 
Controller: Materials, Action: GetAll
Response Body: [{"id":1,"name":"Косточка","description":"работает?","code":"12312","measuringUnit":"шт"},{"id":2,"name":"Бам сука","description":"","code":"","measuringUnit":"шт"}]
=======================================================

=======================================================
Timestamp: 2026-01-21T12:06:02.0220916Z
Method: GET
URL: /api/products
Status: 200
Duration: 1 ms
UserId: 
Client IP: ::1
User-Agent: 
Controller: Products, Action: GetAll
Response Body: [{"id":1,"name":"Яблочко","description":"1548753264","code":"152","measuringUnit":"шт"}]
=======================================================

=======================================================
Timestamp: 2026-01-21T12:06:02.0233133Z
Method: GET
URL: /api/users
Status: 200
Duration: 2 ms
UserId: 
Client IP: ::1
User-Agent: 
Controller: Users, Action: GetAll
Response Body: [{"id":2,"login":"adam","encryptedPassword":"$2a$11$O2LDI/XqHSjEV.y0jbJDHue4R0XDH6BPWvHIEVQgkwoQDO5X3ZVLW","name":"Adam","surname":"First","email":"first@people.world","phone":"","createdAt":"2026-01-18T02:00:00.151037Z","roleId":null,"role":null,"alarmEvents":[],"sentPartRequests":[],"receivedPartRequests":[],"sentShiftTransfers":[],"receivedShiftTransfers":[]},{"id":3,"login":"admin","encryptedPassword":"5252","name":"Админ","surname":"Системный","email":"admin@example.com","phone":"+71234567890","createdAt":"2026-01-18T02:01:31.317309Z","roleId":null,"role":null,"alarmEvents":[],"sentPartRequests":[],"receivedPartRequests":[],"sentShiftTransfers":[],"receivedShiftTransfers":[]}]
=======================================================

=======================================================
Timestamp: 2026-01-21T12:06:02.1420355Z
Method: GET
URL: /api/users
Status: 200
Duration: 1 ms
UserId: 
Client IP: ::1
User-Agent: 
Controller: Users, Action: GetAll
Response Body: [{"id":2,"login":"adam","encryptedPassword":"$2a$11$O2LDI/XqHSjEV.y0jbJDHue4R0XDH6BPWvHIEVQgkwoQDO5X3ZVLW","name":"Adam","surname":"First","email":"first@people.world","phone":"","createdAt":"2026-01-18T02:00:00.151037Z","roleId":null,"role":null,"alarmEvents":[],"sentPartRequests":[],"receivedPartRequests":[],"sentShiftTransfers":[],"receivedShiftTransfers":[]},{"id":3,"login":"admin","encryptedPassword":"5252","name":"Админ","surname":"Системный","email":"admin@example.com","phone":"+71234567890","createdAt":"2026-01-18T02:01:31.317309Z","roleId":null,"role":null,"alarmEvents":[],"sentPartRequests":[],"receivedPartRequests":[],"sentShiftTransfers":[],"receivedShiftTransfers":[]}]
=======================================================

=======================================================
Timestamp: 2026-01-21T12:06:02.1454837Z
Method: GET
URL: /api/warehouses
Status: 200
Duration: 0 ms
UserId: 
Client IP: ::1
User-Agent: 
Controller: Warehouses, Action: GetAll
Response Body: [{"id":1,"name":"Хуян","type":"Производство","isActive":true,"fromMovements":[],"toMovements":[],"fromRequests":[],"toRequests":[]}]
=======================================================

=======================================================
Timestamp: 2026-01-21T12:06:02.1642926Z
Method: GET
URL: /api/products
Status: 200
Duration: 0 ms
UserId: 
Client IP: ::1
User-Agent: 
Controller: Products, Action: GetAll
Response Body: [{"id":1,"name":"Яблочко","description":"1548753264","code":"152","measuringUnit":"шт"}]
=======================================================

=======================================================
Timestamp: 2026-01-21T12:06:02.1646143Z
Method: GET
URL: /api/products
Status: 200
Duration: 1 ms
UserId: 
Client IP: ::1
User-Agent: 
Controller: Products, Action: GetAll
Response Body: [{"id":1,"name":"Яблочко","description":"1548753264","code":"152","measuringUnit":"шт"}]
=======================================================

=======================================================
Timestamp: 2026-01-21T12:06:02.1803173Z
Method: GET
URL: /api/warehouses
Status: 200
Duration: 2 ms
UserId: 
Client IP: ::1
User-Agent: 
Controller: Warehouses, Action: GetAll
Response Body: [{"id":1,"name":"Хуян","type":"Производство","isActive":true,"fromMovements":[],"toMovements":[],"fromRequests":[],"toRequests":[]}]
=======================================================

=======================================================
Timestamp: 2026-01-21T12:06:02.1824978Z
Method: GET
URL: /api/materials
Status: 200
Duration: 0 ms
UserId: 
Client IP: ::1
User-Agent: 
Controller: Materials, Action: GetAll
Response Body: [{"id":1,"name":"Косточка","description":"работает?","code":"12312","measuringUnit":"шт"},{"id":2,"name":"Бам сука","description":"","code":"","measuringUnit":"шт"}]
=======================================================

=======================================================
Timestamp: 2026-01-21T12:06:02.1949117Z
Method: GET
URL: /api/users
Status: 200
Duration: 4 ms
UserId: 
Client IP: ::1
User-Agent: 
Controller: Users, Action: GetAll
Response Body: [{"id":2,"login":"adam","encryptedPassword":"$2a$11$O2LDI/XqHSjEV.y0jbJDHue4R0XDH6BPWvHIEVQgkwoQDO5X3ZVLW","name":"Adam","surname":"First","email":"first@people.world","phone":"","createdAt":"2026-01-18T02:00:00.151037Z","roleId":null,"role":null,"alarmEvents":[],"sentPartRequests":[],"receivedPartRequests":[],"sentShiftTransfers":[],"receivedShiftTransfers":[]},{"id":3,"login":"admin","encryptedPassword":"5252","name":"Админ","surname":"Системный","email":"admin@example.com","phone":"+71234567890","createdAt":"2026-01-18T02:01:31.317309Z","roleId":null,"role":null,"alarmEvents":[],"sentPartRequests":[],"receivedPartRequests":[],"sentShiftTransfers":[],"receivedShiftTransfers":[]}]
=======================================================

=======================================================
Timestamp: 2026-01-21T12:06:02.2062924Z
Method: GET
URL: /api/warehouses
Status: 200
Duration: 1 ms
UserId: 
Client IP: ::1
User-Agent: 
Controller: Warehouses, Action: GetAll
Response Body: [{"id":1,"name":"Хуян","type":"Производство","isActive":true,"fromMovements":[],"toMovements":[],"fromRequests":[],"toRequests":[]}]
=======================================================

=======================================================
Timestamp: 2026-01-21T12:06:02.2066019Z
Method: GET
URL: /api/products
Status: 200
Duration: 4 ms
UserId: 
Client IP: ::1
User-Agent: 
Controller: Products, Action: GetAll
Response Body: [{"id":1,"name":"Яблочко","description":"1548753264","code":"152","measuringUnit":"шт"}]
=======================================================

=======================================================
Timestamp: 2026-01-21T12:06:02.2177809Z
Method: GET
URL: /api/roles
Status: 200
Duration: 2 ms
UserId: 
Client IP: ::1
User-Agent: 
Controller: Roles, Action: GetAll
Response Body: []
=======================================================

=======================================================
Timestamp: 2026-01-21T12:07:10.1507514Z
Method: GET
URL: /api/warehouses
Status: 200
Duration: 1 ms
UserId: 
Client IP: ::1
User-Agent: 
Controller: Warehouses, Action: GetAll
Response Body: [{"id":1,"name":"Хуян","type":"Производство","isActive":true,"fromMovements":[],"toMovements":[],"fromRequests":[],"toRequests":[]}]
=======================================================

=======================================================
Timestamp: 2026-01-21T12:07:10.1515940Z
Method: GET
URL: /api/products
Status: 200
Duration: 1 ms
UserId: 
Client IP: ::1
User-Agent: 
Controller: Products, Action: GetAll
Response Body: [{"id":1,"name":"Яблочко","description":"1548753264","code":"152","measuringUnit":"шт"}]
=======================================================

=======================================================
Timestamp: 2026-01-21T12:07:10.1508198Z
Method: GET
URL: /api/users
Status: 200
Duration: 1 ms
UserId: 
Client IP: ::1
User-Agent: 
Controller: Users, Action: GetAll
Response Body: [{"id":2,"login":"adam","encryptedPassword":"$2a$11$O2LDI/XqHSjEV.y0jbJDHue4R0XDH6BPWvHIEVQgkwoQDO5X3ZVLW","name":"Adam","surname":"First","email":"first@people.world","phone":"","createdAt":"2026-01-18T02:00:00.151037Z","roleId":null,"role":null,"alarmEvents":[],"sentPartRequests":[],"receivedPartRequests":[],"sentShiftTransfers":[],"receivedShiftTransfers":[]},{"id":3,"login":"admin","encryptedPassword":"5252","name":"Админ","surname":"Системный","email":"admin@example.com","phone":"+71234567890","createdAt":"2026-01-18T02:01:31.317309Z","roleId":null,"role":null,"alarmEvents":[],"sentPartRequests":[],"receivedPartRequests":[],"sentShiftTransfers":[],"receivedShiftTransfers":[]}]
=======================================================

=======================================================
Timestamp: 2026-01-21T12:07:10.1684198Z
Method: GET
URL: /api/products
Status: 200
Duration: 1 ms
UserId: 
Client IP: ::1
User-Agent: 
Controller: Products, Action: GetAll
Response Body: [{"id":1,"name":"Яблочко","description":"1548753264","code":"152","measuringUnit":"шт"}]
=======================================================

=======================================================
Timestamp: 2026-01-21T12:07:10.2806891Z
Method: GET
URL: /api/warehouses
Status: 200
Duration: 2 ms
UserId: 
Client IP: ::1
User-Agent: 
Controller: Warehouses, Action: GetAll
Response Body: [{"id":1,"name":"Хуян","type":"Производство","isActive":true,"fromMovements":[],"toMovements":[],"fromRequests":[],"toRequests":[]}]
=======================================================

=======================================================
Timestamp: 2026-01-21T12:07:10.2867233Z
Method: GET
URL: /api/users
Status: 200
Duration: 12 ms
UserId: 
Client IP: ::1
User-Agent: 
Controller: Users, Action: GetAll
Response Body: [{"id":2,"login":"adam","encryptedPassword":"$2a$11$O2LDI/XqHSjEV.y0jbJDHue4R0XDH6BPWvHIEVQgkwoQDO5X3ZVLW","name":"Adam","surname":"First","email":"first@people.world","phone":"","createdAt":"2026-01-18T02:00:00.151037Z","roleId":null,"role":null,"alarmEvents":[],"sentPartRequests":[],"receivedPartRequests":[],"sentShiftTransfers":[],"receivedShiftTransfers":[]},{"id":3,"login":"admin","encryptedPassword":"5252","name":"Админ","surname":"Системный","email":"admin@example.com","phone":"+71234567890","createdAt":"2026-01-18T02:01:31.317309Z","roleId":null,"role":null,"alarmEvents":[],"sentPartRequests":[],"receivedPartRequests":[],"sentShiftTransfers":[],"receivedShiftTransfers":[]}]
=======================================================

=======================================================
Timestamp: 2026-01-21T12:07:10.2883983Z
Method: GET
URL: /api/materials
Status: 200
Duration: 8 ms
UserId: 
Client IP: ::1
User-Agent: 
Controller: Materials, Action: GetAll
Response Body: [{"id":1,"name":"Косточка","description":"работает?","code":"12312","measuringUnit":"шт"},{"id":2,"name":"Бам сука","description":"","code":"","measuringUnit":"шт"}]
=======================================================

=======================================================
Timestamp: 2026-01-21T12:07:10.3048410Z
Method: GET
URL: /api/materials
Status: 200
Duration: 104 ms
UserId: 
Client IP: ::1
User-Agent: 
Controller: Materials, Action: GetAll
Response Body: [{"id":1,"name":"Косточка","description":"работает?","code":"12312","measuringUnit":"шт"},{"id":2,"name":"Бам сука","description":"","code":"","measuringUnit":"шт"}]
=======================================================

=======================================================
Timestamp: 2026-01-21T12:07:10.3156228Z
Method: GET
URL: /api/warehouses
Status: 200
Duration: 5 ms
UserId: 
Client IP: ::1
User-Agent: 
Controller: Warehouses, Action: GetAll
Response Body: [{"id":1,"name":"Хуян","type":"Производство","isActive":true,"fromMovements":[],"toMovements":[],"fromRequests":[],"toRequests":[]}]
=======================================================

=======================================================
Timestamp: 2026-01-21T12:17:42.0500778Z
Method: GET
URL: /api/users
Status: 200
Duration: 85 ms
UserId: 
Client IP: ::ffff:192.168.1.118
User-Agent: Dalvik/2.1.0 (Linux; U; Android 12; CTR-L91 Build/HUAWEICTR-L91)
Controller: Users, Action: GetAll
Response Body: [{"id":2,"login":"adam","encryptedPassword":"$2a$11$O2LDI/XqHSjEV.y0jbJDHue4R0XDH6BPWvHIEVQgkwoQDO5X3ZVLW","name":"Adam","surname":"First","email":"first@people.world","phone":"","createdAt":"2026-01-18T02:00:00.151037Z","roleId":null,"role":null,"alarmEvents":[],"sentPartRequests":[],"receivedPartRequests":[],"sentShiftTransfers":[],"receivedShiftTransfers":[]},{"id":3,"login":"admin","encryptedPassword":"5252","name":"Админ","surname":"Системный","email":"admin@example.com","phone":"+71234567890","createdAt":"2026-01-18T02:01:31.317309Z","roleId":null,"role":null,"alarmEvents":[],"sentPartRequests":[],"receivedPartRequests":[],"sentShiftTransfers":[],"receivedShiftTransfers":[]}]
=======================================================

=======================================================
Timestamp: 2026-01-21T12:17:45.4781967Z
Method: GET
URL: /api/products
Status: 200
Duration: 2 ms
UserId: 
Client IP: ::ffff:192.168.1.118
User-Agent: Dalvik/2.1.0 (Linux; U; Android 12; CTR-L91 Build/HUAWEICTR-L91)
Controller: Products, Action: GetAll
Response Body: [{"id":1,"name":"Яблочко","description":"1548753264","code":"152","measuringUnit":"шт"}]
=======================================================

=======================================================
Timestamp: 2026-01-21T12:17:45.4891363Z
Method: GET
URL: /api/products
Status: 200
Duration: 1 ms
UserId: 
Client IP: ::ffff:192.168.1.118
User-Agent: Dalvik/2.1.0 (Linux; U; Android 12; CTR-L91 Build/HUAWEICTR-L91)
Controller: Products, Action: GetAll
Response Body: [{"id":1,"name":"Яблочко","description":"1548753264","code":"152","measuringUnit":"шт"}]
=======================================================

=======================================================
Timestamp: 2026-01-21T12:21:26.2623053Z
Method: GET
URL: /api/users
Status: 200
Duration: 3 ms
UserId: 
Client IP: ::ffff:192.168.1.118
User-Agent: Dalvik/2.1.0 (Linux; U; Android 12; CTR-L91 Build/HUAWEICTR-L91)
Controller: Users, Action: GetAll
Response Body: [{"id":2,"login":"adam","encryptedPassword":"$2a$11$O2LDI/XqHSjEV.y0jbJDHue4R0XDH6BPWvHIEVQgkwoQDO5X3ZVLW","name":"Adam","surname":"First","email":"first@people.world","phone":"","createdAt":"2026-01-18T02:00:00.151037Z","roleId":null,"role":null,"alarmEvents":[],"sentPartRequests":[],"receivedPartRequests":[],"sentShiftTransfers":[],"receivedShiftTransfers":[]},{"id":3,"login":"admin","encryptedPassword":"5252","name":"Админ","surname":"Системный","email":"admin@example.com","phone":"+71234567890","createdAt":"2026-01-18T02:01:31.317309Z","roleId":null,"role":null,"alarmEvents":[],"sentPartRequests":[],"receivedPartRequests":[],"sentShiftTransfers":[],"receivedShiftTransfers":[]}]
=======================================================

=======================================================
Timestamp: 2026-01-21T12:21:28.3385993Z
Method: GET
URL: /api/products
Status: 200
Duration: 1 ms
UserId: 
Client IP: ::ffff:192.168.1.118
User-Agent: Dalvik/2.1.0 (Linux; U; Android 12; CTR-L91 Build/HUAWEICTR-L91)
Controller: Products, Action: GetAll
Response Body: [{"id":1,"name":"Яблочко","description":"1548753264","code":"152","measuringUnit":"шт"}]
=======================================================

=======================================================
Timestamp: 2026-01-21T12:21:28.4687434Z
Method: GET
URL: /api/products
Status: 200
Duration: 0 ms
UserId: 
Client IP: ::ffff:192.168.1.118
User-Agent: Dalvik/2.1.0 (Linux; U; Android 12; CTR-L91 Build/HUAWEICTR-L91)
Controller: Products, Action: GetAll
Response Body: [{"id":1,"name":"Яблочко","description":"1548753264","code":"152","measuringUnit":"шт"}]
=======================================================

=======================================================
Timestamp: 2026-01-21T12:23:13.8106114Z
Method: GET
URL: /api/products
Status: 200
Duration: 79 ms
UserId: 
Client IP: ::ffff:192.168.1.118
User-Agent: Dalvik/2.1.0 (Linux; U; Android 12; CTR-L91 Build/HUAWEICTR-L91)
Controller: Products, Action: GetAll
Response Body: [{"id":1,"name":"Яблочко","description":"1548753264","code":"152","measuringUnit":"шт"}]
=======================================================

=======================================================
Timestamp: 2026-01-21T12:23:14.2480554Z
Method: GET
URL: /api/products/search?name=9750021059310
Status: 200
Duration: 457 ms
UserId: 
Client IP: ::ffff:192.168.1.118
User-Agent: Dalvik/2.1.0 (Linux; U; Android 12; CTR-L91 Build/HUAWEICTR-L91)
Controller: Products, Action: Search
Response Body: []
=======================================================

=======================================================
Timestamp: 2026-01-21T12:23:14.2484041Z
Method: GET
URL: /api/products/search?code=9750021059310
Status: 200
Duration: 416 ms
UserId: 
Client IP: ::ffff:192.168.1.118
User-Agent: Dalvik/2.1.0 (Linux; U; Android 12; CTR-L91 Build/HUAWEICTR-L91)
Controller: Products, Action: Search
Response Body: []
=======================================================

=======================================================
Timestamp: 2026-01-21T12:23:27.0498217Z
Method: GET
URL: /api/products
Status: 200
Duration: 1 ms
UserId: 
Client IP: ::ffff:192.168.1.118
User-Agent: Dalvik/2.1.0 (Linux; U; Android 12; CTR-L91 Build/HUAWEICTR-L91)
Controller: Products, Action: GetAll
Response Body: [{"id":1,"name":"Яблочко","description":"1548753264","code":"152","measuringUnit":"шт"}]
=======================================================

=======================================================
Timestamp: 2026-01-21T12:23:27.0505132Z
Method: GET
URL: /api/products
Status: 200
Duration: 1 ms
UserId: 
Client IP: ::ffff:192.168.1.118
User-Agent: Dalvik/2.1.0 (Linux; U; Android 12; CTR-L91 Build/HUAWEICTR-L91)
Controller: Products, Action: GetAll
Response Body: [{"id":1,"name":"Яблочко","description":"1548753264","code":"152","measuringUnit":"шт"}]
=======================================================

=======================================================
Timestamp: 2026-01-21T12:23:34.5225821Z
Method: GET
URL: /api/products
Status: 200
Duration: 2 ms
UserId: 
Client IP: ::ffff:192.168.1.118
User-Agent: Dalvik/2.1.0 (Linux; U; Android 12; CTR-L91 Build/HUAWEICTR-L91)
Controller: Products, Action: GetAll
Response Body: [{"id":1,"name":"Яблочко","description":"1548753264","code":"152","measuringUnit":"шт"}]
=======================================================

=======================================================
Timestamp: 2026-01-21T12:23:35.1861175Z
Method: GET
URL: /api/products
Status: 200
Duration: 1 ms
UserId: 
Client IP: ::ffff:192.168.1.118
User-Agent: Dalvik/2.1.0 (Linux; U; Android 12; CTR-L91 Build/HUAWEICTR-L91)
Controller: Products, Action: GetAll
Response Body: [{"id":1,"name":"Яблочко","description":"1548753264","code":"152","measuringUnit":"шт"}]
=======================================================

=======================================================
Timestamp: 2026-01-21T12:23:35.1884688Z
Method: GET
URL: /api/products
Status: 200
Duration: 1 ms
UserId: 
Client IP: ::ffff:192.168.1.118
User-Agent: Dalvik/2.1.0 (Linux; U; Android 12; CTR-L91 Build/HUAWEICTR-L91)
Controller: Products, Action: GetAll
Response Body: [{"id":1,"name":"Яблочко","description":"1548753264","code":"152","measuringUnit":"шт"}]
=======================================================

=======================================================
Timestamp: 2026-01-21T12:23:37.2215760Z
Method: GET
URL: /api/products
Status: 200
Duration: 0 ms
UserId: 
Client IP: ::ffff:192.168.1.118
User-Agent: Dalvik/2.1.0 (Linux; U; Android 12; CTR-L91 Build/HUAWEICTR-L91)
Controller: Products, Action: GetAll
Response Body: [{"id":1,"name":"Яблочко","description":"1548753264","code":"152","measuringUnit":"шт"}]
=======================================================

=======================================================
Timestamp: 2026-01-21T12:23:37.2246649Z
Method: GET
URL: /api/products/search?name=2
Status: 200
Duration: 1 ms
UserId: 
Client IP: ::ffff:192.168.1.118
User-Agent: Dalvik/2.1.0 (Linux; U; Android 12; CTR-L91 Build/HUAWEICTR-L91)
Controller: Products, Action: Search
Response Body: []
=======================================================

=======================================================
Timestamp: 2026-01-21T12:23:37.8414889Z
Method: GET
URL: /api/products
Status: 200
Duration: 0 ms
UserId: 
Client IP: ::ffff:192.168.1.118
User-Agent: Dalvik/2.1.0 (Linux; U; Android 12; CTR-L91 Build/HUAWEICTR-L91)
Controller: Products, Action: GetAll
Response Body: [{"id":1,"name":"Яблочко","description":"1548753264","code":"152","measuringUnit":"шт"}]
=======================================================

=======================================================
Timestamp: 2026-01-21T12:23:37.8418777Z
Method: GET
URL: /api/products/search?name=23
Status: 200
Duration: 1 ms
UserId: 
Client IP: ::ffff:192.168.1.118
User-Agent: Dalvik/2.1.0 (Linux; U; Android 12; CTR-L91 Build/HUAWEICTR-L91)
Controller: Products, Action: Search
Response Body: []
=======================================================

=======================================================
Timestamp: 2026-01-21T12:23:39.2418030Z
Method: GET
URL: /api/products
Status: 200
Duration: 0 ms
UserId: 
Client IP: ::ffff:192.168.1.118
User-Agent: Dalvik/2.1.0 (Linux; U; Android 12; CTR-L91 Build/HUAWEICTR-L91)
Controller: Products, Action: GetAll
Response Body: [{"id":1,"name":"Яблочко","description":"1548753264","code":"152","measuringUnit":"шт"}]
=======================================================

=======================================================
Timestamp: 2026-01-21T12:23:39.2428573Z
Method: GET
URL: /api/products/search?name=2
Status: 200
Duration: 1 ms
UserId: 
Client IP: ::ffff:192.168.1.118
User-Agent: Dalvik/2.1.0 (Linux; U; Android 12; CTR-L91 Build/HUAWEICTR-L91)
Controller: Products, Action: Search
Response Body: []
=======================================================

=======================================================
Timestamp: 2026-01-21T12:23:40.6147820Z
Method: GET
URL: /api/products
Status: 200
Duration: 1 ms
UserId: 
Client IP: ::ffff:192.168.1.118
User-Agent: Dalvik/2.1.0 (Linux; U; Android 12; CTR-L91 Build/HUAWEICTR-L91)
Controller: Products, Action: GetAll
Response Body: [{"id":1,"name":"Яблочко","description":"1548753264","code":"152","measuringUnit":"шт"}]
=======================================================

=======================================================
Timestamp: 2026-01-21T12:23:40.6148999Z
Method: GET
URL: /api/products
Status: 200
Duration: 1 ms
UserId: 
Client IP: ::ffff:192.168.1.118
User-Agent: Dalvik/2.1.0 (Linux; U; Android 12; CTR-L91 Build/HUAWEICTR-L91)
Controller: Products, Action: GetAll
Response Body: [{"id":1,"name":"Яблочко","description":"1548753264","code":"152","measuringUnit":"шт"}]
=======================================================

=======================================================
Timestamp: 2026-01-21T12:23:41.3321710Z
Method: GET
URL: /api/products
Status: 200
Duration: 0 ms
UserId: 
Client IP: ::ffff:192.168.1.118
User-Agent: Dalvik/2.1.0 (Linux; U; Android 12; CTR-L91 Build/HUAWEICTR-L91)
Controller: Products, Action: GetAll
Response Body: [{"id":1,"name":"Яблочко","description":"1548753264","code":"152","measuringUnit":"шт"}]
=======================================================

=======================================================
Timestamp: 2026-01-21T12:23:41.3352533Z
Method: GET
URL: /api/products/search?name=5
Status: 200
Duration: 1 ms
UserId: 
Client IP: ::ffff:192.168.1.118
User-Agent: Dalvik/2.1.0 (Linux; U; Android 12; CTR-L91 Build/HUAWEICTR-L91)
Controller: Products, Action: Search
Response Body: []
=======================================================

=======================================================
Timestamp: 2026-01-21T12:23:41.9346284Z
Method: GET
URL: /api/products
Status: 200
Duration: 0 ms
UserId: 
Client IP: ::ffff:192.168.1.118
User-Agent: Dalvik/2.1.0 (Linux; U; Android 12; CTR-L91 Build/HUAWEICTR-L91)
Controller: Products, Action: GetAll
Response Body: [{"id":1,"name":"Яблочко","description":"1548753264","code":"152","measuringUnit":"шт"}]
=======================================================

=======================================================
Timestamp: 2026-01-21T12:23:41.9353842Z
Method: GET
URL: /api/products/search?name=52
Status: 200
Duration: 1 ms
UserId: 
Client IP: ::ffff:192.168.1.118
User-Agent: Dalvik/2.1.0 (Linux; U; Android 12; CTR-L91 Build/HUAWEICTR-L91)
Controller: Products, Action: Search
Response Body: []
=======================================================

=======================================================
Timestamp: 2026-01-21T12:23:43.5775707Z
Method: GET
URL: /api/products
Status: 200
Duration: 1 ms
UserId: 
Client IP: ::ffff:192.168.1.118
User-Agent: Dalvik/2.1.0 (Linux; U; Android 12; CTR-L91 Build/HUAWEICTR-L91)
Controller: Products, Action: GetAll
Response Body: [{"id":1,"name":"Яблочко","description":"1548753264","code":"152","measuringUnit":"шт"}]
=======================================================

=======================================================
Timestamp: 2026-01-21T12:23:43.5812819Z
Method: GET
URL: /api/products/search?name=5
Status: 200
Duration: 2 ms
UserId: 
Client IP: ::ffff:192.168.1.118
User-Agent: Dalvik/2.1.0 (Linux; U; Android 12; CTR-L91 Build/HUAWEICTR-L91)
Controller: Products, Action: Search
Response Body: []
=======================================================

=======================================================
Timestamp: 2026-01-21T12:23:43.8093602Z
Method: GET
URL: /api/products
Status: 200
Duration: 0 ms
UserId: 
Client IP: ::ffff:192.168.1.118
User-Agent: Dalvik/2.1.0 (Linux; U; Android 12; CTR-L91 Build/HUAWEICTR-L91)
Controller: Products, Action: GetAll
Response Body: [{"id":1,"name":"Яблочко","description":"1548753264","code":"152","measuringUnit":"шт"}]
=======================================================

=======================================================
Timestamp: 2026-01-21T12:23:43.8092703Z
Method: GET
URL: /api/products
Status: 200
Duration: 0 ms
UserId: 
Client IP: ::ffff:192.168.1.118
User-Agent: Dalvik/2.1.0 (Linux; U; Android 12; CTR-L91 Build/HUAWEICTR-L91)
Controller: Products, Action: GetAll
Response Body: [{"id":1,"name":"Яблочко","description":"1548753264","code":"152","measuringUnit":"шт"}]
=======================================================

=======================================================
Timestamp: 2026-01-21T12:31:34.2567801Z
Method: GET
URL: /api/users
Status: 200
Duration: 60 ms
UserId: 
Client IP: ::ffff:192.168.1.118
User-Agent: Dalvik/2.1.0 (Linux; U; Android 12; CTR-L91 Build/HUAWEICTR-L91)
Controller: Users, Action: GetAll
Response Body: [{"id":2,"login":"adam","encryptedPassword":"$2a$11$O2LDI/XqHSjEV.y0jbJDHue4R0XDH6BPWvHIEVQgkwoQDO5X3ZVLW","name":"Adam","surname":"First","email":"first@people.world","phone":"","createdAt":"2026-01-18T02:00:00.151037Z","roleId":null,"role":null,"alarmEvents":[],"sentPartRequests":[],"receivedPartRequests":[],"sentShiftTransfers":[],"receivedShiftTransfers":[]},{"id":3,"login":"admin","encryptedPassword":"5252","name":"Админ","surname":"Системный","email":"admin@example.com","phone":"+71234567890","createdAt":"2026-01-18T02:01:31.317309Z","roleId":null,"role":null,"alarmEvents":[],"sentPartRequests":[],"receivedPartRequests":[],"sentShiftTransfers":[],"receivedShiftTransfers":[]}]
=======================================================

=======================================================
Timestamp: 2026-01-21T12:31:36.0918183Z
Method: GET
URL: /api/products
Status: 200
Duration: 1 ms
UserId: 
Client IP: ::ffff:192.168.1.118
User-Agent: Dalvik/2.1.0 (Linux; U; Android 12; CTR-L91 Build/HUAWEICTR-L91)
Controller: Products, Action: GetAll
Response Body: [{"id":1,"name":"Яблочко","description":"1548753264","code":"152","measuringUnit":"шт"}]
=======================================================

=======================================================
Timestamp: 2026-01-21T12:31:36.2077164Z
Method: GET
URL: /api/products
Status: 200
Duration: 1 ms
UserId: 
Client IP: ::ffff:192.168.1.118
User-Agent: Dalvik/2.1.0 (Linux; U; Android 12; CTR-L91 Build/HUAWEICTR-L91)
Controller: Products, Action: GetAll
Response Body: [{"id":1,"name":"Яблочко","description":"1548753264","code":"152","measuringUnit":"шт"}]
=======================================================

=======================================================
Timestamp: 2026-01-21T12:32:21.2806417Z
Method: GET
URL: /api/products
Status: 200
Duration: 2 ms
UserId: 
Client IP: ::ffff:192.168.1.118
User-Agent: Dalvik/2.1.0 (Linux; U; Android 12; CTR-L91 Build/HUAWEICTR-L91)
Controller: Products, Action: GetAll
Response Body: [{"id":1,"name":"Яблочко","description":"1548753264","code":"152","measuringUnit":"шт"}]
=======================================================

=======================================================
Timestamp: 2026-01-21T12:32:21.4028407Z
Method: GET
URL: /api/products
Status: 200
Duration: 77 ms
UserId: 
Client IP: ::ffff:192.168.1.118
User-Agent: Dalvik/2.1.0 (Linux; U; Android 12; CTR-L91 Build/HUAWEICTR-L91)
Controller: Products, Action: GetAll
Response Body: [{"id":1,"name":"Яблочко","description":"1548753264","code":"152","measuringUnit":"шт"}]
=======================================================

=======================================================
Timestamp: 2026-01-21T12:36:19.6634779Z
Method: GET
URL: /api/products/search?code=8700216593106
Status: 200
Duration: 5 ms
UserId: 
Client IP: ::ffff:192.168.1.118
User-Agent: Dalvik/2.1.0 (Linux; U; Android 12; CTR-L91 Build/HUAWEICTR-L91)
Controller: Products, Action: Search
Response Body: []
=======================================================

=======================================================
Timestamp: 2026-01-21T12:36:19.6638698Z
Method: GET
URL: /api/products
Status: 200
Duration: 1 ms
UserId: 
Client IP: ::ffff:192.168.1.118
User-Agent: Dalvik/2.1.0 (Linux; U; Android 12; CTR-L91 Build/HUAWEICTR-L91)
Controller: Products, Action: GetAll
Response Body: [{"id":1,"name":"Яблочко","description":"1548753264","code":"152","measuringUnit":"шт"}]
=======================================================

=======================================================
Timestamp: 2026-01-21T12:36:19.6662457Z
Method: GET
URL: /api/products/search?name=8700216593106
Status: 200
Duration: 74 ms
UserId: 
Client IP: ::ffff:192.168.1.118
User-Agent: Dalvik/2.1.0 (Linux; U; Android 12; CTR-L91 Build/HUAWEICTR-L91)
Controller: Products, Action: Search
Response Body: []
=======================================================

=======================================================
Timestamp: 2026-01-21T12:36:25.2314064Z
Method: GET
URL: /api/products
Status: 200
Duration: 1 ms
UserId: 
Client IP: ::ffff:192.168.1.118
User-Agent: Dalvik/2.1.0 (Linux; U; Android 12; CTR-L91 Build/HUAWEICTR-L91)
Controller: Products, Action: GetAll
Response Body: [{"id":1,"name":"Яблочко","description":"1548753264","code":"152","measuringUnit":"шт"}]
=======================================================

=======================================================
Timestamp: 2026-01-21T12:36:25.2317736Z
Method: GET
URL: /api/products
Status: 200
Duration: 2 ms
UserId: 
Client IP: ::ffff:192.168.1.118
User-Agent: Dalvik/2.1.0 (Linux; U; Android 12; CTR-L91 Build/HUAWEICTR-L91)
Controller: Products, Action: GetAll
Response Body: [{"id":1,"name":"Яблочко","description":"1548753264","code":"152","measuringUnit":"шт"}]
=======================================================

=======================================================
Timestamp: 2026-01-21T12:36:29.4559936Z
Method: GET
URL: /api/products
Status: 200
Duration: 2 ms
UserId: 
Client IP: ::ffff:192.168.1.118
User-Agent: Dalvik/2.1.0 (Linux; U; Android 12; CTR-L91 Build/HUAWEICTR-L91)
Controller: Products, Action: GetAll
Response Body: [{"id":1,"name":"Яблочко","description":"1548753264","code":"152","measuringUnit":"шт"}]
=======================================================

=======================================================
Timestamp: 2026-01-21T12:51:39.4500819Z
Method: GET
URL: /api/users
Status: 200
Duration: 70 ms
UserId: 
Client IP: ::ffff:192.168.1.118
User-Agent: Dalvik/2.1.0 (Linux; U; Android 12; CTR-L91 Build/HUAWEICTR-L91)
Controller: Users, Action: GetAll
Response Body: [{"id":2,"login":"adam","encryptedPassword":"$2a$11$O2LDI/XqHSjEV.y0jbJDHue4R0XDH6BPWvHIEVQgkwoQDO5X3ZVLW","name":"Adam","surname":"First","email":"first@people.world","phone":"","createdAt":"2026-01-18T02:00:00.151037Z","roleId":null,"role":null,"alarmEvents":[],"sentPartRequests":[],"receivedPartRequests":[],"sentShiftTransfers":[],"receivedShiftTransfers":[]},{"id":3,"login":"admin","encryptedPassword":"5252","name":"Админ","surname":"Системный","email":"admin@example.com","phone":"+71234567890","createdAt":"2026-01-18T02:01:31.317309Z","roleId":null,"role":null,"alarmEvents":[],"sentPartRequests":[],"receivedPartRequests":[],"sentShiftTransfers":[],"receivedShiftTransfers":[]}]
=======================================================

=======================================================
Timestamp: 2026-01-21T12:52:04.0972944Z
Method: GET
URL: /api/products
Status: 200
Duration: 2 ms
UserId: 
Client IP: ::ffff:192.168.1.118
User-Agent: Dalvik/2.1.0 (Linux; U; Android 12; CTR-L91 Build/HUAWEICTR-L91)
Controller: Products, Action: GetAll
Response Body: [{"id":1,"name":"Яблочко","description":"1548753264","code":"152","measuringUnit":"шт"}]
=======================================================

=======================================================
Timestamp: 2026-01-21T12:52:04.2286217Z
Method: GET
URL: /api/products
Status: 200
Duration: 3 ms
UserId: 
Client IP: ::ffff:192.168.1.118
User-Agent: Dalvik/2.1.0 (Linux; U; Android 12; CTR-L91 Build/HUAWEICTR-L91)
Controller: Products, Action: GetAll
Response Body: [{"id":1,"name":"Яблочко","description":"1548753264","code":"152","measuringUnit":"шт"}]
=======================================================

=======================================================
Timestamp: 2026-01-21T12:52:11.3906265Z
Method: GET
URL: /api/products
Status: 200
Duration: 1 ms
UserId: 
Client IP: ::ffff:192.168.1.118
User-Agent: Dalvik/2.1.0 (Linux; U; Android 12; CTR-L91 Build/HUAWEICTR-L91)
Controller: Products, Action: GetAll
Response Body: [{"id":1,"name":"Яблочко","description":"1548753264","code":"152","measuringUnit":"шт"}]
=======================================================

=======================================================
Timestamp: 2026-01-21T12:52:11.4135561Z
Method: GET
URL: /api/products/search?code=8700216593106
Status: 200
Duration: 1 ms
UserId: 
Client IP: ::ffff:192.168.1.118
User-Agent: Dalvik/2.1.0 (Linux; U; Android 12; CTR-L91 Build/HUAWEICTR-L91)
Controller: Products, Action: Search
Response Body: []
=======================================================

=======================================================
Timestamp: 2026-01-21T12:52:11.4558078Z
Method: GET
URL: /api/products/search?name=8700216593106
Status: 200
Duration: 67 ms
UserId: 
Client IP: ::ffff:192.168.1.118
User-Agent: Dalvik/2.1.0 (Linux; U; Android 12; CTR-L91 Build/HUAWEICTR-L91)
Controller: Products, Action: Search
Response Body: []
=======================================================

=======================================================
Timestamp: 2026-01-21T12:52:15.0154860Z
Method: GET
URL: /api/products
Status: 200
Duration: 2 ms
UserId: 
Client IP: ::ffff:192.168.1.118
User-Agent: Dalvik/2.1.0 (Linux; U; Android 12; CTR-L91 Build/HUAWEICTR-L91)
Controller: Products, Action: GetAll
Response Body: [{"id":1,"name":"Яблочко","description":"1548753264","code":"152","measuringUnit":"шт"}]
=======================================================

=======================================================
Timestamp: 2026-01-21T12:52:15.0167962Z
Method: GET
URL: /api/products
Status: 200
Duration: 2 ms
UserId: 
Client IP: ::ffff:192.168.1.118
User-Agent: Dalvik/2.1.0 (Linux; U; Android 12; CTR-L91 Build/HUAWEICTR-L91)
Controller: Products, Action: GetAll
Response Body: [{"id":1,"name":"Яблочко","description":"1548753264","code":"152","measuringUnit":"шт"}]
=======================================================

=======================================================
Timestamp: 2026-01-21T12:52:22.9221330Z
Method: GET
URL: /api/products
Status: 200
Duration: 2 ms
UserId: 
Client IP: ::ffff:192.168.1.118
User-Agent: Dalvik/2.1.0 (Linux; U; Android 12; CTR-L91 Build/HUAWEICTR-L91)
Controller: Products, Action: GetAll
Response Body: [{"id":1,"name":"Яблочко","description":"1548753264","code":"152","measuringUnit":"шт"}]
=======================================================

=======================================================
Timestamp: 2026-01-21T12:52:22.9236374Z
Method: GET
URL: /api/products/search?name=870021659310
Status: 200
Duration: 3 ms
UserId: 
Client IP: ::ffff:192.168.1.118
User-Agent: Dalvik/2.1.0 (Linux; U; Android 12; CTR-L91 Build/HUAWEICTR-L91)
Controller: Products, Action: Search
Response Body: []
=======================================================

=======================================================
Timestamp: 2026-01-21T12:52:23.2946977Z
Method: GET
URL: /api/products
Status: 200
Duration: 1 ms
UserId: 
Client IP: ::ffff:192.168.1.118
User-Agent: Dalvik/2.1.0 (Linux; U; Android 12; CTR-L91 Build/HUAWEICTR-L91)
Controller: Products, Action: GetAll
Response Body: [{"id":1,"name":"Яблочко","description":"1548753264","code":"152","measuringUnit":"шт"}]
=======================================================

=======================================================
Timestamp: 2026-01-21T12:52:24.0887485Z
Method: GET
URL: /api/products/search?name=870021659310
Status: 200
Duration: 1 ms
UserId: 
Client IP: ::ffff:192.168.1.118
User-Agent: Dalvik/2.1.0 (Linux; U; Android 12; CTR-L91 Build/HUAWEICTR-L91)
Controller: Products, Action: Search
Response Body: []
=======================================================

=======================================================
Timestamp: 2026-01-21T12:52:24.0891631Z
Method: GET
URL: /api/products
Status: 200
Duration: 1 ms
UserId: 
Client IP: ::ffff:192.168.1.118
User-Agent: Dalvik/2.1.0 (Linux; U; Android 12; CTR-L91 Build/HUAWEICTR-L91)
Controller: Products, Action: GetAll
Response Body: [{"id":1,"name":"Яблочко","description":"1548753264","code":"152","measuringUnit":"шт"}]
=======================================================

=======================================================
Timestamp: 2026-01-21T12:52:24.9044235Z
Method: GET
URL: /api/products
Status: 200
Duration: 0 ms
UserId: 
Client IP: ::ffff:192.168.1.118
User-Agent: Dalvik/2.1.0 (Linux; U; Android 12; CTR-L91 Build/HUAWEICTR-L91)
Controller: Products, Action: GetAll
Response Body: [{"id":1,"name":"Яблочко","description":"1548753264","code":"152","measuringUnit":"шт"}]
=======================================================

=======================================================
Timestamp: 2026-01-21T12:52:24.9072233Z
Method: GET
URL: /api/products/search?name=87002165931
Status: 200
Duration: 2 ms
UserId: 
Client IP: ::ffff:192.168.1.118
User-Agent: Dalvik/2.1.0 (Linux; U; Android 12; CTR-L91 Build/HUAWEICTR-L91)
Controller: Products, Action: Search
Response Body: []
=======================================================

=======================================================
Timestamp: 2026-01-21T12:52:25.3135098Z
Method: GET
URL: /api/products
Status: 200
Duration: 1 ms
UserId: 
Client IP: ::ffff:192.168.1.118
User-Agent: Dalvik/2.1.0 (Linux; U; Android 12; CTR-L91 Build/HUAWEICTR-L91)
Controller: Products, Action: GetAll
Response Body: [{"id":1,"name":"Яблочко","description":"1548753264","code":"152","measuringUnit":"шт"}]
=======================================================

=======================================================
Timestamp: 2026-01-21T12:52:25.3149389Z
Method: GET
URL: /api/products/search?name=8700216593
Status: 200
Duration: 2 ms
UserId: 
Client IP: ::ffff:192.168.1.118
User-Agent: Dalvik/2.1.0 (Linux; U; Android 12; CTR-L91 Build/HUAWEICTR-L91)
Controller: Products, Action: Search
Response Body: []
=======================================================

=======================================================
Timestamp: 2026-01-21T12:52:26.9866255Z
Method: GET
URL: /api/products
Status: 200
Duration: 1 ms
UserId: 
Client IP: ::ffff:192.168.1.118
User-Agent: Dalvik/2.1.0 (Linux; U; Android 12; CTR-L91 Build/HUAWEICTR-L91)
Controller: Products, Action: GetAll
Response Body: [{"id":1,"name":"Яблочко","description":"1548753264","code":"152","measuringUnit":"шт"}]
=======================================================

=======================================================
Timestamp: 2026-01-21T12:52:26.9873149Z
Method: GET
URL: /api/products/search?name=87002165936
Status: 200
Duration: 1 ms
UserId: 
Client IP: ::ffff:192.168.1.118
User-Agent: Dalvik/2.1.0 (Linux; U; Android 12; CTR-L91 Build/HUAWEICTR-L91)
Controller: Products, Action: Search
Response Body: []
=======================================================

=======================================================
Timestamp: 2026-01-21T12:52:27.1625843Z
Method: GET
URL: /api/products
Status: 200
Duration: 0 ms
UserId: 
Client IP: ::ffff:192.168.1.118
User-Agent: Dalvik/2.1.0 (Linux; U; Android 12; CTR-L91 Build/HUAWEICTR-L91)
Controller: Products, Action: GetAll
Response Body: [{"id":1,"name":"Яблочко","description":"1548753264","code":"152","measuringUnit":"шт"}]
=======================================================

=======================================================
Timestamp: 2026-01-21T12:52:27.1625406Z
Method: GET
URL: /api/products/search?name=870021659366
Status: 200
Duration: 0 ms
UserId: 
Client IP: ::ffff:192.168.1.118
User-Agent: Dalvik/2.1.0 (Linux; U; Android 12; CTR-L91 Build/HUAWEICTR-L91)
Controller: Products, Action: Search
Response Body: []
=======================================================

=======================================================
Timestamp: 2026-01-21T12:52:27.9839566Z
Method: GET
URL: /api/products/search?name=8700216593666
Status: 200
Duration: 1 ms
UserId: 
Client IP: ::ffff:192.168.1.118
User-Agent: Dalvik/2.1.0 (Linux; U; Android 12; CTR-L91 Build/HUAWEICTR-L91)
Controller: Products, Action: Search
Response Body: []
=======================================================

=======================================================
Timestamp: 2026-01-21T12:52:27.9847723Z
Method: GET
URL: /api/products
Status: 200
Duration: 1 ms
UserId: 
Client IP: ::ffff:192.168.1.118
User-Agent: Dalvik/2.1.0 (Linux; U; Android 12; CTR-L91 Build/HUAWEICTR-L91)
Controller: Products, Action: GetAll
Response Body: [{"id":1,"name":"Яблочко","description":"1548753264","code":"152","measuringUnit":"шт"}]
=======================================================

=======================================================
Timestamp: 2026-01-21T12:52:30.6822362Z
Method: GET
URL: /api/products/search?name=8700216593
Status: 200
Duration: 1 ms
UserId: 
Client IP: ::ffff:192.168.1.118
User-Agent: Dalvik/2.1.0 (Linux; U; Android 12; CTR-L91 Build/HUAWEICTR-L91)
Controller: Products, Action: Search
Response Body: []
=======================================================

=======================================================
Timestamp: 2026-01-21T12:52:30.6828199Z
Method: GET
URL: /api/products
Status: 200
Duration: 1 ms
UserId: 
Client IP: ::ffff:192.168.1.118
User-Agent: Dalvik/2.1.0 (Linux; U; Android 12; CTR-L91 Build/HUAWEICTR-L91)
Controller: Products, Action: GetAll
Response Body: [{"id":1,"name":"Яблочко","description":"1548753264","code":"152","measuringUnit":"шт"}]
=======================================================

=======================================================
Timestamp: 2026-01-21T12:52:30.9492067Z
Method: GET
URL: /api/products
Status: 200
Duration: 0 ms
UserId: 
Client IP: ::ffff:192.168.1.118
User-Agent: Dalvik/2.1.0 (Linux; U; Android 12; CTR-L91 Build/HUAWEICTR-L91)
Controller: Products, Action: GetAll
Response Body: [{"id":1,"name":"Яблочко","description":"1548753264","code":"152","measuringUnit":"шт"}]
=======================================================

=======================================================
Timestamp: 2026-01-21T13:37:56.5598743Z
Method: GET
URL: /api/users
Status: 200
Duration: 67 ms
UserId: 
Client IP: ::ffff:192.168.1.216
User-Agent: Dalvik/2.1.0 (Linux; U; Android 12; AGS5-L09 Build/HUAWEIAGS5-L09)
Controller: Users, Action: GetAll
Response Body: [{"id":2,"login":"adam","encryptedPassword":"$2a$11$O2LDI/XqHSjEV.y0jbJDHue4R0XDH6BPWvHIEVQgkwoQDO5X3ZVLW","name":"Adam","surname":"First","email":"first@people.world","phone":"","createdAt":"2026-01-18T02:00:00.151037Z","roleId":null,"role":null,"alarmEvents":[],"sentPartRequests":[],"receivedPartRequests":[],"sentShiftTransfers":[],"receivedShiftTransfers":[]},{"id":3,"login":"admin","encryptedPassword":"5252","name":"Админ","surname":"Системный","email":"admin@example.com","phone":"+71234567890","createdAt":"2026-01-18T02:01:31.317309Z","roleId":null,"role":null,"alarmEvents":[],"sentPartRequests":[],"receivedPartRequests":[],"sentShiftTransfers":[],"receivedShiftTransfers":[]}]
=======================================================

=======================================================
Timestamp: 2026-01-21T13:38:05.1190660Z
Method: GET
URL: /api/products
Status: 200
Duration: 1 ms
UserId: 
Client IP: ::ffff:192.168.1.216
User-Agent: Dalvik/2.1.0 (Linux; U; Android 12; AGS5-L09 Build/HUAWEIAGS5-L09)
Controller: Products, Action: GetAll
Response Body: [{"id":1,"name":"Яблочко","description":"1548753264","code":"152","measuringUnit":"шт"}]
=======================================================

=======================================================
Timestamp: 2026-01-21T13:38:05.2612265Z
Method: GET
URL: /api/products
Status: 200
Duration: 66 ms
UserId: 
Client IP: ::ffff:192.168.1.216
User-Agent: Dalvik/2.1.0 (Linux; U; Android 12; AGS5-L09 Build/HUAWEIAGS5-L09)
Controller: Products, Action: GetAll
Response Body: [{"id":1,"name":"Яблочко","description":"1548753264","code":"152","measuringUnit":"шт"}]
=======================================================

=======================================================
Timestamp: 2026-01-21T13:38:39.6836685Z
Method: GET
URL: /api/users
Status: 200
Duration: 2 ms
UserId: 
Client IP: ::ffff:192.168.1.216
User-Agent: Dalvik/2.1.0 (Linux; U; Android 12; AGS5-L09 Build/HUAWEIAGS5-L09)
Controller: Users, Action: GetAll
Response Body: [{"id":2,"login":"adam","encryptedPassword":"$2a$11$O2LDI/XqHSjEV.y0jbJDHue4R0XDH6BPWvHIEVQgkwoQDO5X3ZVLW","name":"Adam","surname":"First","email":"first@people.world","phone":"","createdAt":"2026-01-18T02:00:00.151037Z","roleId":null,"role":null,"alarmEvents":[],"sentPartRequests":[],"receivedPartRequests":[],"sentShiftTransfers":[],"receivedShiftTransfers":[]},{"id":3,"login":"admin","encryptedPassword":"5252","name":"Админ","surname":"Системный","email":"admin@example.com","phone":"+71234567890","createdAt":"2026-01-18T02:01:31.317309Z","roleId":null,"role":null,"alarmEvents":[],"sentPartRequests":[],"receivedPartRequests":[],"sentShiftTransfers":[],"receivedShiftTransfers":[]}]
=======================================================

=======================================================
Timestamp: 2026-01-21T13:38:41.7628795Z
Method: GET
URL: /api/products
Status: 200
Duration: 1 ms
UserId: 
Client IP: ::ffff:192.168.1.216
User-Agent: Dalvik/2.1.0 (Linux; U; Android 12; AGS5-L09 Build/HUAWEIAGS5-L09)
Controller: Products, Action: GetAll
Response Body: [{"id":1,"name":"Яблочко","description":"1548753264","code":"152","measuringUnit":"шт"}]
=======================================================

=======================================================
Timestamp: 2026-01-21T13:38:45.2616152Z
Method: GET
URL: /api/products
Status: 200
Duration: 0 ms
UserId: 
Client IP: ::ffff:192.168.1.216
User-Agent: Dalvik/2.1.0 (Linux; U; Android 12; AGS5-L09 Build/HUAWEIAGS5-L09)
Controller: Products, Action: GetAll
Response Body: [{"id":1,"name":"Яблочко","description":"1548753264","code":"152","measuringUnit":"шт"}]
=======================================================

=======================================================
Timestamp: 2026-01-21T13:38:45.2620790Z
Method: GET
URL: /api/products
Status: 200
Duration: 0 ms
UserId: 
Client IP: ::ffff:192.168.1.216
User-Agent: Dalvik/2.1.0 (Linux; U; Android 12; AGS5-L09 Build/HUAWEIAGS5-L09)
Controller: Products, Action: GetAll
Response Body: [{"id":1,"name":"Яблочко","description":"1548753264","code":"152","measuringUnit":"шт"}]
=======================================================

=======================================================
Timestamp: 2026-01-21T13:39:44.8020624Z
Method: GET
URL: /api/products
Status: 200
Duration: 1 ms
UserId: 
Client IP: ::ffff:192.168.1.216
User-Agent: Dalvik/2.1.0 (Linux; U; Android 12; AGS5-L09 Build/HUAWEIAGS5-L09)
Controller: Products, Action: GetAll
Response Body: [{"id":1,"name":"Яблочко","description":"1548753264","code":"152","measuringUnit":"шт"}]
=======================================================

=======================================================
Timestamp: 2026-01-21T13:39:44.8029605Z
Method: GET
URL: /api/products/search?name=8700216593106
Status: 200
Duration: 2 ms
UserId: 
Client IP: ::ffff:192.168.1.216
User-Agent: Dalvik/2.1.0 (Linux; U; Android 12; AGS5-L09 Build/HUAWEIAGS5-L09)
Controller: Products, Action: Search
Response Body: []
=======================================================

=======================================================
Timestamp: 2026-01-21T13:39:44.8063470Z
Method: GET
URL: /api/products/search?code=8700216593106
Status: 200
Duration: 2 ms
UserId: 
Client IP: ::ffff:192.168.1.216
User-Agent: Dalvik/2.1.0 (Linux; U; Android 12; AGS5-L09 Build/HUAWEIAGS5-L09)
Controller: Products, Action: Search
Response Body: []
=======================================================

=======================================================
Timestamp: 2026-01-21T13:39:49.4758904Z
Method: GET
URL: /api/products
Status: 200
Duration: 0 ms
UserId: 
Client IP: ::ffff:192.168.1.216
User-Agent: Dalvik/2.1.0 (Linux; U; Android 12; AGS5-L09 Build/HUAWEIAGS5-L09)
Controller: Products, Action: GetAll
Response Body: [{"id":1,"name":"Яблочко","description":"1548753264","code":"152","measuringUnit":"шт"}]
=======================================================

=======================================================
Timestamp: 2026-01-21T13:39:49.4760757Z
Method: GET
URL: /api/products
Status: 200
Duration: 0 ms
UserId: 
Client IP: ::ffff:192.168.1.216
User-Agent: Dalvik/2.1.0 (Linux; U; Android 12; AGS5-L09 Build/HUAWEIAGS5-L09)
Controller: Products, Action: GetAll
Response Body: [{"id":1,"name":"Яблочко","description":"1548753264","code":"152","measuringUnit":"шт"}]
=======================================================

=======================================================
Timestamp: 2026-01-21T13:39:55.0745416Z
Method: GET
URL: /api/products
Status: 200
Duration: 1 ms
UserId: 
Client IP: ::ffff:192.168.1.216
User-Agent: Dalvik/2.1.0 (Linux; U; Android 12; AGS5-L09 Build/HUAWEIAGS5-L09)
Controller: Products, Action: GetAll
Response Body: [{"id":1,"name":"Яблочко","description":"1548753264","code":"152","measuringUnit":"шт"}]
=======================================================

=======================================================
Timestamp: 2026-01-21T13:39:55.0746164Z
Method: GET
URL: /api/products
Status: 200
Duration: 1 ms
UserId: 
Client IP: ::ffff:192.168.1.216
User-Agent: Dalvik/2.1.0 (Linux; U; Android 12; AGS5-L09 Build/HUAWEIAGS5-L09)
Controller: Products, Action: GetAll
Response Body: [{"id":1,"name":"Яблочко","description":"1548753264","code":"152","measuringUnit":"шт"}]
=======================================================

=======================================================
Timestamp: 2026-01-21T13:39:57.3472633Z
Method: GET
URL: /api/products
Status: 200
Duration: 1 ms
UserId: 
Client IP: ::ffff:192.168.1.216
User-Agent: Dalvik/2.1.0 (Linux; U; Android 12; AGS5-L09 Build/HUAWEIAGS5-L09)
Controller: Products, Action: GetAll
Response Body: [{"id":1,"name":"Яблочко","description":"1548753264","code":"152","measuringUnit":"шт"}]
=======================================================

=======================================================
Timestamp: 2026-01-21T13:39:57.3484454Z
Method: GET
URL: /api/products/search?name=870021659310
Status: 200
Duration: 1 ms
UserId: 
Client IP: ::ffff:192.168.1.216
User-Agent: Dalvik/2.1.0 (Linux; U; Android 12; AGS5-L09 Build/HUAWEIAGS5-L09)
Controller: Products, Action: Search
Response Body: []
=======================================================

=======================================================
Timestamp: 2026-01-21T13:39:57.7362309Z
Method: GET
URL: /api/products
Status: 200
Duration: 0 ms
UserId: 
Client IP: ::ffff:192.168.1.216
User-Agent: Dalvik/2.1.0 (Linux; U; Android 12; AGS5-L09 Build/HUAWEIAGS5-L09)
Controller: Products, Action: GetAll
Response Body: [{"id":1,"name":"Яблочко","description":"1548753264","code":"152","measuringUnit":"шт"}]
=======================================================

=======================================================
Timestamp: 2026-01-21T13:39:57.7377844Z
Method: GET
URL: /api/products/search?name=87002165931
Status: 200
Duration: 1 ms
UserId: 
Client IP: ::ffff:192.168.1.216
User-Agent: Dalvik/2.1.0 (Linux; U; Android 12; AGS5-L09 Build/HUAWEIAGS5-L09)
Controller: Products, Action: Search
Response Body: []
=======================================================

=======================================================
Timestamp: 2026-01-21T13:39:58.1387761Z
Method: GET
URL: /api/products
Status: 200
Duration: 0 ms
UserId: 
Client IP: ::ffff:192.168.1.216
User-Agent: Dalvik/2.1.0 (Linux; U; Android 12; AGS5-L09 Build/HUAWEIAGS5-L09)
Controller: Products, Action: GetAll
Response Body: [{"id":1,"name":"Яблочко","description":"1548753264","code":"152","measuringUnit":"шт"}]
=======================================================

=======================================================
Timestamp: 2026-01-21T13:39:58.1389911Z
Method: GET
URL: /api/products/search?name=8700216593
Status: 200
Duration: 1 ms
UserId: 
Client IP: ::ffff:192.168.1.216
User-Agent: Dalvik/2.1.0 (Linux; U; Android 12; AGS5-L09 Build/HUAWEIAGS5-L09)
Controller: Products, Action: Search
Response Body: []
=======================================================

=======================================================
Timestamp: 2026-01-21T13:39:59.1051242Z
Method: GET
URL: /api/products
Status: 200
Duration: 0 ms
UserId: 
Client IP: ::ffff:192.168.1.216
User-Agent: Dalvik/2.1.0 (Linux; U; Android 12; AGS5-L09 Build/HUAWEIAGS5-L09)
Controller: Products, Action: GetAll
Response Body: [{"id":1,"name":"Яблочко","description":"1548753264","code":"152","measuringUnit":"шт"}]
=======================================================

=======================================================
Timestamp: 2026-01-21T13:39:59.1066509Z
Method: GET
URL: /api/products/search?name=870021659
Status: 200
Duration: 1 ms
UserId: 
Client IP: ::ffff:192.168.1.216
User-Agent: Dalvik/2.1.0 (Linux; U; Android 12; AGS5-L09 Build/HUAWEIAGS5-L09)
Controller: Products, Action: Search
Response Body: []
=======================================================

=======================================================
Timestamp: 2026-01-21T13:39:59.3687380Z
Method: GET
URL: /api/products
Status: 200
Duration: 0 ms
UserId: 
Client IP: ::ffff:192.168.1.216
User-Agent: Dalvik/2.1.0 (Linux; U; Android 12; AGS5-L09 Build/HUAWEIAGS5-L09)
Controller: Products, Action: GetAll
Response Body: [{"id":1,"name":"Яблочко","description":"1548753264","code":"152","measuringUnit":"шт"}]
=======================================================

=======================================================
Timestamp: 2026-01-21T13:39:59.3686768Z
Method: GET
URL: /api/products/search?name=87002165
Status: 200
Duration: 1 ms
UserId: 
Client IP: ::ffff:192.168.1.216
User-Agent: Dalvik/2.1.0 (Linux; U; Android 12; AGS5-L09 Build/HUAWEIAGS5-L09)
Controller: Products, Action: Search
Response Body: []
=======================================================

=======================================================
Timestamp: 2026-01-21T13:39:59.6141021Z
Method: GET
URL: /api/products/search?name=8700216
Status: 200
Duration: 1 ms
UserId: 
Client IP: ::ffff:192.168.1.216
User-Agent: Dalvik/2.1.0 (Linux; U; Android 12; AGS5-L09 Build/HUAWEIAGS5-L09)
Controller: Products, Action: Search
Response Body: []
=======================================================

=======================================================
Timestamp: 2026-01-21T13:39:59.6141583Z
Method: GET
URL: /api/products
Status: 200
Duration: 0 ms
UserId: 
Client IP: ::ffff:192.168.1.216
User-Agent: Dalvik/2.1.0 (Linux; U; Android 12; AGS5-L09 Build/HUAWEIAGS5-L09)
Controller: Products, Action: GetAll
Response Body: [{"id":1,"name":"Яблочко","description":"1548753264","code":"152","measuringUnit":"шт"}]
=======================================================

=======================================================
Timestamp: 2026-01-21T13:39:59.8042024Z
Method: GET
URL: /api/products
Status: 200
Duration: 0 ms
UserId: 
Client IP: ::ffff:192.168.1.216
User-Agent: Dalvik/2.1.0 (Linux; U; Android 12; AGS5-L09 Build/HUAWEIAGS5-L09)
Controller: Products, Action: GetAll
Response Body: [{"id":1,"name":"Яблочко","description":"1548753264","code":"152","measuringUnit":"шт"}]
=======================================================

=======================================================
Timestamp: 2026-01-21T13:39:59.9721924Z
Method: GET
URL: /api/products
Status: 200
Duration: 0 ms
UserId: 
Client IP: ::ffff:192.168.1.216
User-Agent: Dalvik/2.1.0 (Linux; U; Android 12; AGS5-L09 Build/HUAWEIAGS5-L09)
Controller: Products, Action: GetAll
Response Body: [{"id":1,"name":"Яблочко","description":"1548753264","code":"152","measuringUnit":"шт"}]
=======================================================

=======================================================
Timestamp: 2026-01-21T13:39:59.9733660Z
Method: GET
URL: /api/products/search?name=87002
Status: 200
Duration: 1 ms
UserId: 
Client IP: ::ffff:192.168.1.216
User-Agent: Dalvik/2.1.0 (Linux; U; Android 12; AGS5-L09 Build/HUAWEIAGS5-L09)
Controller: Products, Action: Search
Response Body: []
=======================================================

=======================================================
Timestamp: 2026-01-21T13:40:00.1955081Z
Method: GET
URL: /api/products
Status: 200
Duration: 0 ms
UserId: 
Client IP: ::ffff:192.168.1.216
User-Agent: Dalvik/2.1.0 (Linux; U; Android 12; AGS5-L09 Build/HUAWEIAGS5-L09)
Controller: Products, Action: GetAll
Response Body: [{"id":1,"name":"Яблочко","description":"1548753264","code":"152","measuringUnit":"шт"}]
=======================================================

=======================================================
Timestamp: 2026-01-21T13:40:00.7858694Z
Method: GET
URL: /api/products
Status: 200
Duration: 0 ms
UserId: 
Client IP: ::ffff:192.168.1.216
User-Agent: Dalvik/2.1.0 (Linux; U; Android 12; AGS5-L09 Build/HUAWEIAGS5-L09)
Controller: Products, Action: GetAll
Response Body: [{"id":1,"name":"Яблочко","description":"1548753264","code":"152","measuringUnit":"шт"}]
=======================================================

=======================================================
Timestamp: 2026-01-21T13:40:00.7866606Z
Method: GET
URL: /api/products/search?name=870
Status: 200
Duration: 1 ms
UserId: 
Client IP: ::ffff:192.168.1.216
User-Agent: Dalvik/2.1.0 (Linux; U; Android 12; AGS5-L09 Build/HUAWEIAGS5-L09)
Controller: Products, Action: Search
Response Body: []
=======================================================

=======================================================
Timestamp: 2026-01-21T13:40:01.1893856Z
Method: GET
URL: /api/products
Status: 200
Duration: 0 ms
UserId: 
Client IP: ::ffff:192.168.1.216
User-Agent: Dalvik/2.1.0 (Linux; U; Android 12; AGS5-L09 Build/HUAWEIAGS5-L09)
Controller: Products, Action: GetAll
Response Body: [{"id":1,"name":"Яблочко","description":"1548753264","code":"152","measuringUnit":"шт"}]
=======================================================

=======================================================
Timestamp: 2026-01-21T13:40:01.1899081Z
Method: GET
URL: /api/products/search?name=87
Status: 200
Duration: 0 ms
UserId: 
Client IP: ::ffff:192.168.1.216
User-Agent: Dalvik/2.1.0 (Linux; U; Android 12; AGS5-L09 Build/HUAWEIAGS5-L09)
Controller: Products, Action: Search
Response Body: []
=======================================================

=======================================================
Timestamp: 2026-01-21T13:40:01.6754039Z
Method: GET
URL: /api/products/search?name=8
Status: 200
Duration: 1 ms
UserId: 
Client IP: ::ffff:192.168.1.216
User-Agent: Dalvik/2.1.0 (Linux; U; Android 12; AGS5-L09 Build/HUAWEIAGS5-L09)
Controller: Products, Action: Search
Response Body: []
=======================================================

=======================================================
Timestamp: 2026-01-21T13:40:01.6758331Z
Method: GET
URL: /api/products
Status: 200
Duration: 1 ms
UserId: 
Client IP: ::ffff:192.168.1.216
User-Agent: Dalvik/2.1.0 (Linux; U; Android 12; AGS5-L09 Build/HUAWEIAGS5-L09)
Controller: Products, Action: GetAll
Response Body: [{"id":1,"name":"Яблочко","description":"1548753264","code":"152","measuringUnit":"шт"}]
=======================================================

=======================================================
Timestamp: 2026-01-21T13:40:02.0849251Z
Method: GET
URL: /api/products
Status: 200
Duration: 0 ms
UserId: 
Client IP: ::ffff:192.168.1.216
User-Agent: Dalvik/2.1.0 (Linux; U; Android 12; AGS5-L09 Build/HUAWEIAGS5-L09)
Controller: Products, Action: GetAll
Response Body: [{"id":1,"name":"Яблочко","description":"1548753264","code":"152","measuringUnit":"шт"}]
=======================================================

=======================================================
Timestamp: 2026-01-21T13:40:02.0864462Z
Method: GET
URL: /api/products
Status: 200
Duration: 0 ms
UserId: 
Client IP: ::ffff:192.168.1.216
User-Agent: Dalvik/2.1.0 (Linux; U; Android 12; AGS5-L09 Build/HUAWEIAGS5-L09)
Controller: Products, Action: GetAll
Response Body: [{"id":1,"name":"Яблочко","description":"1548753264","code":"152","measuringUnit":"шт"}]
=======================================================

=======================================================
Timestamp: 2026-01-21T13:40:10.4885913Z
Method: GET
URL: /api/products
Status: 200
Duration: 0 ms
UserId: 
Client IP: ::ffff:192.168.1.216
User-Agent: Dalvik/2.1.0 (Linux; U; Android 12; AGS5-L09 Build/HUAWEIAGS5-L09)
Controller: Products, Action: GetAll
Response Body: [{"id":1,"name":"Яблочко","description":"1548753264","code":"152","measuringUnit":"шт"}]
=======================================================

=======================================================
Timestamp: 2026-01-21T13:40:10.4907998Z
Method: GET
URL: /api/products
Status: 200
Duration: 0 ms
UserId: 
Client IP: ::ffff:192.168.1.216
User-Agent: Dalvik/2.1.0 (Linux; U; Android 12; AGS5-L09 Build/HUAWEIAGS5-L09)
Controller: Products, Action: GetAll
Response Body: [{"id":1,"name":"Яблочко","description":"1548753264","code":"152","measuringUnit":"шт"}]
=======================================================

=======================================================
Timestamp: 2026-01-21T13:40:10.6284778Z
Method: GET
URL: /api/products
Status: 200
Duration: 67 ms
UserId: 
Client IP: ::ffff:192.168.1.216
User-Agent: Dalvik/2.1.0 (Linux; U; Android 12; AGS5-L09 Build/HUAWEIAGS5-L09)
Controller: Products, Action: GetAll
Response Body: [{"id":1,"name":"Яблочко","description":"1548753264","code":"152","measuringUnit":"шт"}]
=======================================================

=======================================================
Timestamp: 2026-01-21T13:48:59.2270835Z
Method: GET
URL: /api/users
Status: 200
Duration: 67 ms
UserId: 
Client IP: ::ffff:192.168.1.216
User-Agent: Dalvik/2.1.0 (Linux; U; Android 12; AGS5-L09 Build/HUAWEIAGS5-L09)
Controller: Users, Action: GetAll
Response Body: [{"id":2,"login":"adam","encryptedPassword":"$2a$11$O2LDI/XqHSjEV.y0jbJDHue4R0XDH6BPWvHIEVQgkwoQDO5X3ZVLW","name":"Adam","surname":"First","email":"first@people.world","phone":"","createdAt":"2026-01-18T02:00:00.151037Z","roleId":null,"role":null,"alarmEvents":[],"sentPartRequests":[],"receivedPartRequests":[],"sentShiftTransfers":[],"receivedShiftTransfers":[]},{"id":3,"login":"admin","encryptedPassword":"5252","name":"Админ","surname":"Системный","email":"admin@example.com","phone":"+71234567890","createdAt":"2026-01-18T02:01:31.317309Z","roleId":null,"role":null,"alarmEvents":[],"sentPartRequests":[],"receivedPartRequests":[],"sentShiftTransfers":[],"receivedShiftTransfers":[]}]
=======================================================

=======================================================
Timestamp: 2026-01-21T13:49:02.3543575Z
Method: GET
URL: /api/products
Status: 200
Duration: 1 ms
UserId: 
Client IP: ::ffff:192.168.1.216
User-Agent: Dalvik/2.1.0 (Linux; U; Android 12; AGS5-L09 Build/HUAWEIAGS5-L09)
Controller: Products, Action: GetAll
Response Body: [{"id":1,"name":"Яблочко","description":"1548753264","code":"152","measuringUnit":"шт"}]
=======================================================

=======================================================
Timestamp: 2026-01-21T13:49:02.3851788Z
Method: GET
URL: /api/products
Status: 200
Duration: 65 ms
UserId: 
Client IP: ::ffff:192.168.1.216
User-Agent: Dalvik/2.1.0 (Linux; U; Android 12; AGS5-L09 Build/HUAWEIAGS5-L09)
Controller: Products, Action: GetAll
Response Body: [{"id":1,"name":"Яблочко","description":"1548753264","code":"152","measuringUnit":"шт"}]
=======================================================

=======================================================
Timestamp: 2026-01-21T13:49:11.0945943Z
Method: GET
URL: /api/products
Status: 200
Duration: 0 ms
UserId: 
Client IP: ::ffff:192.168.1.216
User-Agent: Dalvik/2.1.0 (Linux; U; Android 12; AGS5-L09 Build/HUAWEIAGS5-L09)
Controller: Products, Action: GetAll
Response Body: [{"id":1,"name":"Яблочко","description":"1548753264","code":"152","measuringUnit":"шт"}]
=======================================================

=======================================================
Timestamp: 2026-01-21T13:49:11.0946154Z
Method: GET
URL: /api/products
Status: 200
Duration: 0 ms
UserId: 
Client IP: ::ffff:192.168.1.216
User-Agent: Dalvik/2.1.0 (Linux; U; Android 12; AGS5-L09 Build/HUAWEIAGS5-L09)
Controller: Products, Action: GetAll
Response Body: [{"id":1,"name":"Яблочко","description":"1548753264","code":"152","measuringUnit":"шт"}]
=======================================================

=======================================================
Timestamp: 2026-01-21T13:50:50.2446722Z
Method: GET
URL: /api/products
Status: 200
Duration: 0 ms
UserId: 
Client IP: ::ffff:192.168.1.216
User-Agent: Dalvik/2.1.0 (Linux; U; Android 12; AGS5-L09 Build/HUAWEIAGS5-L09)
Controller: Products, Action: GetAll
Response Body: [{"id":1,"name":"Яблочко","description":"1548753264","code":"152","measuringUnit":"шт"}]
=======================================================

=======================================================
Timestamp: 2026-01-21T13:50:50.2448647Z
Method: GET
URL: /api/products
Status: 200
Duration: 1 ms
UserId: 
Client IP: ::ffff:192.168.1.216
User-Agent: Dalvik/2.1.0 (Linux; U; Android 12; AGS5-L09 Build/HUAWEIAGS5-L09)
Controller: Products, Action: GetAll
Response Body: [{"id":1,"name":"Яблочко","description":"1548753264","code":"152","measuringUnit":"шт"}]
=======================================================

=======================================================
Timestamp: 2026-01-21T17:56:15.8698663Z
Method: GET
URL: /api/users
Status: 200
Duration: 736 ms
UserId: 
Client IP: ::ffff:192.168.1.118
User-Agent: Dalvik/2.1.0 (Linux; U; Android 12; CTR-L91 Build/HUAWEICTR-L91)
Controller: Users, Action: GetAll
Response Body: [{"id":2,"login":"adam","encryptedPassword":"$2a$11$O2LDI/XqHSjEV.y0jbJDHue4R0XDH6BPWvHIEVQgkwoQDO5X3ZVLW","name":"Adam","surname":"First","email":"first@people.world","phone":"","createdAt":"2026-01-18T02:00:00.151037Z","roleId":null,"role":null,"alarmEvents":[],"sentPartRequests":[],"receivedPartRequests":[],"sentShiftTransfers":[],"receivedShiftTransfers":[]},{"id":3,"login":"admin","encryptedPassword":"5252","name":"Админ","surname":"Системный","email":"admin@example.com","phone":"+71234567890","createdAt":"2026-01-18T02:01:31.317309Z","roleId":null,"role":null,"alarmEvents":[],"sentPartRequests":[],"receivedPartRequests":[],"sentShiftTransfers":[],"receivedShiftTransfers":[]}]
=======================================================

=======================================================
Timestamp: 2026-01-21T17:56:17.6666797Z
Method: GET
URL: /api/products
Status: 200
Duration: 167 ms
UserId: 
Client IP: ::ffff:192.168.1.118
User-Agent: Dalvik/2.1.0 (Linux; U; Android 12; CTR-L91 Build/HUAWEICTR-L91)
Controller: Products, Action: GetAll
Response Body: [{"id":1,"name":"Яблочко","description":"1548753264","code":"152","measuringUnit":"шт"}]
=======================================================

=======================================================
Timestamp: 2026-01-21T17:56:18.5764069Z
Method: GET
URL: /api/products
Status: 200
Duration: 4 ms
UserId: 
Client IP: ::ffff:192.168.1.118
User-Agent: Dalvik/2.1.0 (Linux; U; Android 12; CTR-L91 Build/HUAWEICTR-L91)
Controller: Products, Action: GetAll
Response Body: [{"id":1,"name":"Яблочко","description":"1548753264","code":"152","measuringUnit":"шт"}]
=======================================================

=======================================================
Timestamp: 2026-01-21T17:56:21.0294462Z
Method: GET
URL: /api/products
Status: 200
Duration: 3 ms
UserId: 
Client IP: ::ffff:192.168.1.118
User-Agent: Dalvik/2.1.0 (Linux; U; Android 12; CTR-L91 Build/HUAWEICTR-L91)
Controller: Products, Action: GetAll
Response Body: [{"id":1,"name":"Яблочко","description":"1548753264","code":"152","measuringUnit":"шт"}]
=======================================================

=======================================================
Timestamp: 2026-01-21T17:56:21.1058209Z
Method: GET
URL: /api/products
Status: 200
Duration: 84 ms
UserId: 
Client IP: ::ffff:192.168.1.118
User-Agent: Dalvik/2.1.0 (Linux; U; Android 12; CTR-L91 Build/HUAWEICTR-L91)
Controller: Products, Action: GetAll
Response Body: [{"id":1,"name":"Яблочко","description":"1548753264","code":"152","measuringUnit":"шт"}]
=======================================================

=======================================================
Timestamp: 2026-01-21T17:58:02.4457734Z
Method: GET
URL: /api/products
Status: 200
Duration: 2 ms
UserId: 
Client IP: ::ffff:192.168.1.118
User-Agent: Dalvik/2.1.0 (Linux; U; Android 12; CTR-L91 Build/HUAWEICTR-L91)
Controller: Products, Action: GetAll
Response Body: [{"id":1,"name":"Яблочко","description":"1548753264","code":"152","measuringUnit":"шт"}]
=======================================================

=======================================================
Timestamp: 2026-01-21T17:58:02.5796526Z
Method: GET
URL: /api/products/search?name=8700216593106
Status: 200
Duration: 438 ms
UserId: 
Client IP: ::ffff:192.168.1.118
User-Agent: Dalvik/2.1.0 (Linux; U; Android 12; CTR-L91 Build/HUAWEICTR-L91)
Controller: Products, Action: Search
Response Body: []
=======================================================

=======================================================
Timestamp: 2026-01-21T17:58:02.6621115Z
Method: GET
URL: /api/products/search?code=8700216593106
Status: 200
Duration: 376 ms
UserId: 
Client IP: ::ffff:192.168.1.118
User-Agent: Dalvik/2.1.0 (Linux; U; Android 12; CTR-L91 Build/HUAWEICTR-L91)
Controller: Products, Action: Search
Response Body: []
=======================================================

=======================================================
Timestamp: 2026-01-21T17:58:05.5991587Z
Method: GET
URL: /api/products
Status: 200
Duration: 1 ms
UserId: 
Client IP: ::ffff:192.168.1.118
User-Agent: Dalvik/2.1.0 (Linux; U; Android 12; CTR-L91 Build/HUAWEICTR-L91)
Controller: Products, Action: GetAll
Response Body: [{"id":1,"name":"Яблочко","description":"1548753264","code":"152","measuringUnit":"шт"}]
=======================================================

=======================================================
Timestamp: 2026-01-21T17:58:05.7027353Z
Method: GET
URL: /api/products
Status: 200
Duration: 1 ms
UserId: 
Client IP: ::ffff:192.168.1.118
User-Agent: Dalvik/2.1.0 (Linux; U; Android 12; CTR-L91 Build/HUAWEICTR-L91)
Controller: Products, Action: GetAll
Response Body: [{"id":1,"name":"Яблочко","description":"1548753264","code":"152","measuringUnit":"шт"}]
=======================================================

=======================================================
Timestamp: 2026-01-21T17:58:59.6000154Z
Method: GET
URL: /api/products/search?name=4630049642259
Status: 200
Duration: 10 ms
UserId: 
Client IP: ::ffff:192.168.1.118
User-Agent: Dalvik/2.1.0 (Linux; U; Android 12; CTR-L91 Build/HUAWEICTR-L91)
Controller: Products, Action: Search
Response Body: []
=======================================================

=======================================================
Timestamp: 2026-01-21T17:59:01.6943593Z
Method: GET
URL: /api/products
Status: 200
Duration: 1 ms
UserId: 
Client IP: ::ffff:192.168.1.118
User-Agent: Dalvik/2.1.0 (Linux; U; Android 12; CTR-L91 Build/HUAWEICTR-L91)
Controller: Products, Action: GetAll
Response Body: [{"id":1,"name":"Яблочко","description":"1548753264","code":"152","measuringUnit":"шт"}]
=======================================================

=======================================================
Timestamp: 2026-01-21T17:59:01.6948821Z
Method: GET
URL: /api/products
Status: 200
Duration: 2 ms
UserId: 
Client IP: ::ffff:192.168.1.118
User-Agent: Dalvik/2.1.0 (Linux; U; Android 12; CTR-L91 Build/HUAWEICTR-L91)
Controller: Products, Action: GetAll
Response Body: [{"id":1,"name":"Яблочко","description":"1548753264","code":"152","measuringUnit":"шт"}]
=======================================================

=======================================================
Timestamp: 2026-01-21T17:59:10.9520762Z
Method: GET
URL: /api/products
Status: 200
Duration: 3 ms
UserId: 
Client IP: ::ffff:192.168.1.118
User-Agent: Dalvik/2.1.0 (Linux; U; Android 12; CTR-L91 Build/HUAWEICTR-L91)
Controller: Products, Action: GetAll
Response Body: [{"id":1,"name":"Яблочко","description":"1548753264","code":"152","measuringUnit":"шт"}]
=======================================================

=======================================================
Timestamp: 2026-01-21T17:59:11.1252798Z
Method: GET
URL: /api/materials
Status: 200
Duration: 186 ms
UserId: 
Client IP: ::ffff:192.168.1.118
User-Agent: Dalvik/2.1.0 (Linux; U; Android 12; CTR-L91 Build/HUAWEICTR-L91)
Controller: Materials, Action: GetAll
Response Body: [{"id":1,"name":"Косточка","description":"работает?","code":"12312","measuringUnit":"шт"},{"id":2,"name":"Бам сука","description":"","code":"","measuringUnit":"шт"}]
=======================================================

=======================================================
Timestamp: 2026-01-21T17:59:14.7992674Z
Method: GET
URL: /api/products
Status: 200
Duration: 1 ms
UserId: 
Client IP: ::ffff:192.168.1.118
User-Agent: Dalvik/2.1.0 (Linux; U; Android 12; CTR-L91 Build/HUAWEICTR-L91)
Controller: Products, Action: GetAll
Response Body: [{"id":1,"name":"Яблочко","description":"1548753264","code":"152","measuringUnit":"шт"}]
=======================================================

=======================================================
Timestamp: 2026-01-21T17:59:14.8005333Z
Method: GET
URL: /api/materials
Status: 200
Duration: 2 ms
UserId: 
Client IP: ::ffff:192.168.1.118
User-Agent: Dalvik/2.1.0 (Linux; U; Android 12; CTR-L91 Build/HUAWEICTR-L91)
Controller: Materials, Action: GetAll
Response Body: [{"id":1,"name":"Косточка","description":"работает?","code":"12312","measuringUnit":"шт"},{"id":2,"name":"Бам сука","description":"","code":"","measuringUnit":"шт"}]
=======================================================

=======================================================
Timestamp: 2026-01-21T17:59:14.9013702Z
Method: GET
URL: /api/products
Status: 200
Duration: 1 ms
UserId: 
Client IP: ::ffff:192.168.1.118
User-Agent: Dalvik/2.1.0 (Linux; U; Android 12; CTR-L91 Build/HUAWEICTR-L91)
Controller: Products, Action: GetAll
Response Body: [{"id":1,"name":"Яблочко","description":"1548753264","code":"152","measuringUnit":"шт"}]
=======================================================

=======================================================
Timestamp: 2026-01-21T17:59:14.9114610Z
Method: GET
URL: /api/products
Status: 200
Duration: 1 ms
UserId: 
Client IP: ::ffff:192.168.1.118
User-Agent: Dalvik/2.1.0 (Linux; U; Android 12; CTR-L91 Build/HUAWEICTR-L91)
Controller: Products, Action: GetAll
Response Body: [{"id":1,"name":"Яблочко","description":"1548753264","code":"152","measuringUnit":"шт"}]
=======================================================

=======================================================
Timestamp: 2026-01-21T17:59:17.6590780Z
Method: GET
URL: /api/products
Status: 200
Duration: 1 ms
UserId: 
Client IP: ::ffff:192.168.1.118
User-Agent: Dalvik/2.1.0 (Linux; U; Android 12; CTR-L91 Build/HUAWEICTR-L91)
Controller: Products, Action: GetAll
Response Body: [{"id":1,"name":"Яблочко","description":"1548753264","code":"152","measuringUnit":"шт"}]
=======================================================

=======================================================
Timestamp: 2026-01-21T17:59:17.6624798Z
Method: GET
URL: /api/products
Status: 200
Duration: 1 ms
UserId: 
Client IP: ::ffff:192.168.1.118
User-Agent: Dalvik/2.1.0 (Linux; U; Android 12; CTR-L91 Build/HUAWEICTR-L91)
Controller: Products, Action: GetAll
Response Body: [{"id":1,"name":"Яблочко","description":"1548753264","code":"152","measuringUnit":"шт"}]
=======================================================

=======================================================
Timestamp: 2026-01-21T17:59:17.7761248Z
Method: GET
URL: /api/products
Status: 200
Duration: 1 ms
UserId: 
Client IP: ::ffff:192.168.1.118
User-Agent: Dalvik/2.1.0 (Linux; U; Android 12; CTR-L91 Build/HUAWEICTR-L91)
Controller: Products, Action: GetAll
Response Body: [{"id":1,"name":"Яблочко","description":"1548753264","code":"152","measuringUnit":"шт"}]
=======================================================

=======================================================
Timestamp: 2026-01-21T17:59:45.2511838Z
Method: GET
URL: /api/products
Status: 200
Duration: 3 ms
UserId: 
Client IP: ::ffff:192.168.1.118
User-Agent: Dalvik/2.1.0 (Linux; U; Android 12; CTR-L91 Build/HUAWEICTR-L91)
Controller: Products, Action: GetAll
Response Body: [{"id":1,"name":"Яблочко","description":"1548753264","code":"152","measuringUnit":"шт"}]
=======================================================

=======================================================
Timestamp: 2026-01-21T17:59:45.2552314Z
Method: GET
URL: /api/users
Status: 200
Duration: 8 ms
UserId: 
Client IP: ::ffff:192.168.1.118
User-Agent: Dalvik/2.1.0 (Linux; U; Android 12; CTR-L91 Build/HUAWEICTR-L91)
Controller: Users, Action: GetAll
Response Body: [{"id":2,"login":"adam","encryptedPassword":"$2a$11$O2LDI/XqHSjEV.y0jbJDHue4R0XDH6BPWvHIEVQgkwoQDO5X3ZVLW","name":"Adam","surname":"First","email":"first@people.world","phone":"","createdAt":"2026-01-18T02:00:00.151037Z","roleId":null,"role":null,"alarmEvents":[],"sentPartRequests":[],"receivedPartRequests":[],"sentShiftTransfers":[],"receivedShiftTransfers":[]},{"id":3,"login":"admin","encryptedPassword":"5252","name":"Админ","surname":"Системный","email":"admin@example.com","phone":"+71234567890","createdAt":"2026-01-18T02:01:31.317309Z","roleId":null,"role":null,"alarmEvents":[],"sentPartRequests":[],"receivedPartRequests":[],"sentShiftTransfers":[],"receivedShiftTransfers":[]}]
=======================================================

=======================================================
Timestamp: 2026-01-21T17:59:45.2680795Z
Method: GET
URL: /api/users
Status: 200
Duration: 9 ms
UserId: 
Client IP: ::ffff:192.168.1.118
User-Agent: Dalvik/2.1.0 (Linux; U; Android 12; CTR-L91 Build/HUAWEICTR-L91)
Controller: Users, Action: GetAll
Response Body: [{"id":2,"login":"adam","encryptedPassword":"$2a$11$O2LDI/XqHSjEV.y0jbJDHue4R0XDH6BPWvHIEVQgkwoQDO5X3ZVLW","name":"Adam","surname":"First","email":"first@people.world","phone":"","createdAt":"2026-01-18T02:00:00.151037Z","roleId":null,"role":null,"alarmEvents":[],"sentPartRequests":[],"receivedPartRequests":[],"sentShiftTransfers":[],"receivedShiftTransfers":[]},{"id":3,"login":"admin","encryptedPassword":"5252","name":"Админ","surname":"Системный","email":"admin@example.com","phone":"+71234567890","createdAt":"2026-01-18T02:01:31.317309Z","roleId":null,"role":null,"alarmEvents":[],"sentPartRequests":[],"receivedPartRequests":[],"sentShiftTransfers":[],"receivedShiftTransfers":[]}]
=======================================================

=======================================================
Timestamp: 2026-01-21T17:59:45.4159583Z
Method: GET
URL: /api/products
Status: 200
Duration: 70 ms
UserId: 
Client IP: ::ffff:192.168.1.118
User-Agent: Dalvik/2.1.0 (Linux; U; Android 12; CTR-L91 Build/HUAWEICTR-L91)
Controller: Products, Action: GetAll
Response Body: [{"id":1,"name":"Яблочко","description":"1548753264","code":"152","measuringUnit":"шт"}]
=======================================================

=======================================================
Timestamp: 2026-01-21T17:59:45.4414659Z
Method: GET
URL: /api/products
Status: 200
Duration: 91 ms
UserId: 
Client IP: ::ffff:192.168.1.118
User-Agent: Dalvik/2.1.0 (Linux; U; Android 12; CTR-L91 Build/HUAWEICTR-L91)
Controller: Products, Action: GetAll
Response Body: [{"id":1,"name":"Яблочко","description":"1548753264","code":"152","measuringUnit":"шт"}]
=======================================================

=======================================================
Timestamp: 2026-01-21T17:59:45.4420611Z
Method: GET
URL: /api/products
Status: 200
Duration: 1 ms
UserId: 
Client IP: ::ffff:192.168.1.118
User-Agent: Dalvik/2.1.0 (Linux; U; Android 12; CTR-L91 Build/HUAWEICTR-L91)
Controller: Products, Action: GetAll
Response Body: [{"id":1,"name":"Яблочко","description":"1548753264","code":"152","measuringUnit":"шт"}]
=======================================================

=======================================================
Timestamp: 2026-01-21T17:59:45.4683517Z
Method: GET
URL: /api/roles
Status: 200
Duration: 110 ms
UserId: 
Client IP: ::ffff:192.168.1.118
User-Agent: Dalvik/2.1.0 (Linux; U; Android 12; CTR-L91 Build/HUAWEICTR-L91)
Controller: Roles, Action: GetAll
Response Body: []
=======================================================

=======================================================
Timestamp: 2026-01-21T17:59:47.6508912Z
Method: GET
URL: /api/products
Status: 200
Duration: 2 ms
UserId: 
Client IP: ::ffff:192.168.1.118
User-Agent: Dalvik/2.1.0 (Linux; U; Android 12; CTR-L91 Build/HUAWEICTR-L91)
Controller: Products, Action: GetAll
Response Body: [{"id":1,"name":"Яблочко","description":"1548753264","code":"152","measuringUnit":"шт"}]
=======================================================

=======================================================
Timestamp: 2026-01-21T17:59:47.6515649Z
Method: GET
URL: /api/products
Status: 200
Duration: 1 ms
UserId: 
Client IP: ::ffff:192.168.1.118
User-Agent: Dalvik/2.1.0 (Linux; U; Android 12; CTR-L91 Build/HUAWEICTR-L91)
Controller: Products, Action: GetAll
Response Body: [{"id":1,"name":"Яблочко","description":"1548753264","code":"152","measuringUnit":"шт"}]
=======================================================

=======================================================
Timestamp: 2026-01-21T17:59:47.6531833Z
Method: GET
URL: /api/users
Status: 200
Duration: 4 ms
UserId: 
Client IP: ::ffff:192.168.1.118
User-Agent: Dalvik/2.1.0 (Linux; U; Android 12; CTR-L91 Build/HUAWEICTR-L91)
Controller: Users, Action: GetAll
Response Body: [{"id":2,"login":"adam","encryptedPassword":"$2a$11$O2LDI/XqHSjEV.y0jbJDHue4R0XDH6BPWvHIEVQgkwoQDO5X3ZVLW","name":"Adam","surname":"First","email":"first@people.world","phone":"","createdAt":"2026-01-18T02:00:00.151037Z","roleId":null,"role":null,"alarmEvents":[],"sentPartRequests":[],"receivedPartRequests":[],"sentShiftTransfers":[],"receivedShiftTransfers":[]},{"id":3,"login":"admin","encryptedPassword":"5252","name":"Админ","surname":"Системный","email":"admin@example.com","phone":"+71234567890","createdAt":"2026-01-18T02:01:31.317309Z","roleId":null,"role":null,"alarmEvents":[],"sentPartRequests":[],"receivedPartRequests":[],"sentShiftTransfers":[],"receivedShiftTransfers":[]}]
=======================================================

=======================================================
Timestamp: 2026-01-21T17:59:47.6565801Z
Method: GET
URL: /api/materials
Status: 200
Duration: 4 ms
UserId: 
Client IP: ::ffff:192.168.1.118
User-Agent: Dalvik/2.1.0 (Linux; U; Android 12; CTR-L91 Build/HUAWEICTR-L91)
Controller: Materials, Action: GetAll
Response Body: [{"id":1,"name":"Косточка","description":"работает?","code":"12312","measuringUnit":"шт"},{"id":2,"name":"Бам сука","description":"","code":"","measuringUnit":"шт"}]
=======================================================

=======================================================
Timestamp: 2026-01-21T17:59:47.7708485Z
Method: GET
URL: /api/products
Status: 200
Duration: 1 ms
UserId: 
Client IP: ::ffff:192.168.1.118
User-Agent: Dalvik/2.1.0 (Linux; U; Android 12; CTR-L91 Build/HUAWEICTR-L91)
Controller: Products, Action: GetAll
Response Body: [{"id":1,"name":"Яблочко","description":"1548753264","code":"152","measuringUnit":"шт"}]
=======================================================

=======================================================
Timestamp: 2026-01-21T17:59:56.1475190Z
Method: GET
URL: /api/products
Status: 200
Duration: 1 ms
UserId: 
Client IP: ::ffff:192.168.1.118
User-Agent: Dalvik/2.1.0 (Linux; U; Android 12; CTR-L91 Build/HUAWEICTR-L91)
Controller: Products, Action: GetAll
Response Body: [{"id":1,"name":"Яблочко","description":"1548753264","code":"152","measuringUnit":"шт"}]
=======================================================

=======================================================
Timestamp: 2026-01-21T17:59:56.1486025Z
Method: GET
URL: /api/users
Status: 200
Duration: 1 ms
UserId: 
Client IP: ::ffff:192.168.1.118
User-Agent: Dalvik/2.1.0 (Linux; U; Android 12; CTR-L91 Build/HUAWEICTR-L91)
Controller: Users, Action: GetAll
Response Body: [{"id":2,"login":"adam","encryptedPassword":"$2a$11$O2LDI/XqHSjEV.y0jbJDHue4R0XDH6BPWvHIEVQgkwoQDO5X3ZVLW","name":"Adam","surname":"First","email":"first@people.world","phone":"","createdAt":"2026-01-18T02:00:00.151037Z","roleId":null,"role":null,"alarmEvents":[],"sentPartRequests":[],"receivedPartRequests":[],"sentShiftTransfers":[],"receivedShiftTransfers":[]},{"id":3,"login":"admin","encryptedPassword":"5252","name":"Админ","surname":"Системный","email":"admin@example.com","phone":"+71234567890","createdAt":"2026-01-18T02:01:31.317309Z","roleId":null,"role":null,"alarmEvents":[],"sentPartRequests":[],"receivedPartRequests":[],"sentShiftTransfers":[],"receivedShiftTransfers":[]}]
=======================================================

=======================================================
Timestamp: 2026-01-21T17:59:56.1538870Z
Method: GET
URL: /api/products
Status: 200
Duration: 2 ms
UserId: 
Client IP: ::ffff:192.168.1.118
User-Agent: Dalvik/2.1.0 (Linux; U; Android 12; CTR-L91 Build/HUAWEICTR-L91)
Controller: Products, Action: GetAll
Response Body: [{"id":1,"name":"Яблочко","description":"1548753264","code":"152","measuringUnit":"шт"}]
=======================================================

=======================================================
Timestamp: 2026-01-21T17:59:56.1553018Z
Method: GET
URL: /api/products
Status: 200
Duration: 3 ms
UserId: 
Client IP: ::ffff:192.168.1.118
User-Agent: Dalvik/2.1.0 (Linux; U; Android 12; CTR-L91 Build/HUAWEICTR-L91)
Controller: Products, Action: GetAll
Response Body: [{"id":1,"name":"Яблочко","description":"1548753264","code":"152","measuringUnit":"шт"}]
=======================================================

=======================================================
Timestamp: 2026-01-21T17:59:56.1538329Z
Method: GET
URL: /api/materials
Status: 200
Duration: 1 ms
UserId: 
Client IP: ::ffff:192.168.1.118
User-Agent: Dalvik/2.1.0 (Linux; U; Android 12; CTR-L91 Build/HUAWEICTR-L91)
Controller: Materials, Action: GetAll
Response Body: [{"id":1,"name":"Косточка","description":"работает?","code":"12312","measuringUnit":"шт"},{"id":2,"name":"Бам сука","description":"","code":"","measuringUnit":"шт"}]
=======================================================

=======================================================
Timestamp: 2026-01-21T17:59:56.2649118Z
Method: GET
URL: /api/products
Status: 200
Duration: 6 ms
UserId: 
Client IP: ::ffff:192.168.1.118
User-Agent: Dalvik/2.1.0 (Linux; U; Android 12; CTR-L91 Build/HUAWEICTR-L91)
Controller: Products, Action: GetAll
Response Body: [{"id":1,"name":"Яблочко","description":"1548753264","code":"152","measuringUnit":"шт"}]
=======================================================

=======================================================
Timestamp: 2026-01-21T18:00:02.6267529Z
Method: GET
URL: /api/users
Status: 200
Duration: 2 ms
UserId: 
Client IP: ::ffff:192.168.1.118
User-Agent: Dalvik/2.1.0 (Linux; U; Android 12; CTR-L91 Build/HUAWEICTR-L91)
Controller: Users, Action: GetAll
Response Body: [{"id":2,"login":"adam","encryptedPassword":"$2a$11$O2LDI/XqHSjEV.y0jbJDHue4R0XDH6BPWvHIEVQgkwoQDO5X3ZVLW","name":"Adam","surname":"First","email":"first@people.world","phone":"","createdAt":"2026-01-18T02:00:00.151037Z","roleId":null,"role":null,"alarmEvents":[],"sentPartRequests":[],"receivedPartRequests":[],"sentShiftTransfers":[],"receivedShiftTransfers":[]},{"id":3,"login":"admin","encryptedPassword":"5252","name":"Админ","surname":"Системный","email":"admin@example.com","phone":"+71234567890","createdAt":"2026-01-18T02:01:31.317309Z","roleId":null,"role":null,"alarmEvents":[],"sentPartRequests":[],"receivedPartRequests":[],"sentShiftTransfers":[],"receivedShiftTransfers":[]}]
=======================================================

=======================================================
Timestamp: 2026-01-21T18:00:02.6281394Z
Method: GET
URL: /api/products
Status: 200
Duration: 1 ms
UserId: 
Client IP: ::ffff:192.168.1.118
User-Agent: Dalvik/2.1.0 (Linux; U; Android 12; CTR-L91 Build/HUAWEICTR-L91)
Controller: Products, Action: GetAll
Response Body: [{"id":1,"name":"Яблочко","description":"1548753264","code":"152","measuringUnit":"шт"}]
=======================================================

=======================================================
Timestamp: 2026-01-21T18:00:02.6284264Z
Method: GET
URL: /api/products
Status: 200
Duration: 2 ms
UserId: 
Client IP: ::ffff:192.168.1.118
User-Agent: Dalvik/2.1.0 (Linux; U; Android 12; CTR-L91 Build/HUAWEICTR-L91)
Controller: Products, Action: GetAll
Response Body: [{"id":1,"name":"Яблочко","description":"1548753264","code":"152","measuringUnit":"шт"}]
=======================================================

=======================================================
Timestamp: 2026-01-21T18:00:02.6296153Z
Method: GET
URL: /api/users
Status: 200
Duration: 6 ms
UserId: 
Client IP: ::ffff:192.168.1.118
User-Agent: Dalvik/2.1.0 (Linux; U; Android 12; CTR-L91 Build/HUAWEICTR-L91)
Controller: Users, Action: GetAll
Response Body: [{"id":2,"login":"adam","encryptedPassword":"$2a$11$O2LDI/XqHSjEV.y0jbJDHue4R0XDH6BPWvHIEVQgkwoQDO5X3ZVLW","name":"Adam","surname":"First","email":"first@people.world","phone":"","createdAt":"2026-01-18T02:00:00.151037Z","roleId":null,"role":null,"alarmEvents":[],"sentPartRequests":[],"receivedPartRequests":[],"sentShiftTransfers":[],"receivedShiftTransfers":[]},{"id":3,"login":"admin","encryptedPassword":"5252","name":"Админ","surname":"Системный","email":"admin@example.com","phone":"+71234567890","createdAt":"2026-01-18T02:01:31.317309Z","roleId":null,"role":null,"alarmEvents":[],"sentPartRequests":[],"receivedPartRequests":[],"sentShiftTransfers":[],"receivedShiftTransfers":[]}]
=======================================================

=======================================================
Timestamp: 2026-01-21T18:00:02.7536364Z
Method: GET
URL: /api/users
Status: 200
Duration: 4 ms
UserId: 
Client IP: ::ffff:192.168.1.118
User-Agent: Dalvik/2.1.0 (Linux; U; Android 12; CTR-L91 Build/HUAWEICTR-L91)
Controller: Users, Action: GetAll
Response Body: [{"id":2,"login":"adam","encryptedPassword":"$2a$11$O2LDI/XqHSjEV.y0jbJDHue4R0XDH6BPWvHIEVQgkwoQDO5X3ZVLW","name":"Adam","surname":"First","email":"first@people.world","phone":"","createdAt":"2026-01-18T02:00:00.151037Z","roleId":null,"role":null,"alarmEvents":[],"sentPartRequests":[],"receivedPartRequests":[],"sentShiftTransfers":[],"receivedShiftTransfers":[]},{"id":3,"login":"admin","encryptedPassword":"5252","name":"Админ","surname":"Системный","email":"admin@example.com","phone":"+71234567890","createdAt":"2026-01-18T02:01:31.317309Z","roleId":null,"role":null,"alarmEvents":[],"sentPartRequests":[],"receivedPartRequests":[],"sentShiftTransfers":[],"receivedShiftTransfers":[]}]
=======================================================

=======================================================
Timestamp: 2026-01-21T18:00:02.7620592Z
Method: GET
URL: /api/users
Status: 200
Duration: 1 ms
UserId: 
Client IP: ::ffff:192.168.1.118
User-Agent: Dalvik/2.1.0 (Linux; U; Android 12; CTR-L91 Build/HUAWEICTR-L91)
Controller: Users, Action: GetAll
Response Body: [{"id":2,"login":"adam","encryptedPassword":"$2a$11$O2LDI/XqHSjEV.y0jbJDHue4R0XDH6BPWvHIEVQgkwoQDO5X3ZVLW","name":"Adam","surname":"First","email":"first@people.world","phone":"","createdAt":"2026-01-18T02:00:00.151037Z","roleId":null,"role":null,"alarmEvents":[],"sentPartRequests":[],"receivedPartRequests":[],"sentShiftTransfers":[],"receivedShiftTransfers":[]},{"id":3,"login":"admin","encryptedPassword":"5252","name":"Админ","surname":"Системный","email":"admin@example.com","phone":"+71234567890","createdAt":"2026-01-18T02:01:31.317309Z","roleId":null,"role":null,"alarmEvents":[],"sentPartRequests":[],"receivedPartRequests":[],"sentShiftTransfers":[],"receivedShiftTransfers":[]}]
=======================================================

=======================================================
Timestamp: 2026-01-21T18:00:02.7630421Z
Method: GET
URL: /api/products
Status: 200
Duration: 1 ms
UserId: 
Client IP: ::ffff:192.168.1.118
User-Agent: Dalvik/2.1.0 (Linux; U; Android 12; CTR-L91 Build/HUAWEICTR-L91)
Controller: Products, Action: GetAll
Response Body: [{"id":1,"name":"Яблочко","description":"1548753264","code":"152","measuringUnit":"шт"}]
=======================================================

=======================================================
Timestamp: 2026-01-21T18:00:02.7648701Z
Method: GET
URL: /api/products
Status: 200
Duration: 0 ms
UserId: 
Client IP: ::ffff:192.168.1.118
User-Agent: Dalvik/2.1.0 (Linux; U; Android 12; CTR-L91 Build/HUAWEICTR-L91)
Controller: Products, Action: GetAll
Response Body: [{"id":1,"name":"Яблочко","description":"1548753264","code":"152","measuringUnit":"шт"}]
=======================================================

=======================================================
Timestamp: 2026-01-21T18:00:02.7683416Z
Method: GET
URL: /api/products
Status: 200
Duration: 2 ms
UserId: 
Client IP: ::ffff:192.168.1.118
User-Agent: Dalvik/2.1.0 (Linux; U; Android 12; CTR-L91 Build/HUAWEICTR-L91)
Controller: Products, Action: GetAll
Response Body: [{"id":1,"name":"Яблочко","description":"1548753264","code":"152","measuringUnit":"шт"}]
=======================================================

=======================================================
Timestamp: 2026-01-21T18:00:02.7690239Z
Method: GET
URL: /api/users
Status: 200
Duration: 1 ms
UserId: 
Client IP: ::ffff:192.168.1.118
User-Agent: Dalvik/2.1.0 (Linux; U; Android 12; CTR-L91 Build/HUAWEICTR-L91)
Controller: Users, Action: GetAll
Response Body: [{"id":2,"login":"adam","encryptedPassword":"$2a$11$O2LDI/XqHSjEV.y0jbJDHue4R0XDH6BPWvHIEVQgkwoQDO5X3ZVLW","name":"Adam","surname":"First","email":"first@people.world","phone":"","createdAt":"2026-01-18T02:00:00.151037Z","roleId":null,"role":null,"alarmEvents":[],"sentPartRequests":[],"receivedPartRequests":[],"sentShiftTransfers":[],"receivedShiftTransfers":[]},{"id":3,"login":"admin","encryptedPassword":"5252","name":"Админ","surname":"Системный","email":"admin@example.com","phone":"+71234567890","createdAt":"2026-01-18T02:01:31.317309Z","roleId":null,"role":null,"alarmEvents":[],"sentPartRequests":[],"receivedPartRequests":[],"sentShiftTransfers":[],"receivedShiftTransfers":[]}]
=======================================================

=======================================================
Timestamp: 2026-01-21T18:00:02.7898645Z
Method: GET
URL: /api/materials
Status: 200
Duration: 1 ms
UserId: 
Client IP: ::ffff:192.168.1.118
User-Agent: Dalvik/2.1.0 (Linux; U; Android 12; CTR-L91 Build/HUAWEICTR-L91)
Controller: Materials, Action: GetAll
Response Body: [{"id":1,"name":"Косточка","description":"работает?","code":"12312","measuringUnit":"шт"},{"id":2,"name":"Бам сука","description":"","code":"","measuringUnit":"шт"}]
=======================================================

=======================================================
Timestamp: 2026-01-21T18:00:02.8130854Z
Method: GET
URL: /api/products
Status: 200
Duration: 1 ms
UserId: 
Client IP: ::ffff:192.168.1.118
User-Agent: Dalvik/2.1.0 (Linux; U; Android 12; CTR-L91 Build/HUAWEICTR-L91)
Controller: Products, Action: GetAll
Response Body: [{"id":1,"name":"Яблочко","description":"1548753264","code":"152","measuringUnit":"шт"}]
=======================================================

=======================================================
Timestamp: 2026-01-21T18:00:02.8143367Z
Method: GET
URL: /api/roles
Status: 200
Duration: 2 ms
UserId: 
Client IP: ::ffff:192.168.1.118
User-Agent: Dalvik/2.1.0 (Linux; U; Android 12; CTR-L91 Build/HUAWEICTR-L91)
Controller: Roles, Action: GetAll
Response Body: []
=======================================================

=======================================================
Timestamp: 2026-01-21T18:00:20.2357034Z
Method: GET
URL: /api/products
Status: 200
Duration: 3 ms
UserId: 
Client IP: ::ffff:192.168.1.118
User-Agent: Dalvik/2.1.0 (Linux; U; Android 12; CTR-L91 Build/HUAWEICTR-L91)
Controller: Products, Action: GetAll
Response Body: [{"id":1,"name":"Яблочко","description":"1548753264","code":"152","measuringUnit":"шт"}]
=======================================================

=======================================================
Timestamp: 2026-01-21T18:00:20.2368699Z
Method: GET
URL: /api/products
Status: 200
Duration: 2 ms
UserId: 
Client IP: ::ffff:192.168.1.118
User-Agent: Dalvik/2.1.0 (Linux; U; Android 12; CTR-L91 Build/HUAWEICTR-L91)
Controller: Products, Action: GetAll
Response Body: [{"id":1,"name":"Яблочко","description":"1548753264","code":"152","measuringUnit":"шт"}]
=======================================================

=======================================================
Timestamp: 2026-01-21T18:00:20.2841519Z
Method: GET
URL: /api/products
Status: 200
Duration: 1 ms
UserId: 
Client IP: ::ffff:192.168.1.118
User-Agent: Dalvik/2.1.0 (Linux; U; Android 12; CTR-L91 Build/HUAWEICTR-L91)
Controller: Products, Action: GetAll
Response Body: [{"id":1,"name":"Яблочко","description":"1548753264","code":"152","measuringUnit":"шт"}]
=======================================================

=======================================================
Timestamp: 2026-01-21T18:00:20.2857799Z
Method: GET
URL: /api/products
Status: 200
Duration: 1 ms
UserId: 
Client IP: ::ffff:192.168.1.118
User-Agent: Dalvik/2.1.0 (Linux; U; Android 12; CTR-L91 Build/HUAWEICTR-L91)
Controller: Products, Action: GetAll
Response Body: [{"id":1,"name":"Яблочко","description":"1548753264","code":"152","measuringUnit":"шт"}]
=======================================================

=======================================================
Timestamp: 2026-01-21T18:00:20.2866870Z
Method: GET
URL: /api/materials
Status: 200
Duration: 1 ms
UserId: 
Client IP: ::ffff:192.168.1.118
User-Agent: Dalvik/2.1.0 (Linux; U; Android 12; CTR-L91 Build/HUAWEICTR-L91)
Controller: Materials, Action: GetAll
Response Body: [{"id":1,"name":"Косточка","description":"работает?","code":"12312","measuringUnit":"шт"},{"id":2,"name":"Бам сука","description":"","code":"","measuringUnit":"шт"}]
=======================================================

=======================================================
Timestamp: 2026-01-21T18:00:20.3006014Z
Method: GET
URL: /api/products
Status: 200
Duration: 1 ms
UserId: 
Client IP: ::ffff:192.168.1.118
User-Agent: Dalvik/2.1.0 (Linux; U; Android 12; CTR-L91 Build/HUAWEICTR-L91)
Controller: Products, Action: GetAll
Response Body: [{"id":1,"name":"Яблочко","description":"1548753264","code":"152","measuringUnit":"шт"}]
=======================================================

=======================================================
Timestamp: 2026-01-21T18:00:20.3364363Z
Method: GET
URL: /api/users
Status: 200
Duration: 3 ms
UserId: 
Client IP: ::ffff:192.168.1.118
User-Agent: Dalvik/2.1.0 (Linux; U; Android 12; CTR-L91 Build/HUAWEICTR-L91)
Controller: Users, Action: GetAll
Response Body: [{"id":2,"login":"adam","encryptedPassword":"$2a$11$O2LDI/XqHSjEV.y0jbJDHue4R0XDH6BPWvHIEVQgkwoQDO5X3ZVLW","name":"Adam","surname":"First","email":"first@people.world","phone":"","createdAt":"2026-01-18T02:00:00.151037Z","roleId":null,"role":null,"alarmEvents":[],"sentPartRequests":[],"receivedPartRequests":[],"sentShiftTransfers":[],"receivedShiftTransfers":[]},{"id":3,"login":"admin","encryptedPassword":"5252","name":"Админ","surname":"Системный","email":"admin@example.com","phone":"+71234567890","createdAt":"2026-01-18T02:01:31.317309Z","roleId":null,"role":null,"alarmEvents":[],"sentPartRequests":[],"receivedPartRequests":[],"sentShiftTransfers":[],"receivedShiftTransfers":[]}]
=======================================================

=======================================================
Timestamp: 2026-01-21T18:36:39.0032336Z
Method: GET
URL: /api/users
Status: 200
Duration: 66 ms
UserId: 
Client IP: ::ffff:192.168.1.118
User-Agent: Dalvik/2.1.0 (Linux; U; Android 12; CTR-L91 Build/HUAWEICTR-L91)
Controller: Users, Action: GetAll
Response Body: [{"id":2,"login":"adam","encryptedPassword":"$2a$11$O2LDI/XqHSjEV.y0jbJDHue4R0XDH6BPWvHIEVQgkwoQDO5X3ZVLW","name":"Adam","surname":"First","email":"first@people.world","phone":"","createdAt":"2026-01-18T02:00:00.151037Z","roleId":null,"role":null,"alarmEvents":[],"sentPartRequests":[],"receivedPartRequests":[],"sentShiftTransfers":[],"receivedShiftTransfers":[]},{"id":3,"login":"admin","encryptedPassword":"5252","name":"Админ","surname":"Системный","email":"admin@example.com","phone":"+71234567890","createdAt":"2026-01-18T02:01:31.317309Z","roleId":null,"role":null,"alarmEvents":[],"sentPartRequests":[],"receivedPartRequests":[],"sentShiftTransfers":[],"receivedShiftTransfers":[]}]
=======================================================

=======================================================
Timestamp: 2026-01-21T18:36:42.2611474Z
Method: GET
URL: /api/products
Status: 200
Duration: 1 ms
UserId: 
Client IP: ::ffff:192.168.1.118
User-Agent: Dalvik/2.1.0 (Linux; U; Android 12; CTR-L91 Build/HUAWEICTR-L91)
Controller: Products, Action: GetAll
Response Body: [{"id":1,"name":"Яблочко","description":"1548753264","code":"152","measuringUnit":"шт"}]
=======================================================

=======================================================
Timestamp: 2026-01-21T18:36:42.3671547Z
Method: GET
URL: /api/products
Status: 200
Duration: 1 ms
UserId: 
Client IP: ::ffff:192.168.1.118
User-Agent: Dalvik/2.1.0 (Linux; U; Android 12; CTR-L91 Build/HUAWEICTR-L91)
Controller: Products, Action: GetAll
Response Body: [{"id":1,"name":"Яблочко","description":"1548753264","code":"152","measuringUnit":"шт"}]
=======================================================

=======================================================
Timestamp: 2026-01-21T18:36:46.4405892Z
Method: GET
URL: /api/products
Status: 200
Duration: 1 ms
UserId: 
Client IP: ::ffff:192.168.1.118
User-Agent: Dalvik/2.1.0 (Linux; U; Android 12; CTR-L91 Build/HUAWEICTR-L91)
Controller: Products, Action: GetAll
Response Body: [{"id":1,"name":"Яблочко","description":"1548753264","code":"152","measuringUnit":"шт"}]
=======================================================

=======================================================
Timestamp: 2026-01-21T18:36:46.4444472Z
Method: GET
URL: /api/products
Status: 200
Duration: 64 ms
UserId: 
Client IP: ::ffff:192.168.1.118
User-Agent: Dalvik/2.1.0 (Linux; U; Android 12; CTR-L91 Build/HUAWEICTR-L91)
Controller: Products, Action: GetAll
Response Body: [{"id":1,"name":"Яблочко","description":"1548753264","code":"152","measuringUnit":"шт"}]
=======================================================

=======================================================
Timestamp: 2026-01-21T18:37:26.6238980Z
Method: GET
URL: /api/users
Status: 200
Duration: 2 ms
UserId: 
Client IP: ::ffff:192.168.1.118
User-Agent: Dalvik/2.1.0 (Linux; U; Android 12; CTR-L91 Build/HUAWEICTR-L91)
Controller: Users, Action: GetAll
Response Body: [{"id":2,"login":"adam","encryptedPassword":"$2a$11$O2LDI/XqHSjEV.y0jbJDHue4R0XDH6BPWvHIEVQgkwoQDO5X3ZVLW","name":"Adam","surname":"First","email":"first@people.world","phone":"","createdAt":"2026-01-18T02:00:00.151037Z","roleId":null,"role":null,"alarmEvents":[],"sentPartRequests":[],"receivedPartRequests":[],"sentShiftTransfers":[],"receivedShiftTransfers":[]},{"id":3,"login":"admin","encryptedPassword":"5252","name":"Админ","surname":"Системный","email":"admin@example.com","phone":"+71234567890","createdAt":"2026-01-18T02:01:31.317309Z","roleId":null,"role":null,"alarmEvents":[],"sentPartRequests":[],"receivedPartRequests":[],"sentShiftTransfers":[],"receivedShiftTransfers":[]}]
=======================================================

=======================================================
Timestamp: 2026-01-21T18:37:29.5057835Z
Method: GET
URL: /api/products
Status: 200
Duration: 1 ms
UserId: 
Client IP: ::ffff:192.168.1.118
User-Agent: Dalvik/2.1.0 (Linux; U; Android 12; CTR-L91 Build/HUAWEICTR-L91)
Controller: Products, Action: GetAll
Response Body: [{"id":1,"name":"Яблочко","description":"1548753264","code":"152","measuringUnit":"шт"}]
=======================================================

=======================================================
Timestamp: 2026-01-21T18:37:37.8188531Z
Method: GET
URL: /api/products
Status: 200
Duration: 0 ms
UserId: 
Client IP: ::ffff:192.168.1.118
User-Agent: Dalvik/2.1.0 (Linux; U; Android 12; CTR-L91 Build/HUAWEICTR-L91)
Controller: Products, Action: GetAll
Response Body: [{"id":1,"name":"Яблочко","description":"1548753264","code":"152","measuringUnit":"шт"}]
=======================================================

=======================================================
Timestamp: 2026-01-21T18:37:37.8188531Z
Method: GET
URL: /api/products
Status: 200
Duration: 0 ms
UserId: 
Client IP: ::ffff:192.168.1.118
User-Agent: Dalvik/2.1.0 (Linux; U; Android 12; CTR-L91 Build/HUAWEICTR-L91)
Controller: Products, Action: GetAll
Response Body: [{"id":1,"name":"Яблочко","description":"1548753264","code":"152","measuringUnit":"шт"}]
=======================================================

=======================================================
Timestamp: 2026-01-21T20:43:42.1919948Z
Method: GET
URL: /
Status: 404
Duration: 6 ms
UserId: 
Client IP: ::1
User-Agent: Mozilla/5.0 (Windows NT 10.0; Win64; x64) AppleWebKit/537.36 (KHTML, like Gecko) Chrome/143.0.0.0 Safari/537.36
=======================================================

=======================================================
Timestamp: 2026-01-21T20:43:44.5012048Z
Method: GET
URL: /api/users
Status: 200
Duration: 539 ms
UserId: 
Client IP: ::ffff:192.168.1.118
User-Agent: Dalvik/2.1.0 (Linux; U; Android 12; CTR-L91 Build/HUAWEICTR-L91)
Controller: Users, Action: GetAll
Response Body: [{"id":2,"login":"adam","encryptedPassword":"$2a$11$O2LDI/XqHSjEV.y0jbJDHue4R0XDH6BPWvHIEVQgkwoQDO5X3ZVLW","name":"Adam","surname":"First","email":"first@people.world","phone":"","createdAt":"2026-01-18T02:00:00.151037Z","roleId":null,"role":null,"alarmEvents":[],"sentPartRequests":[],"receivedPartRequests":[],"sentShiftTransfers":[],"receivedShiftTransfers":[]},{"id":3,"login":"admin","encryptedPassword":"5252","name":"Админ","surname":"Системный","email":"admin@example.com","phone":"+71234567890","createdAt":"2026-01-18T02:01:31.317309Z","roleId":null,"role":null,"alarmEvents":[],"sentPartRequests":[],"receivedPartRequests":[],"sentShiftTransfers":[],"receivedShiftTransfers":[]}]
=======================================================

=======================================================
Timestamp: 2026-01-21T20:43:47.2854758Z
Method: GET
URL: /api/products
Status: 200
Duration: 48 ms
UserId: 
Client IP: ::ffff:192.168.1.118
User-Agent: Dalvik/2.1.0 (Linux; U; Android 12; CTR-L91 Build/HUAWEICTR-L91)
Controller: Products, Action: GetAll
Response Body: [{"id":1,"name":"Яблочко","description":"1548753264","code":"152","measuringUnit":"шт"},{"id":2,"name":"Хуета1","description":"пример","code":"1231212","measuringUnit":"шт"},{"id":3,"name":"Пиздострадалец2","description":"","code":"8541236974","measuringUnit":"шт"}]
=======================================================

=======================================================
Timestamp: 2026-01-21T20:43:47.6064423Z
Method: GET
URL: /api/products
Status: 200
Duration: 369 ms
UserId: 
Client IP: ::ffff:192.168.1.118
User-Agent: Dalvik/2.1.0 (Linux; U; Android 12; CTR-L91 Build/HUAWEICTR-L91)
Controller: Products, Action: GetAll
Response Body: [{"id":1,"name":"Яблочко","description":"1548753264","code":"152","measuringUnit":"шт"},{"id":2,"name":"Хуета1","description":"пример","code":"1231212","measuringUnit":"шт"},{"id":3,"name":"Пиздострадалец2","description":"","code":"8541236974","measuringUnit":"шт"}]
=======================================================

=======================================================
Timestamp: 2026-01-21T20:44:15.4970253Z
Method: GET
URL: /api/products
Status: 200
Duration: 24 ms
UserId: 
Client IP: ::ffff:192.168.1.118
User-Agent: Dalvik/2.1.0 (Linux; U; Android 12; CTR-L91 Build/HUAWEICTR-L91)
Controller: Products, Action: GetAll
Response Body: [{"id":1,"name":"Яблочко","description":"1548753264","code":"152","measuringUnit":"шт"},{"id":2,"name":"Хуета1","description":"пример","code":"1231212","measuringUnit":"шт"},{"id":3,"name":"Пиздострадалец2","description":"","code":"8541236974","measuringUnit":"шт"}]
=======================================================

=======================================================
Timestamp: 2026-01-21T20:44:15.4991730Z
Method: GET
URL: /api/products
Status: 200
Duration: 22 ms
UserId: 
Client IP: ::ffff:192.168.1.118
User-Agent: Dalvik/2.1.0 (Linux; U; Android 12; CTR-L91 Build/HUAWEICTR-L91)
Controller: Products, Action: GetAll
Response Body: [{"id":1,"name":"Яблочко","description":"1548753264","code":"152","measuringUnit":"шт"},{"id":2,"name":"Хуета1","description":"пример","code":"1231212","measuringUnit":"шт"},{"id":3,"name":"Пиздострадалец2","description":"","code":"8541236974","measuringUnit":"шт"}]
=======================================================

=======================================================
Timestamp: 2026-01-21T20:44:15.6420867Z
Method: GET
URL: /api/products
Status: 200
Duration: 7 ms
UserId: 
Client IP: ::ffff:192.168.1.118
User-Agent: Dalvik/2.1.0 (Linux; U; Android 12; CTR-L91 Build/HUAWEICTR-L91)
Controller: Products, Action: GetAll
Response Body: [{"id":1,"name":"Яблочко","description":"1548753264","code":"152","measuringUnit":"шт"},{"id":2,"name":"Хуета1","description":"пример","code":"1231212","measuringUnit":"шт"},{"id":3,"name":"Пиздострадалец2","description":"","code":"8541236974","measuringUnit":"шт"}]
=======================================================

=======================================================
Timestamp: 2026-01-21T20:44:15.7242251Z
Method: GET
URL: /api/products/search?code=152
Status: 200
Duration: 92 ms
UserId: 
Client IP: ::ffff:192.168.1.118
User-Agent: Dalvik/2.1.0 (Linux; U; Android 12; CTR-L91 Build/HUAWEICTR-L91)
Controller: Products, Action: Search
Response Body: [{"id":1,"name":"Яблочко","description":"1548753264","code":"152","measuringUnit":"шт"}]
=======================================================

=======================================================
Timestamp: 2026-01-21T20:44:19.9630288Z
Method: GET
URL: /api/products
Status: 200
Duration: 50 ms
UserId: 
Client IP: ::ffff:192.168.1.118
User-Agent: Dalvik/2.1.0 (Linux; U; Android 12; CTR-L91 Build/HUAWEICTR-L91)
Controller: Products, Action: GetAll
Response Body: [{"id":1,"name":"Яблочко","description":"1548753264","code":"152","measuringUnit":"шт"},{"id":2,"name":"Хуета1","description":"пример","code":"1231212","measuringUnit":"шт"},{"id":3,"name":"Пиздострадалец2","description":"","code":"8541236974","measuringUnit":"шт"}]
=======================================================

=======================================================
Timestamp: 2026-01-21T20:44:20.1352800Z
Method: GET
URL: /api/products
Status: 200
Duration: 35 ms
UserId: 
Client IP: ::ffff:192.168.1.118
User-Agent: Dalvik/2.1.0 (Linux; U; Android 12; CTR-L91 Build/HUAWEICTR-L91)
Controller: Products, Action: GetAll
Response Body: [{"id":1,"name":"Яблочко","description":"1548753264","code":"152","measuringUnit":"шт"},{"id":2,"name":"Хуета1","description":"пример","code":"1231212","measuringUnit":"шт"},{"id":3,"name":"Пиздострадалец2","description":"","code":"8541236974","measuringUnit":"шт"}]
=======================================================

=======================================================
Timestamp: 2026-01-21T20:44:20.1380288Z
Method: GET
URL: /api/products
Status: 200
Duration: 57 ms
UserId: 
Client IP: ::ffff:192.168.1.118
User-Agent: Dalvik/2.1.0 (Linux; U; Android 12; CTR-L91 Build/HUAWEICTR-L91)
Controller: Products, Action: GetAll
Response Body: [{"id":1,"name":"Яблочко","description":"1548753264","code":"152","measuringUnit":"шт"},{"id":2,"name":"Хуета1","description":"пример","code":"1231212","measuringUnit":"шт"},{"id":3,"name":"Пиздострадалец2","description":"","code":"8541236974","measuringUnit":"шт"}]
=======================================================

=======================================================
Timestamp: 2026-01-21T20:44:20.1400809Z
Method: GET
URL: /api/products
Status: 200
Duration: 118 ms
UserId: 
Client IP: ::ffff:192.168.1.118
User-Agent: Dalvik/2.1.0 (Linux; U; Android 12; CTR-L91 Build/HUAWEICTR-L91)
Controller: Products, Action: GetAll
Response Body: [{"id":1,"name":"Яблочко","description":"1548753264","code":"152","measuringUnit":"шт"},{"id":2,"name":"Хуета1","description":"пример","code":"1231212","measuringUnit":"шт"},{"id":3,"name":"Пиздострадалец2","description":"","code":"8541236974","measuringUnit":"шт"}]
=======================================================

=======================================================
Timestamp: 2026-01-21T20:44:22.9440711Z
Method: GET
URL: /api/products
Status: 200
Duration: 27 ms
UserId: 
Client IP: ::ffff:192.168.1.118
User-Agent: Dalvik/2.1.0 (Linux; U; Android 12; CTR-L91 Build/HUAWEICTR-L91)
Controller: Products, Action: GetAll
Response Body: [{"id":1,"name":"Яблочко","description":"1548753264","code":"152","measuringUnit":"шт"},{"id":2,"name":"Хуета1","description":"пример","code":"1231212","measuringUnit":"шт"},{"id":3,"name":"Пиздострадалец2","description":"","code":"8541236974","measuringUnit":"шт"}]
=======================================================

=======================================================
Timestamp: 2026-01-21T20:44:23.0809666Z
Method: GET
URL: /api/products
Status: 200
Duration: 24 ms
UserId: 
Client IP: ::ffff:192.168.1.118
User-Agent: Dalvik/2.1.0 (Linux; U; Android 12; CTR-L91 Build/HUAWEICTR-L91)
Controller: Products, Action: GetAll
Response Body: [{"id":1,"name":"Яблочко","description":"1548753264","code":"152","measuringUnit":"шт"},{"id":2,"name":"Хуета1","description":"пример","code":"1231212","measuringUnit":"шт"},{"id":3,"name":"Пиздострадалец2","description":"","code":"8541236974","measuringUnit":"шт"}]
=======================================================

=======================================================
Timestamp: 2026-01-21T20:44:23.4978917Z
Method: GET
URL: /api/products
Status: 200
Duration: 17 ms
UserId: 
Client IP: ::ffff:192.168.1.118
User-Agent: Dalvik/2.1.0 (Linux; U; Android 12; CTR-L91 Build/HUAWEICTR-L91)
Controller: Products, Action: GetAll
Response Body: [{"id":1,"name":"Яблочко","description":"1548753264","code":"152","measuringUnit":"шт"},{"id":2,"name":"Хуета1","description":"пример","code":"1231212","measuringUnit":"шт"},{"id":3,"name":"Пиздострадалец2","description":"","code":"8541236974","measuringUnit":"шт"}]
=======================================================

=======================================================
Timestamp: 2026-01-21T20:44:23.4993736Z
Method: GET
URL: /api/products
Status: 200
Duration: 17 ms
UserId: 
Client IP: ::ffff:192.168.1.118
User-Agent: Dalvik/2.1.0 (Linux; U; Android 12; CTR-L91 Build/HUAWEICTR-L91)
Controller: Products, Action: GetAll
Response Body: [{"id":1,"name":"Яблочко","description":"1548753264","code":"152","measuringUnit":"шт"},{"id":2,"name":"Хуета1","description":"пример","code":"1231212","measuringUnit":"шт"},{"id":3,"name":"Пиздострадалец2","description":"","code":"8541236974","measuringUnit":"шт"}]
=======================================================

=======================================================
Timestamp: 2026-01-21T20:44:23.5034373Z
Method: GET
URL: /api/products
Status: 200
Duration: 16 ms
UserId: 
Client IP: ::ffff:192.168.1.118
User-Agent: Dalvik/2.1.0 (Linux; U; Android 12; CTR-L91 Build/HUAWEICTR-L91)
Controller: Products, Action: GetAll
Response Body: [{"id":1,"name":"Яблочко","description":"1548753264","code":"152","measuringUnit":"шт"},{"id":2,"name":"Хуета1","description":"пример","code":"1231212","measuringUnit":"шт"},{"id":3,"name":"Пиздострадалец2","description":"","code":"8541236974","measuringUnit":"шт"}]
=======================================================

=======================================================
Timestamp: 2026-01-21T20:44:23.5068739Z
Method: GET
URL: /api/products
Status: 200
Duration: 25 ms
UserId: 
Client IP: ::ffff:192.168.1.118
User-Agent: Dalvik/2.1.0 (Linux; U; Android 12; CTR-L91 Build/HUAWEICTR-L91)
Controller: Products, Action: GetAll
Response Body: [{"id":1,"name":"Яблочко","description":"1548753264","code":"152","measuringUnit":"шт"},{"id":2,"name":"Хуета1","description":"пример","code":"1231212","measuringUnit":"шт"},{"id":3,"name":"Пиздострадалец2","description":"","code":"8541236974","measuringUnit":"шт"}]
=======================================================

=======================================================
Timestamp: 2026-01-21T20:44:23.6626339Z
Method: GET
URL: /api/products
Status: 200
Duration: 24 ms
UserId: 
Client IP: ::ffff:192.168.1.118
User-Agent: Dalvik/2.1.0 (Linux; U; Android 12; CTR-L91 Build/HUAWEICTR-L91)
Controller: Products, Action: GetAll
Response Body: [{"id":1,"name":"Яблочко","description":"1548753264","code":"152","measuringUnit":"шт"},{"id":2,"name":"Хуета1","description":"пример","code":"1231212","measuringUnit":"шт"},{"id":3,"name":"Пиздострадалец2","description":"","code":"8541236974","measuringUnit":"шт"}]
=======================================================

=======================================================
Timestamp: 2026-01-21T20:44:23.6641773Z
Method: GET
URL: /api/products
Status: 200
Duration: 24 ms
UserId: 
Client IP: ::ffff:192.168.1.118
User-Agent: Dalvik/2.1.0 (Linux; U; Android 12; CTR-L91 Build/HUAWEICTR-L91)
Controller: Products, Action: GetAll
Response Body: [{"id":1,"name":"Яблочко","description":"1548753264","code":"152","measuringUnit":"шт"},{"id":2,"name":"Хуета1","description":"пример","code":"1231212","measuringUnit":"шт"},{"id":3,"name":"Пиздострадалец2","description":"","code":"8541236974","measuringUnit":"шт"}]
=======================================================

=======================================================
Timestamp: 2026-01-21T20:44:23.6698033Z
Method: GET
URL: /api/products
Status: 200
Duration: 27 ms
UserId: 
Client IP: ::ffff:192.168.1.118
User-Agent: Dalvik/2.1.0 (Linux; U; Android 12; CTR-L91 Build/HUAWEICTR-L91)
Controller: Products, Action: GetAll
Response Body: [{"id":1,"name":"Яблочко","description":"1548753264","code":"152","measuringUnit":"шт"},{"id":2,"name":"Хуета1","description":"пример","code":"1231212","measuringUnit":"шт"},{"id":3,"name":"Пиздострадалец2","description":"","code":"8541236974","measuringUnit":"шт"}]
=======================================================

=======================================================
Timestamp: 2026-01-21T20:44:23.6715867Z
Method: GET
URL: /api/products
Status: 200
Duration: 39 ms
UserId: 
Client IP: ::ffff:192.168.1.118
User-Agent: Dalvik/2.1.0 (Linux; U; Android 12; CTR-L91 Build/HUAWEICTR-L91)
Controller: Products, Action: GetAll
Response Body: [{"id":1,"name":"Яблочко","description":"1548753264","code":"152","measuringUnit":"шт"},{"id":2,"name":"Хуета1","description":"пример","code":"1231212","measuringUnit":"шт"},{"id":3,"name":"Пиздострадалец2","description":"","code":"8541236974","measuringUnit":"шт"}]
=======================================================

=======================================================
Timestamp: 2026-01-21T20:44:23.8512662Z
Method: GET
URL: /api/products
Status: 200
Duration: 27 ms
UserId: 
Client IP: ::ffff:192.168.1.118
User-Agent: Dalvik/2.1.0 (Linux; U; Android 12; CTR-L91 Build/HUAWEICTR-L91)
Controller: Products, Action: GetAll
Response Body: [{"id":1,"name":"Яблочко","description":"1548753264","code":"152","measuringUnit":"шт"},{"id":2,"name":"Хуета1","description":"пример","code":"1231212","measuringUnit":"шт"},{"id":3,"name":"Пиздострадалец2","description":"","code":"8541236974","measuringUnit":"шт"}]
=======================================================

=======================================================
Timestamp: 2026-01-21T20:44:23.9040767Z
Method: GET
URL: /api/products
Status: 200
Duration: 31 ms
UserId: 
Client IP: ::ffff:192.168.1.118
User-Agent: Dalvik/2.1.0 (Linux; U; Android 12; CTR-L91 Build/HUAWEICTR-L91)
Controller: Products, Action: GetAll
Response Body: [{"id":1,"name":"Яблочко","description":"1548753264","code":"152","measuringUnit":"шт"},{"id":2,"name":"Хуета1","description":"пример","code":"1231212","measuringUnit":"шт"},{"id":3,"name":"Пиздострадалец2","description":"","code":"8541236974","measuringUnit":"шт"}]
=======================================================

=======================================================
Timestamp: 2026-01-21T20:44:23.9656562Z
Method: GET
URL: /api/products
Status: 200
Duration: 36 ms
UserId: 
Client IP: ::ffff:192.168.1.118
User-Agent: Dalvik/2.1.0 (Linux; U; Android 12; CTR-L91 Build/HUAWEICTR-L91)
Controller: Products, Action: GetAll
Response Body: [{"id":1,"name":"Яблочко","description":"1548753264","code":"152","measuringUnit":"шт"},{"id":2,"name":"Хуета1","description":"пример","code":"1231212","measuringUnit":"шт"},{"id":3,"name":"Пиздострадалец2","description":"","code":"8541236974","measuringUnit":"шт"}]
=======================================================

