=======================================================
Timestamp: 2026-01-09T12:07:44.4839190Z
Method: POST
URL: /api/Users
Status: 201
Duration: 220 ms
UserId: 
Client IP: ::1
User-Agent: Mozilla/5.0 (Macintosh; Intel Mac OS X 10_15_7) AppleWebKit/537.36 (KHTML, like Gecko) Chrome/143.0.0.0 Safari/537.36
Controller: Users, Action: CreateUser
Request Body: {
  "login": "admin",
  "encryptedPassword": "admin123",
  "name": "Администратор",
  "surname": "Системы",
  "email": "admin@nekrasovsky.local",
  "phone": "+7 (999) 123-45-67"
}
Response Body: {"message":"User created successfully","user":{"id":1,"login":"admin","encryptedPassword":"oFlFGGejvS0ZrBzkcaD+Ig==","name":"Администратор","surname":"Системы","email":"admin@nekrasovsky.local","phone":"+7 (999) 123-45-67","createdAt":"2026-01-09T12:07:44.383055Z","alarmEvents":[],"sentPartRequests":[],"receivedPartRequests":[],"sentShiftTransfers":[],"receivedShiftTransfers":[]}}
=======================================================

=======================================================
Timestamp: 2026-01-09T12:16:12.9546140Z
Method: GET
URL: /api/Permissions/1
Status: 404
Duration: 53 ms
UserId: 
Client IP: ::1
User-Agent: Mozilla/5.0 (Macintosh; Intel Mac OS X 10_15_7) AppleWebKit/537.36 (KHTML, like Gecko) Chrome/143.0.0.0 Safari/537.36
Controller: Permissions, Action: GetById
Response Body: {"message":"Permission with ID 1 not found"}
=======================================================

=======================================================
Timestamp: 2026-01-09T12:16:34.7850450Z
Method: POST
URL: /api/Permissions
Status: 201
Duration: 21 ms
UserId: 
Client IP: ::1
User-Agent: Mozilla/5.0 (Macintosh; Intel Mac OS X 10_15_7) AppleWebKit/537.36 (KHTML, like Gecko) Chrome/143.0.0.0 Safari/537.36
Controller: Permissions, Action: CreatePermission
Request Body: {
  "id": 1,
  "code": "string",
  "name": "string",
  "description": "string"
}
Response Body: {"message":"Permission created successfully","permission":{"id":1,"code":"string","name":"string","description":"string"}}
=======================================================

=======================================================
Timestamp: 2026-01-09T12:16:43.8104870Z
Method: GET
URL: /api/Permissions/1
Status: 200
Duration: 9 ms
UserId: 
Client IP: ::1
User-Agent: Mozilla/5.0 (Macintosh; Intel Mac OS X 10_15_7) AppleWebKit/537.36 (KHTML, like Gecko) Chrome/143.0.0.0 Safari/537.36
Controller: Permissions, Action: GetById
Response Body: {"id":1,"code":"string","name":"string","description":"string"}
=======================================================

=======================================================
Timestamp: 2026-01-09T17:59:46.1208277Z
Method: GET
URL: /api/database/check
Status: 307
Duration: 6 ms
UserId: 
Client IP: ::1
User-Agent: Mozilla/5.0 (Windows NT 10.0; Win64; x64) AppleWebKit/537.36 (KHTML, like Gecko) Chrome/143.0.0.0 Safari/537.36 Edg/143.0.0.0
Controller: Database, Action: CheckDatabase
=======================================================

=======================================================
Timestamp: 2026-01-09T17:59:46.2002265Z
Method: GET
URL: /api/database/check
Status: 200
Duration: 752 ms
UserId: 
Client IP: ::1
User-Agent: Mozilla/5.0 (Windows NT 10.0; Win64; x64) AppleWebKit/537.36 (KHTML, like Gecko) Chrome/143.0.0.0 Safari/537.36 Edg/143.0.0.0
Controller: Database, Action: CheckDatabase
Response Body: {"success":true,"message":"Подключение к базе данных успешно","usersCount":1,"users":[{"id":1,"login":"admin","email":"admin@example.com","name":"Админ Системный","isPasswordEncrypted":true,"passwordLength":64}]}
=======================================================

=======================================================
Timestamp: 2026-01-09T18:01:26.6620939Z
Method: GET
URL: /api/users
Status: 307
Duration: 0 ms
UserId: 
Client IP: ::1
User-Agent: 
Controller: Users, Action: GetAll
=======================================================

=======================================================
Timestamp: 2026-01-09T18:01:26.8312266Z
Method: GET
URL: /api/users
Status: 200
Duration: 63 ms
UserId: 
Client IP: ::1
User-Agent: 
Controller: Users, Action: GetAll
Response Body: [{"id":1,"login":"admin","encryptedPassword":"AQAAAAEAACcQAAAAEGJ8e7sZV6K4l3yYdDvGkFqW3X9aB7mNnLpQrStUvWxYzA==","name":"Админ","surname":"Системный","email":"admin@example.com","phone":"+71234567890","createdAt":"2026-01-09T16:55:31.529355Z","alarmEvents":[],"sentPartRequests":[],"receivedPartRequests":[],"sentShiftTransfers":[],"receivedShiftTransfers":[]}]
=======================================================

=======================================================
Timestamp: 2026-01-09T18:01:48.1801381Z
Method: GET
URL: /api/users
Status: 307
Duration: 0 ms
UserId: 
Client IP: ::1
User-Agent: 
Controller: Users, Action: GetAll
=======================================================

=======================================================
Timestamp: 2026-01-09T18:01:48.3038263Z
Method: GET
URL: /api/users
Status: 200
Duration: 7 ms
UserId: 
Client IP: ::1
User-Agent: 
Controller: Users, Action: GetAll
Response Body: [{"id":1,"login":"admin","encryptedPassword":"AQAAAAEAACcQAAAAEGJ8e7sZV6K4l3yYdDvGkFqW3X9aB7mNnLpQrStUvWxYzA==","name":"Админ","surname":"Системный","email":"admin@example.com","phone":"+71234567890","createdAt":"2026-01-09T16:55:31.529355Z","alarmEvents":[],"sentPartRequests":[],"receivedPartRequests":[],"sentShiftTransfers":[],"receivedShiftTransfers":[]}]
=======================================================

=======================================================
Timestamp: 2026-01-09T18:01:53.6122205Z
Method: GET
URL: /api/users
Status: 307
Duration: 0 ms
UserId: 
Client IP: ::1
User-Agent: 
Controller: Users, Action: GetAll
=======================================================

=======================================================
Timestamp: 2026-01-09T18:01:53.7315830Z
Method: GET
URL: /api/users
Status: 200
Duration: 20 ms
UserId: 
Client IP: ::1
User-Agent: 
Controller: Users, Action: GetAll
Response Body: [{"id":1,"login":"admin","encryptedPassword":"AQAAAAEAACcQAAAAEGJ8e7sZV6K4l3yYdDvGkFqW3X9aB7mNnLpQrStUvWxYzA==","name":"Админ","surname":"Системный","email":"admin@example.com","phone":"+71234567890","createdAt":"2026-01-09T16:55:31.529355Z","alarmEvents":[],"sentPartRequests":[],"receivedPartRequests":[],"sentShiftTransfers":[],"receivedShiftTransfers":[]}]
=======================================================

=======================================================
Timestamp: 2026-01-09T18:08:31.9050936Z
Method: GET
URL: /api/users
Status: 307
Duration: 0 ms
UserId: 
Client IP: ::1
User-Agent: 
Controller: Users, Action: GetAll
=======================================================

=======================================================
Timestamp: 2026-01-09T18:08:32.0147740Z
Method: GET
URL: /api/users
Status: 200
Duration: 75 ms
UserId: 
Client IP: ::1
User-Agent: 
Controller: Users, Action: GetAll
Response Body: [{"id":1,"login":"admin","encryptedPassword":"AQAAAAEAACcQAAAAEGJ8e7sZV6K4l3yYdDvGkFqW3X9aB7mNnLpQrStUvWxYzA==","name":"Админ","surname":"Системный","email":"admin@example.com","phone":"+71234567890","createdAt":"2026-01-09T16:55:31.529355Z","alarmEvents":[],"sentPartRequests":[],"receivedPartRequests":[],"sentShiftTransfers":[],"receivedShiftTransfers":[]}]
=======================================================

=======================================================
Timestamp: 2026-01-09T18:09:22.8608563Z
Method: GET
URL: /api/users
Status: 307
Duration: 0 ms
UserId: 
Client IP: ::1
User-Agent: 
Controller: Users, Action: GetAll
=======================================================

=======================================================
Timestamp: 2026-01-09T18:09:22.8624221Z
Method: GET
URL: /api/users
Status: 200
Duration: 8 ms
UserId: 
Client IP: ::1
User-Agent: 
Controller: Users, Action: GetAll
Response Body: [{"id":1,"login":"admin","encryptedPassword":"AQAAAAEAACcQAAAAEGJ8e7sZV6K4l3yYdDvGkFqW3X9aB7mNnLpQrStUvWxYzA==","name":"Админ","surname":"Системный","email":"admin@example.com","phone":"+71234567890","createdAt":"2026-01-09T16:55:31.529355Z","alarmEvents":[],"sentPartRequests":[],"receivedPartRequests":[],"sentShiftTransfers":[],"receivedShiftTransfers":[]}]
=======================================================

=======================================================
Timestamp: 2026-01-09T18:09:29.4073378Z
Method: GET
URL: /api/users
Status: 307
Duration: 0 ms
UserId: 
Client IP: ::1
User-Agent: 
Controller: Users, Action: GetAll
=======================================================

=======================================================
Timestamp: 2026-01-09T18:09:29.4297743Z
Method: GET
URL: /api/users
Status: 200
Duration: 6 ms
UserId: 
Client IP: ::1
User-Agent: 
Controller: Users, Action: GetAll
Response Body: [{"id":1,"login":"admin","encryptedPassword":"AQAAAAEAACcQAAAAEGJ8e7sZV6K4l3yYdDvGkFqW3X9aB7mNnLpQrStUvWxYzA==","name":"Админ","surname":"Системный","email":"admin@example.com","phone":"+71234567890","createdAt":"2026-01-09T16:55:31.529355Z","alarmEvents":[],"sentPartRequests":[],"receivedPartRequests":[],"sentShiftTransfers":[],"receivedShiftTransfers":[]}]
=======================================================

=======================================================
Timestamp: 2026-01-09T18:09:33.1768577Z
Method: GET
URL: /api/users
Status: 307
Duration: 1 ms
UserId: 
Client IP: ::1
User-Agent: 
Controller: Users, Action: GetAll
=======================================================

=======================================================
Timestamp: 2026-01-09T18:09:33.2941948Z
Method: GET
URL: /api/users
Status: 200
Duration: 17 ms
UserId: 
Client IP: ::1
User-Agent: 
Controller: Users, Action: GetAll
Response Body: [{"id":1,"login":"admin","encryptedPassword":"AQAAAAEAACcQAAAAEGJ8e7sZV6K4l3yYdDvGkFqW3X9aB7mNnLpQrStUvWxYzA==","name":"Админ","surname":"Системный","email":"admin@example.com","phone":"+71234567890","createdAt":"2026-01-09T16:55:31.529355Z","alarmEvents":[],"sentPartRequests":[],"receivedPartRequests":[],"sentShiftTransfers":[],"receivedShiftTransfers":[]}]
=======================================================

=======================================================
Timestamp: 2026-01-09T18:09:40.1914293Z
Method: GET
URL: /api/users
Status: 307
Duration: 2 ms
UserId: 
Client IP: ::1
User-Agent: 
Controller: Users, Action: GetAll
=======================================================

=======================================================
Timestamp: 2026-01-09T18:09:40.3015377Z
Method: GET
URL: /api/users
Status: 200
Duration: 26 ms
UserId: 
Client IP: ::1
User-Agent: 
Controller: Users, Action: GetAll
Response Body: [{"id":1,"login":"admin","encryptedPassword":"AQAAAAEAACcQAAAAEGJ8e7sZV6K4l3yYdDvGkFqW3X9aB7mNnLpQrStUvWxYzA==","name":"Админ","surname":"Системный","email":"admin@example.com","phone":"+71234567890","createdAt":"2026-01-09T16:55:31.529355Z","alarmEvents":[],"sentPartRequests":[],"receivedPartRequests":[],"sentShiftTransfers":[],"receivedShiftTransfers":[]}]
=======================================================

=======================================================
Timestamp: 2026-01-09T18:12:41.0456789Z
Method: GET
URL: /api/users
Status: 307
Duration: 0 ms
UserId: 
Client IP: ::1
User-Agent: 
Controller: Users, Action: GetAll
=======================================================

=======================================================
Timestamp: 2026-01-09T18:12:41.1959622Z
Method: GET
URL: /api/users
Status: 200
Duration: 5 ms
UserId: 
Client IP: ::1
User-Agent: 
Controller: Users, Action: GetAll
Response Body: [{"id":1,"login":"admin","encryptedPassword":"U2FsdGVkX1/rX9xVokvKbL9PTux8TUUKZgRjyK04uvE=","name":"Админ","surname":"Системный","email":"admin@example.com","phone":"+71234567890","createdAt":"2026-01-09T16:55:31.529355Z","alarmEvents":[],"sentPartRequests":[],"receivedPartRequests":[],"sentShiftTransfers":[],"receivedShiftTransfers":[]}]
=======================================================

=======================================================
Timestamp: 2026-01-09T18:12:44.9800061Z
Method: GET
URL: /api/users
Status: 307
Duration: 0 ms
UserId: 
Client IP: ::1
User-Agent: 
Controller: Users, Action: GetAll
=======================================================

=======================================================
Timestamp: 2026-01-09T18:12:44.9865214Z
Method: GET
URL: /api/users
Status: 200
Duration: 2 ms
UserId: 
Client IP: ::1
User-Agent: 
Controller: Users, Action: GetAll
Response Body: [{"id":1,"login":"admin","encryptedPassword":"U2FsdGVkX1/rX9xVokvKbL9PTux8TUUKZgRjyK04uvE=","name":"Админ","surname":"Системный","email":"admin@example.com","phone":"+71234567890","createdAt":"2026-01-09T16:55:31.529355Z","alarmEvents":[],"sentPartRequests":[],"receivedPartRequests":[],"sentShiftTransfers":[],"receivedShiftTransfers":[]}]
=======================================================

=======================================================
Timestamp: 2026-01-09T18:15:37.0613214Z
Method: GET
URL: /api/users
Status: 307
Duration: 0 ms
UserId: 
Client IP: ::1
User-Agent: 
Controller: Users, Action: GetAll
=======================================================

=======================================================
Timestamp: 2026-01-09T18:15:37.1769493Z
Method: GET
URL: /api/users
Status: 200
Duration: 5 ms
UserId: 
Client IP: ::1
User-Agent: 
Controller: Users, Action: GetAll
Response Body: [{"id":1,"login":"admin","encryptedPassword":"U2FsdGVkX1/rX9xVokvKbL9PTux8TUUKZgRjyK04uvE=","name":"Админ","surname":"Системный","email":"admin@example.com","phone":"+71234567890","createdAt":"2026-01-09T16:55:31.529355Z","alarmEvents":[],"sentPartRequests":[],"receivedPartRequests":[],"sentShiftTransfers":[],"receivedShiftTransfers":[]},{"id":3,"login":"user123","encryptedPassword":"1234","name":"Админ","surname":"Системный","email":"admin@123.com","phone":"+71234567890","createdAt":"2026-01-09T18:15:04.916717Z","alarmEvents":[],"sentPartRequests":[],"receivedPartRequests":[],"sentShiftTransfers":[],"receivedShiftTransfers":[]}]
=======================================================

=======================================================
Timestamp: 2026-01-09T18:15:45.6345507Z
Method: GET
URL: /api/users
Status: 307
Duration: 0 ms
UserId: 
Client IP: ::1
User-Agent: 
Controller: Users, Action: GetAll
=======================================================

=======================================================
Timestamp: 2026-01-09T18:15:45.6442175Z
Method: GET
URL: /api/users
Status: 200
Duration: 6 ms
UserId: 
Client IP: ::1
User-Agent: 
Controller: Users, Action: GetAll
Response Body: [{"id":1,"login":"admin","encryptedPassword":"U2FsdGVkX1/rX9xVokvKbL9PTux8TUUKZgRjyK04uvE=","name":"Админ","surname":"Системный","email":"admin@example.com","phone":"+71234567890","createdAt":"2026-01-09T16:55:31.529355Z","alarmEvents":[],"sentPartRequests":[],"receivedPartRequests":[],"sentShiftTransfers":[],"receivedShiftTransfers":[]},{"id":3,"login":"user123","encryptedPassword":"1234","name":"Админ","surname":"Системный","email":"admin@123.com","phone":"+71234567890","createdAt":"2026-01-09T18:15:04.916717Z","alarmEvents":[],"sentPartRequests":[],"receivedPartRequests":[],"sentShiftTransfers":[],"receivedShiftTransfers":[]}]
=======================================================

=======================================================
Timestamp: 2026-01-09T18:16:24.4836855Z
Method: GET
URL: /api/users
Status: 307
Duration: 0 ms
UserId: 
Client IP: ::1
User-Agent: 
Controller: Users, Action: GetAll
=======================================================

=======================================================
Timestamp: 2026-01-09T18:16:24.5989985Z
Method: GET
URL: /api/users
Status: 200
Duration: 3 ms
UserId: 
Client IP: ::1
User-Agent: 
Controller: Users, Action: GetAll
Response Body: [{"id":1,"login":"admin","encryptedPassword":"U2FsdGVkX1/rX9xVokvKbL9PTux8TUUKZgRjyK04uvE=","name":"Админ","surname":"Системный","email":"admin@example.com","phone":"+71234567890","createdAt":"2026-01-09T16:55:31.529355Z","alarmEvents":[],"sentPartRequests":[],"receivedPartRequests":[],"sentShiftTransfers":[],"receivedShiftTransfers":[]},{"id":3,"login":"user123","encryptedPassword":"1234","name":"Админ","surname":"Системный","email":"admin@123.com","phone":"+71234567890","createdAt":"2026-01-09T18:15:04.916717Z","alarmEvents":[],"sentPartRequests":[],"receivedPartRequests":[],"sentShiftTransfers":[],"receivedShiftTransfers":[]}]
=======================================================

=======================================================
Timestamp: 2026-01-09T18:16:24.7033041Z
Method: GET
URL: /api/user-permissions/check?userId=3&permissionCode=Admin
Status: 307
Duration: 0 ms
UserId: 
Client IP: ::1
User-Agent: 
=======================================================

=======================================================
Timestamp: 2026-01-09T18:16:24.7621153Z
Method: GET
URL: /api/user-permissions/check?userId=3&permissionCode=Admin
Status: 404
Duration: 0 ms
UserId: 
Client IP: ::1
User-Agent: 
=======================================================

=======================================================
Timestamp: 2026-01-09T18:16:24.9139487Z
Method: GET
URL: /api/user-permissions/user/3
Status: 404
Duration: 0 ms
UserId: 
Client IP: ::1
User-Agent: 
=======================================================

=======================================================
Timestamp: 2026-01-09T18:16:24.9149148Z
Method: GET
URL: /api/user-permissions/user/3
Status: 307
Duration: 0 ms
UserId: 
Client IP: ::1
User-Agent: 
=======================================================

=======================================================
Timestamp: 2026-01-09T18:22:44.8994080Z
Method: GET
URL: /api/users
Status: 307
Duration: 0 ms
UserId: 
Client IP: ::1
User-Agent: 
Controller: Users, Action: GetAll
=======================================================

=======================================================
Timestamp: 2026-01-09T18:22:45.0274064Z
Method: GET
URL: /api/users
Status: 200
Duration: 4 ms
UserId: 
Client IP: ::1
User-Agent: 
Controller: Users, Action: GetAll
Response Body: [{"id":1,"login":"admin","encryptedPassword":"U2FsdGVkX1/rX9xVokvKbL9PTux8TUUKZgRjyK04uvE=","name":"Админ","surname":"Системный","email":"admin@example.com","phone":"+71234567890","createdAt":"2026-01-09T16:55:31.529355Z","alarmEvents":[],"sentPartRequests":[],"receivedPartRequests":[],"sentShiftTransfers":[],"receivedShiftTransfers":[]},{"id":3,"login":"user123","encryptedPassword":"1234","name":"Админ","surname":"Системный","email":"admin@123.com","phone":"+71234567890","createdAt":"2026-01-09T18:15:04.916717Z","alarmEvents":[],"sentPartRequests":[],"receivedPartRequests":[],"sentShiftTransfers":[],"receivedShiftTransfers":[]}]
=======================================================

=======================================================
Timestamp: 2026-01-09T18:23:56.1818902Z
Method: GET
URL: /api/users
Status: 307
Duration: 0 ms
UserId: 
Client IP: ::1
User-Agent: 
Controller: Users, Action: GetAll
=======================================================

=======================================================
Timestamp: 2026-01-09T18:23:56.2918497Z
Method: GET
URL: /api/users
Status: 200
Duration: 4 ms
UserId: 
Client IP: ::1
User-Agent: 
Controller: Users, Action: GetAll
Response Body: [{"id":1,"login":"admin","encryptedPassword":"U2FsdGVkX1/rX9xVokvKbL9PTux8TUUKZgRjyK04uvE=","name":"Админ","surname":"Системный","email":"admin@example.com","phone":"+71234567890","createdAt":"2026-01-09T16:55:31.529355Z","alarmEvents":[],"sentPartRequests":[],"receivedPartRequests":[],"sentShiftTransfers":[],"receivedShiftTransfers":[]},{"id":3,"login":"user123","encryptedPassword":"1234","name":"Админ","surname":"Системный","email":"admin@123.com","phone":"+71234567890","createdAt":"2026-01-09T18:15:04.916717Z","alarmEvents":[],"sentPartRequests":[],"receivedPartRequests":[],"sentShiftTransfers":[],"receivedShiftTransfers":[]}]
=======================================================

=======================================================
Timestamp: 2026-01-09T18:25:06.6541314Z
Method: GET
URL: /api/users
Status: 307
Duration: 0 ms
UserId: 
Client IP: ::1
User-Agent: 
Controller: Users, Action: GetAll
=======================================================

=======================================================
Timestamp: 2026-01-09T18:25:06.7654525Z
Method: GET
URL: /api/users
Status: 200
Duration: 4 ms
UserId: 
Client IP: ::1
User-Agent: 
Controller: Users, Action: GetAll
Response Body: [{"id":1,"login":"admin","encryptedPassword":"U2FsdGVkX1/rX9xVokvKbL9PTux8TUUKZgRjyK04uvE=","name":"Админ","surname":"Системный","email":"admin@example.com","phone":"+71234567890","createdAt":"2026-01-09T16:55:31.529355Z","alarmEvents":[],"sentPartRequests":[],"receivedPartRequests":[],"sentShiftTransfers":[],"receivedShiftTransfers":[]},{"id":3,"login":"user123","encryptedPassword":"1234","name":"Админ","surname":"Системный","email":"admin@123.com","phone":"+71234567890","createdAt":"2026-01-09T18:15:04.916717Z","alarmEvents":[],"sentPartRequests":[],"receivedPartRequests":[],"sentShiftTransfers":[],"receivedShiftTransfers":[]}]
=======================================================

=======================================================
Timestamp: 2026-01-09T18:25:40.9669656Z
Method: GET
URL: /api/users
Status: 307
Duration: 2 ms
UserId: 
Client IP: ::1
User-Agent: 
Controller: Users, Action: GetAll
=======================================================

=======================================================
Timestamp: 2026-01-09T18:25:41.0866652Z
Method: GET
URL: /api/users
Status: 200
Duration: 4 ms
UserId: 
Client IP: ::1
User-Agent: 
Controller: Users, Action: GetAll
Response Body: [{"id":1,"login":"admin","encryptedPassword":"U2FsdGVkX1/rX9xVokvKbL9PTux8TUUKZgRjyK04uvE=","name":"Админ","surname":"Системный","email":"admin@example.com","phone":"+71234567890","createdAt":"2026-01-09T16:55:31.529355Z","alarmEvents":[],"sentPartRequests":[],"receivedPartRequests":[],"sentShiftTransfers":[],"receivedShiftTransfers":[]},{"id":3,"login":"user123","encryptedPassword":"1234","name":"Админ","surname":"Системный","email":"admin@123.com","phone":"+71234567890","createdAt":"2026-01-09T18:15:04.916717Z","alarmEvents":[],"sentPartRequests":[],"receivedPartRequests":[],"sentShiftTransfers":[],"receivedShiftTransfers":[]}]
=======================================================

=======================================================
Timestamp: 2026-01-09T18:25:41.2056545Z
Method: GET
URL: /api/user-permissions/check?userId=3&permissionCode=Admin
Status: 307
Duration: 0 ms
UserId: 
Client IP: ::1
User-Agent: 
=======================================================

=======================================================
Timestamp: 2026-01-09T18:25:41.2261726Z
Method: GET
URL: /api/user-permissions/check?userId=3&permissionCode=Admin
Status: 404
Duration: 0 ms
UserId: 
Client IP: ::1
User-Agent: 
=======================================================

=======================================================
Timestamp: 2026-01-09T18:25:41.4158261Z
Method: GET
URL: /api/user-permissions/user/3
Status: 307
Duration: 0 ms
UserId: 
Client IP: ::1
User-Agent: 
=======================================================

=======================================================
Timestamp: 2026-01-09T18:25:41.4465335Z
Method: GET
URL: /api/user-permissions/user/3
Status: 404
Duration: 0 ms
UserId: 
Client IP: ::1
User-Agent: 
=======================================================

=======================================================
Timestamp: 2026-01-09T18:26:06.9986489Z
Method: GET
URL: /api/users
Status: 307
Duration: 0 ms
UserId: 
Client IP: ::1
User-Agent: 
Controller: Users, Action: GetAll
=======================================================

=======================================================
Timestamp: 2026-01-09T18:26:07.1100669Z
Method: GET
URL: /api/users
Status: 200
Duration: 3 ms
UserId: 
Client IP: ::1
User-Agent: 
Controller: Users, Action: GetAll
Response Body: [{"id":1,"login":"admin","encryptedPassword":"U2FsdGVkX1/rX9xVokvKbL9PTux8TUUKZgRjyK04uvE=","name":"Админ","surname":"Системный","email":"admin@example.com","phone":"+71234567890","createdAt":"2026-01-09T16:55:31.529355Z","alarmEvents":[],"sentPartRequests":[],"receivedPartRequests":[],"sentShiftTransfers":[],"receivedShiftTransfers":[]},{"id":3,"login":"user123","encryptedPassword":"1234","name":"Админ","surname":"Системный","email":"admin@123.com","phone":"+71234567890","createdAt":"2026-01-09T18:15:04.916717Z","alarmEvents":[],"sentPartRequests":[],"receivedPartRequests":[],"sentShiftTransfers":[],"receivedShiftTransfers":[]}]
=======================================================

=======================================================
Timestamp: 2026-01-09T18:26:18.6529520Z
Method: GET
URL: /api/users
Status: 307
Duration: 0 ms
UserId: 
Client IP: ::1
User-Agent: 
Controller: Users, Action: GetAll
=======================================================

=======================================================
Timestamp: 2026-01-09T18:26:18.7683305Z
Method: GET
URL: /api/users
Status: 200
Duration: 29 ms
UserId: 
Client IP: ::1
User-Agent: 
Controller: Users, Action: GetAll
Response Body: [{"id":1,"login":"admin","encryptedPassword":"U2FsdGVkX1/rX9xVokvKbL9PTux8TUUKZgRjyK04uvE=","name":"Админ","surname":"Системный","email":"admin@example.com","phone":"+71234567890","createdAt":"2026-01-09T16:55:31.529355Z","alarmEvents":[],"sentPartRequests":[],"receivedPartRequests":[],"sentShiftTransfers":[],"receivedShiftTransfers":[]},{"id":3,"login":"user123","encryptedPassword":"1234","name":"Админ","surname":"Системный","email":"admin@123.com","phone":"+71234567890","createdAt":"2026-01-09T18:15:04.916717Z","alarmEvents":[],"sentPartRequests":[],"receivedPartRequests":[],"sentShiftTransfers":[],"receivedShiftTransfers":[]}]
=======================================================

=======================================================
Timestamp: 2026-01-09T18:26:20.1772148Z
Method: GET
URL: /api/users
Status: 307
Duration: 0 ms
UserId: 
Client IP: ::1
User-Agent: 
Controller: Users, Action: GetAll
=======================================================

=======================================================
Timestamp: 2026-01-09T18:26:20.2848184Z
Method: GET
URL: /api/users
Status: 200
Duration: 84 ms
UserId: 
Client IP: ::1
User-Agent: 
Controller: Users, Action: GetAll
Response Body: [{"id":1,"login":"admin","encryptedPassword":"U2FsdGVkX1/rX9xVokvKbL9PTux8TUUKZgRjyK04uvE=","name":"Админ","surname":"Системный","email":"admin@example.com","phone":"+71234567890","createdAt":"2026-01-09T16:55:31.529355Z","alarmEvents":[],"sentPartRequests":[],"receivedPartRequests":[],"sentShiftTransfers":[],"receivedShiftTransfers":[]},{"id":3,"login":"user123","encryptedPassword":"1234","name":"Админ","surname":"Системный","email":"admin@123.com","phone":"+71234567890","createdAt":"2026-01-09T18:15:04.916717Z","alarmEvents":[],"sentPartRequests":[],"receivedPartRequests":[],"sentShiftTransfers":[],"receivedShiftTransfers":[]}]
=======================================================

=======================================================
Timestamp: 2026-01-09T18:26:20.7881025Z
Method: GET
URL: /api/users
Status: 307
Duration: 0 ms
UserId: 
Client IP: ::1
User-Agent: 
Controller: Users, Action: GetAll
=======================================================

=======================================================
Timestamp: 2026-01-09T18:26:20.8983820Z
Method: GET
URL: /api/users
Status: 200
Duration: 6 ms
UserId: 
Client IP: ::1
User-Agent: 
Controller: Users, Action: GetAll
Response Body: [{"id":1,"login":"admin","encryptedPassword":"U2FsdGVkX1/rX9xVokvKbL9PTux8TUUKZgRjyK04uvE=","name":"Админ","surname":"Системный","email":"admin@example.com","phone":"+71234567890","createdAt":"2026-01-09T16:55:31.529355Z","alarmEvents":[],"sentPartRequests":[],"receivedPartRequests":[],"sentShiftTransfers":[],"receivedShiftTransfers":[]},{"id":3,"login":"user123","encryptedPassword":"1234","name":"Админ","surname":"Системный","email":"admin@123.com","phone":"+71234567890","createdAt":"2026-01-09T18:15:04.916717Z","alarmEvents":[],"sentPartRequests":[],"receivedPartRequests":[],"sentShiftTransfers":[],"receivedShiftTransfers":[]}]
=======================================================

=======================================================
Timestamp: 2026-01-09T18:26:21.2159713Z
Method: GET
URL: /api/users
Status: 307
Duration: 0 ms
UserId: 
Client IP: ::1
User-Agent: 
Controller: Users, Action: GetAll
=======================================================

=======================================================
Timestamp: 2026-01-09T18:26:21.2380539Z
Method: GET
URL: /api/users
Status: 200
Duration: 4 ms
UserId: 
Client IP: ::1
User-Agent: 
Controller: Users, Action: GetAll
Response Body: [{"id":1,"login":"admin","encryptedPassword":"U2FsdGVkX1/rX9xVokvKbL9PTux8TUUKZgRjyK04uvE=","name":"Админ","surname":"Системный","email":"admin@example.com","phone":"+71234567890","createdAt":"2026-01-09T16:55:31.529355Z","alarmEvents":[],"sentPartRequests":[],"receivedPartRequests":[],"sentShiftTransfers":[],"receivedShiftTransfers":[]},{"id":3,"login":"user123","encryptedPassword":"1234","name":"Админ","surname":"Системный","email":"admin@123.com","phone":"+71234567890","createdAt":"2026-01-09T18:15:04.916717Z","alarmEvents":[],"sentPartRequests":[],"receivedPartRequests":[],"sentShiftTransfers":[],"receivedShiftTransfers":[]}]
=======================================================

=======================================================
Timestamp: 2026-01-09T18:26:21.5708852Z
Method: GET
URL: /api/users
Status: 307
Duration: 0 ms
UserId: 
Client IP: ::1
User-Agent: 
Controller: Users, Action: GetAll
=======================================================

=======================================================
Timestamp: 2026-01-09T18:26:21.5860480Z
Method: GET
URL: /api/users
Status: 200
Duration: 8 ms
UserId: 
Client IP: ::1
User-Agent: 
Controller: Users, Action: GetAll
Response Body: [{"id":1,"login":"admin","encryptedPassword":"U2FsdGVkX1/rX9xVokvKbL9PTux8TUUKZgRjyK04uvE=","name":"Админ","surname":"Системный","email":"admin@example.com","phone":"+71234567890","createdAt":"2026-01-09T16:55:31.529355Z","alarmEvents":[],"sentPartRequests":[],"receivedPartRequests":[],"sentShiftTransfers":[],"receivedShiftTransfers":[]},{"id":3,"login":"user123","encryptedPassword":"1234","name":"Админ","surname":"Системный","email":"admin@123.com","phone":"+71234567890","createdAt":"2026-01-09T18:15:04.916717Z","alarmEvents":[],"sentPartRequests":[],"receivedPartRequests":[],"sentShiftTransfers":[],"receivedShiftTransfers":[]}]
=======================================================

=======================================================
Timestamp: 2026-01-09T18:26:21.8720291Z
Method: GET
URL: /api/users
Status: 307
Duration: 0 ms
UserId: 
Client IP: ::1
User-Agent: 
Controller: Users, Action: GetAll
=======================================================

=======================================================
Timestamp: 2026-01-09T18:26:21.8859379Z
Method: GET
URL: /api/users
Status: 200
Duration: 13 ms
UserId: 
Client IP: ::1
User-Agent: 
Controller: Users, Action: GetAll
Response Body: [{"id":1,"login":"admin","encryptedPassword":"U2FsdGVkX1/rX9xVokvKbL9PTux8TUUKZgRjyK04uvE=","name":"Админ","surname":"Системный","email":"admin@example.com","phone":"+71234567890","createdAt":"2026-01-09T16:55:31.529355Z","alarmEvents":[],"sentPartRequests":[],"receivedPartRequests":[],"sentShiftTransfers":[],"receivedShiftTransfers":[]},{"id":3,"login":"user123","encryptedPassword":"1234","name":"Админ","surname":"Системный","email":"admin@123.com","phone":"+71234567890","createdAt":"2026-01-09T18:15:04.916717Z","alarmEvents":[],"sentPartRequests":[],"receivedPartRequests":[],"sentShiftTransfers":[],"receivedShiftTransfers":[]}]
=======================================================

=======================================================
Timestamp: 2026-01-09T18:32:00.9614474Z
Method: GET
URL: /api/users
Status: 307
Duration: 0 ms
UserId: 
Client IP: ::1
User-Agent: 
Controller: Users, Action: GetAll
=======================================================

=======================================================
Timestamp: 2026-01-09T18:32:01.0779792Z
Method: GET
URL: /api/users
Status: 200
Duration: 4 ms
UserId: 
Client IP: ::1
User-Agent: 
Controller: Users, Action: GetAll
Response Body: [{"id":1,"login":"admin","encryptedPassword":"U2FsdGVkX1/rX9xVokvKbL9PTux8TUUKZgRjyK04uvE=","name":"Админ","surname":"Системный","email":"admin@example.com","phone":"+71234567890","createdAt":"2026-01-09T16:55:31.529355Z","alarmEvents":[],"sentPartRequests":[],"receivedPartRequests":[],"sentShiftTransfers":[],"receivedShiftTransfers":[]},{"id":3,"login":"user123","encryptedPassword":"1234","name":"Админ","surname":"Системный","email":"admin@123.com","phone":"+71234567890","createdAt":"2026-01-09T18:15:04.916717Z","alarmEvents":[],"sentPartRequests":[],"receivedPartRequests":[],"sentShiftTransfers":[],"receivedShiftTransfers":[]}]
=======================================================

=======================================================
Timestamp: 2026-01-09T18:32:04.3017505Z
Method: GET
URL: /api/users
Status: 307
Duration: 0 ms
UserId: 
Client IP: ::1
User-Agent: 
Controller: Users, Action: GetAll
=======================================================

=======================================================
Timestamp: 2026-01-09T18:32:04.3135269Z
Method: GET
URL: /api/users
Status: 200
Duration: 2 ms
UserId: 
Client IP: ::1
User-Agent: 
Controller: Users, Action: GetAll
Response Body: [{"id":1,"login":"admin","encryptedPassword":"U2FsdGVkX1/rX9xVokvKbL9PTux8TUUKZgRjyK04uvE=","name":"Админ","surname":"Системный","email":"admin@example.com","phone":"+71234567890","createdAt":"2026-01-09T16:55:31.529355Z","alarmEvents":[],"sentPartRequests":[],"receivedPartRequests":[],"sentShiftTransfers":[],"receivedShiftTransfers":[]},{"id":3,"login":"user123","encryptedPassword":"1234","name":"Админ","surname":"Системный","email":"admin@123.com","phone":"+71234567890","createdAt":"2026-01-09T18:15:04.916717Z","alarmEvents":[],"sentPartRequests":[],"receivedPartRequests":[],"sentShiftTransfers":[],"receivedShiftTransfers":[]}]
=======================================================

=======================================================
Timestamp: 2026-01-09T18:32:04.3269892Z
Method: GET
URL: /api/users
Status: 200
Duration: 6 ms
UserId: 
Client IP: ::1
User-Agent: 
Controller: Users, Action: GetAll
Response Body: [{"id":1,"login":"admin","encryptedPassword":"U2FsdGVkX1/rX9xVokvKbL9PTux8TUUKZgRjyK04uvE=","name":"Админ","surname":"Системный","email":"admin@example.com","phone":"+71234567890","createdAt":"2026-01-09T16:55:31.529355Z","alarmEvents":[],"sentPartRequests":[],"receivedPartRequests":[],"sentShiftTransfers":[],"receivedShiftTransfers":[]},{"id":3,"login":"user123","encryptedPassword":"1234","name":"Админ","surname":"Системный","email":"admin@123.com","phone":"+71234567890","createdAt":"2026-01-09T18:15:04.916717Z","alarmEvents":[],"sentPartRequests":[],"receivedPartRequests":[],"sentShiftTransfers":[],"receivedShiftTransfers":[]}]
=======================================================

=======================================================
Timestamp: 2026-01-09T18:32:04.3944080Z
Method: GET
URL: /api/users
Status: 307
Duration: 0 ms
UserId: 
Client IP: ::1
User-Agent: 
Controller: Users, Action: GetAll
=======================================================

=======================================================
Timestamp: 2026-01-09T18:32:26.6400091Z
Method: GET
URL: /api/users
Status: 307
Duration: 0 ms
UserId: 
Client IP: ::1
User-Agent: 
Controller: Users, Action: GetAll
=======================================================

=======================================================
Timestamp: 2026-01-09T18:32:26.6552080Z
Method: GET
URL: /api/users/search?name=a
Status: 307
Duration: 0 ms
UserId: 
Client IP: ::1
User-Agent: 
Controller: Users, Action: GetByNameOrSurname
=======================================================

=======================================================
Timestamp: 2026-01-09T18:32:26.6571621Z
Method: GET
URL: /api/users
Status: 200
Duration: 4 ms
UserId: 
Client IP: ::1
User-Agent: 
Controller: Users, Action: GetAll
Response Body: [{"id":1,"login":"admin","encryptedPassword":"U2FsdGVkX1/rX9xVokvKbL9PTux8TUUKZgRjyK04uvE=","name":"Админ","surname":"Системный","email":"admin@example.com","phone":"+71234567890","createdAt":"2026-01-09T16:55:31.529355Z","alarmEvents":[],"sentPartRequests":[],"receivedPartRequests":[],"sentShiftTransfers":[],"receivedShiftTransfers":[]},{"id":3,"login":"user123","encryptedPassword":"1234","name":"Админ","surname":"Системный","email":"admin@123.com","phone":"+71234567890","createdAt":"2026-01-09T18:15:04.916717Z","alarmEvents":[],"sentPartRequests":[],"receivedPartRequests":[],"sentShiftTransfers":[],"receivedShiftTransfers":[]}]
=======================================================

=======================================================
Timestamp: 2026-01-09T18:32:26.7008002Z
Method: GET
URL: /api/users
Status: 200
Duration: 6 ms
UserId: 
Client IP: ::1
User-Agent: 
Controller: Users, Action: GetAll
Response Body: [{"id":1,"login":"admin","encryptedPassword":"U2FsdGVkX1/rX9xVokvKbL9PTux8TUUKZgRjyK04uvE=","name":"Админ","surname":"Системный","email":"admin@example.com","phone":"+71234567890","createdAt":"2026-01-09T16:55:31.529355Z","alarmEvents":[],"sentPartRequests":[],"receivedPartRequests":[],"sentShiftTransfers":[],"receivedShiftTransfers":[]},{"id":3,"login":"user123","encryptedPassword":"1234","name":"Админ","surname":"Системный","email":"admin@123.com","phone":"+71234567890","createdAt":"2026-01-09T18:15:04.916717Z","alarmEvents":[],"sentPartRequests":[],"receivedPartRequests":[],"sentShiftTransfers":[],"receivedShiftTransfers":[]}]
=======================================================

=======================================================
Timestamp: 2026-01-09T18:32:26.7007927Z
Method: GET
URL: /api/users
Status: 307
Duration: 0 ms
UserId: 
Client IP: ::1
User-Agent: 
Controller: Users, Action: GetAll
=======================================================

=======================================================
Timestamp: 2026-01-09T18:32:26.7815147Z
Method: GET
URL: /api/users
Status: 307
Duration: 0 ms
UserId: 
Client IP: ::1
User-Agent: 
Controller: Users, Action: GetAll
=======================================================

=======================================================
Timestamp: 2026-01-09T18:32:26.7829735Z
Method: GET
URL: /api/users/search?name=adm
Status: 307
Duration: 0 ms
UserId: 
Client IP: ::1
User-Agent: 
Controller: Users, Action: GetByNameOrSurname
=======================================================

=======================================================
Timestamp: 2026-01-09T18:32:26.7883411Z
Method: GET
URL: /api/users/search?name=ad
Status: 307
Duration: 0 ms
UserId: 
Client IP: ::1
User-Agent: 
Controller: Users, Action: GetByNameOrSurname
=======================================================

=======================================================
Timestamp: 2026-01-09T18:32:26.8113142Z
Method: GET
URL: /api/users
Status: 200
Duration: 7 ms
UserId: 
Client IP: ::1
User-Agent: 
Controller: Users, Action: GetAll
Response Body: [{"id":1,"login":"admin","encryptedPassword":"U2FsdGVkX1/rX9xVokvKbL9PTux8TUUKZgRjyK04uvE=","name":"Админ","surname":"Системный","email":"admin@example.com","phone":"+71234567890","createdAt":"2026-01-09T16:55:31.529355Z","alarmEvents":[],"sentPartRequests":[],"receivedPartRequests":[],"sentShiftTransfers":[],"receivedShiftTransfers":[]},{"id":3,"login":"user123","encryptedPassword":"1234","name":"Админ","surname":"Системный","email":"admin@123.com","phone":"+71234567890","createdAt":"2026-01-09T18:15:04.916717Z","alarmEvents":[],"sentPartRequests":[],"receivedPartRequests":[],"sentShiftTransfers":[],"receivedShiftTransfers":[]}]
=======================================================

=======================================================
Timestamp: 2026-01-09T18:32:26.9626804Z
Method: GET
URL: /api/users/search?name=ad
Status: 200
Duration: 259 ms
UserId: 
Client IP: ::1
User-Agent: 
Controller: Users, Action: GetByNameOrSurname
Response Body: []
=======================================================

=======================================================
Timestamp: 2026-01-09T18:32:26.9901740Z
Method: GET
URL: /api/users/search?name=a
Status: 200
Duration: 309 ms
UserId: 
Client IP: ::1
User-Agent: 
Controller: Users, Action: GetByNameOrSurname
Response Body: []
=======================================================

=======================================================
Timestamp: 2026-01-09T18:32:26.9639149Z
Method: GET
URL: /api/users/search?name=adm
Status: 200
Duration: 128 ms
UserId: 
Client IP: ::1
User-Agent: 
Controller: Users, Action: GetByNameOrSurname
Response Body: []
=======================================================

=======================================================
Timestamp: 2026-01-09T18:32:27.0571516Z
Method: GET
URL: /api/users
Status: 307
Duration: 0 ms
UserId: 
Client IP: ::1
User-Agent: 
Controller: Users, Action: GetAll
=======================================================

=======================================================
Timestamp: 2026-01-09T18:32:27.0808511Z
Method: GET
URL: /api/users
Status: 200
Duration: 132 ms
UserId: 
Client IP: ::1
User-Agent: 
Controller: Users, Action: GetAll
Response Body: [{"id":1,"login":"admin","encryptedPassword":"U2FsdGVkX1/rX9xVokvKbL9PTux8TUUKZgRjyK04uvE=","name":"Админ","surname":"Системный","email":"admin@example.com","phone":"+71234567890","createdAt":"2026-01-09T16:55:31.529355Z","alarmEvents":[],"sentPartRequests":[],"receivedPartRequests":[],"sentShiftTransfers":[],"receivedShiftTransfers":[]},{"id":3,"login":"user123","encryptedPassword":"1234","name":"Админ","surname":"Системный","email":"admin@123.com","phone":"+71234567890","createdAt":"2026-01-09T18:15:04.916717Z","alarmEvents":[],"sentPartRequests":[],"receivedPartRequests":[],"sentShiftTransfers":[],"receivedShiftTransfers":[]}]
=======================================================

=======================================================
Timestamp: 2026-01-09T18:32:27.1064991Z
Method: GET
URL: /api/users/search?name=admi
Status: 307
Duration: 0 ms
UserId: 
Client IP: ::1
User-Agent: 
Controller: Users, Action: GetByNameOrSurname
=======================================================

=======================================================
Timestamp: 2026-01-09T18:32:27.1270772Z
Method: GET
URL: /api/users/search?name=admi
Status: 200
Duration: 173 ms
UserId: 
Client IP: ::1
User-Agent: 
Controller: Users, Action: GetByNameOrSurname
Response Body: []
=======================================================

=======================================================
Timestamp: 2026-01-09T18:32:27.1463850Z
Method: GET
URL: /api/users/search?name=admin
Status: 307
Duration: 0 ms
UserId: 
Client IP: ::1
User-Agent: 
Controller: Users, Action: GetByNameOrSurname
=======================================================

=======================================================
Timestamp: 2026-01-09T18:32:27.1510469Z
Method: GET
URL: /api/users/search?name=admin
Status: 200
Duration: 2 ms
UserId: 
Client IP: ::1
User-Agent: 
Controller: Users, Action: GetByNameOrSurname
Response Body: []
=======================================================

=======================================================
Timestamp: 2026-01-09T18:32:27.5572937Z
Method: GET
URL: /api/users/search?name=admi
Status: 307
Duration: 0 ms
UserId: 
Client IP: ::1
User-Agent: 
Controller: Users, Action: GetByNameOrSurname
=======================================================

=======================================================
Timestamp: 2026-01-09T18:32:27.5576208Z
Method: GET
URL: /api/users
Status: 307
Duration: 0 ms
UserId: 
Client IP: ::1
User-Agent: 
Controller: Users, Action: GetAll
=======================================================

=======================================================
Timestamp: 2026-01-09T18:32:27.5647961Z
Method: GET
URL: /api/users/search?name=admi
Status: 200
Duration: 2 ms
UserId: 
Client IP: ::1
User-Agent: 
Controller: Users, Action: GetByNameOrSurname
Response Body: []
=======================================================

=======================================================
Timestamp: 2026-01-09T18:32:27.5663832Z
Method: GET
URL: /api/users
Status: 200
Duration: 5 ms
UserId: 
Client IP: ::1
User-Agent: 
Controller: Users, Action: GetAll
Response Body: [{"id":1,"login":"admin","encryptedPassword":"U2FsdGVkX1/rX9xVokvKbL9PTux8TUUKZgRjyK04uvE=","name":"Админ","surname":"Системный","email":"admin@example.com","phone":"+71234567890","createdAt":"2026-01-09T16:55:31.529355Z","alarmEvents":[],"sentPartRequests":[],"receivedPartRequests":[],"sentShiftTransfers":[],"receivedShiftTransfers":[]},{"id":3,"login":"user123","encryptedPassword":"1234","name":"Админ","surname":"Системный","email":"admin@123.com","phone":"+71234567890","createdAt":"2026-01-09T18:15:04.916717Z","alarmEvents":[],"sentPartRequests":[],"receivedPartRequests":[],"sentShiftTransfers":[],"receivedShiftTransfers":[]}]
=======================================================

=======================================================
Timestamp: 2026-01-09T18:32:27.7379185Z
Method: GET
URL: /api/users
Status: 307
Duration: 0 ms
UserId: 
Client IP: ::1
User-Agent: 
Controller: Users, Action: GetAll
=======================================================

=======================================================
Timestamp: 2026-01-09T18:32:27.7394123Z
Method: GET
URL: /api/users/search?name=adm
Status: 307
Duration: 0 ms
UserId: 
Client IP: ::1
User-Agent: 
Controller: Users, Action: GetByNameOrSurname
=======================================================

=======================================================
Timestamp: 2026-01-09T18:32:27.7448106Z
Method: GET
URL: /api/users/search?name=adm
Status: 200
Duration: 1 ms
UserId: 
Client IP: ::1
User-Agent: 
Controller: Users, Action: GetByNameOrSurname
Response Body: []
=======================================================

=======================================================
Timestamp: 2026-01-09T18:32:27.7470278Z
Method: GET
URL: /api/users
Status: 200
Duration: 7 ms
UserId: 
Client IP: ::1
User-Agent: 
Controller: Users, Action: GetAll
Response Body: [{"id":1,"login":"admin","encryptedPassword":"U2FsdGVkX1/rX9xVokvKbL9PTux8TUUKZgRjyK04uvE=","name":"Админ","surname":"Системный","email":"admin@example.com","phone":"+71234567890","createdAt":"2026-01-09T16:55:31.529355Z","alarmEvents":[],"sentPartRequests":[],"receivedPartRequests":[],"sentShiftTransfers":[],"receivedShiftTransfers":[]},{"id":3,"login":"user123","encryptedPassword":"1234","name":"Админ","surname":"Системный","email":"admin@123.com","phone":"+71234567890","createdAt":"2026-01-09T18:15:04.916717Z","alarmEvents":[],"sentPartRequests":[],"receivedPartRequests":[],"sentShiftTransfers":[],"receivedShiftTransfers":[]}]
=======================================================

=======================================================
Timestamp: 2026-01-09T18:32:27.9203455Z
Method: GET
URL: /api/users/search?name=ad
Status: 307
Duration: 0 ms
UserId: 
Client IP: ::1
User-Agent: 
Controller: Users, Action: GetByNameOrSurname
=======================================================

=======================================================
Timestamp: 2026-01-09T18:32:27.9208489Z
Method: GET
URL: /api/users
Status: 307
Duration: 0 ms
UserId: 
Client IP: ::1
User-Agent: 
Controller: Users, Action: GetAll
=======================================================

=======================================================
Timestamp: 2026-01-09T18:32:27.9293546Z
Method: GET
URL: /api/users
Status: 200
Duration: 4 ms
UserId: 
Client IP: ::1
User-Agent: 
Controller: Users, Action: GetAll
Response Body: [{"id":1,"login":"admin","encryptedPassword":"U2FsdGVkX1/rX9xVokvKbL9PTux8TUUKZgRjyK04uvE=","name":"Админ","surname":"Системный","email":"admin@example.com","phone":"+71234567890","createdAt":"2026-01-09T16:55:31.529355Z","alarmEvents":[],"sentPartRequests":[],"receivedPartRequests":[],"sentShiftTransfers":[],"receivedShiftTransfers":[]},{"id":3,"login":"user123","encryptedPassword":"1234","name":"Админ","surname":"Системный","email":"admin@123.com","phone":"+71234567890","createdAt":"2026-01-09T18:15:04.916717Z","alarmEvents":[],"sentPartRequests":[],"receivedPartRequests":[],"sentShiftTransfers":[],"receivedShiftTransfers":[]}]
=======================================================

=======================================================
Timestamp: 2026-01-09T18:32:27.9347616Z
Method: GET
URL: /api/users/search?name=ad
Status: 200
Duration: 2 ms
UserId: 
Client IP: ::1
User-Agent: 
Controller: Users, Action: GetByNameOrSurname
Response Body: []
=======================================================

=======================================================
Timestamp: 2026-01-09T18:32:28.0994295Z
Method: GET
URL: /api/users
Status: 307
Duration: 0 ms
UserId: 
Client IP: ::1
User-Agent: 
Controller: Users, Action: GetAll
=======================================================

=======================================================
Timestamp: 2026-01-09T18:32:28.1073116Z
Method: GET
URL: /api/users/search?name=a
Status: 307
Duration: 0 ms
UserId: 
Client IP: ::1
User-Agent: 
Controller: Users, Action: GetByNameOrSurname
=======================================================

=======================================================
Timestamp: 2026-01-09T18:32:28.1168234Z
Method: GET
URL: /api/users
Status: 200
Duration: 4 ms
UserId: 
Client IP: ::1
User-Agent: 
Controller: Users, Action: GetAll
Response Body: [{"id":1,"login":"admin","encryptedPassword":"U2FsdGVkX1/rX9xVokvKbL9PTux8TUUKZgRjyK04uvE=","name":"Админ","surname":"Системный","email":"admin@example.com","phone":"+71234567890","createdAt":"2026-01-09T16:55:31.529355Z","alarmEvents":[],"sentPartRequests":[],"receivedPartRequests":[],"sentShiftTransfers":[],"receivedShiftTransfers":[]},{"id":3,"login":"user123","encryptedPassword":"1234","name":"Админ","surname":"Системный","email":"admin@123.com","phone":"+71234567890","createdAt":"2026-01-09T18:15:04.916717Z","alarmEvents":[],"sentPartRequests":[],"receivedPartRequests":[],"sentShiftTransfers":[],"receivedShiftTransfers":[]}]
=======================================================

=======================================================
Timestamp: 2026-01-09T18:32:28.1178687Z
Method: GET
URL: /api/users/search?name=a
Status: 200
Duration: 5 ms
UserId: 
Client IP: ::1
User-Agent: 
Controller: Users, Action: GetByNameOrSurname
Response Body: []
=======================================================

=======================================================
Timestamp: 2026-01-09T18:32:28.2631896Z
Method: GET
URL: /api/users
Status: 307
Duration: 0 ms
UserId: 
Client IP: ::1
User-Agent: 
Controller: Users, Action: GetAll
=======================================================

=======================================================
Timestamp: 2026-01-09T18:32:28.2643331Z
Method: GET
URL: /api/users
Status: 307
Duration: 0 ms
UserId: 
Client IP: ::1
User-Agent: 
Controller: Users, Action: GetAll
=======================================================

=======================================================
Timestamp: 2026-01-09T18:32:28.2843630Z
Method: GET
URL: /api/users
Status: 200
Duration: 10 ms
UserId: 
Client IP: ::1
User-Agent: 
Controller: Users, Action: GetAll
Response Body: [{"id":1,"login":"admin","encryptedPassword":"U2FsdGVkX1/rX9xVokvKbL9PTux8TUUKZgRjyK04uvE=","name":"Админ","surname":"Системный","email":"admin@example.com","phone":"+71234567890","createdAt":"2026-01-09T16:55:31.529355Z","alarmEvents":[],"sentPartRequests":[],"receivedPartRequests":[],"sentShiftTransfers":[],"receivedShiftTransfers":[]},{"id":3,"login":"user123","encryptedPassword":"1234","name":"Админ","surname":"Системный","email":"admin@123.com","phone":"+71234567890","createdAt":"2026-01-09T18:15:04.916717Z","alarmEvents":[],"sentPartRequests":[],"receivedPartRequests":[],"sentShiftTransfers":[],"receivedShiftTransfers":[]}]
=======================================================

=======================================================
Timestamp: 2026-01-09T18:32:28.2843630Z
Method: GET
URL: /api/users
Status: 200
Duration: 3 ms
UserId: 
Client IP: ::1
User-Agent: 
Controller: Users, Action: GetAll
Response Body: [{"id":1,"login":"admin","encryptedPassword":"U2FsdGVkX1/rX9xVokvKbL9PTux8TUUKZgRjyK04uvE=","name":"Админ","surname":"Системный","email":"admin@example.com","phone":"+71234567890","createdAt":"2026-01-09T16:55:31.529355Z","alarmEvents":[],"sentPartRequests":[],"receivedPartRequests":[],"sentShiftTransfers":[],"receivedShiftTransfers":[]},{"id":3,"login":"user123","encryptedPassword":"1234","name":"Админ","surname":"Системный","email":"admin@123.com","phone":"+71234567890","createdAt":"2026-01-09T18:15:04.916717Z","alarmEvents":[],"sentPartRequests":[],"receivedPartRequests":[],"sentShiftTransfers":[],"receivedShiftTransfers":[]}]
=======================================================

=======================================================
Timestamp: 2026-01-09T18:32:28.6567937Z
Method: GET
URL: /api/users
Status: 307
Duration: 0 ms
UserId: 
Client IP: ::1
User-Agent: 
Controller: Users, Action: GetAll
=======================================================

=======================================================
Timestamp: 2026-01-09T18:32:28.6569858Z
Method: GET
URL: /api/users/search?name=1
Status: 307
Duration: 0 ms
UserId: 
Client IP: ::1
User-Agent: 
Controller: Users, Action: GetByNameOrSurname
=======================================================

=======================================================
Timestamp: 2026-01-09T18:32:28.6769168Z
Method: GET
URL: /api/users/search?name=1
Status: 200
Duration: 8 ms
UserId: 
Client IP: ::1
User-Agent: 
Controller: Users, Action: GetByNameOrSurname
Response Body: []
=======================================================

=======================================================
Timestamp: 2026-01-09T18:32:28.6815436Z
Method: GET
URL: /api/users
Status: 200
Duration: 7 ms
UserId: 
Client IP: ::1
User-Agent: 
Controller: Users, Action: GetAll
Response Body: [{"id":1,"login":"admin","encryptedPassword":"U2FsdGVkX1/rX9xVokvKbL9PTux8TUUKZgRjyK04uvE=","name":"Админ","surname":"Системный","email":"admin@example.com","phone":"+71234567890","createdAt":"2026-01-09T16:55:31.529355Z","alarmEvents":[],"sentPartRequests":[],"receivedPartRequests":[],"sentShiftTransfers":[],"receivedShiftTransfers":[]},{"id":3,"login":"user123","encryptedPassword":"1234","name":"Админ","surname":"Системный","email":"admin@123.com","phone":"+71234567890","createdAt":"2026-01-09T18:15:04.916717Z","alarmEvents":[],"sentPartRequests":[],"receivedPartRequests":[],"sentShiftTransfers":[],"receivedShiftTransfers":[]}]
=======================================================

=======================================================
Timestamp: 2026-01-09T18:32:28.7662942Z
Method: GET
URL: /api/users
Status: 307
Duration: 0 ms
UserId: 
Client IP: ::1
User-Agent: 
Controller: Users, Action: GetAll
=======================================================

=======================================================
Timestamp: 2026-01-09T18:32:28.7709506Z
Method: GET
URL: /api/users/search?name=12
Status: 307
Duration: 0 ms
UserId: 
Client IP: ::1
User-Agent: 
Controller: Users, Action: GetByNameOrSurname
=======================================================

=======================================================
Timestamp: 2026-01-09T18:32:28.7946997Z
Method: GET
URL: /api/users/search?name=12
Status: 200
Duration: 10 ms
UserId: 
Client IP: ::1
User-Agent: 
Controller: Users, Action: GetByNameOrSurname
Response Body: []
=======================================================

=======================================================
Timestamp: 2026-01-09T18:32:29.0066340Z
Method: GET
URL: /api/users
Status: 307
Duration: 0 ms
UserId: 
Client IP: ::1
User-Agent: 
Controller: Users, Action: GetAll
=======================================================

=======================================================
Timestamp: 2026-01-09T18:32:29.0073931Z
Method: GET
URL: /api/users
Status: 200
Duration: 10 ms
UserId: 
Client IP: ::1
User-Agent: 
Controller: Users, Action: GetAll
Response Body: [{"id":1,"login":"admin","encryptedPassword":"U2FsdGVkX1/rX9xVokvKbL9PTux8TUUKZgRjyK04uvE=","name":"Админ","surname":"Системный","email":"admin@example.com","phone":"+71234567890","createdAt":"2026-01-09T16:55:31.529355Z","alarmEvents":[],"sentPartRequests":[],"receivedPartRequests":[],"sentShiftTransfers":[],"receivedShiftTransfers":[]},{"id":3,"login":"user123","encryptedPassword":"1234","name":"Админ","surname":"Системный","email":"admin@123.com","phone":"+71234567890","createdAt":"2026-01-09T18:15:04.916717Z","alarmEvents":[],"sentPartRequests":[],"receivedPartRequests":[],"sentShiftTransfers":[],"receivedShiftTransfers":[]}]
=======================================================

=======================================================
Timestamp: 2026-01-09T18:32:29.9392521Z
Method: GET
URL: /api/users
Status: 307
Duration: 0 ms
UserId: 
Client IP: ::1
User-Agent: 
Controller: Users, Action: GetAll
=======================================================

=======================================================
Timestamp: 2026-01-09T18:32:29.9423589Z
Method: GET
URL: /api/users
Status: 307
Duration: 0 ms
UserId: 
Client IP: ::1
User-Agent: 
Controller: Users, Action: GetAll
=======================================================

=======================================================
Timestamp: 2026-01-09T18:32:29.9476551Z
Method: GET
URL: /api/users
Status: 200
Duration: 4 ms
UserId: 
Client IP: ::1
User-Agent: 
Controller: Users, Action: GetAll
Response Body: [{"id":1,"login":"admin","encryptedPassword":"U2FsdGVkX1/rX9xVokvKbL9PTux8TUUKZgRjyK04uvE=","name":"Админ","surname":"Системный","email":"admin@example.com","phone":"+71234567890","createdAt":"2026-01-09T16:55:31.529355Z","alarmEvents":[],"sentPartRequests":[],"receivedPartRequests":[],"sentShiftTransfers":[],"receivedShiftTransfers":[]},{"id":3,"login":"user123","encryptedPassword":"1234","name":"Админ","surname":"Системный","email":"admin@123.com","phone":"+71234567890","createdAt":"2026-01-09T18:15:04.916717Z","alarmEvents":[],"sentPartRequests":[],"receivedPartRequests":[],"sentShiftTransfers":[],"receivedShiftTransfers":[]}]
=======================================================

=======================================================
Timestamp: 2026-01-09T18:32:29.9506077Z
Method: GET
URL: /api/users
Status: 200
Duration: 5 ms
UserId: 
Client IP: ::1
User-Agent: 
Controller: Users, Action: GetAll
Response Body: [{"id":1,"login":"admin","encryptedPassword":"U2FsdGVkX1/rX9xVokvKbL9PTux8TUUKZgRjyK04uvE=","name":"Админ","surname":"Системный","email":"admin@example.com","phone":"+71234567890","createdAt":"2026-01-09T16:55:31.529355Z","alarmEvents":[],"sentPartRequests":[],"receivedPartRequests":[],"sentShiftTransfers":[],"receivedShiftTransfers":[]},{"id":3,"login":"user123","encryptedPassword":"1234","name":"Админ","surname":"Системный","email":"admin@123.com","phone":"+71234567890","createdAt":"2026-01-09T18:15:04.916717Z","alarmEvents":[],"sentPartRequests":[],"receivedPartRequests":[],"sentShiftTransfers":[],"receivedShiftTransfers":[]}]
=======================================================

=======================================================
Timestamp: 2026-01-09T18:32:32.9689022Z
Method: GET
URL: /api/users
Status: 307
Duration: 0 ms
UserId: 
Client IP: ::1
User-Agent: 
Controller: Users, Action: GetAll
=======================================================

=======================================================
Timestamp: 2026-01-09T18:32:32.9698699Z
Method: GET
URL: /api/users/search?name=u
Status: 307
Duration: 0 ms
UserId: 
Client IP: ::1
User-Agent: 
Controller: Users, Action: GetByNameOrSurname
=======================================================

=======================================================
Timestamp: 2026-01-09T18:32:32.9786374Z
Method: GET
URL: /api/users
Status: 200
Duration: 10 ms
UserId: 
Client IP: ::1
User-Agent: 
Controller: Users, Action: GetAll
Response Body: [{"id":1,"login":"admin","encryptedPassword":"U2FsdGVkX1/rX9xVokvKbL9PTux8TUUKZgRjyK04uvE=","name":"Админ","surname":"Системный","email":"admin@example.com","phone":"+71234567890","createdAt":"2026-01-09T16:55:31.529355Z","alarmEvents":[],"sentPartRequests":[],"receivedPartRequests":[],"sentShiftTransfers":[],"receivedShiftTransfers":[]},{"id":3,"login":"user123","encryptedPassword":"1234","name":"Админ","surname":"Системный","email":"admin@123.com","phone":"+71234567890","createdAt":"2026-01-09T18:15:04.916717Z","alarmEvents":[],"sentPartRequests":[],"receivedPartRequests":[],"sentShiftTransfers":[],"receivedShiftTransfers":[]}]
=======================================================

=======================================================
Timestamp: 2026-01-09T18:32:32.9801062Z
Method: GET
URL: /api/users/search?name=u
Status: 200
Duration: 6 ms
UserId: 
Client IP: ::1
User-Agent: 
Controller: Users, Action: GetByNameOrSurname
Response Body: []
=======================================================

=======================================================
Timestamp: 2026-01-09T18:32:33.0880241Z
Method: GET
URL: /api/users
Status: 307
Duration: 0 ms
UserId: 
Client IP: ::1
User-Agent: 
Controller: Users, Action: GetAll
=======================================================

=======================================================
Timestamp: 2026-01-09T18:32:33.0890806Z
Method: GET
URL: /api/users/search?name=us
Status: 307
Duration: 0 ms
UserId: 
Client IP: ::1
User-Agent: 
Controller: Users, Action: GetByNameOrSurname
=======================================================

=======================================================
Timestamp: 2026-01-09T18:32:33.0971800Z
Method: GET
URL: /api/users
Status: 200
Duration: 4 ms
UserId: 
Client IP: ::1
User-Agent: 
Controller: Users, Action: GetAll
Response Body: [{"id":1,"login":"admin","encryptedPassword":"U2FsdGVkX1/rX9xVokvKbL9PTux8TUUKZgRjyK04uvE=","name":"Админ","surname":"Системный","email":"admin@example.com","phone":"+71234567890","createdAt":"2026-01-09T16:55:31.529355Z","alarmEvents":[],"sentPartRequests":[],"receivedPartRequests":[],"sentShiftTransfers":[],"receivedShiftTransfers":[]},{"id":3,"login":"user123","encryptedPassword":"1234","name":"Админ","surname":"Системный","email":"admin@123.com","phone":"+71234567890","createdAt":"2026-01-09T18:15:04.916717Z","alarmEvents":[],"sentPartRequests":[],"receivedPartRequests":[],"sentShiftTransfers":[],"receivedShiftTransfers":[]}]
=======================================================

=======================================================
Timestamp: 2026-01-09T18:32:33.0992406Z
Method: GET
URL: /api/users/search?name=us
Status: 200
Duration: 5 ms
UserId: 
Client IP: ::1
User-Agent: 
Controller: Users, Action: GetByNameOrSurname
Response Body: []
=======================================================

=======================================================
Timestamp: 2026-01-09T18:32:33.2545895Z
Method: GET
URL: /api/users
Status: 307
Duration: 0 ms
UserId: 
Client IP: ::1
User-Agent: 
Controller: Users, Action: GetAll
=======================================================

=======================================================
Timestamp: 2026-01-09T18:32:33.2556799Z
Method: GET
URL: /api/users/search?name=use
Status: 307
Duration: 0 ms
UserId: 
Client IP: ::1
User-Agent: 
Controller: Users, Action: GetByNameOrSurname
=======================================================

=======================================================
Timestamp: 2026-01-09T18:32:33.2623898Z
Method: GET
URL: /api/users/search?name=use
Status: 200
Duration: 2 ms
UserId: 
Client IP: ::1
User-Agent: 
Controller: Users, Action: GetByNameOrSurname
Response Body: []
=======================================================

=======================================================
Timestamp: 2026-01-09T18:32:33.2676508Z
Method: GET
URL: /api/users
Status: 200
Duration: 8 ms
UserId: 
Client IP: ::1
User-Agent: 
Controller: Users, Action: GetAll
Response Body: [{"id":1,"login":"admin","encryptedPassword":"U2FsdGVkX1/rX9xVokvKbL9PTux8TUUKZgRjyK04uvE=","name":"Админ","surname":"Системный","email":"admin@example.com","phone":"+71234567890","createdAt":"2026-01-09T16:55:31.529355Z","alarmEvents":[],"sentPartRequests":[],"receivedPartRequests":[],"sentShiftTransfers":[],"receivedShiftTransfers":[]},{"id":3,"login":"user123","encryptedPassword":"1234","name":"Админ","surname":"Системный","email":"admin@123.com","phone":"+71234567890","createdAt":"2026-01-09T18:15:04.916717Z","alarmEvents":[],"sentPartRequests":[],"receivedPartRequests":[],"sentShiftTransfers":[],"receivedShiftTransfers":[]}]
=======================================================

=======================================================
Timestamp: 2026-01-09T18:32:33.4301764Z
Method: GET
URL: /api/users
Status: 307
Duration: 0 ms
UserId: 
Client IP: ::1
User-Agent: 
Controller: Users, Action: GetAll
=======================================================

=======================================================
Timestamp: 2026-01-09T18:32:33.4373940Z
Method: GET
URL: /api/users/search?name=user
Status: 307
Duration: 0 ms
UserId: 
Client IP: ::1
User-Agent: 
Controller: Users, Action: GetByNameOrSurname
=======================================================

=======================================================
Timestamp: 2026-01-09T18:32:33.4419384Z
Method: GET
URL: /api/users
Status: 200
Duration: 9 ms
UserId: 
Client IP: ::1
User-Agent: 
Controller: Users, Action: GetAll
Response Body: [{"id":1,"login":"admin","encryptedPassword":"U2FsdGVkX1/rX9xVokvKbL9PTux8TUUKZgRjyK04uvE=","name":"Админ","surname":"Системный","email":"admin@example.com","phone":"+71234567890","createdAt":"2026-01-09T16:55:31.529355Z","alarmEvents":[],"sentPartRequests":[],"receivedPartRequests":[],"sentShiftTransfers":[],"receivedShiftTransfers":[]},{"id":3,"login":"user123","encryptedPassword":"1234","name":"Админ","surname":"Системный","email":"admin@123.com","phone":"+71234567890","createdAt":"2026-01-09T18:15:04.916717Z","alarmEvents":[],"sentPartRequests":[],"receivedPartRequests":[],"sentShiftTransfers":[],"receivedShiftTransfers":[]}]
=======================================================

=======================================================
Timestamp: 2026-01-09T18:32:33.4601615Z
Method: GET
URL: /api/users/search?name=user
Status: 200
Duration: 9 ms
UserId: 
Client IP: ::1
User-Agent: 
Controller: Users, Action: GetByNameOrSurname
Response Body: []
=======================================================

=======================================================
Timestamp: 2026-01-09T18:32:35.1925201Z
Method: GET
URL: /api/users
Status: 307
Duration: 0 ms
UserId: 
Client IP: ::1
User-Agent: 
Controller: Users, Action: GetAll
=======================================================

=======================================================
Timestamp: 2026-01-09T18:32:35.1967172Z
Method: GET
URL: /api/users
Status: 307
Duration: 0 ms
UserId: 
Client IP: ::1
User-Agent: 
Controller: Users, Action: GetAll
=======================================================

=======================================================
Timestamp: 2026-01-09T18:32:35.1997651Z
Method: GET
URL: /api/users
Status: 200
Duration: 5 ms
UserId: 
Client IP: ::1
User-Agent: 
Controller: Users, Action: GetAll
Response Body: [{"id":1,"login":"admin","encryptedPassword":"U2FsdGVkX1/rX9xVokvKbL9PTux8TUUKZgRjyK04uvE=","name":"Админ","surname":"Системный","email":"admin@example.com","phone":"+71234567890","createdAt":"2026-01-09T16:55:31.529355Z","alarmEvents":[],"sentPartRequests":[],"receivedPartRequests":[],"sentShiftTransfers":[],"receivedShiftTransfers":[]},{"id":3,"login":"user123","encryptedPassword":"1234","name":"Админ","surname":"Системный","email":"admin@123.com","phone":"+71234567890","createdAt":"2026-01-09T18:15:04.916717Z","alarmEvents":[],"sentPartRequests":[],"receivedPartRequests":[],"sentShiftTransfers":[],"receivedShiftTransfers":[]}]
=======================================================

=======================================================
Timestamp: 2026-01-09T18:32:35.3032025Z
Method: GET
URL: /api/users
Status: 200
Duration: 8 ms
UserId: 
Client IP: ::1
User-Agent: 
Controller: Users, Action: GetAll
Response Body: [{"id":1,"login":"admin","encryptedPassword":"U2FsdGVkX1/rX9xVokvKbL9PTux8TUUKZgRjyK04uvE=","name":"Админ","surname":"Системный","email":"admin@example.com","phone":"+71234567890","createdAt":"2026-01-09T16:55:31.529355Z","alarmEvents":[],"sentPartRequests":[],"receivedPartRequests":[],"sentShiftTransfers":[],"receivedShiftTransfers":[]},{"id":3,"login":"user123","encryptedPassword":"1234","name":"Админ","surname":"Системный","email":"admin@123.com","phone":"+71234567890","createdAt":"2026-01-09T18:15:04.916717Z","alarmEvents":[],"sentPartRequests":[],"receivedPartRequests":[],"sentShiftTransfers":[],"receivedShiftTransfers":[]}]
=======================================================

=======================================================
Timestamp: 2026-01-09T18:32:53.1144256Z
Method: GET
URL: /api/users
Status: 307
Duration: 0 ms
UserId: 
Client IP: ::1
User-Agent: 
Controller: Users, Action: GetAll
=======================================================

=======================================================
Timestamp: 2026-01-09T18:32:53.1230606Z
Method: GET
URL: /api/users
Status: 200
Duration: 7 ms
UserId: 
Client IP: ::1
User-Agent: 
Controller: Users, Action: GetAll
Response Body: [{"id":1,"login":"admin","encryptedPassword":"U2FsdGVkX1/rX9xVokvKbL9PTux8TUUKZgRjyK04uvE=","name":"Админ","surname":"Системный","email":"admin@example.com","phone":"+71234567890","createdAt":"2026-01-09T16:55:31.529355Z","alarmEvents":[],"sentPartRequests":[],"receivedPartRequests":[],"sentShiftTransfers":[],"receivedShiftTransfers":[]},{"id":3,"login":"user123","encryptedPassword":"1234","name":"Админ","surname":"Системный","email":"admin@123.com","phone":"+71234567890","createdAt":"2026-01-09T18:15:04.916717Z","alarmEvents":[],"sentPartRequests":[],"receivedPartRequests":[],"sentShiftTransfers":[],"receivedShiftTransfers":[]}]
=======================================================

=======================================================
Timestamp: 2026-01-09T18:32:53.1403706Z
Method: GET
URL: /api/users
Status: 200
Duration: 8 ms
UserId: 
Client IP: ::1
User-Agent: 
Controller: Users, Action: GetAll
Response Body: [{"id":1,"login":"admin","encryptedPassword":"U2FsdGVkX1/rX9xVokvKbL9PTux8TUUKZgRjyK04uvE=","name":"Админ","surname":"Системный","email":"admin@example.com","phone":"+71234567890","createdAt":"2026-01-09T16:55:31.529355Z","alarmEvents":[],"sentPartRequests":[],"receivedPartRequests":[],"sentShiftTransfers":[],"receivedShiftTransfers":[]},{"id":3,"login":"user123","encryptedPassword":"1234","name":"Админ","surname":"Системный","email":"admin@123.com","phone":"+71234567890","createdAt":"2026-01-09T18:15:04.916717Z","alarmEvents":[],"sentPartRequests":[],"receivedPartRequests":[],"sentShiftTransfers":[],"receivedShiftTransfers":[]}]
=======================================================

=======================================================
Timestamp: 2026-01-09T18:32:54.6102702Z
Method: GET
URL: /api/users
Status: 307
Duration: 0 ms
UserId: 
Client IP: ::1
User-Agent: 
Controller: Users, Action: GetAll
=======================================================

=======================================================
Timestamp: 2026-01-09T18:32:54.6104761Z
Method: GET
URL: /api/users
Status: 307
Duration: 0 ms
UserId: 
Client IP: ::1
User-Agent: 
Controller: Users, Action: GetAll
=======================================================

=======================================================
Timestamp: 2026-01-09T18:32:54.6203219Z
Method: GET
URL: /api/users
Status: 200
Duration: 5 ms
UserId: 
Client IP: ::1
User-Agent: 
Controller: Users, Action: GetAll
Response Body: [{"id":1,"login":"admin","encryptedPassword":"U2FsdGVkX1/rX9xVokvKbL9PTux8TUUKZgRjyK04uvE=","name":"Админ","surname":"Системный","email":"admin@example.com","phone":"+71234567890","createdAt":"2026-01-09T16:55:31.529355Z","alarmEvents":[],"sentPartRequests":[],"receivedPartRequests":[],"sentShiftTransfers":[],"receivedShiftTransfers":[]},{"id":3,"login":"user123","encryptedPassword":"1234","name":"Админ","surname":"Системный","email":"admin@123.com","phone":"+71234567890","createdAt":"2026-01-09T18:15:04.916717Z","alarmEvents":[],"sentPartRequests":[],"receivedPartRequests":[],"sentShiftTransfers":[],"receivedShiftTransfers":[]}]
=======================================================

=======================================================
Timestamp: 2026-01-09T18:32:54.6246728Z
Method: GET
URL: /api/users
Status: 200
Duration: 11 ms
UserId: 
Client IP: ::1
User-Agent: 
Controller: Users, Action: GetAll
Response Body: [{"id":1,"login":"admin","encryptedPassword":"U2FsdGVkX1/rX9xVokvKbL9PTux8TUUKZgRjyK04uvE=","name":"Админ","surname":"Системный","email":"admin@example.com","phone":"+71234567890","createdAt":"2026-01-09T16:55:31.529355Z","alarmEvents":[],"sentPartRequests":[],"receivedPartRequests":[],"sentShiftTransfers":[],"receivedShiftTransfers":[]},{"id":3,"login":"user123","encryptedPassword":"1234","name":"Админ","surname":"Системный","email":"admin@123.com","phone":"+71234567890","createdAt":"2026-01-09T18:15:04.916717Z","alarmEvents":[],"sentPartRequests":[],"receivedPartRequests":[],"sentShiftTransfers":[],"receivedShiftTransfers":[]}]
=======================================================

=======================================================
Timestamp: 2026-01-09T18:32:54.7750229Z
Method: GET
URL: /api/users
Status: 307
Duration: 0 ms
UserId: 
Client IP: ::1
User-Agent: 
Controller: Users, Action: GetAll
=======================================================

=======================================================
Timestamp: 2026-01-09T18:32:54.7752671Z
Method: GET
URL: /api/users
Status: 307
Duration: 0 ms
UserId: 
Client IP: ::1
User-Agent: 
Controller: Users, Action: GetAll
=======================================================

=======================================================
Timestamp: 2026-01-09T18:32:54.7934139Z
Method: GET
URL: /api/users
Status: 200
Duration: 9 ms
UserId: 
Client IP: ::1
User-Agent: 
Controller: Users, Action: GetAll
Response Body: [{"id":1,"login":"admin","encryptedPassword":"U2FsdGVkX1/rX9xVokvKbL9PTux8TUUKZgRjyK04uvE=","name":"Админ","surname":"Системный","email":"admin@example.com","phone":"+71234567890","createdAt":"2026-01-09T16:55:31.529355Z","alarmEvents":[],"sentPartRequests":[],"receivedPartRequests":[],"sentShiftTransfers":[],"receivedShiftTransfers":[]},{"id":3,"login":"user123","encryptedPassword":"1234","name":"Админ","surname":"Системный","email":"admin@123.com","phone":"+71234567890","createdAt":"2026-01-09T18:15:04.916717Z","alarmEvents":[],"sentPartRequests":[],"receivedPartRequests":[],"sentShiftTransfers":[],"receivedShiftTransfers":[]}]
=======================================================

=======================================================
Timestamp: 2026-01-09T18:32:54.7937118Z
Method: GET
URL: /api/users
Status: 200
Duration: 7 ms
UserId: 
Client IP: ::1
User-Agent: 
Controller: Users, Action: GetAll
Response Body: [{"id":1,"login":"admin","encryptedPassword":"U2FsdGVkX1/rX9xVokvKbL9PTux8TUUKZgRjyK04uvE=","name":"Админ","surname":"Системный","email":"admin@example.com","phone":"+71234567890","createdAt":"2026-01-09T16:55:31.529355Z","alarmEvents":[],"sentPartRequests":[],"receivedPartRequests":[],"sentShiftTransfers":[],"receivedShiftTransfers":[]},{"id":3,"login":"user123","encryptedPassword":"1234","name":"Админ","surname":"Системный","email":"admin@123.com","phone":"+71234567890","createdAt":"2026-01-09T18:15:04.916717Z","alarmEvents":[],"sentPartRequests":[],"receivedPartRequests":[],"sentShiftTransfers":[],"receivedShiftTransfers":[]}]
=======================================================

=======================================================
Timestamp: 2026-01-09T18:32:54.9334377Z
Method: GET
URL: /api/users
Status: 307
Duration: 0 ms
UserId: 
Client IP: ::1
User-Agent: 
Controller: Users, Action: GetAll
=======================================================

=======================================================
Timestamp: 2026-01-09T18:32:54.9348113Z
Method: GET
URL: /api/users
Status: 307
Duration: 0 ms
UserId: 
Client IP: ::1
User-Agent: 
Controller: Users, Action: GetAll
=======================================================

=======================================================
Timestamp: 2026-01-09T18:32:54.9438076Z
Method: GET
URL: /api/users
Status: 200
Duration: 6 ms
UserId: 
Client IP: ::1
User-Agent: 
Controller: Users, Action: GetAll
Response Body: [{"id":1,"login":"admin","encryptedPassword":"U2FsdGVkX1/rX9xVokvKbL9PTux8TUUKZgRjyK04uvE=","name":"Админ","surname":"Системный","email":"admin@example.com","phone":"+71234567890","createdAt":"2026-01-09T16:55:31.529355Z","alarmEvents":[],"sentPartRequests":[],"receivedPartRequests":[],"sentShiftTransfers":[],"receivedShiftTransfers":[]},{"id":3,"login":"user123","encryptedPassword":"1234","name":"Админ","surname":"Системный","email":"admin@123.com","phone":"+71234567890","createdAt":"2026-01-09T18:15:04.916717Z","alarmEvents":[],"sentPartRequests":[],"receivedPartRequests":[],"sentShiftTransfers":[],"receivedShiftTransfers":[]}]
=======================================================

=======================================================
Timestamp: 2026-01-09T18:32:54.9562187Z
Method: GET
URL: /api/users
Status: 200
Duration: 9 ms
UserId: 
Client IP: ::1
User-Agent: 
Controller: Users, Action: GetAll
Response Body: [{"id":1,"login":"admin","encryptedPassword":"U2FsdGVkX1/rX9xVokvKbL9PTux8TUUKZgRjyK04uvE=","name":"Админ","surname":"Системный","email":"admin@example.com","phone":"+71234567890","createdAt":"2026-01-09T16:55:31.529355Z","alarmEvents":[],"sentPartRequests":[],"receivedPartRequests":[],"sentShiftTransfers":[],"receivedShiftTransfers":[]},{"id":3,"login":"user123","encryptedPassword":"1234","name":"Админ","surname":"Системный","email":"admin@123.com","phone":"+71234567890","createdAt":"2026-01-09T18:15:04.916717Z","alarmEvents":[],"sentPartRequests":[],"receivedPartRequests":[],"sentShiftTransfers":[],"receivedShiftTransfers":[]}]
=======================================================

=======================================================
Timestamp: 2026-01-09T18:33:19.5208123Z
Method: GET
URL: /api/products
Status: 307
Duration: 0 ms
UserId: 
Client IP: ::1
User-Agent: 
Controller: Products, Action: GetAll
=======================================================

=======================================================
Timestamp: 2026-01-09T18:33:19.5342819Z
Method: GET
URL: /api/users
Status: 307
Duration: 0 ms
UserId: 
Client IP: ::1
User-Agent: 
Controller: Users, Action: GetAll
=======================================================

=======================================================
Timestamp: 2026-01-09T18:33:19.5398370Z
Method: GET
URL: /api/users
Status: 200
Duration: 7 ms
UserId: 
Client IP: ::1
User-Agent: 
Controller: Users, Action: GetAll
Response Body: [{"id":1,"login":"admin","encryptedPassword":"U2FsdGVkX1/rX9xVokvKbL9PTux8TUUKZgRjyK04uvE=","name":"Админ","surname":"Системный","email":"admin@example.com","phone":"+71234567890","createdAt":"2026-01-09T16:55:31.529355Z","alarmEvents":[],"sentPartRequests":[],"receivedPartRequests":[],"sentShiftTransfers":[],"receivedShiftTransfers":[]},{"id":3,"login":"user123","encryptedPassword":"1234","name":"Админ","surname":"Системный","email":"admin@123.com","phone":"+71234567890","createdAt":"2026-01-09T18:15:04.916717Z","alarmEvents":[],"sentPartRequests":[],"receivedPartRequests":[],"sentShiftTransfers":[],"receivedShiftTransfers":[]}]
=======================================================

=======================================================
Timestamp: 2026-01-09T18:33:19.5414705Z
Method: GET
URL: /api/products
Status: 307
Duration: 0 ms
UserId: 
Client IP: ::1
User-Agent: 
Controller: Products, Action: GetAll
=======================================================

=======================================================
Timestamp: 2026-01-09T18:33:19.6806709Z
Method: GET
URL: /api/products
Status: 200
Duration: 125 ms
UserId: 
Client IP: ::1
User-Agent: 
Controller: Products, Action: GetAll
Response Body: []
=======================================================

=======================================================
Timestamp: 2026-01-09T18:33:19.6830801Z
Method: GET
URL: /api/products
Status: 200
Duration: 147 ms
UserId: 
Client IP: ::1
User-Agent: 
Controller: Products, Action: GetAll
Response Body: []
=======================================================

=======================================================
Timestamp: 2026-01-09T18:33:24.3472850Z
Method: GET
URL: /api/materials
Status: 307
Duration: 0 ms
UserId: 
Client IP: ::1
User-Agent: 
Controller: Materials, Action: GetAll
=======================================================

=======================================================
Timestamp: 2026-01-09T18:33:24.3494981Z
Method: GET
URL: /api/products
Status: 307
Duration: 0 ms
UserId: 
Client IP: ::1
User-Agent: 
Controller: Products, Action: GetAll
=======================================================

=======================================================
Timestamp: 2026-01-09T18:33:24.3539761Z
Method: GET
URL: /api/users
Status: 307
Duration: 0 ms
UserId: 
Client IP: ::1
User-Agent: 
Controller: Users, Action: GetAll
=======================================================

=======================================================
Timestamp: 2026-01-09T18:33:24.3574050Z
Method: GET
URL: /api/products
Status: 200
Duration: 2 ms
UserId: 
Client IP: ::1
User-Agent: 
Controller: Products, Action: GetAll
Response Body: []
=======================================================

=======================================================
Timestamp: 2026-01-09T18:33:24.3644098Z
Method: GET
URL: /api/materials
Status: 307
Duration: 0 ms
UserId: 
Client IP: ::1
User-Agent: 
Controller: Materials, Action: GetAll
=======================================================

=======================================================
Timestamp: 2026-01-09T18:33:24.3681612Z
Method: GET
URL: /api/users
Status: 200
Duration: 7 ms
UserId: 
Client IP: ::1
User-Agent: 
Controller: Users, Action: GetAll
Response Body: [{"id":1,"login":"admin","encryptedPassword":"U2FsdGVkX1/rX9xVokvKbL9PTux8TUUKZgRjyK04uvE=","name":"Админ","surname":"Системный","email":"admin@example.com","phone":"+71234567890","createdAt":"2026-01-09T16:55:31.529355Z","alarmEvents":[],"sentPartRequests":[],"receivedPartRequests":[],"sentShiftTransfers":[],"receivedShiftTransfers":[]},{"id":3,"login":"user123","encryptedPassword":"1234","name":"Админ","surname":"Системный","email":"admin@123.com","phone":"+71234567890","createdAt":"2026-01-09T18:15:04.916717Z","alarmEvents":[],"sentPartRequests":[],"receivedPartRequests":[],"sentShiftTransfers":[],"receivedShiftTransfers":[]}]
=======================================================

=======================================================
Timestamp: 2026-01-09T18:33:24.4795109Z
Method: GET
URL: /api/materials
Status: 200
Duration: 65 ms
UserId: 
Client IP: ::1
User-Agent: 
Controller: Materials, Action: GetAll
Response Body: []
=======================================================

=======================================================
Timestamp: 2026-01-09T18:33:26.5729507Z
Method: GET
URL: /api/warehouses
Status: 307
Duration: 0 ms
UserId: 
Client IP: ::1
User-Agent: 
Controller: Warehouses, Action: GetAll
=======================================================

=======================================================
Timestamp: 2026-01-09T18:33:26.5756002Z
Method: GET
URL: /api/materials
Status: 307
Duration: 0 ms
UserId: 
Client IP: ::1
User-Agent: 
Controller: Materials, Action: GetAll
=======================================================

=======================================================
Timestamp: 2026-01-09T18:33:26.5818264Z
Method: GET
URL: /api/products
Status: 307
Duration: 0 ms
UserId: 
Client IP: ::1
User-Agent: 
Controller: Products, Action: GetAll
=======================================================

=======================================================
Timestamp: 2026-01-09T18:33:26.5843630Z
Method: GET
URL: /api/materials
Status: 200
Duration: 6 ms
UserId: 
Client IP: ::1
User-Agent: 
Controller: Materials, Action: GetAll
Response Body: []
=======================================================

=======================================================
Timestamp: 2026-01-09T18:33:26.5877184Z
Method: GET
URL: /api/users
Status: 307
Duration: 0 ms
UserId: 
Client IP: ::1
User-Agent: 
Controller: Users, Action: GetAll
=======================================================

=======================================================
Timestamp: 2026-01-09T18:33:26.5910058Z
Method: GET
URL: /api/products
Status: 200
Duration: 1 ms
UserId: 
Client IP: ::1
User-Agent: 
Controller: Products, Action: GetAll
Response Body: []
=======================================================

=======================================================
Timestamp: 2026-01-09T18:33:26.6980676Z
Method: GET
URL: /api/warehouses
Status: 307
Duration: 0 ms
UserId: 
Client IP: ::1
User-Agent: 
Controller: Warehouses, Action: GetAll
=======================================================

=======================================================
Timestamp: 2026-01-09T18:33:26.7012267Z
Method: GET
URL: /api/warehouses
Status: 200
Duration: 100 ms
UserId: 
Client IP: ::1
User-Agent: 
Controller: Warehouses, Action: GetAll
Response Body: []
=======================================================

=======================================================
Timestamp: 2026-01-09T18:33:28.9314476Z
Method: GET
URL: /api/work-reports/user/1
Status: 307
Duration: 0 ms
UserId: 
Client IP: ::1
User-Agent: 
=======================================================

=======================================================
Timestamp: 2026-01-09T18:33:28.9333183Z
Method: GET
URL: /api/work-reports/user/1
Status: 307
Duration: 0 ms
UserId: 
Client IP: ::1
User-Agent: 
=======================================================

=======================================================
Timestamp: 2026-01-09T18:33:28.9360653Z
Method: GET
URL: /api/work-reports/user/1
Status: 404
Duration: 0 ms
UserId: 
Client IP: ::1
User-Agent: 
=======================================================

=======================================================
Timestamp: 2026-01-09T18:33:28.9365334Z
Method: GET
URL: /api/work-reports/user/1
Status: 404
Duration: 0 ms
UserId: 
Client IP: ::1
User-Agent: 
=======================================================

=======================================================
Timestamp: 2026-01-09T18:33:31.5820762Z
Method: GET
URL: /api/warehouses
Status: 307
Duration: 0 ms
UserId: 
Client IP: ::1
User-Agent: 
Controller: Warehouses, Action: GetAll
=======================================================

=======================================================
Timestamp: 2026-01-09T18:33:31.5844885Z
Method: GET
URL: /api/warehouses
Status: 307
Duration: 0 ms
UserId: 
Client IP: ::1
User-Agent: 
Controller: Warehouses, Action: GetAll
=======================================================

=======================================================
Timestamp: 2026-01-09T18:33:31.5885457Z
Method: GET
URL: /api/warehouses
Status: 200
Duration: 2 ms
UserId: 
Client IP: ::1
User-Agent: 
Controller: Warehouses, Action: GetAll
Response Body: []
=======================================================

=======================================================
Timestamp: 2026-01-09T18:33:31.5895295Z
Method: GET
URL: /api/users
Status: 307
Duration: 0 ms
UserId: 
Client IP: ::1
User-Agent: 
Controller: Users, Action: GetAll
=======================================================

=======================================================
Timestamp: 2026-01-09T18:33:31.5978258Z
Method: GET
URL: /api/warehouses
Status: 200
Duration: 1 ms
UserId: 
Client IP: ::1
User-Agent: 
Controller: Warehouses, Action: GetAll
Response Body: []
=======================================================

=======================================================
Timestamp: 2026-01-09T18:33:31.5980595Z
Method: GET
URL: /api/warehouses
Status: 307
Duration: 0 ms
UserId: 
Client IP: ::1
User-Agent: 
Controller: Warehouses, Action: GetAll
=======================================================

=======================================================
Timestamp: 2026-01-09T18:33:31.5998158Z
Method: GET
URL: /api/users
Status: 200
Duration: 8 ms
UserId: 
Client IP: ::1
User-Agent: 
Controller: Users, Action: GetAll
Response Body: [{"id":1,"login":"admin","encryptedPassword":"U2FsdGVkX1/rX9xVokvKbL9PTux8TUUKZgRjyK04uvE=","name":"Админ","surname":"Системный","email":"admin@example.com","phone":"+71234567890","createdAt":"2026-01-09T16:55:31.529355Z","alarmEvents":[],"sentPartRequests":[],"receivedPartRequests":[],"sentShiftTransfers":[],"receivedShiftTransfers":[]},{"id":3,"login":"user123","encryptedPassword":"1234","name":"Админ","surname":"Системный","email":"admin@123.com","phone":"+71234567890","createdAt":"2026-01-09T18:15:04.916717Z","alarmEvents":[],"sentPartRequests":[],"receivedPartRequests":[],"sentShiftTransfers":[],"receivedShiftTransfers":[]}]
=======================================================

=======================================================
Timestamp: 2026-01-09T18:33:31.6029164Z
Method: GET
URL: /api/warehouses
Status: 200
Duration: 1 ms
UserId: 
Client IP: ::1
User-Agent: 
Controller: Warehouses, Action: GetAll
Response Body: []
=======================================================

=======================================================
Timestamp: 2026-01-09T18:33:32.8978459Z
Method: GET
URL: /api/warehouses
Status: 307
Duration: 0 ms
UserId: 
Client IP: ::1
User-Agent: 
Controller: Warehouses, Action: GetAll
=======================================================

=======================================================
Timestamp: 2026-01-09T18:33:32.8994758Z
Method: GET
URL: /api/warehouses
Status: 307
Duration: 0 ms
UserId: 
Client IP: ::1
User-Agent: 
Controller: Warehouses, Action: GetAll
=======================================================

=======================================================
Timestamp: 2026-01-09T18:33:32.9028089Z
Method: GET
URL: /api/warehouses
Status: 200
Duration: 3 ms
UserId: 
Client IP: ::1
User-Agent: 
Controller: Warehouses, Action: GetAll
Response Body: []
=======================================================

=======================================================
Timestamp: 2026-01-09T18:33:32.9047207Z
Method: GET
URL: /api/warehouses
Status: 200
Duration: 1 ms
UserId: 
Client IP: ::1
User-Agent: 
Controller: Warehouses, Action: GetAll
Response Body: []
=======================================================

=======================================================
Timestamp: 2026-01-09T18:33:32.9122845Z
Method: GET
URL: /api/users
Status: 307
Duration: 0 ms
UserId: 
Client IP: ::1
User-Agent: 
Controller: Users, Action: GetAll
=======================================================

=======================================================
Timestamp: 2026-01-09T18:33:32.9188037Z
Method: GET
URL: /api/warehouses
Status: 307
Duration: 0 ms
UserId: 
Client IP: ::1
User-Agent: 
Controller: Warehouses, Action: GetAll
=======================================================

=======================================================
Timestamp: 2026-01-09T18:33:32.9221055Z
Method: GET
URL: /api/warehouses
Status: 200
Duration: 2 ms
UserId: 
Client IP: ::1
User-Agent: 
Controller: Warehouses, Action: GetAll
Response Body: []
=======================================================

=======================================================
Timestamp: 2026-01-09T18:33:32.9226703Z
Method: GET
URL: /api/users
Status: 200
Duration: 5 ms
UserId: 
Client IP: ::1
User-Agent: 
Controller: Users, Action: GetAll
Response Body: [{"id":1,"login":"admin","encryptedPassword":"U2FsdGVkX1/rX9xVokvKbL9PTux8TUUKZgRjyK04uvE=","name":"Админ","surname":"Системный","email":"admin@example.com","phone":"+71234567890","createdAt":"2026-01-09T16:55:31.529355Z","alarmEvents":[],"sentPartRequests":[],"receivedPartRequests":[],"sentShiftTransfers":[],"receivedShiftTransfers":[]},{"id":3,"login":"user123","encryptedPassword":"1234","name":"Админ","surname":"Системный","email":"admin@123.com","phone":"+71234567890","createdAt":"2026-01-09T18:15:04.916717Z","alarmEvents":[],"sentPartRequests":[],"receivedPartRequests":[],"sentShiftTransfers":[],"receivedShiftTransfers":[]}]
=======================================================

=======================================================
Timestamp: 2026-01-09T18:33:33.0521781Z
Method: GET
URL: /api/warehouses
Status: 307
Duration: 0 ms
UserId: 
Client IP: ::1
User-Agent: 
Controller: Warehouses, Action: GetAll
=======================================================

=======================================================
Timestamp: 2026-01-09T18:33:33.0547361Z
Method: GET
URL: /api/warehouses
Status: 307
Duration: 0 ms
UserId: 
Client IP: ::1
User-Agent: 
Controller: Warehouses, Action: GetAll
=======================================================

=======================================================
Timestamp: 2026-01-09T18:33:33.0572635Z
Method: GET
URL: /api/warehouses
Status: 200
Duration: 1 ms
UserId: 
Client IP: ::1
User-Agent: 
Controller: Warehouses, Action: GetAll
Response Body: []
=======================================================

=======================================================
Timestamp: 2026-01-09T18:33:33.0573760Z
Method: GET
URL: /api/users
Status: 307
Duration: 0 ms
UserId: 
Client IP: ::1
User-Agent: 
Controller: Users, Action: GetAll
=======================================================

=======================================================
Timestamp: 2026-01-09T18:33:33.0615275Z
Method: GET
URL: /api/warehouses
Status: 200
Duration: 3 ms
UserId: 
Client IP: ::1
User-Agent: 
Controller: Warehouses, Action: GetAll
Response Body: []
=======================================================

=======================================================
Timestamp: 2026-01-09T18:33:33.0649084Z
Method: GET
URL: /api/warehouses
Status: 307
Duration: 0 ms
UserId: 
Client IP: ::1
User-Agent: 
Controller: Warehouses, Action: GetAll
=======================================================

=======================================================
Timestamp: 2026-01-09T18:33:33.0708979Z
Method: GET
URL: /api/users
Status: 200
Duration: 7 ms
UserId: 
Client IP: ::1
User-Agent: 
Controller: Users, Action: GetAll
Response Body: [{"id":1,"login":"admin","encryptedPassword":"U2FsdGVkX1/rX9xVokvKbL9PTux8TUUKZgRjyK04uvE=","name":"Админ","surname":"Системный","email":"admin@example.com","phone":"+71234567890","createdAt":"2026-01-09T16:55:31.529355Z","alarmEvents":[],"sentPartRequests":[],"receivedPartRequests":[],"sentShiftTransfers":[],"receivedShiftTransfers":[]},{"id":3,"login":"user123","encryptedPassword":"1234","name":"Админ","surname":"Системный","email":"admin@123.com","phone":"+71234567890","createdAt":"2026-01-09T18:15:04.916717Z","alarmEvents":[],"sentPartRequests":[],"receivedPartRequests":[],"sentShiftTransfers":[],"receivedShiftTransfers":[]}]
=======================================================

=======================================================
Timestamp: 2026-01-09T18:33:33.0731736Z
Method: GET
URL: /api/warehouses
Status: 200
Duration: 3 ms
UserId: 
Client IP: ::1
User-Agent: 
Controller: Warehouses, Action: GetAll
Response Body: []
=======================================================

=======================================================
Timestamp: 2026-01-09T18:33:33.1858546Z
Method: GET
URL: /api/warehouses
Status: 307
Duration: 0 ms
UserId: 
Client IP: ::1
User-Agent: 
Controller: Warehouses, Action: GetAll
=======================================================

=======================================================
Timestamp: 2026-01-09T18:33:33.1866949Z
Method: GET
URL: /api/warehouses
Status: 307
Duration: 0 ms
UserId: 
Client IP: ::1
User-Agent: 
Controller: Warehouses, Action: GetAll
=======================================================

=======================================================
Timestamp: 2026-01-09T18:33:33.1887103Z
Method: GET
URL: /api/warehouses
Status: 200
Duration: 1 ms
UserId: 
Client IP: ::1
User-Agent: 
Controller: Warehouses, Action: GetAll
Response Body: []
=======================================================

=======================================================
Timestamp: 2026-01-09T18:33:33.1933651Z
Method: GET
URL: /api/users
Status: 307
Duration: 0 ms
UserId: 
Client IP: ::1
User-Agent: 
Controller: Users, Action: GetAll
=======================================================

=======================================================
Timestamp: 2026-01-09T18:33:33.1958203Z
Method: GET
URL: /api/warehouses
Status: 200
Duration: 1 ms
UserId: 
Client IP: ::1
User-Agent: 
Controller: Warehouses, Action: GetAll
Response Body: []
=======================================================

=======================================================
Timestamp: 2026-01-09T18:33:33.1960636Z
Method: GET
URL: /api/warehouses
Status: 307
Duration: 0 ms
UserId: 
Client IP: ::1
User-Agent: 
Controller: Warehouses, Action: GetAll
=======================================================

=======================================================
Timestamp: 2026-01-09T18:33:33.2063536Z
Method: GET
URL: /api/warehouses
Status: 200
Duration: 3 ms
UserId: 
Client IP: ::1
User-Agent: 
Controller: Warehouses, Action: GetAll
Response Body: []
=======================================================

=======================================================
Timestamp: 2026-01-09T18:33:33.2073087Z
Method: GET
URL: /api/users
Status: 200
Duration: 8 ms
UserId: 
Client IP: ::1
User-Agent: 
Controller: Users, Action: GetAll
Response Body: [{"id":1,"login":"admin","encryptedPassword":"U2FsdGVkX1/rX9xVokvKbL9PTux8TUUKZgRjyK04uvE=","name":"Админ","surname":"Системный","email":"admin@example.com","phone":"+71234567890","createdAt":"2026-01-09T16:55:31.529355Z","alarmEvents":[],"sentPartRequests":[],"receivedPartRequests":[],"sentShiftTransfers":[],"receivedShiftTransfers":[]},{"id":3,"login":"user123","encryptedPassword":"1234","name":"Админ","surname":"Системный","email":"admin@123.com","phone":"+71234567890","createdAt":"2026-01-09T18:15:04.916717Z","alarmEvents":[],"sentPartRequests":[],"receivedPartRequests":[],"sentShiftTransfers":[],"receivedShiftTransfers":[]}]
=======================================================

=======================================================
Timestamp: 2026-01-09T18:33:39.2015155Z
Method: GET
URL: /api/work-reports/user/1
Status: 307
Duration: 0 ms
UserId: 
Client IP: ::1
User-Agent: 
=======================================================

=======================================================
Timestamp: 2026-01-09T18:33:39.2039161Z
Method: GET
URL: /api/work-reports/user/1
Status: 307
Duration: 0 ms
UserId: 
Client IP: ::1
User-Agent: 
=======================================================

=======================================================
Timestamp: 2026-01-09T18:33:39.2044714Z
Method: GET
URL: /api/work-reports/user/1
Status: 404
Duration: 0 ms
UserId: 
Client IP: ::1
User-Agent: 
=======================================================

=======================================================
Timestamp: 2026-01-09T18:33:39.2128389Z
Method: GET
URL: /api/work-reports/user/1
Status: 404
Duration: 0 ms
UserId: 
Client IP: ::1
User-Agent: 
=======================================================

=======================================================
Timestamp: 2026-01-09T18:33:41.9227434Z
Method: GET
URL: /api/work-reports/user/1
Status: 307
Duration: 0 ms
UserId: 
Client IP: ::1
User-Agent: 
=======================================================

=======================================================
Timestamp: 2026-01-09T18:33:41.9267704Z
Method: GET
URL: /api/work-reports/user/1
Status: 404
Duration: 0 ms
UserId: 
Client IP: ::1
User-Agent: 
=======================================================

=======================================================
Timestamp: 2026-01-09T18:33:42.0465264Z
Method: POST
URL: /api/work-reports/start
Status: 307
Duration: 0 ms
UserId: 
Client IP: ::1
User-Agent: 
=======================================================

=======================================================
Timestamp: 2026-01-09T18:33:42.0466216Z
Method: POST
URL: /api/work-reports/start
Status: 404
Duration: 0 ms
UserId: 
Client IP: ::1
User-Agent: 
=======================================================

=======================================================
Timestamp: 2026-01-09T18:33:48.3521045Z
Method: GET
URL: /api/work-reports/user/1
Status: 307
Duration: 0 ms
UserId: 
Client IP: ::1
User-Agent: 
=======================================================

=======================================================
Timestamp: 2026-01-09T18:33:48.3548549Z
Method: GET
URL: /api/work-reports/user/1
Status: 404
Duration: 0 ms
UserId: 
Client IP: ::1
User-Agent: 
=======================================================

=======================================================
Timestamp: 2026-01-09T18:33:48.5270709Z
Method: GET
URL: /api/work-reports/user/1
Status: 307
Duration: 0 ms
UserId: 
Client IP: ::1
User-Agent: 
=======================================================

=======================================================
Timestamp: 2026-01-09T18:33:48.5293012Z
Method: GET
URL: /api/work-reports/user/1
Status: 307
Duration: 0 ms
UserId: 
Client IP: ::1
User-Agent: 
=======================================================

=======================================================
Timestamp: 2026-01-09T18:33:48.5307428Z
Method: GET
URL: /api/work-reports/user/1
Status: 404
Duration: 0 ms
UserId: 
Client IP: ::1
User-Agent: 
=======================================================

=======================================================
Timestamp: 2026-01-09T18:33:48.5308269Z
Method: GET
URL: /api/work-reports/user/1
Status: 404
Duration: 0 ms
UserId: 
Client IP: ::1
User-Agent: 
=======================================================

=======================================================
Timestamp: 2026-01-09T18:33:48.6827619Z
Method: GET
URL: /api/work-reports/user/1
Status: 307
Duration: 0 ms
UserId: 
Client IP: ::1
User-Agent: 
=======================================================

=======================================================
Timestamp: 2026-01-09T18:33:48.6849436Z
Method: GET
URL: /api/work-reports/user/1
Status: 404
Duration: 0 ms
UserId: 
Client IP: ::1
User-Agent: 
=======================================================

=======================================================
Timestamp: 2026-01-09T18:33:48.6849444Z
Method: GET
URL: /api/work-reports/user/1
Status: 307
Duration: 0 ms
UserId: 
Client IP: ::1
User-Agent: 
=======================================================

=======================================================
Timestamp: 2026-01-09T18:33:48.6915089Z
Method: GET
URL: /api/work-reports/user/1
Status: 404
Duration: 0 ms
UserId: 
Client IP: ::1
User-Agent: 
=======================================================

=======================================================
Timestamp: 2026-01-09T18:33:49.4516134Z
Method: GET
URL: /api/work-reports/user/1
Status: 307
Duration: 0 ms
UserId: 
Client IP: ::1
User-Agent: 
=======================================================

=======================================================
Timestamp: 2026-01-09T18:33:49.4539904Z
Method: POST
URL: /api/work-reports/start
Status: 307
Duration: 0 ms
UserId: 
Client IP: ::1
User-Agent: 
=======================================================

=======================================================
Timestamp: 2026-01-09T18:33:49.4540356Z
Method: GET
URL: /api/work-reports/user/1
Status: 404
Duration: 0 ms
UserId: 
Client IP: ::1
User-Agent: 
=======================================================

=======================================================
Timestamp: 2026-01-09T18:33:49.4607711Z
Method: POST
URL: /api/work-reports/start
Status: 404
Duration: 0 ms
UserId: 
Client IP: ::1
User-Agent: 
=======================================================

=======================================================
Timestamp: 2026-01-09T18:34:08.5688581Z
Method: GET
URL: /api/users
Status: 307
Duration: 0 ms
UserId: 
Client IP: ::1
User-Agent: 
Controller: Users, Action: GetAll
=======================================================

=======================================================
Timestamp: 2026-01-09T18:34:08.6820423Z
Method: GET
URL: /api/user-permissions/check?userId=3&permissionCode=Admin
Status: 307
Duration: 0 ms
UserId: 
Client IP: ::1
User-Agent: 
=======================================================

=======================================================
Timestamp: 2026-01-09T18:34:10.8678912Z
Method: GET
URL: /api/users
Status: 307
Duration: 0 ms
UserId: 
Client IP: ::1
User-Agent: 
Controller: Users, Action: GetAll
=======================================================

=======================================================
Timestamp: 2026-01-09T18:34:10.9766102Z
Method: GET
URL: /api/user-permissions/user/3
Status: 404
Duration: 0 ms
UserId: 
Client IP: ::1
User-Agent: 
=======================================================

=======================================================
Timestamp: 2026-01-09T18:34:11.2923443Z
Method: GET
URL: /api/users
Status: 307
Duration: 0 ms
UserId: 
Client IP: ::1
User-Agent: 
Controller: Users, Action: GetAll
=======================================================

=======================================================
Timestamp: 2026-01-09T18:34:11.2983006Z
Method: GET
URL: /api/users
Status: 200
Duration: 3 ms
UserId: 
Client IP: ::1
User-Agent: 
Controller: Users, Action: GetAll
Response Body: [{"id":1,"login":"admin","encryptedPassword":"U2FsdGVkX1/rX9xVokvKbL9PTux8TUUKZgRjyK04uvE=","name":"Админ","surname":"Системный","email":"admin@example.com","phone":"+71234567890","createdAt":"2026-01-09T16:55:31.529355Z","alarmEvents":[],"sentPartRequests":[],"receivedPartRequests":[],"sentShiftTransfers":[],"receivedShiftTransfers":[]},{"id":3,"login":"user123","encryptedPassword":"1234","name":"Админ","surname":"Системный","email":"admin@123.com","phone":"+71234567890","createdAt":"2026-01-09T18:15:04.916717Z","alarmEvents":[],"sentPartRequests":[],"receivedPartRequests":[],"sentShiftTransfers":[],"receivedShiftTransfers":[]}]
=======================================================

=======================================================
Timestamp: 2026-01-09T18:34:11.3042354Z
Method: GET
URL: /api/user-permissions/check?userId=3&permissionCode=Admin
Status: 307
Duration: 0 ms
UserId: 
Client IP: ::1
User-Agent: 
=======================================================

=======================================================
Timestamp: 2026-01-09T18:34:11.3047454Z
Method: GET
URL: /api/user-permissions/check?userId=3&permissionCode=Admin
Status: 404
Duration: 0 ms
UserId: 
Client IP: ::1
User-Agent: 
=======================================================

=======================================================
Timestamp: 2026-01-09T18:34:11.3339647Z
Method: GET
URL: /api/user-permissions/user/3
Status: 404
Duration: 0 ms
UserId: 
Client IP: ::1
User-Agent: 
=======================================================

=======================================================
Timestamp: 2026-01-09T18:34:11.3416940Z
Method: GET
URL: /api/user-permissions/user/3
Status: 307
Duration: 0 ms
UserId: 
Client IP: ::1
User-Agent: 
=======================================================

=======================================================
Timestamp: 2026-01-09T18:34:11.6261785Z
Method: GET
URL: /api/users
Status: 307
Duration: 0 ms
UserId: 
Client IP: ::1
User-Agent: 
Controller: Users, Action: GetAll
=======================================================

=======================================================
Timestamp: 2026-01-09T18:34:11.6387172Z
Method: GET
URL: /api/user-permissions/check?userId=3&permissionCode=Admin
Status: 307
Duration: 0 ms
UserId: 
Client IP: ::1
User-Agent: 
=======================================================

=======================================================
Timestamp: 2026-01-09T18:34:11.6414782Z
Method: GET
URL: /api/user-permissions/check?userId=3&permissionCode=Admin
Status: 404
Duration: 0 ms
UserId: 
Client IP: ::1
User-Agent: 
=======================================================

=======================================================
Timestamp: 2026-01-09T18:34:11.6722227Z
Method: GET
URL: /api/user-permissions/user/3
Status: 307
Duration: 0 ms
UserId: 
Client IP: ::1
User-Agent: 
=======================================================

=======================================================
Timestamp: 2026-01-09T18:34:11.6723384Z
Method: GET
URL: /api/user-permissions/user/3
Status: 404
Duration: 0 ms
UserId: 
Client IP: ::1
User-Agent: 
=======================================================

=======================================================
Timestamp: 2026-01-09T18:34:11.8110727Z
Method: GET
URL: /api/users
Status: 307
Duration: 0 ms
UserId: 
Client IP: ::1
User-Agent: 
Controller: Users, Action: GetAll
=======================================================

=======================================================
Timestamp: 2026-01-09T18:34:11.8176439Z
Method: GET
URL: /api/users
Status: 200
Duration: 5 ms
UserId: 
Client IP: ::1
User-Agent: 
Controller: Users, Action: GetAll
Response Body: [{"id":1,"login":"admin","encryptedPassword":"U2FsdGVkX1/rX9xVokvKbL9PTux8TUUKZgRjyK04uvE=","name":"Админ","surname":"Системный","email":"admin@example.com","phone":"+71234567890","createdAt":"2026-01-09T16:55:31.529355Z","alarmEvents":[],"sentPartRequests":[],"receivedPartRequests":[],"sentShiftTransfers":[],"receivedShiftTransfers":[]},{"id":3,"login":"user123","encryptedPassword":"1234","name":"Админ","surname":"Системный","email":"admin@123.com","phone":"+71234567890","createdAt":"2026-01-09T18:15:04.916717Z","alarmEvents":[],"sentPartRequests":[],"receivedPartRequests":[],"sentShiftTransfers":[],"receivedShiftTransfers":[]}]
=======================================================

=======================================================
Timestamp: 2026-01-09T18:34:11.8267355Z
Method: GET
URL: /api/user-permissions/check?userId=3&permissionCode=Admin
Status: 307
Duration: 0 ms
UserId: 
Client IP: ::1
User-Agent: 
=======================================================

=======================================================
Timestamp: 2026-01-09T18:34:11.8410929Z
Method: GET
URL: /api/user-permissions/check?userId=3&permissionCode=Admin
Status: 404
Duration: 0 ms
UserId: 
Client IP: ::1
User-Agent: 
=======================================================

=======================================================
Timestamp: 2026-01-09T18:34:11.8614205Z
Method: GET
URL: /api/user-permissions/user/3
Status: 307
Duration: 0 ms
UserId: 
Client IP: ::1
User-Agent: 
=======================================================

=======================================================
Timestamp: 2026-01-09T18:34:11.8651167Z
Method: GET
URL: /api/user-permissions/user/3
Status: 404
Duration: 0 ms
UserId: 
Client IP: ::1
User-Agent: 
=======================================================

=======================================================
Timestamp: 2026-01-09T18:34:47.1030440Z
Method: GET
URL: /api/users
Status: 307
Duration: 0 ms
UserId: 
Client IP: ::1
User-Agent: 
Controller: Users, Action: GetAll
=======================================================

=======================================================
Timestamp: 2026-01-09T18:34:47.2419263Z
Method: GET
URL: /api/users
Status: 200
Duration: 6 ms
UserId: 
Client IP: ::1
User-Agent: 
Controller: Users, Action: GetAll
Response Body: [{"id":1,"login":"admin","encryptedPassword":"U2FsdGVkX1/rX9xVokvKbL9PTux8TUUKZgRjyK04uvE=","name":"Админ","surname":"Системный","email":"admin@example.com","phone":"+71234567890","createdAt":"2026-01-09T16:55:31.529355Z","alarmEvents":[],"sentPartRequests":[],"receivedPartRequests":[],"sentShiftTransfers":[],"receivedShiftTransfers":[]},{"id":3,"login":"user123","encryptedPassword":"1234","name":"Админ","surname":"Системный","email":"admin@123.com","phone":"+71234567890","createdAt":"2026-01-09T18:15:04.916717Z","alarmEvents":[],"sentPartRequests":[],"receivedPartRequests":[],"sentShiftTransfers":[],"receivedShiftTransfers":[]}]
=======================================================

=======================================================
Timestamp: 2026-01-09T18:34:47.3280098Z
Method: GET
URL: /api/user-permissions/check?userId=3&permissionCode=Admin
Status: 307
Duration: 0 ms
UserId: 
Client IP: ::1
User-Agent: 
=======================================================

=======================================================
Timestamp: 2026-01-09T18:34:47.3313672Z
Method: GET
URL: /api/user-permissions/check?userId=3&permissionCode=Admin
Status: 404
Duration: 0 ms
UserId: 
Client IP: ::1
User-Agent: 
=======================================================

=======================================================
Timestamp: 2026-01-09T18:34:47.5537264Z
Method: GET
URL: /api/user-permissions/user/3
Status: 404
Duration: 0 ms
UserId: 
Client IP: ::1
User-Agent: 
=======================================================

=======================================================
Timestamp: 2026-01-09T18:34:47.5536771Z
Method: GET
URL: /api/user-permissions/user/3
Status: 307
Duration: 0 ms
UserId: 
Client IP: ::1
User-Agent: 
=======================================================

=======================================================
Timestamp: 2026-01-09T18:35:05.5541360Z
Method: GET
URL: /api/users
Status: 307
Duration: 0 ms
UserId: 
Client IP: ::1
User-Agent: 
Controller: Users, Action: GetAll
=======================================================

=======================================================
Timestamp: 2026-01-09T18:35:05.5574780Z
Method: GET
URL: /api/users
Status: 307
Duration: 0 ms
UserId: 
Client IP: ::1
User-Agent: 
Controller: Users, Action: GetAll
=======================================================

=======================================================
Timestamp: 2026-01-09T18:35:05.5633740Z
Method: GET
URL: /api/users
Status: 200
Duration: 6 ms
UserId: 
Client IP: ::1
User-Agent: 
Controller: Users, Action: GetAll
Response Body: [{"id":1,"login":"admin","encryptedPassword":"U2FsdGVkX1/rX9xVokvKbL9PTux8TUUKZgRjyK04uvE=","name":"Админ","surname":"Системный","email":"admin@example.com","phone":"+71234567890","createdAt":"2026-01-09T16:55:31.529355Z","alarmEvents":[],"sentPartRequests":[],"receivedPartRequests":[],"sentShiftTransfers":[],"receivedShiftTransfers":[]},{"id":3,"login":"user123","encryptedPassword":"1234","name":"Админ","surname":"Системный","email":"admin@123.com","phone":"+71234567890","createdAt":"2026-01-09T18:15:04.916717Z","alarmEvents":[],"sentPartRequests":[],"receivedPartRequests":[],"sentShiftTransfers":[],"receivedShiftTransfers":[]}]
=======================================================

=======================================================
Timestamp: 2026-01-09T18:35:05.6821611Z
Method: GET
URL: /api/users
Status: 200
Duration: 4 ms
UserId: 
Client IP: ::1
User-Agent: 
Controller: Users, Action: GetAll
Response Body: [{"id":1,"login":"admin","encryptedPassword":"U2FsdGVkX1/rX9xVokvKbL9PTux8TUUKZgRjyK04uvE=","name":"Админ","surname":"Системный","email":"admin@example.com","phone":"+71234567890","createdAt":"2026-01-09T16:55:31.529355Z","alarmEvents":[],"sentPartRequests":[],"receivedPartRequests":[],"sentShiftTransfers":[],"receivedShiftTransfers":[]},{"id":3,"login":"user123","encryptedPassword":"1234","name":"Админ","surname":"Системный","email":"admin@123.com","phone":"+71234567890","createdAt":"2026-01-09T18:15:04.916717Z","alarmEvents":[],"sentPartRequests":[],"receivedPartRequests":[],"sentShiftTransfers":[],"receivedShiftTransfers":[]}]
=======================================================

=======================================================
Timestamp: 2026-01-09T18:35:13.4509221Z
Method: GET
URL: /api/products
Status: 307
Duration: 0 ms
UserId: 
Client IP: ::1
User-Agent: 
Controller: Products, Action: GetAll
=======================================================

=======================================================
Timestamp: 2026-01-09T18:35:13.4555928Z
Method: GET
URL: /api/users
Status: 307
Duration: 0 ms
UserId: 
Client IP: ::1
User-Agent: 
Controller: Users, Action: GetAll
=======================================================

=======================================================
Timestamp: 2026-01-09T18:35:13.4572520Z
Method: GET
URL: /api/products
Status: 200
Duration: 3 ms
UserId: 
Client IP: ::1
User-Agent: 
Controller: Products, Action: GetAll
Response Body: []
=======================================================

=======================================================
Timestamp: 2026-01-09T18:35:13.5637510Z
Method: GET
URL: /api/products
Status: 307
Duration: 0 ms
UserId: 
Client IP: ::1
User-Agent: 
Controller: Products, Action: GetAll
=======================================================

=======================================================
Timestamp: 2026-01-09T18:35:13.5643090Z
Method: GET
URL: /api/products
Status: 200
Duration: 2 ms
UserId: 
Client IP: ::1
User-Agent: 
Controller: Products, Action: GetAll
Response Body: []
=======================================================

=======================================================
Timestamp: 2026-01-09T18:35:16.9297186Z
Method: GET
URL: /api/materials
Status: 307
Duration: 0 ms
UserId: 
Client IP: ::1
User-Agent: 
Controller: Materials, Action: GetAll
=======================================================

=======================================================
Timestamp: 2026-01-09T18:35:16.9316933Z
Method: GET
URL: /api/products
Status: 307
Duration: 0 ms
UserId: 
Client IP: ::1
User-Agent: 
Controller: Products, Action: GetAll
=======================================================

=======================================================
Timestamp: 2026-01-09T18:35:16.9355123Z
Method: GET
URL: /api/materials
Status: 200
Duration: 2 ms
UserId: 
Client IP: ::1
User-Agent: 
Controller: Materials, Action: GetAll
Response Body: []
=======================================================

=======================================================
Timestamp: 2026-01-09T18:35:16.9369969Z
Method: GET
URL: /api/products
Status: 200
Duration: 2 ms
UserId: 
Client IP: ::1
User-Agent: 
Controller: Products, Action: GetAll
Response Body: []
=======================================================

=======================================================
Timestamp: 2026-01-09T18:35:16.9376617Z
Method: GET
URL: /api/users
Status: 307
Duration: 0 ms
UserId: 
Client IP: ::1
User-Agent: 
Controller: Users, Action: GetAll
=======================================================

=======================================================
Timestamp: 2026-01-09T18:35:16.9440276Z
Method: GET
URL: /api/materials
Status: 307
Duration: 0 ms
UserId: 
Client IP: ::1
User-Agent: 
Controller: Materials, Action: GetAll
=======================================================

=======================================================
Timestamp: 2026-01-09T18:35:17.0500376Z
Method: GET
URL: /api/materials
Status: 200
Duration: 4 ms
UserId: 
Client IP: ::1
User-Agent: 
Controller: Materials, Action: GetAll
Response Body: []
=======================================================

=======================================================
Timestamp: 2026-01-09T18:35:17.0520315Z
Method: GET
URL: /api/users
Status: 200
Duration: 7 ms
UserId: 
Client IP: ::1
User-Agent: 
Controller: Users, Action: GetAll
Response Body: [{"id":1,"login":"admin","encryptedPassword":"U2FsdGVkX1/rX9xVokvKbL9PTux8TUUKZgRjyK04uvE=","name":"Админ","surname":"Системный","email":"admin@example.com","phone":"+71234567890","createdAt":"2026-01-09T16:55:31.529355Z","alarmEvents":[],"sentPartRequests":[],"receivedPartRequests":[],"sentShiftTransfers":[],"receivedShiftTransfers":[]},{"id":3,"login":"user123","encryptedPassword":"1234","name":"Админ","surname":"Системный","email":"admin@123.com","phone":"+71234567890","createdAt":"2026-01-09T18:15:04.916717Z","alarmEvents":[],"sentPartRequests":[],"receivedPartRequests":[],"sentShiftTransfers":[],"receivedShiftTransfers":[]}]
=======================================================

=======================================================
Timestamp: 2026-01-09T18:35:20.8111317Z
Method: GET
URL: /api/warehouses
Status: 307
Duration: 0 ms
UserId: 
Client IP: ::1
User-Agent: 
Controller: Warehouses, Action: GetAll
=======================================================

=======================================================
Timestamp: 2026-01-09T18:35:20.8123054Z
Method: GET
URL: /api/materials
Status: 307
Duration: 0 ms
UserId: 
Client IP: ::1
User-Agent: 
Controller: Materials, Action: GetAll
=======================================================

=======================================================
Timestamp: 2026-01-09T18:35:20.8130149Z
Method: GET
URL: /api/warehouses
Status: 200
Duration: 1 ms
UserId: 
Client IP: ::1
User-Agent: 
Controller: Warehouses, Action: GetAll
Response Body: []
=======================================================

=======================================================
Timestamp: 2026-01-09T18:35:20.8150132Z
Method: GET
URL: /api/users
Status: 307
Duration: 0 ms
UserId: 
Client IP: ::1
User-Agent: 
Controller: Users, Action: GetAll
=======================================================

=======================================================
Timestamp: 2026-01-09T18:35:20.8161323Z
Method: GET
URL: /api/materials
Status: 200
Duration: 1 ms
UserId: 
Client IP: ::1
User-Agent: 
Controller: Materials, Action: GetAll
Response Body: []
=======================================================

=======================================================
Timestamp: 2026-01-09T18:35:20.8203833Z
Method: GET
URL: /api/warehouses
Status: 307
Duration: 0 ms
UserId: 
Client IP: ::1
User-Agent: 
Controller: Warehouses, Action: GetAll
=======================================================

=======================================================
Timestamp: 2026-01-09T18:35:20.8238620Z
Method: GET
URL: /api/warehouses
Status: 200
Duration: 1 ms
UserId: 
Client IP: ::1
User-Agent: 
Controller: Warehouses, Action: GetAll
Response Body: []
=======================================================

=======================================================
Timestamp: 2026-01-09T18:35:22.9681938Z
Method: GET
URL: /api/part-requests
Status: 307
Duration: 0 ms
UserId: 
Client IP: ::1
User-Agent: 
=======================================================

=======================================================
Timestamp: 2026-01-09T18:35:22.9726205Z
Method: GET
URL: /api/part-requests
Status: 404
Duration: 0 ms
UserId: 
Client IP: ::1
User-Agent: 
=======================================================

=======================================================
Timestamp: 2026-01-09T18:35:28.9407195Z
Method: GET
URL: /api/work-reports/user/3
Status: 404
Duration: 0 ms
UserId: 
Client IP: ::1
User-Agent: 
=======================================================

=======================================================
Timestamp: 2026-01-09T18:35:28.9407752Z
Method: GET
URL: /api/work-reports/user/3
Status: 307
Duration: 0 ms
UserId: 
Client IP: ::1
User-Agent: 
=======================================================

=======================================================
Timestamp: 2026-01-09T18:35:29.0580117Z
Method: GET
URL: /api/work-reports/user/3
Status: 404
Duration: 0 ms
UserId: 
Client IP: ::1
User-Agent: 
=======================================================

=======================================================
Timestamp: 2026-01-09T18:35:30.1858221Z
Method: GET
URL: /api/work-reports/user/3
Status: 404
Duration: 0 ms
UserId: 
Client IP: ::1
User-Agent: 
=======================================================

=======================================================
Timestamp: 2026-01-09T18:35:30.1866803Z
Method: GET
URL: /api/work-reports/user/3
Status: 307
Duration: 0 ms
UserId: 
Client IP: ::1
User-Agent: 
=======================================================

=======================================================
Timestamp: 2026-01-09T18:35:30.2941013Z
Method: POST
URL: /api/work-reports/start
Status: 307
Duration: 0 ms
UserId: 
Client IP: ::1
User-Agent: 
=======================================================

=======================================================
Timestamp: 2026-01-09T18:35:30.2970370Z
Method: POST
URL: /api/work-reports/start
Status: 404
Duration: 0 ms
UserId: 
Client IP: ::1
User-Agent: 
=======================================================

=======================================================
Timestamp: 2026-01-09T18:35:33.0940033Z
Method: GET
URL: /api/warehouses
Status: 307
Duration: 0 ms
UserId: 
Client IP: ::1
User-Agent: 
Controller: Warehouses, Action: GetAll
=======================================================

=======================================================
Timestamp: 2026-01-09T18:35:33.0989040Z
Method: GET
URL: /api/users
Status: 307
Duration: 0 ms
UserId: 
Client IP: ::1
User-Agent: 
Controller: Users, Action: GetAll
=======================================================

=======================================================
Timestamp: 2026-01-09T18:35:33.0996053Z
Method: GET
URL: /api/warehouses
Status: 200
Duration: 1 ms
UserId: 
Client IP: ::1
User-Agent: 
Controller: Warehouses, Action: GetAll
Response Body: []
=======================================================

=======================================================
Timestamp: 2026-01-09T18:35:33.1029423Z
Method: GET
URL: /api/warehouses
Status: 307
Duration: 0 ms
UserId: 
Client IP: ::1
User-Agent: 
Controller: Warehouses, Action: GetAll
=======================================================

=======================================================
Timestamp: 2026-01-09T18:35:33.1100936Z
Method: GET
URL: /api/users
Status: 200
Duration: 6 ms
UserId: 
Client IP: ::1
User-Agent: 
Controller: Users, Action: GetAll
Response Body: [{"id":1,"login":"admin","encryptedPassword":"U2FsdGVkX1/rX9xVokvKbL9PTux8TUUKZgRjyK04uvE=","name":"Админ","surname":"Системный","email":"admin@example.com","phone":"+71234567890","createdAt":"2026-01-09T16:55:31.529355Z","alarmEvents":[],"sentPartRequests":[],"receivedPartRequests":[],"sentShiftTransfers":[],"receivedShiftTransfers":[]},{"id":3,"login":"user123","encryptedPassword":"1234","name":"Админ","surname":"Системный","email":"admin@123.com","phone":"+71234567890","createdAt":"2026-01-09T18:15:04.916717Z","alarmEvents":[],"sentPartRequests":[],"receivedPartRequests":[],"sentShiftTransfers":[],"receivedShiftTransfers":[]}]
=======================================================

=======================================================
Timestamp: 2026-01-09T18:35:33.1117940Z
Method: GET
URL: /api/warehouses
Status: 200
Duration: 1 ms
UserId: 
Client IP: ::1
User-Agent: 
Controller: Warehouses, Action: GetAll
Response Body: []
=======================================================

=======================================================
Timestamp: 2026-01-09T18:35:35.7246492Z
Method: GET
URL: /api/materials
Status: 307
Duration: 0 ms
UserId: 
Client IP: ::1
User-Agent: 
Controller: Materials, Action: GetAll
=======================================================

=======================================================
Timestamp: 2026-01-09T18:35:35.7286217Z
Method: GET
URL: /api/materials
Status: 200
Duration: 2 ms
UserId: 
Client IP: ::1
User-Agent: 
Controller: Materials, Action: GetAll
Response Body: []
=======================================================

=======================================================
Timestamp: 2026-01-09T18:35:35.7300770Z
Method: GET
URL: /api/warehouses
Status: 307
Duration: 0 ms
UserId: 
Client IP: ::1
User-Agent: 
Controller: Warehouses, Action: GetAll
=======================================================

=======================================================
Timestamp: 2026-01-09T18:35:35.8373089Z
Method: GET
URL: /api/materials
Status: 307
Duration: 0 ms
UserId: 
Client IP: ::1
User-Agent: 
Controller: Materials, Action: GetAll
=======================================================

=======================================================
Timestamp: 2026-01-09T18:35:35.8408177Z
Method: GET
URL: /api/materials
Status: 200
Duration: 2 ms
UserId: 
Client IP: ::1
User-Agent: 
Controller: Materials, Action: GetAll
Response Body: []
=======================================================

=======================================================
Timestamp: 2026-01-09T18:35:37.6541768Z
Method: GET
URL: /api/products
Status: 307
Duration: 0 ms
UserId: 
Client IP: ::1
User-Agent: 
Controller: Products, Action: GetAll
=======================================================

=======================================================
Timestamp: 2026-01-09T18:35:37.6628308Z
Method: GET
URL: /api/materials
Status: 200
Duration: 6 ms
UserId: 
Client IP: ::1
User-Agent: 
Controller: Materials, Action: GetAll
Response Body: []
=======================================================

=======================================================
Timestamp: 2026-01-09T18:35:37.6650127Z
Method: GET
URL: /api/products
Status: 200
Duration: 1 ms
UserId: 
Client IP: ::1
User-Agent: 
Controller: Products, Action: GetAll
Response Body: []
=======================================================

=======================================================
Timestamp: 2026-01-09T18:35:37.6690750Z
Method: GET
URL: /api/products
Status: 307
Duration: 0 ms
UserId: 
Client IP: ::1
User-Agent: 
Controller: Products, Action: GetAll
=======================================================

=======================================================
Timestamp: 2026-01-09T18:35:37.7838542Z
Method: GET
URL: /api/products
Status: 200
Duration: 3 ms
UserId: 
Client IP: ::1
User-Agent: 
Controller: Products, Action: GetAll
Response Body: []
=======================================================

=======================================================
Timestamp: 2026-01-09T18:35:37.7839784Z
Method: GET
URL: /api/users
Status: 200
Duration: 10 ms
UserId: 
Client IP: ::1
User-Agent: 
Controller: Users, Action: GetAll
Response Body: [{"id":1,"login":"admin","encryptedPassword":"U2FsdGVkX1/rX9xVokvKbL9PTux8TUUKZgRjyK04uvE=","name":"Админ","surname":"Системный","email":"admin@example.com","phone":"+71234567890","createdAt":"2026-01-09T16:55:31.529355Z","alarmEvents":[],"sentPartRequests":[],"receivedPartRequests":[],"sentShiftTransfers":[],"receivedShiftTransfers":[]},{"id":3,"login":"user123","encryptedPassword":"1234","name":"Админ","surname":"Системный","email":"admin@123.com","phone":"+71234567890","createdAt":"2026-01-09T18:15:04.916717Z","alarmEvents":[],"sentPartRequests":[],"receivedPartRequests":[],"sentShiftTransfers":[],"receivedShiftTransfers":[]}]
=======================================================

=======================================================
Timestamp: 2026-01-09T18:35:39.6312017Z
Method: GET
URL: /api/users
Status: 307
Duration: 0 ms
UserId: 
Client IP: ::1
User-Agent: 
Controller: Users, Action: GetAll
=======================================================

=======================================================
Timestamp: 2026-01-09T18:35:39.6344787Z
Method: GET
URL: /api/products
Status: 307
Duration: 0 ms
UserId: 
Client IP: ::1
User-Agent: 
Controller: Products, Action: GetAll
=======================================================

=======================================================
Timestamp: 2026-01-09T18:35:39.6372733Z
Method: GET
URL: /api/materials
Status: 307
Duration: 0 ms
UserId: 
Client IP: ::1
User-Agent: 
Controller: Materials, Action: GetAll
=======================================================

=======================================================
Timestamp: 2026-01-09T18:35:39.6390790Z
Method: GET
URL: /api/users
Status: 200
Duration: 5 ms
UserId: 
Client IP: ::1
User-Agent: 
Controller: Users, Action: GetAll
Response Body: [{"id":1,"login":"admin","encryptedPassword":"U2FsdGVkX1/rX9xVokvKbL9PTux8TUUKZgRjyK04uvE=","name":"Админ","surname":"Системный","email":"admin@example.com","phone":"+71234567890","createdAt":"2026-01-09T16:55:31.529355Z","alarmEvents":[],"sentPartRequests":[],"receivedPartRequests":[],"sentShiftTransfers":[],"receivedShiftTransfers":[]},{"id":3,"login":"user123","encryptedPassword":"1234","name":"Админ","surname":"Системный","email":"admin@123.com","phone":"+71234567890","createdAt":"2026-01-09T18:15:04.916717Z","alarmEvents":[],"sentPartRequests":[],"receivedPartRequests":[],"sentShiftTransfers":[],"receivedShiftTransfers":[]}]
=======================================================

=======================================================
Timestamp: 2026-01-09T18:35:39.6405853Z
Method: GET
URL: /api/products
Status: 200
Duration: 2 ms
UserId: 
Client IP: ::1
User-Agent: 
Controller: Products, Action: GetAll
Response Body: []
=======================================================

=======================================================
Timestamp: 2026-01-09T18:35:39.6468345Z
Method: GET
URL: /api/users
Status: 307
Duration: 0 ms
UserId: 
Client IP: ::1
User-Agent: 
Controller: Users, Action: GetAll
=======================================================

=======================================================
Timestamp: 2026-01-09T18:35:39.6488398Z
Method: GET
URL: /api/materials
Status: 200
Duration: 2 ms
UserId: 
Client IP: ::1
User-Agent: 
Controller: Materials, Action: GetAll
Response Body: []
=======================================================

=======================================================
Timestamp: 2026-01-09T18:35:39.6500190Z
Method: GET
URL: /api/users
Status: 307
Duration: 0 ms
UserId: 
Client IP: ::1
User-Agent: 
Controller: Users, Action: GetAll
=======================================================

=======================================================
Timestamp: 2026-01-09T18:35:39.6529492Z
Method: GET
URL: /api/users
Status: 200
Duration: 3 ms
UserId: 
Client IP: ::1
User-Agent: 
Controller: Users, Action: GetAll
Response Body: [{"id":1,"login":"admin","encryptedPassword":"U2FsdGVkX1/rX9xVokvKbL9PTux8TUUKZgRjyK04uvE=","name":"Админ","surname":"Системный","email":"admin@example.com","phone":"+71234567890","createdAt":"2026-01-09T16:55:31.529355Z","alarmEvents":[],"sentPartRequests":[],"receivedPartRequests":[],"sentShiftTransfers":[],"receivedShiftTransfers":[]},{"id":3,"login":"user123","encryptedPassword":"1234","name":"Админ","surname":"Системный","email":"admin@123.com","phone":"+71234567890","createdAt":"2026-01-09T18:15:04.916717Z","alarmEvents":[],"sentPartRequests":[],"receivedPartRequests":[],"sentShiftTransfers":[],"receivedShiftTransfers":[]}]
=======================================================

=======================================================
Timestamp: 2026-01-09T18:35:39.6579432Z
Method: GET
URL: /api/users
Status: 200
Duration: 3 ms
UserId: 
Client IP: ::1
User-Agent: 
Controller: Users, Action: GetAll
Response Body: [{"id":1,"login":"admin","encryptedPassword":"U2FsdGVkX1/rX9xVokvKbL9PTux8TUUKZgRjyK04uvE=","name":"Админ","surname":"Системный","email":"admin@example.com","phone":"+71234567890","createdAt":"2026-01-09T16:55:31.529355Z","alarmEvents":[],"sentPartRequests":[],"receivedPartRequests":[],"sentShiftTransfers":[],"receivedShiftTransfers":[]},{"id":3,"login":"user123","encryptedPassword":"1234","name":"Админ","surname":"Системный","email":"admin@123.com","phone":"+71234567890","createdAt":"2026-01-09T18:15:04.916717Z","alarmEvents":[],"sentPartRequests":[],"receivedPartRequests":[],"sentShiftTransfers":[],"receivedShiftTransfers":[]}]
=======================================================

=======================================================
Timestamp: 2026-01-09T18:35:42.3587498Z
Method: GET
URL: /api/users
Status: 307
Duration: 0 ms
UserId: 
Client IP: ::1
User-Agent: 
Controller: Users, Action: GetAll
=======================================================

=======================================================
Timestamp: 2026-01-09T18:35:42.3599884Z
Method: GET
URL: /api/products
Status: 307
Duration: 0 ms
UserId: 
Client IP: ::1
User-Agent: 
Controller: Products, Action: GetAll
=======================================================

=======================================================
Timestamp: 2026-01-09T18:35:42.3631156Z
Method: GET
URL: /api/materials
Status: 307
Duration: 0 ms
UserId: 
Client IP: ::1
User-Agent: 
Controller: Materials, Action: GetAll
=======================================================

=======================================================
Timestamp: 2026-01-09T18:35:42.3637441Z
Method: GET
URL: /api/users
Status: 200
Duration: 3 ms
UserId: 
Client IP: ::1
User-Agent: 
Controller: Users, Action: GetAll
Response Body: [{"id":1,"login":"admin","encryptedPassword":"U2FsdGVkX1/rX9xVokvKbL9PTux8TUUKZgRjyK04uvE=","name":"Админ","surname":"Системный","email":"admin@example.com","phone":"+71234567890","createdAt":"2026-01-09T16:55:31.529355Z","alarmEvents":[],"sentPartRequests":[],"receivedPartRequests":[],"sentShiftTransfers":[],"receivedShiftTransfers":[]},{"id":3,"login":"user123","encryptedPassword":"1234","name":"Админ","surname":"Системный","email":"admin@123.com","phone":"+71234567890","createdAt":"2026-01-09T18:15:04.916717Z","alarmEvents":[],"sentPartRequests":[],"receivedPartRequests":[],"sentShiftTransfers":[],"receivedShiftTransfers":[]}]
=======================================================

=======================================================
Timestamp: 2026-01-09T18:35:42.3657878Z
Method: GET
URL: /api/products
Status: 200
Duration: 1 ms
UserId: 
Client IP: ::1
User-Agent: 
Controller: Products, Action: GetAll
Response Body: []
=======================================================

=======================================================
Timestamp: 2026-01-09T18:35:42.3698733Z
Method: GET
URL: /api/materials
Status: 200
Duration: 2 ms
UserId: 
Client IP: ::1
User-Agent: 
Controller: Materials, Action: GetAll
Response Body: []
=======================================================

=======================================================
Timestamp: 2026-01-09T18:35:42.3687940Z
Method: GET
URL: /api/users
Status: 307
Duration: 0 ms
UserId: 
Client IP: ::1
User-Agent: 
Controller: Users, Action: GetAll
=======================================================

=======================================================
Timestamp: 2026-01-09T18:35:42.3760895Z
Method: GET
URL: /api/users/search?name=a
Status: 307
Duration: 0 ms
UserId: 
Client IP: ::1
User-Agent: 
Controller: Users, Action: GetByNameOrSurname
=======================================================

=======================================================
Timestamp: 2026-01-09T18:35:42.3831724Z
Method: GET
URL: /api/users/search?name=a
Status: 200
Duration: 2 ms
UserId: 
Client IP: ::1
User-Agent: 
Controller: Users, Action: GetByNameOrSurname
Response Body: []
=======================================================

=======================================================
Timestamp: 2026-01-09T18:35:42.7366849Z
Method: GET
URL: /api/users
Status: 307
Duration: 0 ms
UserId: 
Client IP: ::1
User-Agent: 
Controller: Users, Action: GetAll
=======================================================

=======================================================
Timestamp: 2026-01-09T18:35:42.7375912Z
Method: GET
URL: /api/products
Status: 307
Duration: 0 ms
UserId: 
Client IP: ::1
User-Agent: 
Controller: Products, Action: GetAll
=======================================================

=======================================================
Timestamp: 2026-01-09T18:35:42.7440136Z
Method: GET
URL: /api/materials
Status: 307
Duration: 0 ms
UserId: 
Client IP: ::1
User-Agent: 
Controller: Materials, Action: GetAll
=======================================================

=======================================================
Timestamp: 2026-01-09T18:35:42.7448156Z
Method: GET
URL: /api/users
Status: 200
Duration: 5 ms
UserId: 
Client IP: ::1
User-Agent: 
Controller: Users, Action: GetAll
Response Body: [{"id":1,"login":"admin","encryptedPassword":"U2FsdGVkX1/rX9xVokvKbL9PTux8TUUKZgRjyK04uvE=","name":"Админ","surname":"Системный","email":"admin@example.com","phone":"+71234567890","createdAt":"2026-01-09T16:55:31.529355Z","alarmEvents":[],"sentPartRequests":[],"receivedPartRequests":[],"sentShiftTransfers":[],"receivedShiftTransfers":[]},{"id":3,"login":"user123","encryptedPassword":"1234","name":"Админ","surname":"Системный","email":"admin@123.com","phone":"+71234567890","createdAt":"2026-01-09T18:15:04.916717Z","alarmEvents":[],"sentPartRequests":[],"receivedPartRequests":[],"sentShiftTransfers":[],"receivedShiftTransfers":[]}]
=======================================================

=======================================================
Timestamp: 2026-01-09T18:35:42.7476418Z
Method: GET
URL: /api/products
Status: 200
Duration: 5 ms
UserId: 
Client IP: ::1
User-Agent: 
Controller: Products, Action: GetAll
Response Body: []
=======================================================

=======================================================
Timestamp: 2026-01-09T18:35:42.7504685Z
Method: GET
URL: /api/materials
Status: 200
Duration: 2 ms
UserId: 
Client IP: ::1
User-Agent: 
Controller: Materials, Action: GetAll
Response Body: []
=======================================================

=======================================================
Timestamp: 2026-01-09T18:35:42.7522639Z
Method: GET
URL: /api/users/search?name=ad
Status: 307
Duration: 0 ms
UserId: 
Client IP: ::1
User-Agent: 
Controller: Users, Action: GetByNameOrSurname
=======================================================

=======================================================
Timestamp: 2026-01-09T18:35:42.7534532Z
Method: GET
URL: /api/users
Status: 200
Duration: 2 ms
UserId: 
Client IP: ::1
User-Agent: 
Controller: Users, Action: GetAll
Response Body: [{"id":1,"login":"admin","encryptedPassword":"U2FsdGVkX1/rX9xVokvKbL9PTux8TUUKZgRjyK04uvE=","name":"Админ","surname":"Системный","email":"admin@example.com","phone":"+71234567890","createdAt":"2026-01-09T16:55:31.529355Z","alarmEvents":[],"sentPartRequests":[],"receivedPartRequests":[],"sentShiftTransfers":[],"receivedShiftTransfers":[]},{"id":3,"login":"user123","encryptedPassword":"1234","name":"Админ","surname":"Системный","email":"admin@123.com","phone":"+71234567890","createdAt":"2026-01-09T18:15:04.916717Z","alarmEvents":[],"sentPartRequests":[],"receivedPartRequests":[],"sentShiftTransfers":[],"receivedShiftTransfers":[]}]
=======================================================

=======================================================
Timestamp: 2026-01-09T18:35:42.7590200Z
Method: GET
URL: /api/users/search?name=ad
Status: 200
Duration: 3 ms
UserId: 
Client IP: ::1
User-Agent: 
Controller: Users, Action: GetByNameOrSurname
Response Body: []
=======================================================

=======================================================
Timestamp: 2026-01-09T18:35:42.9349315Z
Method: GET
URL: /api/users
Status: 307
Duration: 0 ms
UserId: 
Client IP: ::1
User-Agent: 
Controller: Users, Action: GetAll
=======================================================

=======================================================
Timestamp: 2026-01-09T18:35:42.9391296Z
Method: GET
URL: /api/products
Status: 307
Duration: 0 ms
UserId: 
Client IP: ::1
User-Agent: 
Controller: Products, Action: GetAll
=======================================================

=======================================================
Timestamp: 2026-01-09T18:35:42.9452861Z
Method: GET
URL: /api/users
Status: 200
Duration: 8 ms
UserId: 
Client IP: ::1
User-Agent: 
Controller: Users, Action: GetAll
Response Body: [{"id":1,"login":"admin","encryptedPassword":"U2FsdGVkX1/rX9xVokvKbL9PTux8TUUKZgRjyK04uvE=","name":"Админ","surname":"Системный","email":"admin@example.com","phone":"+71234567890","createdAt":"2026-01-09T16:55:31.529355Z","alarmEvents":[],"sentPartRequests":[],"receivedPartRequests":[],"sentShiftTransfers":[],"receivedShiftTransfers":[]},{"id":3,"login":"user123","encryptedPassword":"1234","name":"Админ","surname":"Системный","email":"admin@123.com","phone":"+71234567890","createdAt":"2026-01-09T18:15:04.916717Z","alarmEvents":[],"sentPartRequests":[],"receivedPartRequests":[],"sentShiftTransfers":[],"receivedShiftTransfers":[]}]
=======================================================

=======================================================
Timestamp: 2026-01-09T18:35:42.9599307Z
Method: GET
URL: /api/materials
Status: 307
Duration: 0 ms
UserId: 
Client IP: ::1
User-Agent: 
Controller: Materials, Action: GetAll
=======================================================

=======================================================
Timestamp: 2026-01-09T18:35:42.9617471Z
Method: GET
URL: /api/materials
Status: 200
Duration: 3 ms
UserId: 
Client IP: ::1
User-Agent: 
Controller: Materials, Action: GetAll
Response Body: []
=======================================================

=======================================================
Timestamp: 2026-01-09T18:35:42.9644281Z
Method: GET
URL: /api/users/search?name=adm
Status: 307
Duration: 0 ms
UserId: 
Client IP: ::1
User-Agent: 
Controller: Users, Action: GetByNameOrSurname
=======================================================

=======================================================
Timestamp: 2026-01-09T18:35:42.9696998Z
Method: GET
URL: /api/users/search?name=adm
Status: 200
Duration: 1 ms
UserId: 
Client IP: ::1
User-Agent: 
Controller: Users, Action: GetByNameOrSurname
Response Body: []
=======================================================

=======================================================
Timestamp: 2026-01-09T18:35:42.9814801Z
Method: GET
URL: /api/users
Status: 200
Duration: 4 ms
UserId: 
Client IP: ::1
User-Agent: 
Controller: Users, Action: GetAll
Response Body: [{"id":1,"login":"admin","encryptedPassword":"U2FsdGVkX1/rX9xVokvKbL9PTux8TUUKZgRjyK04uvE=","name":"Админ","surname":"Системный","email":"admin@example.com","phone":"+71234567890","createdAt":"2026-01-09T16:55:31.529355Z","alarmEvents":[],"sentPartRequests":[],"receivedPartRequests":[],"sentShiftTransfers":[],"receivedShiftTransfers":[]},{"id":3,"login":"user123","encryptedPassword":"1234","name":"Админ","surname":"Системный","email":"admin@123.com","phone":"+71234567890","createdAt":"2026-01-09T18:15:04.916717Z","alarmEvents":[],"sentPartRequests":[],"receivedPartRequests":[],"sentShiftTransfers":[],"receivedShiftTransfers":[]}]
=======================================================

=======================================================
Timestamp: 2026-01-09T18:35:43.1811242Z
Method: GET
URL: /api/users
Status: 307
Duration: 0 ms
UserId: 
Client IP: ::1
User-Agent: 
Controller: Users, Action: GetAll
=======================================================

=======================================================
Timestamp: 2026-01-09T18:35:43.1820628Z
Method: GET
URL: /api/products
Status: 307
Duration: 0 ms
UserId: 
Client IP: ::1
User-Agent: 
Controller: Products, Action: GetAll
=======================================================

=======================================================
Timestamp: 2026-01-09T18:35:43.1848126Z
Method: GET
URL: /api/materials
Status: 307
Duration: 0 ms
UserId: 
Client IP: ::1
User-Agent: 
Controller: Materials, Action: GetAll
=======================================================

=======================================================
Timestamp: 2026-01-09T18:35:43.1854768Z
Method: GET
URL: /api/products
Status: 200
Duration: 1 ms
UserId: 
Client IP: ::1
User-Agent: 
Controller: Products, Action: GetAll
Response Body: []
=======================================================

=======================================================
Timestamp: 2026-01-09T18:35:43.1880304Z
Method: GET
URL: /api/users
Status: 200
Duration: 4 ms
UserId: 
Client IP: ::1
User-Agent: 
Controller: Users, Action: GetAll
Response Body: [{"id":1,"login":"admin","encryptedPassword":"U2FsdGVkX1/rX9xVokvKbL9PTux8TUUKZgRjyK04uvE=","name":"Админ","surname":"Системный","email":"admin@example.com","phone":"+71234567890","createdAt":"2026-01-09T16:55:31.529355Z","alarmEvents":[],"sentPartRequests":[],"receivedPartRequests":[],"sentShiftTransfers":[],"receivedShiftTransfers":[]},{"id":3,"login":"user123","encryptedPassword":"1234","name":"Админ","surname":"Системный","email":"admin@123.com","phone":"+71234567890","createdAt":"2026-01-09T18:15:04.916717Z","alarmEvents":[],"sentPartRequests":[],"receivedPartRequests":[],"sentShiftTransfers":[],"receivedShiftTransfers":[]}]
=======================================================

=======================================================
Timestamp: 2026-01-09T18:35:43.1919841Z
Method: GET
URL: /api/users
Status: 307
Duration: 0 ms
UserId: 
Client IP: ::1
User-Agent: 
Controller: Users, Action: GetAll
=======================================================

=======================================================
Timestamp: 2026-01-09T18:35:43.1929141Z
Method: GET
URL: /api/materials
Status: 200
Duration: 2 ms
UserId: 
Client IP: ::1
User-Agent: 
Controller: Materials, Action: GetAll
Response Body: []
=======================================================

=======================================================
Timestamp: 2026-01-09T18:35:43.1944009Z
Method: GET
URL: /api/users/search?name=admi
Status: 307
Duration: 0 ms
UserId: 
Client IP: ::1
User-Agent: 
Controller: Users, Action: GetByNameOrSurname
=======================================================

=======================================================
Timestamp: 2026-01-09T18:35:43.1989770Z
Method: GET
URL: /api/users
Status: 200
Duration: 3 ms
UserId: 
Client IP: ::1
User-Agent: 
Controller: Users, Action: GetAll
Response Body: [{"id":1,"login":"admin","encryptedPassword":"U2FsdGVkX1/rX9xVokvKbL9PTux8TUUKZgRjyK04uvE=","name":"Админ","surname":"Системный","email":"admin@example.com","phone":"+71234567890","createdAt":"2026-01-09T16:55:31.529355Z","alarmEvents":[],"sentPartRequests":[],"receivedPartRequests":[],"sentShiftTransfers":[],"receivedShiftTransfers":[]},{"id":3,"login":"user123","encryptedPassword":"1234","name":"Админ","surname":"Системный","email":"admin@123.com","phone":"+71234567890","createdAt":"2026-01-09T18:15:04.916717Z","alarmEvents":[],"sentPartRequests":[],"receivedPartRequests":[],"sentShiftTransfers":[],"receivedShiftTransfers":[]}]
=======================================================

=======================================================
Timestamp: 2026-01-09T18:35:43.2027530Z
Method: GET
URL: /api/users/search?name=admi
Status: 200
Duration: 2 ms
UserId: 
Client IP: ::1
User-Agent: 
Controller: Users, Action: GetByNameOrSurname
Response Body: []
=======================================================

=======================================================
Timestamp: 2026-01-09T18:35:43.2868316Z
Method: GET
URL: /api/users
Status: 307
Duration: 0 ms
UserId: 
Client IP: ::1
User-Agent: 
Controller: Users, Action: GetAll
=======================================================

=======================================================
Timestamp: 2026-01-09T18:35:43.2885231Z
Method: GET
URL: /api/products
Status: 307
Duration: 0 ms
UserId: 
Client IP: ::1
User-Agent: 
Controller: Products, Action: GetAll
=======================================================

=======================================================
Timestamp: 2026-01-09T18:35:43.2924452Z
Method: GET
URL: /api/users
Status: 200
Duration: 3 ms
UserId: 
Client IP: ::1
User-Agent: 
Controller: Users, Action: GetAll
Response Body: [{"id":1,"login":"admin","encryptedPassword":"U2FsdGVkX1/rX9xVokvKbL9PTux8TUUKZgRjyK04uvE=","name":"Админ","surname":"Системный","email":"admin@example.com","phone":"+71234567890","createdAt":"2026-01-09T16:55:31.529355Z","alarmEvents":[],"sentPartRequests":[],"receivedPartRequests":[],"sentShiftTransfers":[],"receivedShiftTransfers":[]},{"id":3,"login":"user123","encryptedPassword":"1234","name":"Админ","surname":"Системный","email":"admin@123.com","phone":"+71234567890","createdAt":"2026-01-09T18:15:04.916717Z","alarmEvents":[],"sentPartRequests":[],"receivedPartRequests":[],"sentShiftTransfers":[],"receivedShiftTransfers":[]}]
=======================================================

=======================================================
Timestamp: 2026-01-09T18:35:43.2962069Z
Method: GET
URL: /api/products
Status: 200
Duration: 1 ms
UserId: 
Client IP: ::1
User-Agent: 
Controller: Products, Action: GetAll
Response Body: []
=======================================================

=======================================================
Timestamp: 2026-01-09T18:35:43.2986612Z
Method: GET
URL: /api/materials
Status: 307
Duration: 0 ms
UserId: 
Client IP: ::1
User-Agent: 
Controller: Materials, Action: GetAll
=======================================================

=======================================================
Timestamp: 2026-01-09T18:35:43.3004623Z
Method: GET
URL: /api/users
Status: 307
Duration: 0 ms
UserId: 
Client IP: ::1
User-Agent: 
Controller: Users, Action: GetAll
=======================================================

=======================================================
Timestamp: 2026-01-09T18:35:43.3021054Z
Method: GET
URL: /api/materials
Status: 200
Duration: 2 ms
UserId: 
Client IP: ::1
User-Agent: 
Controller: Materials, Action: GetAll
Response Body: []
=======================================================

=======================================================
Timestamp: 2026-01-09T18:35:43.3068658Z
Method: GET
URL: /api/users/search?name=admin
Status: 307
Duration: 0 ms
UserId: 
Client IP: ::1
User-Agent: 
Controller: Users, Action: GetByNameOrSurname
=======================================================

=======================================================
Timestamp: 2026-01-09T18:35:43.3101073Z
Method: GET
URL: /api/users
Status: 200
Duration: 4 ms
UserId: 
Client IP: ::1
User-Agent: 
Controller: Users, Action: GetAll
Response Body: [{"id":1,"login":"admin","encryptedPassword":"U2FsdGVkX1/rX9xVokvKbL9PTux8TUUKZgRjyK04uvE=","name":"Админ","surname":"Системный","email":"admin@example.com","phone":"+71234567890","createdAt":"2026-01-09T16:55:31.529355Z","alarmEvents":[],"sentPartRequests":[],"receivedPartRequests":[],"sentShiftTransfers":[],"receivedShiftTransfers":[]},{"id":3,"login":"user123","encryptedPassword":"1234","name":"Админ","surname":"Системный","email":"admin@123.com","phone":"+71234567890","createdAt":"2026-01-09T18:15:04.916717Z","alarmEvents":[],"sentPartRequests":[],"receivedPartRequests":[],"sentShiftTransfers":[],"receivedShiftTransfers":[]}]
=======================================================

=======================================================
Timestamp: 2026-01-09T18:35:43.3130931Z
Method: GET
URL: /api/users/search?name=admin
Status: 200
Duration: 2 ms
UserId: 
Client IP: ::1
User-Agent: 
Controller: Users, Action: GetByNameOrSurname
Response Body: []
=======================================================

=======================================================
Timestamp: 2026-01-09T18:35:44.7997155Z
Method: GET
URL: /api/users
Status: 307
Duration: 0 ms
UserId: 
Client IP: ::1
User-Agent: 
Controller: Users, Action: GetAll
=======================================================

=======================================================
Timestamp: 2026-01-09T18:35:44.8021947Z
Method: GET
URL: /api/products
Status: 307
Duration: 0 ms
UserId: 
Client IP: ::1
User-Agent: 
Controller: Products, Action: GetAll
=======================================================

=======================================================
Timestamp: 2026-01-09T18:35:44.8077625Z
Method: GET
URL: /api/users
Status: 200
Duration: 5 ms
UserId: 
Client IP: ::1
User-Agent: 
Controller: Users, Action: GetAll
Response Body: [{"id":1,"login":"admin","encryptedPassword":"U2FsdGVkX1/rX9xVokvKbL9PTux8TUUKZgRjyK04uvE=","name":"Админ","surname":"Системный","email":"admin@example.com","phone":"+71234567890","createdAt":"2026-01-09T16:55:31.529355Z","alarmEvents":[],"sentPartRequests":[],"receivedPartRequests":[],"sentShiftTransfers":[],"receivedShiftTransfers":[]},{"id":3,"login":"user123","encryptedPassword":"1234","name":"Админ","surname":"Системный","email":"admin@123.com","phone":"+71234567890","createdAt":"2026-01-09T18:15:04.916717Z","alarmEvents":[],"sentPartRequests":[],"receivedPartRequests":[],"sentShiftTransfers":[],"receivedShiftTransfers":[]}]
=======================================================

=======================================================
Timestamp: 2026-01-09T18:35:44.8088722Z
Method: GET
URL: /api/products
Status: 200
Duration: 3 ms
UserId: 
Client IP: ::1
User-Agent: 
Controller: Products, Action: GetAll
Response Body: []
=======================================================

=======================================================
Timestamp: 2026-01-09T18:35:44.8122096Z
Method: GET
URL: /api/users
Status: 307
Duration: 0 ms
UserId: 
Client IP: ::1
User-Agent: 
Controller: Users, Action: GetAll
=======================================================

=======================================================
Timestamp: 2026-01-09T18:35:44.8184606Z
Method: GET
URL: /api/materials
Status: 200
Duration: 1 ms
UserId: 
Client IP: ::1
User-Agent: 
Controller: Materials, Action: GetAll
Response Body: []
=======================================================

=======================================================
Timestamp: 2026-01-09T18:35:44.8185053Z
Method: GET
URL: /api/users
Status: 307
Duration: 0 ms
UserId: 
Client IP: ::1
User-Agent: 
Controller: Users, Action: GetAll
=======================================================

=======================================================
Timestamp: 2026-01-09T18:35:44.8332652Z
Method: GET
URL: /api/users
Status: 200
Duration: 4 ms
UserId: 
Client IP: ::1
User-Agent: 
Controller: Users, Action: GetAll
Response Body: [{"id":1,"login":"admin","encryptedPassword":"U2FsdGVkX1/rX9xVokvKbL9PTux8TUUKZgRjyK04uvE=","name":"Админ","surname":"Системный","email":"admin@example.com","phone":"+71234567890","createdAt":"2026-01-09T16:55:31.529355Z","alarmEvents":[],"sentPartRequests":[],"receivedPartRequests":[],"sentShiftTransfers":[],"receivedShiftTransfers":[]},{"id":3,"login":"user123","encryptedPassword":"1234","name":"Админ","surname":"Системный","email":"admin@123.com","phone":"+71234567890","createdAt":"2026-01-09T18:15:04.916717Z","alarmEvents":[],"sentPartRequests":[],"receivedPartRequests":[],"sentShiftTransfers":[],"receivedShiftTransfers":[]}]
=======================================================

=======================================================
Timestamp: 2026-01-09T18:35:44.8396466Z
Method: GET
URL: /api/users
Status: 200
Duration: 15 ms
UserId: 
Client IP: ::1
User-Agent: 
Controller: Users, Action: GetAll
Response Body: [{"id":1,"login":"admin","encryptedPassword":"U2FsdGVkX1/rX9xVokvKbL9PTux8TUUKZgRjyK04uvE=","name":"Админ","surname":"Системный","email":"admin@example.com","phone":"+71234567890","createdAt":"2026-01-09T16:55:31.529355Z","alarmEvents":[],"sentPartRequests":[],"receivedPartRequests":[],"sentShiftTransfers":[],"receivedShiftTransfers":[]},{"id":3,"login":"user123","encryptedPassword":"1234","name":"Админ","surname":"Системный","email":"admin@123.com","phone":"+71234567890","createdAt":"2026-01-09T18:15:04.916717Z","alarmEvents":[],"sentPartRequests":[],"receivedPartRequests":[],"sentShiftTransfers":[],"receivedShiftTransfers":[]}]
=======================================================

=======================================================
Timestamp: 2026-01-09T18:36:25.5518168Z
Method: GET
URL: /api/materials
Status: 307
Duration: 0 ms
UserId: 
Client IP: ::1
User-Agent: 
Controller: Materials, Action: GetAll
=======================================================

=======================================================
Timestamp: 2026-01-09T18:36:25.6586913Z
Method: GET
URL: /api/materials
Status: 200
Duration: 3 ms
UserId: 
Client IP: ::1
User-Agent: 
Controller: Materials, Action: GetAll
Response Body: []
=======================================================

=======================================================
Timestamp: 2026-01-09T18:36:25.7479630Z
Method: GET
URL: /api/users
Status: 200
Duration: 43 ms
UserId: 
Client IP: ::1
User-Agent: 
Controller: Users, Action: GetAll
Response Body: [{"id":1,"login":"admin","encryptedPassword":"U2FsdGVkX1/rX9xVokvKbL9PTux8TUUKZgRjyK04uvE=","name":"Админ","surname":"Системный","email":"admin@example.com","phone":"+71234567890","createdAt":"2026-01-09T16:55:31.529355Z","alarmEvents":[],"sentPartRequests":[],"receivedPartRequests":[],"sentShiftTransfers":[],"receivedShiftTransfers":[]},{"id":3,"login":"user123","encryptedPassword":"1234","name":"Админ","surname":"Системный","email":"admin@123.com","phone":"+71234567890","createdAt":"2026-01-09T18:15:04.916717Z","alarmEvents":[],"sentPartRequests":[],"receivedPartRequests":[],"sentShiftTransfers":[],"receivedShiftTransfers":[]}]
=======================================================

=======================================================
Timestamp: 2026-01-09T18:36:25.7482422Z
Method: GET
URL: /api/users
Status: 307
Duration: 0 ms
UserId: 
Client IP: ::1
User-Agent: 
Controller: Users, Action: GetAll
=======================================================

=======================================================
Timestamp: 2026-01-09T18:36:25.6591517Z
Method: GET
URL: /api/users
Status: 307
Duration: 0 ms
UserId: 
Client IP: ::1
User-Agent: 
Controller: Users, Action: GetAll
=======================================================

=======================================================
Timestamp: 2026-01-09T18:36:25.7861408Z
Method: GET
URL: /api/materials
Status: 307
Duration: 0 ms
UserId: 
Client IP: ::1
User-Agent: 
Controller: Materials, Action: GetAll
=======================================================

=======================================================
Timestamp: 2026-01-09T18:36:25.8140802Z
Method: GET
URL: /api/users
Status: 200
Duration: 22 ms
UserId: 
Client IP: ::1
User-Agent: 
Controller: Users, Action: GetAll
Response Body: [{"id":1,"login":"admin","encryptedPassword":"U2FsdGVkX1/rX9xVokvKbL9PTux8TUUKZgRjyK04uvE=","name":"Админ","surname":"Системный","email":"admin@example.com","phone":"+71234567890","createdAt":"2026-01-09T16:55:31.529355Z","alarmEvents":[],"sentPartRequests":[],"receivedPartRequests":[],"sentShiftTransfers":[],"receivedShiftTransfers":[]},{"id":3,"login":"user123","encryptedPassword":"1234","name":"Админ","surname":"Системный","email":"admin@123.com","phone":"+71234567890","createdAt":"2026-01-09T18:15:04.916717Z","alarmEvents":[],"sentPartRequests":[],"receivedPartRequests":[],"sentShiftTransfers":[],"receivedShiftTransfers":[]}]
=======================================================

=======================================================
Timestamp: 2026-01-09T18:36:25.8147556Z
Method: GET
URL: /api/materials
Status: 200
Duration: 5 ms
UserId: 
Client IP: ::1
User-Agent: 
Controller: Materials, Action: GetAll
Response Body: []
=======================================================

=======================================================
Timestamp: 2026-01-09T18:36:28.8639934Z
Method: GET
URL: /api/products
Status: 307
Duration: 0 ms
UserId: 
Client IP: ::1
User-Agent: 
Controller: Products, Action: GetAll
=======================================================

=======================================================
Timestamp: 2026-01-09T18:36:28.8644183Z
Method: GET
URL: /api/materials
Status: 307
Duration: 0 ms
UserId: 
Client IP: ::1
User-Agent: 
Controller: Materials, Action: GetAll
=======================================================

=======================================================
Timestamp: 2026-01-09T18:36:28.8691421Z
Method: GET
URL: /api/users
Status: 307
Duration: 0 ms
UserId: 
Client IP: ::1
User-Agent: 
Controller: Users, Action: GetAll
=======================================================

=======================================================
Timestamp: 2026-01-09T18:36:28.8699411Z
Method: GET
URL: /api/products
Status: 200
Duration: 2 ms
UserId: 
Client IP: ::1
User-Agent: 
Controller: Products, Action: GetAll
Response Body: []
=======================================================

=======================================================
Timestamp: 2026-01-09T18:36:28.8763297Z
Method: GET
URL: /api/products
Status: 307
Duration: 0 ms
UserId: 
Client IP: ::1
User-Agent: 
Controller: Products, Action: GetAll
=======================================================

=======================================================
Timestamp: 2026-01-09T18:36:28.8766095Z
Method: GET
URL: /api/users
Status: 307
Duration: 0 ms
UserId: 
Client IP: ::1
User-Agent: 
Controller: Users, Action: GetAll
=======================================================

=======================================================
Timestamp: 2026-01-09T18:36:28.8787365Z
Method: GET
URL: /api/users
Status: 200
Duration: 5 ms
UserId: 
Client IP: ::1
User-Agent: 
Controller: Users, Action: GetAll
Response Body: [{"id":1,"login":"admin","encryptedPassword":"U2FsdGVkX1/rX9xVokvKbL9PTux8TUUKZgRjyK04uvE=","name":"Админ","surname":"Системный","email":"admin@example.com","phone":"+71234567890","createdAt":"2026-01-09T16:55:31.529355Z","alarmEvents":[],"sentPartRequests":[],"receivedPartRequests":[],"sentShiftTransfers":[],"receivedShiftTransfers":[]},{"id":3,"login":"user123","encryptedPassword":"1234","name":"Админ","surname":"Системный","email":"admin@123.com","phone":"+71234567890","createdAt":"2026-01-09T18:15:04.916717Z","alarmEvents":[],"sentPartRequests":[],"receivedPartRequests":[],"sentShiftTransfers":[],"receivedShiftTransfers":[]}]
=======================================================

=======================================================
Timestamp: 2026-01-09T18:36:28.8893795Z
Method: GET
URL: /api/products
Status: 200
Duration: 1 ms
UserId: 
Client IP: ::1
User-Agent: 
Controller: Products, Action: GetAll
Response Body: []
=======================================================

=======================================================
Timestamp: 2026-01-09T18:36:28.9041598Z
Method: GET
URL: /api/users
Status: 200
Duration: 12 ms
UserId: 
Client IP: ::1
User-Agent: 
Controller: Users, Action: GetAll
Response Body: [{"id":1,"login":"admin","encryptedPassword":"U2FsdGVkX1/rX9xVokvKbL9PTux8TUUKZgRjyK04uvE=","name":"Админ","surname":"Системный","email":"admin@example.com","phone":"+71234567890","createdAt":"2026-01-09T16:55:31.529355Z","alarmEvents":[],"sentPartRequests":[],"receivedPartRequests":[],"sentShiftTransfers":[],"receivedShiftTransfers":[]},{"id":3,"login":"user123","encryptedPassword":"1234","name":"Админ","surname":"Системный","email":"admin@123.com","phone":"+71234567890","createdAt":"2026-01-09T18:15:04.916717Z","alarmEvents":[],"sentPartRequests":[],"receivedPartRequests":[],"sentShiftTransfers":[],"receivedShiftTransfers":[]}]
=======================================================

=======================================================
Timestamp: 2026-01-09T18:36:31.1270023Z
Method: GET
URL: /api/warehouses
Status: 307
Duration: 0 ms
UserId: 
Client IP: ::1
User-Agent: 
Controller: Warehouses, Action: GetAll
=======================================================

=======================================================
Timestamp: 2026-01-09T18:36:31.1292398Z
Method: GET
URL: /api/products
Status: 307
Duration: 0 ms
UserId: 
Client IP: ::1
User-Agent: 
Controller: Products, Action: GetAll
=======================================================

=======================================================
Timestamp: 2026-01-09T18:36:31.1338968Z
Method: GET
URL: /api/warehouses
Status: 200
Duration: 1 ms
UserId: 
Client IP: ::1
User-Agent: 
Controller: Warehouses, Action: GetAll
Response Body: []
=======================================================

=======================================================
Timestamp: 2026-01-09T18:36:31.1394657Z
Method: GET
URL: /api/materials
Status: 307
Duration: 0 ms
UserId: 
Client IP: ::1
User-Agent: 
Controller: Materials, Action: GetAll
=======================================================

=======================================================
Timestamp: 2026-01-09T18:36:31.1403494Z
Method: GET
URL: /api/products
Status: 200
Duration: 4 ms
UserId: 
Client IP: ::1
User-Agent: 
Controller: Products, Action: GetAll
Response Body: []
=======================================================

=======================================================
Timestamp: 2026-01-09T18:36:31.1475527Z
Method: GET
URL: /api/materials
Status: 200
Duration: 2 ms
UserId: 
Client IP: ::1
User-Agent: 
Controller: Materials, Action: GetAll
Response Body: []
=======================================================

=======================================================
Timestamp: 2026-01-09T18:36:31.1492571Z
Method: GET
URL: /api/users
Status: 307
Duration: 0 ms
UserId: 
Client IP: ::1
User-Agent: 
Controller: Users, Action: GetAll
=======================================================

=======================================================
Timestamp: 2026-01-09T18:36:31.2560073Z
Method: GET
URL: /api/users
Status: 307
Duration: 0 ms
UserId: 
Client IP: ::1
User-Agent: 
Controller: Users, Action: GetAll
=======================================================

=======================================================
Timestamp: 2026-01-09T18:36:31.2576793Z
Method: GET
URL: /api/warehouses
Status: 200
Duration: 1 ms
UserId: 
Client IP: ::1
User-Agent: 
Controller: Warehouses, Action: GetAll
Response Body: []
=======================================================

=======================================================
Timestamp: 2026-01-09T18:36:35.5224861Z
Method: GET
URL: /api/users
Status: 307
Duration: 0 ms
UserId: 
Client IP: ::1
User-Agent: 
Controller: Users, Action: GetAll
=======================================================

=======================================================
Timestamp: 2026-01-09T18:36:35.5226837Z
Method: GET
URL: /api/warehouses
Status: 307
Duration: 0 ms
UserId: 
Client IP: ::1
User-Agent: 
Controller: Warehouses, Action: GetAll
=======================================================

=======================================================
Timestamp: 2026-01-09T18:36:35.5285375Z
Method: GET
URL: /api/users
Status: 307
Duration: 0 ms
UserId: 
Client IP: ::1
User-Agent: 
Controller: Users, Action: GetAll
=======================================================

=======================================================
Timestamp: 2026-01-09T18:36:35.5312186Z
Method: GET
URL: /api/users
Status: 200
Duration: 5 ms
UserId: 
Client IP: ::1
User-Agent: 
Controller: Users, Action: GetAll
Response Body: [{"id":1,"login":"admin","encryptedPassword":"U2FsdGVkX1/rX9xVokvKbL9PTux8TUUKZgRjyK04uvE=","name":"Админ","surname":"Системный","email":"admin@example.com","phone":"+71234567890","createdAt":"2026-01-09T16:55:31.529355Z","alarmEvents":[],"sentPartRequests":[],"receivedPartRequests":[],"sentShiftTransfers":[],"receivedShiftTransfers":[]},{"id":3,"login":"user123","encryptedPassword":"1234","name":"Админ","surname":"Системный","email":"admin@123.com","phone":"+71234567890","createdAt":"2026-01-09T18:15:04.916717Z","alarmEvents":[],"sentPartRequests":[],"receivedPartRequests":[],"sentShiftTransfers":[],"receivedShiftTransfers":[]}]
=======================================================

=======================================================
Timestamp: 2026-01-09T18:36:35.5329536Z
Method: GET
URL: /api/warehouses
Status: 200
Duration: 2 ms
UserId: 
Client IP: ::1
User-Agent: 
Controller: Warehouses, Action: GetAll
Response Body: []
=======================================================

=======================================================
Timestamp: 2026-01-09T18:36:35.5345500Z
Method: GET
URL: /api/users
Status: 307
Duration: 0 ms
UserId: 
Client IP: ::1
User-Agent: 
Controller: Users, Action: GetAll
=======================================================

=======================================================
Timestamp: 2026-01-09T18:36:35.5362389Z
Method: GET
URL: /api/users
Status: 307
Duration: 0 ms
UserId: 
Client IP: ::1
User-Agent: 
Controller: Users, Action: GetAll
=======================================================

=======================================================
Timestamp: 2026-01-09T18:36:35.5373177Z
Method: GET
URL: /api/users
Status: 200
Duration: 7 ms
UserId: 
Client IP: ::1
User-Agent: 
Controller: Users, Action: GetAll
Response Body: [{"id":1,"login":"admin","encryptedPassword":"U2FsdGVkX1/rX9xVokvKbL9PTux8TUUKZgRjyK04uvE=","name":"Админ","surname":"Системный","email":"admin@example.com","phone":"+71234567890","createdAt":"2026-01-09T16:55:31.529355Z","alarmEvents":[],"sentPartRequests":[],"receivedPartRequests":[],"sentShiftTransfers":[],"receivedShiftTransfers":[]},{"id":3,"login":"user123","encryptedPassword":"1234","name":"Админ","surname":"Системный","email":"admin@123.com","phone":"+71234567890","createdAt":"2026-01-09T18:15:04.916717Z","alarmEvents":[],"sentPartRequests":[],"receivedPartRequests":[],"sentShiftTransfers":[],"receivedShiftTransfers":[]}]
=======================================================

=======================================================
Timestamp: 2026-01-09T18:36:35.5422395Z
Method: GET
URL: /api/users
Status: 200
Duration: 3 ms
UserId: 
Client IP: ::1
User-Agent: 
Controller: Users, Action: GetAll
Response Body: [{"id":1,"login":"admin","encryptedPassword":"U2FsdGVkX1/rX9xVokvKbL9PTux8TUUKZgRjyK04uvE=","name":"Админ","surname":"Системный","email":"admin@example.com","phone":"+71234567890","createdAt":"2026-01-09T16:55:31.529355Z","alarmEvents":[],"sentPartRequests":[],"receivedPartRequests":[],"sentShiftTransfers":[],"receivedShiftTransfers":[]},{"id":3,"login":"user123","encryptedPassword":"1234","name":"Админ","surname":"Системный","email":"admin@123.com","phone":"+71234567890","createdAt":"2026-01-09T18:15:04.916717Z","alarmEvents":[],"sentPartRequests":[],"receivedPartRequests":[],"sentShiftTransfers":[],"receivedShiftTransfers":[]}]
=======================================================

=======================================================
Timestamp: 2026-01-09T18:36:35.5437348Z
Method: GET
URL: /api/users
Status: 200
Duration: 3 ms
UserId: 
Client IP: ::1
User-Agent: 
Controller: Users, Action: GetAll
Response Body: [{"id":1,"login":"admin","encryptedPassword":"U2FsdGVkX1/rX9xVokvKbL9PTux8TUUKZgRjyK04uvE=","name":"Админ","surname":"Системный","email":"admin@example.com","phone":"+71234567890","createdAt":"2026-01-09T16:55:31.529355Z","alarmEvents":[],"sentPartRequests":[],"receivedPartRequests":[],"sentShiftTransfers":[],"receivedShiftTransfers":[]},{"id":3,"login":"user123","encryptedPassword":"1234","name":"Админ","surname":"Системный","email":"admin@123.com","phone":"+71234567890","createdAt":"2026-01-09T18:15:04.916717Z","alarmEvents":[],"sentPartRequests":[],"receivedPartRequests":[],"sentShiftTransfers":[],"receivedShiftTransfers":[]}]
=======================================================

=======================================================
Timestamp: 2026-01-09T18:36:44.0836875Z
Method: GET
URL: /api/users
Status: 307
Duration: 0 ms
UserId: 
Client IP: ::1
User-Agent: 
Controller: Users, Action: GetAll
=======================================================

=======================================================
Timestamp: 2026-01-09T18:36:44.0895389Z
Method: GET
URL: /api/users
Status: 200
Duration: 3 ms
UserId: 
Client IP: ::1
User-Agent: 
Controller: Users, Action: GetAll
Response Body: [{"id":1,"login":"admin","encryptedPassword":"U2FsdGVkX1/rX9xVokvKbL9PTux8TUUKZgRjyK04uvE=","name":"Админ","surname":"Системный","email":"admin@example.com","phone":"+71234567890","createdAt":"2026-01-09T16:55:31.529355Z","alarmEvents":[],"sentPartRequests":[],"receivedPartRequests":[],"sentShiftTransfers":[],"receivedShiftTransfers":[]},{"id":3,"login":"user123","encryptedPassword":"1234","name":"Админ","surname":"Системный","email":"admin@123.com","phone":"+71234567890","createdAt":"2026-01-09T18:15:04.916717Z","alarmEvents":[],"sentPartRequests":[],"receivedPartRequests":[],"sentShiftTransfers":[],"receivedShiftTransfers":[]}]
=======================================================

=======================================================
Timestamp: 2026-01-09T18:36:44.0946631Z
Method: GET
URL: /api/user-permissions/check?userId=3&permissionCode=Admin
Status: 307
Duration: 0 ms
UserId: 
Client IP: ::1
User-Agent: 
=======================================================

=======================================================
Timestamp: 2026-01-09T18:36:44.0951975Z
Method: GET
URL: /api/user-permissions/check?userId=3&permissionCode=Admin
Status: 404
Duration: 0 ms
UserId: 
Client IP: ::1
User-Agent: 
=======================================================

=======================================================
Timestamp: 2026-01-09T18:36:44.2120933Z
Method: GET
URL: /api/user-permissions/user/3
Status: 404
Duration: 0 ms
UserId: 
Client IP: ::1
User-Agent: 
=======================================================

=======================================================
Timestamp: 2026-01-09T18:36:44.2128431Z
Method: GET
URL: /api/user-permissions/user/3
Status: 307
Duration: 0 ms
UserId: 
Client IP: ::1
User-Agent: 
=======================================================

=======================================================
Timestamp: 2026-01-09T18:36:44.5772266Z
Method: GET
URL: /api/users
Status: 307
Duration: 0 ms
UserId: 
Client IP: ::1
User-Agent: 
Controller: Users, Action: GetAll
=======================================================

=======================================================
Timestamp: 2026-01-09T18:36:44.5915740Z
Method: GET
URL: /api/users
Status: 200
Duration: 7 ms
UserId: 
Client IP: ::1
User-Agent: 
Controller: Users, Action: GetAll
Response Body: [{"id":1,"login":"admin","encryptedPassword":"U2FsdGVkX1/rX9xVokvKbL9PTux8TUUKZgRjyK04uvE=","name":"Админ","surname":"Системный","email":"admin@example.com","phone":"+71234567890","createdAt":"2026-01-09T16:55:31.529355Z","alarmEvents":[],"sentPartRequests":[],"receivedPartRequests":[],"sentShiftTransfers":[],"receivedShiftTransfers":[]},{"id":3,"login":"user123","encryptedPassword":"1234","name":"Админ","surname":"Системный","email":"admin@123.com","phone":"+71234567890","createdAt":"2026-01-09T18:15:04.916717Z","alarmEvents":[],"sentPartRequests":[],"receivedPartRequests":[],"sentShiftTransfers":[],"receivedShiftTransfers":[]}]
=======================================================

=======================================================
Timestamp: 2026-01-09T18:36:44.5929770Z
Method: GET
URL: /api/user-permissions/check?userId=3&permissionCode=Admin
Status: 404
Duration: 0 ms
UserId: 
Client IP: ::1
User-Agent: 
=======================================================

=======================================================
Timestamp: 2026-01-09T18:36:44.5922598Z
Method: GET
URL: /api/user-permissions/check?userId=3&permissionCode=Admin
Status: 307
Duration: 0 ms
UserId: 
Client IP: ::1
User-Agent: 
=======================================================

=======================================================
Timestamp: 2026-01-09T18:36:44.6177955Z
Method: GET
URL: /api/user-permissions/user/3
Status: 307
Duration: 0 ms
UserId: 
Client IP: ::1
User-Agent: 
=======================================================

=======================================================
Timestamp: 2026-01-09T18:36:44.6199359Z
Method: GET
URL: /api/user-permissions/user/3
Status: 404
Duration: 0 ms
UserId: 
Client IP: ::1
User-Agent: 
=======================================================

=======================================================
Timestamp: 2026-01-09T18:36:44.7393339Z
Method: GET
URL: /api/users
Status: 307
Duration: 0 ms
UserId: 
Client IP: ::1
User-Agent: 
Controller: Users, Action: GetAll
=======================================================

=======================================================
Timestamp: 2026-01-09T18:36:44.7482323Z
Method: GET
URL: /api/users
Status: 200
Duration: 5 ms
UserId: 
Client IP: ::1
User-Agent: 
Controller: Users, Action: GetAll
Response Body: [{"id":1,"login":"admin","encryptedPassword":"U2FsdGVkX1/rX9xVokvKbL9PTux8TUUKZgRjyK04uvE=","name":"Админ","surname":"Системный","email":"admin@example.com","phone":"+71234567890","createdAt":"2026-01-09T16:55:31.529355Z","alarmEvents":[],"sentPartRequests":[],"receivedPartRequests":[],"sentShiftTransfers":[],"receivedShiftTransfers":[]},{"id":3,"login":"user123","encryptedPassword":"1234","name":"Админ","surname":"Системный","email":"admin@123.com","phone":"+71234567890","createdAt":"2026-01-09T18:15:04.916717Z","alarmEvents":[],"sentPartRequests":[],"receivedPartRequests":[],"sentShiftTransfers":[],"receivedShiftTransfers":[]}]
=======================================================

=======================================================
Timestamp: 2026-01-09T18:36:44.7505061Z
Method: GET
URL: /api/user-permissions/check?userId=3&permissionCode=Admin
Status: 307
Duration: 0 ms
UserId: 
Client IP: ::1
User-Agent: 
=======================================================

=======================================================
Timestamp: 2026-01-09T18:36:44.7550526Z
Method: GET
URL: /api/user-permissions/check?userId=3&permissionCode=Admin
Status: 404
Duration: 0 ms
UserId: 
Client IP: ::1
User-Agent: 
=======================================================

=======================================================
Timestamp: 2026-01-09T18:36:44.7786871Z
Method: GET
URL: /api/user-permissions/user/3
Status: 404
Duration: 0 ms
UserId: 
Client IP: ::1
User-Agent: 
=======================================================

=======================================================
Timestamp: 2026-01-09T18:36:44.7801544Z
Method: GET
URL: /api/user-permissions/user/3
Status: 307
Duration: 0 ms
UserId: 
Client IP: ::1
User-Agent: 
=======================================================

=======================================================
Timestamp: 2026-01-09T18:36:44.9215162Z
Method: GET
URL: /api/users
Status: 307
Duration: 0 ms
UserId: 
Client IP: ::1
User-Agent: 
Controller: Users, Action: GetAll
=======================================================

=======================================================
Timestamp: 2026-01-09T18:36:44.9282351Z
Method: GET
URL: /api/users
Status: 200
Duration: 2 ms
UserId: 
Client IP: ::1
User-Agent: 
Controller: Users, Action: GetAll
Response Body: [{"id":1,"login":"admin","encryptedPassword":"U2FsdGVkX1/rX9xVokvKbL9PTux8TUUKZgRjyK04uvE=","name":"Админ","surname":"Системный","email":"admin@example.com","phone":"+71234567890","createdAt":"2026-01-09T16:55:31.529355Z","alarmEvents":[],"sentPartRequests":[],"receivedPartRequests":[],"sentShiftTransfers":[],"receivedShiftTransfers":[]},{"id":3,"login":"user123","encryptedPassword":"1234","name":"Админ","surname":"Системный","email":"admin@123.com","phone":"+71234567890","createdAt":"2026-01-09T18:15:04.916717Z","alarmEvents":[],"sentPartRequests":[],"receivedPartRequests":[],"sentShiftTransfers":[],"receivedShiftTransfers":[]}]
=======================================================

=======================================================
Timestamp: 2026-01-09T18:36:44.9311918Z
Method: GET
URL: /api/user-permissions/check?userId=3&permissionCode=Admin
Status: 307
Duration: 0 ms
UserId: 
Client IP: ::1
User-Agent: 
=======================================================

=======================================================
Timestamp: 2026-01-09T18:36:44.9326361Z
Method: GET
URL: /api/user-permissions/check?userId=3&permissionCode=Admin
Status: 404
Duration: 0 ms
UserId: 
Client IP: ::1
User-Agent: 
=======================================================

=======================================================
Timestamp: 2026-01-09T18:36:44.9550430Z
Method: GET
URL: /api/user-permissions/user/3
Status: 307
Duration: 0 ms
UserId: 
Client IP: ::1
User-Agent: 
=======================================================

=======================================================
Timestamp: 2026-01-09T18:36:45.0026286Z
Method: GET
URL: /api/user-permissions/user/3
Status: 404
Duration: 0 ms
UserId: 
Client IP: ::1
User-Agent: 
=======================================================

=======================================================
Timestamp: 2026-01-09T18:36:45.1197711Z
Method: GET
URL: /api/users
Status: 307
Duration: 0 ms
UserId: 
Client IP: ::1
User-Agent: 
Controller: Users, Action: GetAll
=======================================================

=======================================================
Timestamp: 2026-01-09T18:36:45.1241483Z
Method: GET
URL: /api/users
Status: 200
Duration: 2 ms
UserId: 
Client IP: ::1
User-Agent: 
Controller: Users, Action: GetAll
Response Body: [{"id":1,"login":"admin","encryptedPassword":"U2FsdGVkX1/rX9xVokvKbL9PTux8TUUKZgRjyK04uvE=","name":"Админ","surname":"Системный","email":"admin@example.com","phone":"+71234567890","createdAt":"2026-01-09T16:55:31.529355Z","alarmEvents":[],"sentPartRequests":[],"receivedPartRequests":[],"sentShiftTransfers":[],"receivedShiftTransfers":[]},{"id":3,"login":"user123","encryptedPassword":"1234","name":"Админ","surname":"Системный","email":"admin@123.com","phone":"+71234567890","createdAt":"2026-01-09T18:15:04.916717Z","alarmEvents":[],"sentPartRequests":[],"receivedPartRequests":[],"sentShiftTransfers":[],"receivedShiftTransfers":[]}]
=======================================================

=======================================================
Timestamp: 2026-01-09T18:36:45.1311915Z
Method: GET
URL: /api/user-permissions/check?userId=3&permissionCode=Admin
Status: 307
Duration: 0 ms
UserId: 
Client IP: ::1
User-Agent: 
=======================================================

=======================================================
Timestamp: 2026-01-09T18:36:45.1327539Z
Method: GET
URL: /api/user-permissions/check?userId=3&permissionCode=Admin
Status: 404
Duration: 0 ms
UserId: 
Client IP: ::1
User-Agent: 
=======================================================

=======================================================
Timestamp: 2026-01-09T18:36:45.1544630Z
Method: GET
URL: /api/user-permissions/user/3
Status: 307
Duration: 0 ms
UserId: 
Client IP: ::1
User-Agent: 
=======================================================

=======================================================
Timestamp: 2026-01-09T18:36:45.1553002Z
Method: GET
URL: /api/user-permissions/user/3
Status: 404
Duration: 0 ms
UserId: 
Client IP: ::1
User-Agent: 
=======================================================

=======================================================
Timestamp: 2026-01-09T18:36:45.9139561Z
Method: GET
URL: /api/users
Status: 307
Duration: 0 ms
UserId: 
Client IP: ::1
User-Agent: 
Controller: Users, Action: GetAll
=======================================================

=======================================================
Timestamp: 2026-01-09T18:36:45.9204398Z
Method: GET
URL: /api/users
Status: 200
Duration: 4 ms
UserId: 
Client IP: ::1
User-Agent: 
Controller: Users, Action: GetAll
Response Body: [{"id":1,"login":"admin","encryptedPassword":"U2FsdGVkX1/rX9xVokvKbL9PTux8TUUKZgRjyK04uvE=","name":"Админ","surname":"Системный","email":"admin@example.com","phone":"+71234567890","createdAt":"2026-01-09T16:55:31.529355Z","alarmEvents":[],"sentPartRequests":[],"receivedPartRequests":[],"sentShiftTransfers":[],"receivedShiftTransfers":[]},{"id":3,"login":"user123","encryptedPassword":"1234","name":"Админ","surname":"Системный","email":"admin@123.com","phone":"+71234567890","createdAt":"2026-01-09T18:15:04.916717Z","alarmEvents":[],"sentPartRequests":[],"receivedPartRequests":[],"sentShiftTransfers":[],"receivedShiftTransfers":[]}]
=======================================================

=======================================================
Timestamp: 2026-01-09T18:36:45.9240043Z
Method: GET
URL: /api/user-permissions/check?userId=3&permissionCode=Admin
Status: 307
Duration: 0 ms
UserId: 
Client IP: ::1
User-Agent: 
=======================================================

=======================================================
Timestamp: 2026-01-09T18:36:45.9280667Z
Method: GET
URL: /api/user-permissions/check?userId=3&permissionCode=Admin
Status: 404
Duration: 0 ms
UserId: 
Client IP: ::1
User-Agent: 
=======================================================

=======================================================
Timestamp: 2026-01-09T18:36:46.0383457Z
Method: GET
URL: /api/user-permissions/user/3
Status: 307
Duration: 0 ms
UserId: 
Client IP: ::1
User-Agent: 
=======================================================

=======================================================
Timestamp: 2026-01-09T18:36:46.0385152Z
Method: GET
URL: /api/user-permissions/user/3
Status: 404
Duration: 0 ms
UserId: 
Client IP: ::1
User-Agent: 
=======================================================

=======================================================
Timestamp: 2026-01-09T18:36:46.0813423Z
Method: GET
URL: /api/users
Status: 307
Duration: 0 ms
UserId: 
Client IP: ::1
User-Agent: 
Controller: Users, Action: GetAll
=======================================================

=======================================================
Timestamp: 2026-01-09T18:36:46.0866950Z
Method: GET
URL: /api/users
Status: 200
Duration: 4 ms
UserId: 
Client IP: ::1
User-Agent: 
Controller: Users, Action: GetAll
Response Body: [{"id":1,"login":"admin","encryptedPassword":"U2FsdGVkX1/rX9xVokvKbL9PTux8TUUKZgRjyK04uvE=","name":"Админ","surname":"Системный","email":"admin@example.com","phone":"+71234567890","createdAt":"2026-01-09T16:55:31.529355Z","alarmEvents":[],"sentPartRequests":[],"receivedPartRequests":[],"sentShiftTransfers":[],"receivedShiftTransfers":[]},{"id":3,"login":"user123","encryptedPassword":"1234","name":"Админ","surname":"Системный","email":"admin@123.com","phone":"+71234567890","createdAt":"2026-01-09T18:15:04.916717Z","alarmEvents":[],"sentPartRequests":[],"receivedPartRequests":[],"sentShiftTransfers":[],"receivedShiftTransfers":[]}]
=======================================================

=======================================================
Timestamp: 2026-01-09T18:36:46.0896072Z
Method: GET
URL: /api/user-permissions/check?userId=3&permissionCode=Admin
Status: 307
Duration: 0 ms
UserId: 
Client IP: ::1
User-Agent: 
=======================================================

=======================================================
Timestamp: 2026-01-09T18:36:46.0918348Z
Method: GET
URL: /api/user-permissions/check?userId=3&permissionCode=Admin
Status: 404
Duration: 0 ms
UserId: 
Client IP: ::1
User-Agent: 
=======================================================

=======================================================
Timestamp: 2026-01-09T18:36:46.1141934Z
Method: GET
URL: /api/user-permissions/user/3
Status: 307
Duration: 0 ms
UserId: 
Client IP: ::1
User-Agent: 
=======================================================

=======================================================
Timestamp: 2026-01-09T18:36:46.3015446Z
Method: GET
URL: /api/users
Status: 307
Duration: 0 ms
UserId: 
Client IP: ::1
User-Agent: 
Controller: Users, Action: GetAll
=======================================================

=======================================================
Timestamp: 2026-01-09T18:36:46.3060008Z
Method: GET
URL: /api/users
Status: 200
Duration: 3 ms
UserId: 
Client IP: ::1
User-Agent: 
Controller: Users, Action: GetAll
Response Body: [{"id":1,"login":"admin","encryptedPassword":"U2FsdGVkX1/rX9xVokvKbL9PTux8TUUKZgRjyK04uvE=","name":"Админ","surname":"Системный","email":"admin@example.com","phone":"+71234567890","createdAt":"2026-01-09T16:55:31.529355Z","alarmEvents":[],"sentPartRequests":[],"receivedPartRequests":[],"sentShiftTransfers":[],"receivedShiftTransfers":[]},{"id":3,"login":"user123","encryptedPassword":"1234","name":"Админ","surname":"Системный","email":"admin@123.com","phone":"+71234567890","createdAt":"2026-01-09T18:15:04.916717Z","alarmEvents":[],"sentPartRequests":[],"receivedPartRequests":[],"sentShiftTransfers":[],"receivedShiftTransfers":[]}]
=======================================================

=======================================================
Timestamp: 2026-01-09T18:36:46.3105561Z
Method: GET
URL: /api/user-permissions/check?userId=3&permissionCode=Admin
Status: 307
Duration: 0 ms
UserId: 
Client IP: ::1
User-Agent: 
=======================================================

=======================================================
Timestamp: 2026-01-09T18:36:46.3110429Z
Method: GET
URL: /api/user-permissions/check?userId=3&permissionCode=Admin
Status: 404
Duration: 0 ms
UserId: 
Client IP: ::1
User-Agent: 
=======================================================

=======================================================
Timestamp: 2026-01-09T18:36:46.3343276Z
Method: GET
URL: /api/user-permissions/user/3
Status: 307
Duration: 0 ms
UserId: 
Client IP: ::1
User-Agent: 
=======================================================

=======================================================
Timestamp: 2026-01-09T18:36:46.5301542Z
Method: GET
URL: /api/users
Status: 307
Duration: 0 ms
UserId: 
Client IP: ::1
User-Agent: 
Controller: Users, Action: GetAll
=======================================================

=======================================================
Timestamp: 2026-01-09T18:36:46.5345004Z
Method: GET
URL: /api/users
Status: 200
Duration: 3 ms
UserId: 
Client IP: ::1
User-Agent: 
Controller: Users, Action: GetAll
Response Body: [{"id":1,"login":"admin","encryptedPassword":"U2FsdGVkX1/rX9xVokvKbL9PTux8TUUKZgRjyK04uvE=","name":"Админ","surname":"Системный","email":"admin@example.com","phone":"+71234567890","createdAt":"2026-01-09T16:55:31.529355Z","alarmEvents":[],"sentPartRequests":[],"receivedPartRequests":[],"sentShiftTransfers":[],"receivedShiftTransfers":[]},{"id":3,"login":"user123","encryptedPassword":"1234","name":"Админ","surname":"Системный","email":"admin@123.com","phone":"+71234567890","createdAt":"2026-01-09T18:15:04.916717Z","alarmEvents":[],"sentPartRequests":[],"receivedPartRequests":[],"sentShiftTransfers":[],"receivedShiftTransfers":[]}]
=======================================================

=======================================================
Timestamp: 2026-01-09T18:36:46.5381505Z
Method: GET
URL: /api/user-permissions/check?userId=3&permissionCode=Admin
Status: 307
Duration: 0 ms
UserId: 
Client IP: ::1
User-Agent: 
=======================================================

=======================================================
Timestamp: 2026-01-09T18:36:46.5385308Z
Method: GET
URL: /api/user-permissions/check?userId=3&permissionCode=Admin
Status: 404
Duration: 0 ms
UserId: 
Client IP: ::1
User-Agent: 
=======================================================

=======================================================
Timestamp: 2026-01-09T18:36:46.5617289Z
Method: GET
URL: /api/user-permissions/user/3
Status: 307
Duration: 0 ms
UserId: 
Client IP: ::1
User-Agent: 
=======================================================

=======================================================
Timestamp: 2026-01-09T18:36:46.7483225Z
Method: GET
URL: /api/users
Status: 307
Duration: 0 ms
UserId: 
Client IP: ::1
User-Agent: 
Controller: Users, Action: GetAll
=======================================================

=======================================================
Timestamp: 2026-01-09T18:36:46.7520019Z
Method: GET
URL: /api/users
Status: 200
Duration: 2 ms
UserId: 
Client IP: ::1
User-Agent: 
Controller: Users, Action: GetAll
Response Body: [{"id":1,"login":"admin","encryptedPassword":"U2FsdGVkX1/rX9xVokvKbL9PTux8TUUKZgRjyK04uvE=","name":"Админ","surname":"Системный","email":"admin@example.com","phone":"+71234567890","createdAt":"2026-01-09T16:55:31.529355Z","alarmEvents":[],"sentPartRequests":[],"receivedPartRequests":[],"sentShiftTransfers":[],"receivedShiftTransfers":[]},{"id":3,"login":"user123","encryptedPassword":"1234","name":"Админ","surname":"Системный","email":"admin@123.com","phone":"+71234567890","createdAt":"2026-01-09T18:15:04.916717Z","alarmEvents":[],"sentPartRequests":[],"receivedPartRequests":[],"sentShiftTransfers":[],"receivedShiftTransfers":[]}]
=======================================================

=======================================================
Timestamp: 2026-01-09T18:36:46.7584287Z
Method: GET
URL: /api/user-permissions/check?userId=3&permissionCode=Admin
Status: 307
Duration: 0 ms
UserId: 
Client IP: ::1
User-Agent: 
=======================================================

=======================================================
Timestamp: 2026-01-09T18:36:46.7656662Z
Method: GET
URL: /api/user-permissions/check?userId=3&permissionCode=Admin
Status: 404
Duration: 0 ms
UserId: 
Client IP: ::1
User-Agent: 
=======================================================

=======================================================
Timestamp: 2026-01-09T18:36:46.7898759Z
Method: GET
URL: /api/user-permissions/user/3
Status: 307
Duration: 0 ms
UserId: 
Client IP: ::1
User-Agent: 
=======================================================

=======================================================
Timestamp: 2026-01-09T18:36:46.7906008Z
Method: GET
URL: /api/user-permissions/user/3
Status: 404
Duration: 0 ms
UserId: 
Client IP: ::1
User-Agent: 
=======================================================

=======================================================
Timestamp: 2026-01-09T18:36:46.9578770Z
Method: GET
URL: /api/users
Status: 307
Duration: 0 ms
UserId: 
Client IP: ::1
User-Agent: 
Controller: Users, Action: GetAll
=======================================================

=======================================================
Timestamp: 2026-01-09T18:36:46.9650619Z
Method: GET
URL: /api/users
Status: 200
Duration: 4 ms
UserId: 
Client IP: ::1
User-Agent: 
Controller: Users, Action: GetAll
Response Body: [{"id":1,"login":"admin","encryptedPassword":"U2FsdGVkX1/rX9xVokvKbL9PTux8TUUKZgRjyK04uvE=","name":"Админ","surname":"Системный","email":"admin@example.com","phone":"+71234567890","createdAt":"2026-01-09T16:55:31.529355Z","alarmEvents":[],"sentPartRequests":[],"receivedPartRequests":[],"sentShiftTransfers":[],"receivedShiftTransfers":[]},{"id":3,"login":"user123","encryptedPassword":"1234","name":"Админ","surname":"Системный","email":"admin@123.com","phone":"+71234567890","createdAt":"2026-01-09T18:15:04.916717Z","alarmEvents":[],"sentPartRequests":[],"receivedPartRequests":[],"sentShiftTransfers":[],"receivedShiftTransfers":[]}]
=======================================================

=======================================================
Timestamp: 2026-01-09T18:36:46.9710718Z
Method: GET
URL: /api/user-permissions/check?userId=3&permissionCode=Admin
Status: 404
Duration: 0 ms
UserId: 
Client IP: ::1
User-Agent: 
=======================================================

=======================================================
Timestamp: 2026-01-09T18:36:46.9984165Z
Method: GET
URL: /api/user-permissions/user/3
Status: 307
Duration: 0 ms
UserId: 
Client IP: ::1
User-Agent: 
=======================================================

=======================================================
Timestamp: 2026-01-09T18:36:47.0338448Z
Method: GET
URL: /api/user-permissions/user/3
Status: 404
Duration: 0 ms
UserId: 
Client IP: ::1
User-Agent: 
=======================================================

=======================================================
Timestamp: 2026-01-09T18:36:47.1571633Z
Method: GET
URL: /api/users
Status: 307
Duration: 0 ms
UserId: 
Client IP: ::1
User-Agent: 
Controller: Users, Action: GetAll
=======================================================

=======================================================
Timestamp: 2026-01-09T18:36:47.1620622Z
Method: GET
URL: /api/users
Status: 200
Duration: 3 ms
UserId: 
Client IP: ::1
User-Agent: 
Controller: Users, Action: GetAll
Response Body: [{"id":1,"login":"admin","encryptedPassword":"U2FsdGVkX1/rX9xVokvKbL9PTux8TUUKZgRjyK04uvE=","name":"Админ","surname":"Системный","email":"admin@example.com","phone":"+71234567890","createdAt":"2026-01-09T16:55:31.529355Z","alarmEvents":[],"sentPartRequests":[],"receivedPartRequests":[],"sentShiftTransfers":[],"receivedShiftTransfers":[]},{"id":3,"login":"user123","encryptedPassword":"1234","name":"Админ","surname":"Системный","email":"admin@123.com","phone":"+71234567890","createdAt":"2026-01-09T18:15:04.916717Z","alarmEvents":[],"sentPartRequests":[],"receivedPartRequests":[],"sentShiftTransfers":[],"receivedShiftTransfers":[]}]
=======================================================

=======================================================
Timestamp: 2026-01-09T18:36:47.1649601Z
Method: GET
URL: /api/user-permissions/check?userId=3&permissionCode=Admin
Status: 307
Duration: 0 ms
UserId: 
Client IP: ::1
User-Agent: 
=======================================================

=======================================================
Timestamp: 2026-01-09T18:36:47.1676798Z
Method: GET
URL: /api/user-permissions/check?userId=3&permissionCode=Admin
Status: 404
Duration: 0 ms
UserId: 
Client IP: ::1
User-Agent: 
=======================================================

=======================================================
Timestamp: 2026-01-09T18:36:47.1873493Z
Method: GET
URL: /api/user-permissions/user/3
Status: 307
Duration: 0 ms
UserId: 
Client IP: ::1
User-Agent: 
=======================================================

=======================================================
Timestamp: 2026-01-09T18:36:47.1877310Z
Method: GET
URL: /api/user-permissions/user/3
Status: 404
Duration: 0 ms
UserId: 
Client IP: ::1
User-Agent: 
=======================================================

=======================================================
Timestamp: 2026-01-09T18:36:47.3786507Z
Method: GET
URL: /api/users
Status: 307
Duration: 0 ms
UserId: 
Client IP: ::1
User-Agent: 
Controller: Users, Action: GetAll
=======================================================

=======================================================
Timestamp: 2026-01-09T18:36:47.3840924Z
Method: GET
URL: /api/users
Status: 200
Duration: 5 ms
UserId: 
Client IP: ::1
User-Agent: 
Controller: Users, Action: GetAll
Response Body: [{"id":1,"login":"admin","encryptedPassword":"U2FsdGVkX1/rX9xVokvKbL9PTux8TUUKZgRjyK04uvE=","name":"Админ","surname":"Системный","email":"admin@example.com","phone":"+71234567890","createdAt":"2026-01-09T16:55:31.529355Z","alarmEvents":[],"sentPartRequests":[],"receivedPartRequests":[],"sentShiftTransfers":[],"receivedShiftTransfers":[]},{"id":3,"login":"user123","encryptedPassword":"1234","name":"Админ","surname":"Системный","email":"admin@123.com","phone":"+71234567890","createdAt":"2026-01-09T18:15:04.916717Z","alarmEvents":[],"sentPartRequests":[],"receivedPartRequests":[],"sentShiftTransfers":[],"receivedShiftTransfers":[]}]
=======================================================

=======================================================
Timestamp: 2026-01-09T18:36:47.3860363Z
Method: GET
URL: /api/user-permissions/check?userId=3&permissionCode=Admin
Status: 307
Duration: 0 ms
UserId: 
Client IP: ::1
User-Agent: 
=======================================================

=======================================================
Timestamp: 2026-01-09T18:36:47.3894968Z
Method: GET
URL: /api/user-permissions/check?userId=3&permissionCode=Admin
Status: 404
Duration: 0 ms
UserId: 
Client IP: ::1
User-Agent: 
=======================================================

=======================================================
Timestamp: 2026-01-09T18:36:47.4170096Z
Method: GET
URL: /api/user-permissions/user/3
Status: 307
Duration: 0 ms
UserId: 
Client IP: ::1
User-Agent: 
=======================================================

=======================================================
Timestamp: 2026-01-09T18:36:47.4207347Z
Method: GET
URL: /api/user-permissions/user/3
Status: 404
Duration: 0 ms
UserId: 
Client IP: ::1
User-Agent: 
=======================================================

=======================================================
Timestamp: 2026-01-09T18:36:48.8049481Z
Method: GET
URL: /api/users
Status: 307
Duration: 0 ms
UserId: 
Client IP: ::1
User-Agent: 
Controller: Users, Action: GetAll
=======================================================

=======================================================
Timestamp: 2026-01-09T18:36:48.8091798Z
Method: GET
URL: /api/users
Status: 200
Duration: 3 ms
UserId: 
Client IP: ::1
User-Agent: 
Controller: Users, Action: GetAll
Response Body: [{"id":1,"login":"admin","encryptedPassword":"U2FsdGVkX1/rX9xVokvKbL9PTux8TUUKZgRjyK04uvE=","name":"Админ","surname":"Системный","email":"admin@example.com","phone":"+71234567890","createdAt":"2026-01-09T16:55:31.529355Z","alarmEvents":[],"sentPartRequests":[],"receivedPartRequests":[],"sentShiftTransfers":[],"receivedShiftTransfers":[]},{"id":3,"login":"user123","encryptedPassword":"1234","name":"Админ","surname":"Системный","email":"admin@123.com","phone":"+71234567890","createdAt":"2026-01-09T18:15:04.916717Z","alarmEvents":[],"sentPartRequests":[],"receivedPartRequests":[],"sentShiftTransfers":[],"receivedShiftTransfers":[]}]
=======================================================

=======================================================
Timestamp: 2026-01-09T18:36:48.8137308Z
Method: GET
URL: /api/user-permissions/check?userId=3&permissionCode=Admin
Status: 307
Duration: 0 ms
UserId: 
Client IP: ::1
User-Agent: 
=======================================================

=======================================================
Timestamp: 2026-01-09T18:36:48.8162501Z
Method: GET
URL: /api/user-permissions/check?userId=3&permissionCode=Admin
Status: 404
Duration: 0 ms
UserId: 
Client IP: ::1
User-Agent: 
=======================================================

=======================================================
Timestamp: 2026-01-09T18:36:48.9233539Z
Method: GET
URL: /api/user-permissions/user/3
Status: 307
Duration: 0 ms
UserId: 
Client IP: ::1
User-Agent: 
=======================================================

=======================================================
Timestamp: 2026-01-09T18:36:48.9242779Z
Method: GET
URL: /api/user-permissions/user/3
Status: 404
Duration: 0 ms
UserId: 
Client IP: ::1
User-Agent: 
=======================================================

=======================================================
Timestamp: 2026-01-09T18:36:48.9661872Z
Method: GET
URL: /api/users
Status: 307
Duration: 0 ms
UserId: 
Client IP: ::1
User-Agent: 
Controller: Users, Action: GetAll
=======================================================

=======================================================
Timestamp: 2026-01-09T18:36:48.9719240Z
Method: GET
URL: /api/users
Status: 200
Duration: 3 ms
UserId: 
Client IP: ::1
User-Agent: 
Controller: Users, Action: GetAll
Response Body: [{"id":1,"login":"admin","encryptedPassword":"U2FsdGVkX1/rX9xVokvKbL9PTux8TUUKZgRjyK04uvE=","name":"Админ","surname":"Системный","email":"admin@example.com","phone":"+71234567890","createdAt":"2026-01-09T16:55:31.529355Z","alarmEvents":[],"sentPartRequests":[],"receivedPartRequests":[],"sentShiftTransfers":[],"receivedShiftTransfers":[]},{"id":3,"login":"user123","encryptedPassword":"1234","name":"Админ","surname":"Системный","email":"admin@123.com","phone":"+71234567890","createdAt":"2026-01-09T18:15:04.916717Z","alarmEvents":[],"sentPartRequests":[],"receivedPartRequests":[],"sentShiftTransfers":[],"receivedShiftTransfers":[]}]
=======================================================

=======================================================
Timestamp: 2026-01-09T18:36:48.9781663Z
Method: GET
URL: /api/user-permissions/check?userId=3&permissionCode=Admin
Status: 404
Duration: 0 ms
UserId: 
Client IP: ::1
User-Agent: 
=======================================================

=======================================================
Timestamp: 2026-01-09T18:36:49.0011659Z
Method: GET
URL: /api/user-permissions/user/3
Status: 307
Duration: 0 ms
UserId: 
Client IP: ::1
User-Agent: 
=======================================================

=======================================================
Timestamp: 2026-01-09T18:36:49.0014838Z
Method: GET
URL: /api/user-permissions/user/3
Status: 404
Duration: 0 ms
UserId: 
Client IP: ::1
User-Agent: 
=======================================================

=======================================================
Timestamp: 2026-01-09T18:36:49.1387086Z
Method: GET
URL: /api/users
Status: 307
Duration: 0 ms
UserId: 
Client IP: ::1
User-Agent: 
Controller: Users, Action: GetAll
=======================================================

=======================================================
Timestamp: 2026-01-09T18:36:49.1429501Z
Method: GET
URL: /api/users
Status: 200
Duration: 3 ms
UserId: 
Client IP: ::1
User-Agent: 
Controller: Users, Action: GetAll
Response Body: [{"id":1,"login":"admin","encryptedPassword":"U2FsdGVkX1/rX9xVokvKbL9PTux8TUUKZgRjyK04uvE=","name":"Админ","surname":"Системный","email":"admin@example.com","phone":"+71234567890","createdAt":"2026-01-09T16:55:31.529355Z","alarmEvents":[],"sentPartRequests":[],"receivedPartRequests":[],"sentShiftTransfers":[],"receivedShiftTransfers":[]},{"id":3,"login":"user123","encryptedPassword":"1234","name":"Админ","surname":"Системный","email":"admin@123.com","phone":"+71234567890","createdAt":"2026-01-09T18:15:04.916717Z","alarmEvents":[],"sentPartRequests":[],"receivedPartRequests":[],"sentShiftTransfers":[],"receivedShiftTransfers":[]}]
=======================================================

=======================================================
Timestamp: 2026-01-09T18:36:49.1541185Z
Method: GET
URL: /api/user-permissions/check?userId=3&permissionCode=Admin
Status: 307
Duration: 0 ms
UserId: 
Client IP: ::1
User-Agent: 
=======================================================

=======================================================
Timestamp: 2026-01-09T18:36:49.1571674Z
Method: GET
URL: /api/user-permissions/check?userId=3&permissionCode=Admin
Status: 404
Duration: 0 ms
UserId: 
Client IP: ::1
User-Agent: 
=======================================================

=======================================================
Timestamp: 2026-01-09T18:36:49.1827321Z
Method: GET
URL: /api/user-permissions/user/3
Status: 307
Duration: 0 ms
UserId: 
Client IP: ::1
User-Agent: 
=======================================================

=======================================================
Timestamp: 2026-01-09T18:36:49.1898720Z
Method: GET
URL: /api/user-permissions/user/3
Status: 404
Duration: 0 ms
UserId: 
Client IP: ::1
User-Agent: 
=======================================================

=======================================================
Timestamp: 2026-01-09T18:36:49.3440799Z
Method: GET
URL: /api/users
Status: 307
Duration: 0 ms
UserId: 
Client IP: ::1
User-Agent: 
Controller: Users, Action: GetAll
=======================================================

=======================================================
Timestamp: 2026-01-09T18:36:49.3473414Z
Method: GET
URL: /api/users
Status: 200
Duration: 3 ms
UserId: 
Client IP: ::1
User-Agent: 
Controller: Users, Action: GetAll
Response Body: [{"id":1,"login":"admin","encryptedPassword":"U2FsdGVkX1/rX9xVokvKbL9PTux8TUUKZgRjyK04uvE=","name":"Админ","surname":"Системный","email":"admin@example.com","phone":"+71234567890","createdAt":"2026-01-09T16:55:31.529355Z","alarmEvents":[],"sentPartRequests":[],"receivedPartRequests":[],"sentShiftTransfers":[],"receivedShiftTransfers":[]},{"id":3,"login":"user123","encryptedPassword":"1234","name":"Админ","surname":"Системный","email":"admin@123.com","phone":"+71234567890","createdAt":"2026-01-09T18:15:04.916717Z","alarmEvents":[],"sentPartRequests":[],"receivedPartRequests":[],"sentShiftTransfers":[],"receivedShiftTransfers":[]}]
=======================================================

=======================================================
Timestamp: 2026-01-09T18:36:49.3522517Z
Method: GET
URL: /api/user-permissions/check?userId=3&permissionCode=Admin
Status: 307
Duration: 0 ms
UserId: 
Client IP: ::1
User-Agent: 
=======================================================

=======================================================
Timestamp: 2026-01-09T18:36:49.3532828Z
Method: GET
URL: /api/user-permissions/check?userId=3&permissionCode=Admin
Status: 404
Duration: 0 ms
UserId: 
Client IP: ::1
User-Agent: 
=======================================================

=======================================================
Timestamp: 2026-01-09T18:36:49.3747435Z
Method: GET
URL: /api/user-permissions/user/3
Status: 307
Duration: 0 ms
UserId: 
Client IP: ::1
User-Agent: 
=======================================================

=======================================================
Timestamp: 2026-01-09T18:36:49.3753174Z
Method: GET
URL: /api/user-permissions/user/3
Status: 404
Duration: 0 ms
UserId: 
Client IP: ::1
User-Agent: 
=======================================================

=======================================================
Timestamp: 2026-01-09T18:36:49.5039456Z
Method: GET
URL: /api/users
Status: 307
Duration: 0 ms
UserId: 
Client IP: ::1
User-Agent: 
Controller: Users, Action: GetAll
=======================================================

=======================================================
Timestamp: 2026-01-09T18:36:49.5078864Z
Method: GET
URL: /api/users
Status: 200
Duration: 3 ms
UserId: 
Client IP: ::1
User-Agent: 
Controller: Users, Action: GetAll
Response Body: [{"id":1,"login":"admin","encryptedPassword":"U2FsdGVkX1/rX9xVokvKbL9PTux8TUUKZgRjyK04uvE=","name":"Админ","surname":"Системный","email":"admin@example.com","phone":"+71234567890","createdAt":"2026-01-09T16:55:31.529355Z","alarmEvents":[],"sentPartRequests":[],"receivedPartRequests":[],"sentShiftTransfers":[],"receivedShiftTransfers":[]},{"id":3,"login":"user123","encryptedPassword":"1234","name":"Админ","surname":"Системный","email":"admin@123.com","phone":"+71234567890","createdAt":"2026-01-09T18:15:04.916717Z","alarmEvents":[],"sentPartRequests":[],"receivedPartRequests":[],"sentShiftTransfers":[],"receivedShiftTransfers":[]}]
=======================================================

=======================================================
Timestamp: 2026-01-09T18:36:49.5125235Z
Method: GET
URL: /api/user-permissions/check?userId=3&permissionCode=Admin
Status: 307
Duration: 0 ms
UserId: 
Client IP: ::1
User-Agent: 
=======================================================

=======================================================
Timestamp: 2026-01-09T18:36:49.5160811Z
Method: GET
URL: /api/user-permissions/check?userId=3&permissionCode=Admin
Status: 404
Duration: 0 ms
UserId: 
Client IP: ::1
User-Agent: 
=======================================================

=======================================================
Timestamp: 2026-01-09T18:36:49.5362518Z
Method: GET
URL: /api/user-permissions/user/3
Status: 307
Duration: 0 ms
UserId: 
Client IP: ::1
User-Agent: 
=======================================================

=======================================================
Timestamp: 2026-01-09T18:36:49.5384824Z
Method: GET
URL: /api/user-permissions/user/3
Status: 404
Duration: 0 ms
UserId: 
Client IP: ::1
User-Agent: 
=======================================================

=======================================================
Timestamp: 2026-01-09T18:36:49.7170230Z
Method: GET
URL: /api/users
Status: 307
Duration: 0 ms
UserId: 
Client IP: ::1
User-Agent: 
Controller: Users, Action: GetAll
=======================================================

=======================================================
Timestamp: 2026-01-09T18:36:49.7220059Z
Method: GET
URL: /api/users
Status: 200
Duration: 3 ms
UserId: 
Client IP: ::1
User-Agent: 
Controller: Users, Action: GetAll
Response Body: [{"id":1,"login":"admin","encryptedPassword":"U2FsdGVkX1/rX9xVokvKbL9PTux8TUUKZgRjyK04uvE=","name":"Админ","surname":"Системный","email":"admin@example.com","phone":"+71234567890","createdAt":"2026-01-09T16:55:31.529355Z","alarmEvents":[],"sentPartRequests":[],"receivedPartRequests":[],"sentShiftTransfers":[],"receivedShiftTransfers":[]},{"id":3,"login":"user123","encryptedPassword":"1234","name":"Админ","surname":"Системный","email":"admin@123.com","phone":"+71234567890","createdAt":"2026-01-09T18:15:04.916717Z","alarmEvents":[],"sentPartRequests":[],"receivedPartRequests":[],"sentShiftTransfers":[],"receivedShiftTransfers":[]}]
=======================================================

=======================================================
Timestamp: 2026-01-09T18:36:49.7285407Z
Method: GET
URL: /api/user-permissions/check?userId=3&permissionCode=Admin
Status: 307
Duration: 0 ms
UserId: 
Client IP: ::1
User-Agent: 
=======================================================

=======================================================
Timestamp: 2026-01-09T18:36:49.7338360Z
Method: GET
URL: /api/user-permissions/check?userId=3&permissionCode=Admin
Status: 404
Duration: 0 ms
UserId: 
Client IP: ::1
User-Agent: 
=======================================================

=======================================================
Timestamp: 2026-01-09T18:36:49.7552920Z
Method: GET
URL: /api/user-permissions/user/3
Status: 307
Duration: 0 ms
UserId: 
Client IP: ::1
User-Agent: 
=======================================================

=======================================================
Timestamp: 2026-01-09T18:36:49.7569256Z
Method: GET
URL: /api/user-permissions/user/3
Status: 404
Duration: 0 ms
UserId: 
Client IP: ::1
User-Agent: 
=======================================================

=======================================================
Timestamp: 2026-01-09T18:36:50.4394429Z
Method: GET
URL: /api/users
Status: 307
Duration: 0 ms
UserId: 
Client IP: ::1
User-Agent: 
Controller: Users, Action: GetAll
=======================================================

=======================================================
Timestamp: 2026-01-09T18:36:50.4471143Z
Method: GET
URL: /api/users
Status: 200
Duration: 5 ms
UserId: 
Client IP: ::1
User-Agent: 
Controller: Users, Action: GetAll
Response Body: [{"id":1,"login":"admin","encryptedPassword":"U2FsdGVkX1/rX9xVokvKbL9PTux8TUUKZgRjyK04uvE=","name":"Админ","surname":"Системный","email":"admin@example.com","phone":"+71234567890","createdAt":"2026-01-09T16:55:31.529355Z","alarmEvents":[],"sentPartRequests":[],"receivedPartRequests":[],"sentShiftTransfers":[],"receivedShiftTransfers":[]},{"id":3,"login":"user123","encryptedPassword":"1234","name":"Админ","surname":"Системный","email":"admin@123.com","phone":"+71234567890","createdAt":"2026-01-09T18:15:04.916717Z","alarmEvents":[],"sentPartRequests":[],"receivedPartRequests":[],"sentShiftTransfers":[],"receivedShiftTransfers":[]}]
=======================================================

=======================================================
Timestamp: 2026-01-09T18:36:50.4515733Z
Method: GET
URL: /api/user-permissions/check?userId=3&permissionCode=Admin
Status: 307
Duration: 0 ms
UserId: 
Client IP: ::1
User-Agent: 
=======================================================

=======================================================
Timestamp: 2026-01-09T18:36:50.4524900Z
Method: GET
URL: /api/user-permissions/check?userId=3&permissionCode=Admin
Status: 404
Duration: 0 ms
UserId: 
Client IP: ::1
User-Agent: 
=======================================================

=======================================================
Timestamp: 2026-01-09T18:36:50.4855348Z
Method: GET
URL: /api/user-permissions/user/3
Status: 307
Duration: 0 ms
UserId: 
Client IP: ::1
User-Agent: 
=======================================================

=======================================================
Timestamp: 2026-01-09T18:36:50.4891598Z
Method: GET
URL: /api/user-permissions/user/3
Status: 404
Duration: 0 ms
UserId: 
Client IP: ::1
User-Agent: 
=======================================================

=======================================================
Timestamp: 2026-01-09T18:36:50.7562719Z
Method: GET
URL: /api/users
Status: 307
Duration: 0 ms
UserId: 
Client IP: ::1
User-Agent: 
Controller: Users, Action: GetAll
=======================================================

=======================================================
Timestamp: 2026-01-09T18:36:50.7608699Z
Method: GET
URL: /api/users
Status: 200
Duration: 3 ms
UserId: 
Client IP: ::1
User-Agent: 
Controller: Users, Action: GetAll
Response Body: [{"id":1,"login":"admin","encryptedPassword":"U2FsdGVkX1/rX9xVokvKbL9PTux8TUUKZgRjyK04uvE=","name":"Админ","surname":"Системный","email":"admin@example.com","phone":"+71234567890","createdAt":"2026-01-09T16:55:31.529355Z","alarmEvents":[],"sentPartRequests":[],"receivedPartRequests":[],"sentShiftTransfers":[],"receivedShiftTransfers":[]},{"id":3,"login":"user123","encryptedPassword":"1234","name":"Админ","surname":"Системный","email":"admin@123.com","phone":"+71234567890","createdAt":"2026-01-09T18:15:04.916717Z","alarmEvents":[],"sentPartRequests":[],"receivedPartRequests":[],"sentShiftTransfers":[],"receivedShiftTransfers":[]}]
=======================================================

=======================================================
Timestamp: 2026-01-09T18:36:50.7648667Z
Method: GET
URL: /api/user-permissions/check?userId=3&permissionCode=Admin
Status: 307
Duration: 0 ms
UserId: 
Client IP: ::1
User-Agent: 
=======================================================

=======================================================
Timestamp: 2026-01-09T18:36:50.7660843Z
Method: GET
URL: /api/user-permissions/check?userId=3&permissionCode=Admin
Status: 404
Duration: 0 ms
UserId: 
Client IP: ::1
User-Agent: 
=======================================================

=======================================================
Timestamp: 2026-01-09T18:36:50.7890115Z
Method: GET
URL: /api/user-permissions/user/3
Status: 307
Duration: 0 ms
UserId: 
Client IP: ::1
User-Agent: 
=======================================================

=======================================================
Timestamp: 2026-01-09T18:36:50.7892271Z
Method: GET
URL: /api/user-permissions/user/3
Status: 404
Duration: 0 ms
UserId: 
Client IP: ::1
User-Agent: 
=======================================================

=======================================================
Timestamp: 2026-01-09T18:36:55.2763318Z
Method: GET
URL: /api/users
Status: 307
Duration: 0 ms
UserId: 
Client IP: ::1
User-Agent: 
Controller: Users, Action: GetAll
=======================================================

=======================================================
Timestamp: 2026-01-09T18:36:55.3828396Z
Method: GET
URL: /api/user-permissions/user/3
Status: 404
Duration: 0 ms
UserId: 
Client IP: ::1
User-Agent: 
=======================================================

=======================================================
Timestamp: 2026-01-09T18:36:55.4997373Z
Method: GET
URL: /api/users
Status: 307
Duration: 0 ms
UserId: 
Client IP: ::1
User-Agent: 
Controller: Users, Action: GetAll
=======================================================

=======================================================
Timestamp: 2026-01-09T18:36:55.5030035Z
Method: GET
URL: /api/users
Status: 200
Duration: 2 ms
UserId: 
Client IP: ::1
User-Agent: 
Controller: Users, Action: GetAll
Response Body: [{"id":1,"login":"admin","encryptedPassword":"U2FsdGVkX1/rX9xVokvKbL9PTux8TUUKZgRjyK04uvE=","name":"Админ","surname":"Системный","email":"admin@example.com","phone":"+71234567890","createdAt":"2026-01-09T16:55:31.529355Z","alarmEvents":[],"sentPartRequests":[],"receivedPartRequests":[],"sentShiftTransfers":[],"receivedShiftTransfers":[]},{"id":3,"login":"user123","encryptedPassword":"1234","name":"Админ","surname":"Системный","email":"admin@123.com","phone":"+71234567890","createdAt":"2026-01-09T18:15:04.916717Z","alarmEvents":[],"sentPartRequests":[],"receivedPartRequests":[],"sentShiftTransfers":[],"receivedShiftTransfers":[]}]
=======================================================

=======================================================
Timestamp: 2026-01-09T18:36:55.5123032Z
Method: GET
URL: /api/user-permissions/check?userId=3&permissionCode=Admin
Status: 307
Duration: 0 ms
UserId: 
Client IP: ::1
User-Agent: 
=======================================================

=======================================================
Timestamp: 2026-01-09T18:36:55.5321062Z
Method: GET
URL: /api/user-permissions/user/3
Status: 307
Duration: 0 ms
UserId: 
Client IP: ::1
User-Agent: 
=======================================================

=======================================================
Timestamp: 2026-01-09T18:36:55.5330712Z
Method: GET
URL: /api/user-permissions/user/3
Status: 404
Duration: 0 ms
UserId: 
Client IP: ::1
User-Agent: 
=======================================================

=======================================================
Timestamp: 2026-01-09T18:36:55.6521786Z
Method: GET
URL: /api/users
Status: 307
Duration: 0 ms
UserId: 
Client IP: ::1
User-Agent: 
Controller: Users, Action: GetAll
=======================================================

=======================================================
Timestamp: 2026-01-09T18:36:55.6654883Z
Method: GET
URL: /api/user-permissions/check?userId=3&permissionCode=Admin
Status: 307
Duration: 0 ms
UserId: 
Client IP: ::1
User-Agent: 
=======================================================

=======================================================
Timestamp: 2026-01-09T18:36:55.6679681Z
Method: GET
URL: /api/user-permissions/check?userId=3&permissionCode=Admin
Status: 404
Duration: 0 ms
UserId: 
Client IP: ::1
User-Agent: 
=======================================================

=======================================================
Timestamp: 2026-01-09T18:36:55.6892669Z
Method: GET
URL: /api/user-permissions/user/3
Status: 307
Duration: 0 ms
UserId: 
Client IP: ::1
User-Agent: 
=======================================================

=======================================================
Timestamp: 2026-01-09T18:36:55.6910061Z
Method: GET
URL: /api/user-permissions/user/3
Status: 404
Duration: 0 ms
UserId: 
Client IP: ::1
User-Agent: 
=======================================================

=======================================================
Timestamp: 2026-01-09T18:36:55.8347488Z
Method: GET
URL: /api/users
Status: 307
Duration: 0 ms
UserId: 
Client IP: ::1
User-Agent: 
Controller: Users, Action: GetAll
=======================================================

=======================================================
Timestamp: 2026-01-09T18:36:55.8506755Z
Method: GET
URL: /api/users
Status: 200
Duration: 11 ms
UserId: 
Client IP: ::1
User-Agent: 
Controller: Users, Action: GetAll
Response Body: [{"id":1,"login":"admin","encryptedPassword":"U2FsdGVkX1/rX9xVokvKbL9PTux8TUUKZgRjyK04uvE=","name":"Админ","surname":"Системный","email":"admin@example.com","phone":"+71234567890","createdAt":"2026-01-09T16:55:31.529355Z","alarmEvents":[],"sentPartRequests":[],"receivedPartRequests":[],"sentShiftTransfers":[],"receivedShiftTransfers":[]},{"id":3,"login":"user123","encryptedPassword":"1234","name":"Админ","surname":"Системный","email":"admin@123.com","phone":"+71234567890","createdAt":"2026-01-09T18:15:04.916717Z","alarmEvents":[],"sentPartRequests":[],"receivedPartRequests":[],"sentShiftTransfers":[],"receivedShiftTransfers":[]}]
=======================================================

=======================================================
Timestamp: 2026-01-09T18:36:55.8527260Z
Method: GET
URL: /api/user-permissions/check?userId=3&permissionCode=Admin
Status: 307
Duration: 0 ms
UserId: 
Client IP: ::1
User-Agent: 
=======================================================

=======================================================
Timestamp: 2026-01-09T18:36:55.8544762Z
Method: GET
URL: /api/user-permissions/check?userId=3&permissionCode=Admin
Status: 404
Duration: 0 ms
UserId: 
Client IP: ::1
User-Agent: 
=======================================================

=======================================================
Timestamp: 2026-01-09T18:36:55.8872737Z
Method: GET
URL: /api/user-permissions/user/3
Status: 307
Duration: 0 ms
UserId: 
Client IP: ::1
User-Agent: 
=======================================================

=======================================================
Timestamp: 2026-01-09T18:36:55.8916222Z
Method: GET
URL: /api/user-permissions/user/3
Status: 404
Duration: 0 ms
UserId: 
Client IP: ::1
User-Agent: 
=======================================================

=======================================================
Timestamp: 2026-01-09T18:47:22.2131646Z
Method: GET
URL: /api/users
Status: 307
Duration: 0 ms
UserId: 
Client IP: 127.0.0.1
User-Agent: Dalvik/2.1.0 (Linux; U; Android 13; sdk_gphone64_x86_64 Build/TE1A.240213.009)
Controller: Users, Action: GetAll
=======================================================

=======================================================
Timestamp: 2026-01-09T18:48:17.3551520Z
Method: GET
URL: /api/users
Status: 307
Duration: 0 ms
UserId: 
Client IP: 127.0.0.1
User-Agent: Dalvik/2.1.0 (Linux; U; Android 13; sdk_gphone64_x86_64 Build/TE1A.240213.009)
Controller: Users, Action: GetAll
=======================================================

=======================================================
Timestamp: 2026-01-09T18:49:18.4100993Z
Method: GET
URL: /api/users
Status: 307
Duration: 0 ms
UserId: 
Client IP: 127.0.0.1
User-Agent: Dalvik/2.1.0 (Linux; U; Android 13; sdk_gphone64_x86_64 Build/TE1A.240213.009)
Controller: Users, Action: GetAll
=======================================================

=======================================================
Timestamp: 2026-01-09T18:50:28.8934292Z
Method: GET
URL: /api/users
Status: 307
Duration: 0 ms
UserId: 
Client IP: ::1
User-Agent: 
Controller: Users, Action: GetAll
=======================================================

=======================================================
Timestamp: 2026-01-09T18:50:29.0196851Z
Method: GET
URL: /api/users
Status: 200
Duration: 5 ms
UserId: 
Client IP: ::1
User-Agent: 
Controller: Users, Action: GetAll
Response Body: [{"id":1,"login":"admin","encryptedPassword":"U2FsdGVkX1/rX9xVokvKbL9PTux8TUUKZgRjyK04uvE=","name":"Админ","surname":"Системный","email":"admin@example.com","phone":"+71234567890","createdAt":"2026-01-09T16:55:31.529355Z","alarmEvents":[],"sentPartRequests":[],"receivedPartRequests":[],"sentShiftTransfers":[],"receivedShiftTransfers":[]},{"id":3,"login":"user123","encryptedPassword":"1234","name":"Админ","surname":"Системный","email":"admin@123.com","phone":"+71234567890","createdAt":"2026-01-09T18:15:04.916717Z","alarmEvents":[],"sentPartRequests":[],"receivedPartRequests":[],"sentShiftTransfers":[],"receivedShiftTransfers":[]}]
=======================================================

=======================================================
Timestamp: 2026-01-09T18:56:06.5955245Z
Method: GET
URL: /api/users
Status: 307
Duration: 0 ms
UserId: 
Client IP: 127.0.0.1
User-Agent: Dalvik/2.1.0 (Linux; U; Android 13; sdk_gphone64_x86_64 Build/TE1A.240213.009)
Controller: Users, Action: GetAll
=======================================================

